
===========================================================================
report_checks -unconstrained
===========================================================================
======================= nom_tt_025C_3v30 Corner ===================================

Startpoint: _36341_ (rising edge-triggered flip-flop clocked by i_clk)
Endpoint: _36377_ (recovery check against rising-edge clock i_clk)
Path Group: asynchronous
Path Type: max

Fanout         Cap        Slew       Delay        Time   Description
---------------------------------------------------------------------------------------------
                                  0.000000    0.000000   clock i_clk (rise edge)
                                  0.000000    0.000000   clock source latency
  1291    5.844302    0.000000    0.000000    0.000000 ^ i_clk (in)
                                                         i_clk (net)
                      0.922716    0.377422    0.377422 ^ _36341_/CLK (gf180mcu_fd_sc_mcu7t5v0__dffrnq_1)
   231    1.821166   22.249718   14.541347   14.918769 v _36341_/Q (gf180mcu_fd_sc_mcu7t5v0__dffrnq_1)
                                                         u_integration_final.integration_inst.quant_ip_reset (net)
                     22.251806    0.124725   15.043494 v _17686_/I (gf180mcu_fd_sc_mcu7t5v0__clkinv_1)
    23    0.218747    8.915579    9.867732   24.911226 ^ _17686_/ZN (gf180mcu_fd_sc_mcu7t5v0__clkinv_1)
                                                         _10856_ (net)
                      8.915579    0.007022   24.918247 ^ _17911_/A1 (gf180mcu_fd_sc_mcu7t5v0__nand2_1)
   382    2.148592   40.010372   29.880924   54.799171 v _17911_/ZN (gf180mcu_fd_sc_mcu7t5v0__nand2_1)
                                                         _11081_ (net)
                     40.011143    0.103974   54.903145 v _17912_/I (gf180mcu_fd_sc_mcu7t5v0__clkinv_1)
     3    0.055568    8.148635    8.206545   63.109692 ^ _17912_/ZN (gf180mcu_fd_sc_mcu7t5v0__clkinv_1)
                                                         _00153_ (net)
                      8.148635    0.000959   63.110649 ^ _36377_/RN (gf180mcu_fd_sc_mcu7t5v0__dffrnq_1)
                                             63.110649   data arrival time

                                100.000000  100.000000   clock i_clk (rise edge)
                                  0.000000  100.000000   clock source latency
  1291    5.844302    0.000000    0.000000  100.000000 ^ i_clk (in)
                                                         i_clk (net)
                      1.132607    0.463274  100.463272 ^ _36377_/CLK (gf180mcu_fd_sc_mcu7t5v0__dffrnq_1)
                                 -0.500000   99.963272   clock uncertainty
                                  0.000000   99.963272   clock reconvergence pessimism
                                 -2.298716   97.664558   library recovery time
                                             97.664558   data required time
---------------------------------------------------------------------------------------------
                                             97.664558   data required time
                                            -63.110649   data arrival time
---------------------------------------------------------------------------------------------
                                             34.553905   slack (MET)


Startpoint: _36341_ (rising edge-triggered flip-flop clocked by i_clk)
Endpoint: _35561_ (rising edge-triggered flip-flop clocked by i_clk)
Path Group: i_clk
Path Type: max

Fanout         Cap        Slew       Delay        Time   Description
---------------------------------------------------------------------------------------------
                                  0.000000    0.000000   clock i_clk (rise edge)
                                  0.000000    0.000000   clock source latency
  1291    5.844302    0.000000    0.000000    0.000000 ^ i_clk (in)
                                                         i_clk (net)
                      0.922716    0.377422    0.377422 ^ _36341_/CLK (gf180mcu_fd_sc_mcu7t5v0__dffrnq_1)
   231    1.821166   42.084541   25.835474   26.212898 ^ _36341_/Q (gf180mcu_fd_sc_mcu7t5v0__dffrnq_1)
                                                         u_integration_final.integration_inst.quant_ip_reset (net)
                     42.085674    0.124782   26.337679 ^ _17686_/I (gf180mcu_fd_sc_mcu7t5v0__clkinv_1)
    23    0.218747   14.743470   10.894043   37.231724 v _17686_/ZN (gf180mcu_fd_sc_mcu7t5v0__clkinv_1)
                                                         _10856_ (net)
                     14.743470    0.007020   37.238743 v _17911_/A1 (gf180mcu_fd_sc_mcu7t5v0__nand2_1)
   382    2.148592   53.261803   36.436340   73.675087 ^ _17911_/ZN (gf180mcu_fd_sc_mcu7t5v0__nand2_1)
                                                         _11081_ (net)
                     53.262421    0.104265   73.779350 ^ _17912_/I (gf180mcu_fd_sc_mcu7t5v0__clkinv_1)
     3    0.055568   10.386844    4.189495   77.968842 v _17912_/ZN (gf180mcu_fd_sc_mcu7t5v0__clkinv_1)
                                                         _00153_ (net)
                     10.386844    0.001776   77.970619 v _17913_/A2 (gf180mcu_fd_sc_mcu7t5v0__nand2_1)
     1    0.020219    1.999250    2.572783   80.543404 ^ _17913_/ZN (gf180mcu_fd_sc_mcu7t5v0__nand2_1)
                                                         _11082_ (net)
                      1.999250    0.000796   80.544197 ^ _17914_/A2 (gf180mcu_fd_sc_mcu7t5v0__and2_1)
    26    0.174012    4.092508    2.782798   83.326996 ^ _17914_/Z (gf180mcu_fd_sc_mcu7t5v0__and2_1)
                                                         _11083_ (net)
                      4.092508    0.001698   83.328697 ^ _17915_/I (gf180mcu_fd_sc_mcu7t5v0__clkinv_1)
    11    0.103608    2.649384    2.227402   85.556099 v _17915_/ZN (gf180mcu_fd_sc_mcu7t5v0__clkinv_1)
                                                         u_integration_final.integration_inst.mac_grid_inst.valid_array[0][0] (net)
                      2.649396    0.003247   85.559341 v _17917_/A1 (gf180mcu_fd_sc_mcu7t5v0__nand2_1)
   206    1.204077   30.077637   18.313841  103.873184 ^ _17917_/ZN (gf180mcu_fd_sc_mcu7t5v0__nand2_1)
                                                         _11085_ (net)
                     30.077768    0.036287  103.909477 ^ _17918_/I (gf180mcu_fd_sc_mcu7t5v0__clkinv_1)
    67    0.529203   14.351151   15.991120  119.900597 v _17918_/ZN (gf180mcu_fd_sc_mcu7t5v0__clkinv_1)
                                                         u_integration_final.integration_inst.mac_grid_inst.valid_array[1][0] (net)
                     14.351556    0.045731  119.946327 v _23091_/A1 (gf180mcu_fd_sc_mcu7t5v0__nand4_1)
     2    0.041977    3.903321    4.295586  124.241913 ^ _23091_/ZN (gf180mcu_fd_sc_mcu7t5v0__nand4_1)
                                                         _16048_ (net)
                      3.903321    0.003851  124.245766 ^ _23093_/A1 (gf180mcu_fd_sc_mcu7t5v0__nand2_1)
     1    0.003162    0.649453    0.115691  124.361450 v _23093_/ZN (gf180mcu_fd_sc_mcu7t5v0__nand2_1)
                                                         _00820_ (net)
                      0.649453    0.000000  124.361450 v _35561_/D (gf180mcu_fd_sc_mcu7t5v0__dffrnq_1)
                                            124.361450   data arrival time

                                100.000000  100.000000   clock i_clk (rise edge)
                                  0.000000  100.000000   clock source latency
  1291    5.844302    0.000000    0.000000  100.000000 ^ i_clk (in)
                                                         i_clk (net)
                      1.116341    0.456623  100.456619 ^ _35561_/CLK (gf180mcu_fd_sc_mcu7t5v0__dffrnq_1)
                                 -0.500000   99.956619   clock uncertainty
                                  0.000000   99.956619   clock reconvergence pessimism
                                 -0.227918   99.728699   library setup time
                                             99.728699   data required time
---------------------------------------------------------------------------------------------
                                             99.728699   data required time
                                           -124.361450   data arrival time
---------------------------------------------------------------------------------------------
                                            -24.632755   slack (VIOLATED)




===========================================================================
report_checks --slack_max -0.01
============================================================================
======================= nom_tt_025C_3v30 Corner ===================================

Startpoint: _36341_ (rising edge-triggered flip-flop clocked by i_clk)
Endpoint: _35561_ (rising edge-triggered flip-flop clocked by i_clk)
Path Group: i_clk
Path Type: max

Fanout         Cap        Slew       Delay        Time   Description
---------------------------------------------------------------------------------------------
                                  0.000000    0.000000   clock i_clk (rise edge)
                                  0.000000    0.000000   clock source latency
  1291    5.844302    0.000000    0.000000    0.000000 ^ i_clk (in)
                                                         i_clk (net)
                      0.922716    0.377422    0.377422 ^ _36341_/CLK (gf180mcu_fd_sc_mcu7t5v0__dffrnq_1)
   231    1.821166   42.084541   25.835474   26.212898 ^ _36341_/Q (gf180mcu_fd_sc_mcu7t5v0__dffrnq_1)
                                                         u_integration_final.integration_inst.quant_ip_reset (net)
                     42.085674    0.124782   26.337679 ^ _17686_/I (gf180mcu_fd_sc_mcu7t5v0__clkinv_1)
    23    0.218747   14.743470   10.894043   37.231724 v _17686_/ZN (gf180mcu_fd_sc_mcu7t5v0__clkinv_1)
                                                         _10856_ (net)
                     14.743470    0.007020   37.238743 v _17911_/A1 (gf180mcu_fd_sc_mcu7t5v0__nand2_1)
   382    2.148592   53.261803   36.436340   73.675087 ^ _17911_/ZN (gf180mcu_fd_sc_mcu7t5v0__nand2_1)
                                                         _11081_ (net)
                     53.262421    0.104265   73.779350 ^ _17912_/I (gf180mcu_fd_sc_mcu7t5v0__clkinv_1)
     3    0.055568   10.386844    4.189495   77.968842 v _17912_/ZN (gf180mcu_fd_sc_mcu7t5v0__clkinv_1)
                                                         _00153_ (net)
                     10.386844    0.001776   77.970619 v _17913_/A2 (gf180mcu_fd_sc_mcu7t5v0__nand2_1)
     1    0.020219    1.999250    2.572783   80.543404 ^ _17913_/ZN (gf180mcu_fd_sc_mcu7t5v0__nand2_1)
                                                         _11082_ (net)
                      1.999250    0.000796   80.544197 ^ _17914_/A2 (gf180mcu_fd_sc_mcu7t5v0__and2_1)
    26    0.174012    4.092508    2.782798   83.326996 ^ _17914_/Z (gf180mcu_fd_sc_mcu7t5v0__and2_1)
                                                         _11083_ (net)
                      4.092508    0.001698   83.328697 ^ _17915_/I (gf180mcu_fd_sc_mcu7t5v0__clkinv_1)
    11    0.103608    2.649384    2.227402   85.556099 v _17915_/ZN (gf180mcu_fd_sc_mcu7t5v0__clkinv_1)
                                                         u_integration_final.integration_inst.mac_grid_inst.valid_array[0][0] (net)
                      2.649396    0.003247   85.559341 v _17917_/A1 (gf180mcu_fd_sc_mcu7t5v0__nand2_1)
   206    1.204077   30.077637   18.313841  103.873184 ^ _17917_/ZN (gf180mcu_fd_sc_mcu7t5v0__nand2_1)
                                                         _11085_ (net)
                     30.077768    0.036287  103.909477 ^ _17918_/I (gf180mcu_fd_sc_mcu7t5v0__clkinv_1)
    67    0.529203   14.351151   15.991120  119.900597 v _17918_/ZN (gf180mcu_fd_sc_mcu7t5v0__clkinv_1)
                                                         u_integration_final.integration_inst.mac_grid_inst.valid_array[1][0] (net)
                     14.351556    0.045731  119.946327 v _23091_/A1 (gf180mcu_fd_sc_mcu7t5v0__nand4_1)
     2    0.041977    3.903321    4.295586  124.241913 ^ _23091_/ZN (gf180mcu_fd_sc_mcu7t5v0__nand4_1)
                                                         _16048_ (net)
                      3.903321    0.003851  124.245766 ^ _23093_/A1 (gf180mcu_fd_sc_mcu7t5v0__nand2_1)
     1    0.003162    0.649453    0.115691  124.361450 v _23093_/ZN (gf180mcu_fd_sc_mcu7t5v0__nand2_1)
                                                         _00820_ (net)
                      0.649453    0.000000  124.361450 v _35561_/D (gf180mcu_fd_sc_mcu7t5v0__dffrnq_1)
                                            124.361450   data arrival time

                                100.000000  100.000000   clock i_clk (rise edge)
                                  0.000000  100.000000   clock source latency
  1291    5.844302    0.000000    0.000000  100.000000 ^ i_clk (in)
                                                         i_clk (net)
                      1.116341    0.456623  100.456619 ^ _35561_/CLK (gf180mcu_fd_sc_mcu7t5v0__dffrnq_1)
                                 -0.500000   99.956619   clock uncertainty
                                  0.000000   99.956619   clock reconvergence pessimism
                                 -0.227918   99.728699   library setup time
                                             99.728699   data required time
---------------------------------------------------------------------------------------------
                                             99.728699   data required time
                                           -124.361450   data arrival time
---------------------------------------------------------------------------------------------
                                            -24.632755   slack (VIOLATED)




===========================================================================
 report_check_types -max_slew -max_cap -max_fanout -violators
============================================================================
======================= nom_tt_025C_3v30 Corner ===================================

max slew

Pin                                        Limit        Slew       Slack
------------------------------------------------------------------------
_35866_/RN                              6.000000  132.842529 -126.842537 (VIOLATED)
_35867_/RN                              6.000000  132.842545 -126.842552 (VIOLATED)
_35868_/RN                              6.000000  132.842545 -126.842552 (VIOLATED)
_35869_/RN                              6.000000  132.842545 -126.842552 (VIOLATED)
_35870_/RN                              6.000000  132.842545 -126.842552 (VIOLATED)
_35871_/RN                              6.000000  132.842499 -126.842514 (VIOLATED)
_35848_/RN                              6.000000  132.842361 -126.842369 (VIOLATED)
_35889_/RN                              6.000000  132.842484 -126.842484 (VIOLATED)
_35891_/RN                              6.000000  132.842529 -126.842537 (VIOLATED)
_35892_/RN                              6.000000  132.842514 -126.842529 (VIOLATED)
_35893_/RN                              6.000000  132.842514 -126.842529 (VIOLATED)
_35894_/RN                              6.000000  132.842499 -126.842514 (VIOLATED)
_35912_/RN                              6.000000  132.842484 -126.842484 (VIOLATED)
_35913_/RN                              6.000000  132.842422 -126.842430 (VIOLATED)
_35917_/RN                              6.000000  132.842499 -126.842514 (VIOLATED)
_35938_/RN                              6.000000  132.842529 -126.842537 (VIOLATED)
_35940_/RN                              6.000000  132.842514 -126.842529 (VIOLATED)
_35958_/RN                              6.000000  132.842514 -126.842529 (VIOLATED)
_35961_/RN                              6.000000  132.842529 -126.842537 (VIOLATED)
_35962_/RN                              6.000000  132.842545 -126.842552 (VIOLATED)
_35963_/RN                              6.000000  132.842529 -126.842537 (VIOLATED)
_35981_/RN                              6.000000  132.842484 -126.842484 (VIOLATED)
_35982_/RN                              6.000000  132.842392 -126.842400 (VIOLATED)
_35983_/RN                              6.000000  132.842484 -126.842484 (VIOLATED)
_35984_/RN                              6.000000  132.842468 -126.842468 (VIOLATED)
_35985_/RN                              6.000000  132.842484 -126.842484 (VIOLATED)
_35986_/RN                              6.000000  132.842438 -126.842438 (VIOLATED)
_35865_/RN                              6.000000  132.842270 -126.842270 (VIOLATED)
_35888_/RN                              6.000000  132.842255 -126.842255 (VIOLATED)
_35890_/RN                              6.000000  132.842361 -126.842369 (VIOLATED)
_35911_/RN                              6.000000  132.842255 -126.842255 (VIOLATED)
_35914_/RN                              6.000000  132.842361 -126.842369 (VIOLATED)
_35915_/RN                              6.000000  132.842468 -126.842468 (VIOLATED)
_35916_/RN                              6.000000  132.842438 -126.842438 (VIOLATED)
_35934_/RN                              6.000000  132.842316 -126.842323 (VIOLATED)
_35862_/RN                              6.000000  132.842056 -126.842056 (VIOLATED)
_35863_/RN                              6.000000  132.842072 -126.842072 (VIOLATED)
_35864_/RN                              6.000000  132.842072 -126.842072 (VIOLATED)
_35885_/RN                              6.000000  132.842056 -126.842056 (VIOLATED)
_35886_/RN                              6.000000  132.842056 -126.842056 (VIOLATED)
_35887_/RN                              6.000000  132.842072 -126.842072 (VIOLATED)
_35956_/RN                              6.000000  132.842163 -126.842171 (VIOLATED)
_35957_/RN                              6.000000  132.842224 -126.842224 (VIOLATED)
_35980_/RN                              6.000000  132.842255 -126.842255 (VIOLATED)
_35907_/RN                              6.000000  132.842041 -126.842041 (VIOLATED)
_35908_/RN                              6.000000  132.841995 -126.842003 (VIOLATED)
_35909_/RN                              6.000000  132.841995 -126.842003 (VIOLATED)
_35910_/RN                              6.000000  132.841980 -126.841988 (VIOLATED)
_35932_/RN                              6.000000  132.842041 -126.842041 (VIOLATED)
_35976_/RN                              6.000000  132.842056 -126.842056 (VIOLATED)
_35928_/RN                              6.000000  132.841904 -126.841911 (VIOLATED)
_35935_/RN                              6.000000  132.841919 -126.841927 (VIOLATED)
_35936_/RN                              6.000000  132.841919 -126.841927 (VIOLATED)
_35937_/RN                              6.000000  132.841919 -126.841927 (VIOLATED)
_35939_/RN                              6.000000  132.841919 -126.841927 (VIOLATED)
_35953_/RN                              6.000000  132.841873 -126.841888 (VIOLATED)
_35954_/RN                              6.000000  132.841965 -126.841972 (VIOLATED)
_35955_/RN                              6.000000  132.841980 -126.841988 (VIOLATED)
_35959_/RN                              6.000000  132.841919 -126.841927 (VIOLATED)
_35960_/RN                              6.000000  132.841919 -126.841927 (VIOLATED)
_35974_/RN                              6.000000  132.841919 -126.841927 (VIOLATED)
_35977_/RN                              6.000000  132.842041 -126.842041 (VIOLATED)
_35978_/RN                              6.000000  132.842072 -126.842072 (VIOLATED)
_35979_/RN                              6.000000  132.842072 -126.842072 (VIOLATED)
_35796_/RN                              6.000000  132.841751 -126.841759 (VIOLATED)
_35797_/RN                              6.000000  132.841858 -126.841858 (VIOLATED)
_35798_/RN                              6.000000  132.841858 -126.841858 (VIOLATED)
_35799_/RN                              6.000000  132.841873 -126.841873 (VIOLATED)
_35800_/RN                              6.000000  132.841888 -126.841904 (VIOLATED)
_35801_/RN                              6.000000  132.841873 -126.841888 (VIOLATED)
_35802_/RN                              6.000000  132.841873 -126.841888 (VIOLATED)
_35821_/RN                              6.000000  132.841888 -126.841904 (VIOLATED)
_35819_/RN                              6.000000  132.841766 -126.841774 (VIOLATED)
_35820_/RN                              6.000000  132.841873 -126.841888 (VIOLATED)
_35822_/RN                              6.000000  132.841888 -126.841904 (VIOLATED)
_35823_/RN                              6.000000  132.841888 -126.841904 (VIOLATED)
_35824_/RN                              6.000000  132.841888 -126.841904 (VIOLATED)
_35825_/RN                              6.000000  132.841888 -126.841904 (VIOLATED)
_35836_/RN                              6.000000  132.841858 -126.841858 (VIOLATED)
_35843_/RN                              6.000000  132.841888 -126.841904 (VIOLATED)
_35844_/RN                              6.000000  132.841858 -126.841858 (VIOLATED)
_35845_/RN                              6.000000  132.841873 -126.841873 (VIOLATED)
_35846_/RN                              6.000000  132.841888 -126.841904 (VIOLATED)
_35847_/RN                              6.000000  132.841873 -126.841873 (VIOLATED)
_35952_/RN                              6.000000  132.841751 -126.841759 (VIOLATED)
_35790_/RN                              6.000000  132.841553 -126.841560 (VIOLATED)
_35841_/RN                              6.000000  132.841660 -126.841675 (VIOLATED)
_35842_/RN                              6.000000  132.841721 -126.841728 (VIOLATED)
_35794_/RN                              6.000000  132.841507 -126.841515 (VIOLATED)
_35813_/RN                              6.000000  132.841599 -126.841599 (VIOLATED)
_35818_/RN                              6.000000  132.841690 -126.841705 (VIOLATED)
_35840_/RN                              6.000000  132.841537 -126.841545 (VIOLATED)
_35792_/RN                              6.000000  132.841385 -126.841393 (VIOLATED)
_35793_/RN                              6.000000  132.841492 -126.841499 (VIOLATED)
_35795_/RN                              6.000000  132.841507 -126.841515 (VIOLATED)
_35815_/RN                              6.000000  132.841415 -126.841415 (VIOLATED)
_35817_/RN                              6.000000  132.841507 -126.841515 (VIOLATED)
_35930_/RN                              6.000000  132.841492 -126.841499 (VIOLATED)
_35933_/RN                              6.000000  132.841599 -126.841599 (VIOLATED)
_35838_/RN                              6.000000  132.841339 -126.841347 (VIOLATED)
_35926_/RN                              6.000000  132.841263 -126.841278 (VIOLATED)
_35927_/RN                              6.000000  132.841293 -126.841301 (VIOLATED)
_35789_/RN                              6.000000  132.841095 -126.841103 (VIOLATED)
_35788_/RN                              6.000000  132.840805 -126.840805 (VIOLATED)
_35812_/RN                              6.000000  132.840866 -126.840874 (VIOLATED)
_35835_/RN                              6.000000  132.840866 -126.840874 (VIOLATED)
_35787_/RN                              6.000000  132.840576 -126.840576 (VIOLATED)
_35857_/RN                              6.000000  132.840637 -126.840652 (VIOLATED)
_35861_/RN                              6.000000  132.840698 -126.840706 (VIOLATED)
_35883_/RN                              6.000000  132.840683 -126.840691 (VIOLATED)
_35884_/RN                              6.000000  132.840698 -126.840706 (VIOLATED)
_35906_/RN                              6.000000  132.840683 -126.840691 (VIOLATED)
_35791_/RN                              6.000000  132.840485 -126.840492 (VIOLATED)
_35964_/RN                              6.000000  132.840607 -126.840607 (VIOLATED)
_35972_/RN                              6.000000  132.840652 -126.840668 (VIOLATED)
_35973_/RN                              6.000000  132.840668 -126.840675 (VIOLATED)
_35975_/RN                              6.000000  132.840683 -126.840691 (VIOLATED)
_35810_/RN                              6.000000  132.840424 -126.840439 (VIOLATED)
_35811_/RN                              6.000000  132.840469 -126.840477 (VIOLATED)
_35814_/RN                              6.000000  132.840469 -126.840477 (VIOLATED)
_35816_/RN                              6.000000  132.840485 -126.840492 (VIOLATED)
_35833_/RN                              6.000000  132.840439 -126.840454 (VIOLATED)
_35834_/RN                              6.000000  132.840454 -126.840462 (VIOLATED)
_35837_/RN                              6.000000  132.840469 -126.840477 (VIOLATED)
_35839_/RN                              6.000000  132.840469 -126.840477 (VIOLATED)
_35849_/RN                              6.000000  132.840424 -126.840439 (VIOLATED)
_35850_/RN                              6.000000  132.840424 -126.840439 (VIOLATED)
_35851_/RN                              6.000000  132.840424 -126.840439 (VIOLATED)
_35852_/RN                              6.000000  132.840424 -126.840439 (VIOLATED)
_35853_/RN                              6.000000  132.840408 -126.840408 (VIOLATED)
_35854_/RN                              6.000000  132.840500 -126.840508 (VIOLATED)
_35855_/RN                              6.000000  132.840607 -126.840607 (VIOLATED)
_35856_/RN                              6.000000  132.840622 -126.840622 (VIOLATED)
_35858_/RN                              6.000000  132.840668 -126.840675 (VIOLATED)
_35860_/RN                              6.000000  132.840683 -126.840691 (VIOLATED)
_35878_/RN                              6.000000  132.840607 -126.840607 (VIOLATED)
_35879_/RN                              6.000000  132.840622 -126.840637 (VIOLATED)
_35880_/RN                              6.000000  132.840622 -126.840622 (VIOLATED)
_35881_/RN                              6.000000  132.840668 -126.840675 (VIOLATED)
_35872_/RN                              6.000000  132.840424 -126.840439 (VIOLATED)
_35873_/RN                              6.000000  132.840424 -126.840439 (VIOLATED)
_35874_/RN                              6.000000  132.840439 -126.840454 (VIOLATED)
_35875_/RN                              6.000000  132.840424 -126.840439 (VIOLATED)
_35876_/RN                              6.000000  132.840424 -126.840439 (VIOLATED)
_35877_/RN                              6.000000  132.840424 -126.840439 (VIOLATED)
_35895_/RN                              6.000000  132.840424 -126.840424 (VIOLATED)
_35896_/RN                              6.000000  132.840424 -126.840439 (VIOLATED)
_35898_/RN                              6.000000  132.840424 -126.840439 (VIOLATED)
_35899_/RN                              6.000000  132.840378 -126.840378 (VIOLATED)
_35900_/RN                              6.000000  132.840454 -126.840462 (VIOLATED)
_35929_/RN                              6.000000  132.840469 -126.840477 (VIOLATED)
_35931_/RN                              6.000000  132.840485 -126.840492 (VIOLATED)
_35946_/RN                              6.000000  132.840469 -126.840477 (VIOLATED)
_35965_/RN                              6.000000  132.840576 -126.840576 (VIOLATED)
_35918_/RN                              6.000000  132.840317 -126.840324 (VIOLATED)
_35966_/RN                              6.000000  132.840424 -126.840439 (VIOLATED)
_35967_/RN                              6.000000  132.840546 -126.840553 (VIOLATED)
_35968_/RN                              6.000000  132.840546 -126.840553 (VIOLATED)
_35969_/RN                              6.000000  132.840500 -126.840508 (VIOLATED)
_35970_/RN                              6.000000  132.840500 -126.840508 (VIOLATED)
_35804_/RN                              6.000000  132.840118 -126.840126 (VIOLATED)
_35859_/RN                              6.000000  132.840118 -126.840126 (VIOLATED)
_35882_/RN                              6.000000  132.840118 -126.840126 (VIOLATED)
_35897_/RN                              6.000000  132.840210 -126.840210 (VIOLATED)
_35780_/RN                              6.000000  132.839996 -126.839996 (VIOLATED)
_35785_/RN                              6.000000  132.839981 -126.839981 (VIOLATED)
_35786_/RN                              6.000000  132.839996 -126.839996 (VIOLATED)
_35803_/RN                              6.000000  132.839996 -126.839996 (VIOLATED)
_35808_/RN                              6.000000  132.840012 -126.840012 (VIOLATED)
_35809_/RN                              6.000000  132.840012 -126.840027 (VIOLATED)
_35826_/RN                              6.000000  132.839996 -126.839996 (VIOLATED)
_35831_/RN                              6.000000  132.840012 -126.840012 (VIOLATED)
_35832_/RN                              6.000000  132.840057 -126.840065 (VIOLATED)
_35901_/RN                              6.000000  132.840012 -126.840012 (VIOLATED)
_35902_/RN                              6.000000  132.840012 -126.840027 (VIOLATED)
_35903_/RN                              6.000000  132.840088 -126.840096 (VIOLATED)
_35904_/RN                              6.000000  132.840103 -126.840111 (VIOLATED)
_35905_/RN                              6.000000  132.840103 -126.840111 (VIOLATED)
_35919_/RN                              6.000000  132.840073 -126.840080 (VIOLATED)
_35924_/RN                              6.000000  132.840073 -126.840080 (VIOLATED)
_35925_/RN                              6.000000  132.840103 -126.840111 (VIOLATED)
_35945_/RN                              6.000000  132.840088 -126.840096 (VIOLATED)
_35920_/RN                              6.000000  132.839905 -126.839912 (VIOLATED)
_35805_/RN                              6.000000  132.839783 -126.839783 (VIOLATED)
_35827_/RN                              6.000000  132.839844 -126.839851 (VIOLATED)
_35921_/RN                              6.000000  132.839844 -126.839851 (VIOLATED)
_35922_/RN                              6.000000  132.839951 -126.839951 (VIOLATED)
_35923_/RN                              6.000000  132.839966 -126.839966 (VIOLATED)
_35941_/RN                              6.000000  132.839966 -126.839966 (VIOLATED)
_35943_/RN                              6.000000  132.839920 -126.839928 (VIOLATED)
_35944_/RN                              6.000000  132.840012 -126.840027 (VIOLATED)
_35947_/RN                              6.000000  132.840012 -126.840012 (VIOLATED)
_35948_/RN                              6.000000  132.840103 -126.840111 (VIOLATED)
_35949_/RN                              6.000000  132.840027 -126.840042 (VIOLATED)
_35950_/RN                              6.000000  132.840057 -126.840065 (VIOLATED)
_35951_/RN                              6.000000  132.840103 -126.840111 (VIOLATED)
_35971_/RN                              6.000000  132.840012 -126.840027 (VIOLATED)
_35782_/RN                              6.000000  132.839600 -126.839615 (VIOLATED)
_35942_/RN                              6.000000  132.839706 -126.839714 (VIOLATED)
_35828_/RN                              6.000000  132.839569 -126.839569 (VIOLATED)
_35781_/RN                              6.000000  132.839417 -126.839424 (VIOLATED)
_36286_/RN                              6.000000  132.839401 -126.839417 (VIOLATED)
_36287_/RN                              6.000000  132.839127 -126.839127 (VIOLATED)
_36285_/RN                              6.000000  132.838959 -126.838959 (VIOLATED)
_36288_/RN                              6.000000  132.838684 -126.838692 (VIOLATED)
_35806_/RN                              6.000000  132.838348 -126.838364 (VIOLATED)
_35807_/RN                              6.000000  132.838348 -126.838364 (VIOLATED)
_35830_/RN                              6.000000  132.838242 -126.838249 (VIOLATED)
_35783_/RN                              6.000000  132.837784 -126.837791 (VIOLATED)
_35784_/RN                              6.000000  132.837784 -126.837791 (VIOLATED)
_35829_/RN                              6.000000  132.837646 -126.837654 (VIOLATED)
_36242_/RN                              6.000000  132.837265 -126.837265 (VIOLATED)
_36250_/RN                              6.000000  132.837265 -126.837265 (VIOLATED)
_36258_/RN                              6.000000  132.837204 -126.837212 (VIOLATED)
_36266_/RN                              6.000000  132.837265 -126.837265 (VIOLATED)
_36274_/RN                              6.000000  132.836533 -126.836540 (VIOLATED)
_36226_/RN                              6.000000  132.835938 -126.835945 (VIOLATED)
_36218_/RN                              6.000000  132.835663 -126.835663 (VIOLATED)
_36210_/RN                              6.000000  132.835251 -126.835251 (VIOLATED)
_36227_/RN                              6.000000  132.835236 -126.835236 (VIOLATED)
_36234_/RN                              6.000000  132.835251 -126.835266 (VIOLATED)
_36235_/RN                              6.000000  132.835251 -126.835266 (VIOLATED)
_36219_/RN                              6.000000  132.834854 -126.834869 (VIOLATED)
_36203_/RN                              6.000000  132.834503 -126.834511 (VIOLATED)
_36251_/RN                              6.000000  132.830887 -126.830887 (VIOLATED)
_36259_/RN                              6.000000  132.830032 -126.830032 (VIOLATED)
_36202_/RN                              6.000000  132.829498 -126.829506 (VIOLATED)
_36211_/RN                              6.000000  132.829498 -126.829506 (VIOLATED)
_36267_/RN                              6.000000  132.829498 -126.829506 (VIOLATED)
_36194_/RN                              6.000000  132.829315 -126.829323 (VIOLATED)
_36243_/RN                              6.000000  132.829071 -126.829079 (VIOLATED)
_36195_/RN                              6.000000  132.828934 -126.828941 (VIOLATED)
_36163_/RN                              6.000000  132.828293 -126.828300 (VIOLATED)
_36178_/RN                              6.000000  132.828415 -126.828415 (VIOLATED)
_36187_/RN                              6.000000  132.828415 -126.828415 (VIOLATED)
_36171_/RN                              6.000000  132.827896 -126.827904 (VIOLATED)
_35368_/RN                              6.000000  132.827423 -126.827431 (VIOLATED)
_35369_/RN                              6.000000  132.827423 -126.827431 (VIOLATED)
_35370_/RN                              6.000000  132.827423 -126.827431 (VIOLATED)
_35371_/RN                              6.000000  132.827423 -126.827431 (VIOLATED)
_35372_/RN                              6.000000  132.827393 -126.827408 (VIOLATED)
_35373_/RN                              6.000000  132.827408 -126.827423 (VIOLATED)
_35374_/RN                              6.000000  132.827408 -126.827423 (VIOLATED)
_35375_/RN                              6.000000  132.827393 -126.827408 (VIOLATED)
_35376_/RN                              6.000000  132.827393 -126.827408 (VIOLATED)
_35377_/RN                              6.000000  132.827408 -126.827423 (VIOLATED)
_35378_/RN                              6.000000  132.827393 -126.827408 (VIOLATED)
_35379_/RN                              6.000000  132.827377 -126.827393 (VIOLATED)
_35380_/RN                              6.000000  132.827393 -126.827408 (VIOLATED)
_35381_/RN                              6.000000  132.827377 -126.827393 (VIOLATED)
_35382_/RN                              6.000000  132.827377 -126.827393 (VIOLATED)
_35383_/RN                              6.000000  132.827377 -126.827377 (VIOLATED)
_35384_/RN                              6.000000  132.827377 -126.827377 (VIOLATED)
_35385_/RN                              6.000000  132.827347 -126.827347 (VIOLATED)
_36155_/RN                              6.000000  132.827347 -126.827347 (VIOLATED)
_36139_/RN                              6.000000  132.827164 -126.827164 (VIOLATED)
_35310_/RN                              6.000000  132.826996 -126.827011 (VIOLATED)
_35361_/RN                              6.000000  132.827087 -126.827095 (VIOLATED)
_35364_/RN                              6.000000  132.827133 -126.827133 (VIOLATED)
_35365_/RN                              6.000000  132.827164 -126.827164 (VIOLATED)
_35366_/RN                              6.000000  132.827118 -126.827118 (VIOLATED)
_35367_/RN                              6.000000  132.827118 -126.827118 (VIOLATED)
_35387_/RN                              6.000000  132.827011 -126.827019 (VIOLATED)
_35388_/RN                              6.000000  132.827011 -126.827019 (VIOLATED)
_35274_/RN                              6.000000  132.826874 -126.826881 (VIOLATED)
_35275_/RN                              6.000000  132.826859 -126.826866 (VIOLATED)
_35314_/RN                              6.000000  132.826874 -126.826881 (VIOLATED)
_35315_/RN                              6.000000  132.826920 -126.826920 (VIOLATED)
_35316_/RN                              6.000000  132.826920 -126.826920 (VIOLATED)
_35317_/RN                              6.000000  132.826965 -126.826965 (VIOLATED)
_35330_/RN                              6.000000  132.826797 -126.826805 (VIOLATED)
_35331_/RN                              6.000000  132.826782 -126.826797 (VIOLATED)
_35332_/RN                              6.000000  132.826782 -126.826797 (VIOLATED)
_35333_/RN                              6.000000  132.826828 -126.826836 (VIOLATED)
_36337_/SETN                            6.000000  132.826904 -126.826912 (VIOLATED)
_36338_/RN                              6.000000  132.827011 -126.827019 (VIOLATED)
_36339_/RN                              6.000000  132.827011 -126.827019 (VIOLATED)
_36340_/RN                              6.000000  132.827011 -126.827019 (VIOLATED)
_36341_/RN                              6.000000  132.826965 -126.826981 (VIOLATED)
_36342_/RN                              6.000000  132.826920 -126.826920 (VIOLATED)
_36359_/RN                              6.000000  132.827011 -126.827019 (VIOLATED)
_36360_/RN                              6.000000  132.827026 -126.827034 (VIOLATED)
_36361_/RN                              6.000000  132.827057 -126.827065 (VIOLATED)
_36362_/RN                              6.000000  132.827072 -126.827080 (VIOLATED)
_36363_/RN                              6.000000  132.827042 -126.827049 (VIOLATED)
_36364_/RN                              6.000000  132.827042 -126.827049 (VIOLATED)
_36365_/RN                              6.000000  132.826981 -126.826996 (VIOLATED)
_36366_/RN                              6.000000  132.826981 -126.826996 (VIOLATED)
_36367_/RN                              6.000000  132.826981 -126.826996 (VIOLATED)
_36368_/RN                              6.000000  132.826981 -126.826996 (VIOLATED)
_36369_/RN                              6.000000  132.827011 -126.827019 (VIOLATED)
_36370_/RN                              6.000000  132.826981 -126.826996 (VIOLATED)
_36371_/RN                              6.000000  132.827026 -126.827034 (VIOLATED)
_36372_/RN                              6.000000  132.826996 -126.827011 (VIOLATED)
_36374_/RN                              6.000000  132.826996 -126.827011 (VIOLATED)
_36146_/RN                              6.000000  132.826767 -126.826767 (VIOLATED)
_36275_/RN                              6.000000  132.826874 -126.826881 (VIOLATED)
_36276_/RN                              6.000000  132.826874 -126.826881 (VIOLATED)
_36154_/RN                              6.000000  132.826752 -126.826752 (VIOLATED)
_36170_/RN                              6.000000  132.826767 -126.826782 (VIOLATED)
_36277_/RN                              6.000000  132.826828 -126.826836 (VIOLATED)
_36278_/RN                              6.000000  132.826813 -126.826820 (VIOLATED)
_36281_/RN                              6.000000  132.826736 -126.826736 (VIOLATED)
_36282_/RN                              6.000000  132.826828 -126.826836 (VIOLATED)
_36283_/RN                              6.000000  132.826813 -126.826820 (VIOLATED)
_36284_/RN                              6.000000  132.826782 -126.826797 (VIOLATED)
_36358_/RN                              6.000000  132.826843 -126.826851 (VIOLATED)
_36373_/RN                              6.000000  132.826874 -126.826881 (VIOLATED)
_36375_/RN                              6.000000  132.826874 -126.826881 (VIOLATED)
_36376_/RN                              6.000000  132.826874 -126.826881 (VIOLATED)
_36162_/RN                              6.000000  132.826599 -126.826607 (VIOLATED)
_36186_/RN                              6.000000  132.826599 -126.826607 (VIOLATED)
_35328_/RN                              6.000000  132.826416 -126.826424 (VIOLATED)
_36291_/RN                              6.000000  132.826523 -126.826523 (VIOLATED)
_36292_/RN                              6.000000  132.826614 -126.826622 (VIOLATED)
_35308_/RN                              6.000000  132.826172 -126.826187 (VIOLATED)
_35987_/RN                              6.000000  132.826294 -126.826294 (VIOLATED)
_35309_/RN                              6.000000  132.826141 -126.826141 (VIOLATED)
_35311_/RN                              6.000000  132.826172 -126.826187 (VIOLATED)
_36289_/RN                              6.000000  132.826248 -126.826256 (VIOLATED)
_35312_/RN                              6.000000  132.826096 -126.826096 (VIOLATED)
_35313_/RN                              6.000000  132.826096 -126.826096 (VIOLATED)
_35318_/RN                              6.000000  132.826141 -126.826157 (VIOLATED)
_35319_/RN                              6.000000  132.826187 -126.826195 (VIOLATED)
_35329_/RN                              6.000000  132.826157 -126.826172 (VIOLATED)
_35334_/RN                              6.000000  132.826157 -126.826172 (VIOLATED)
_35335_/RN                              6.000000  132.826172 -126.826187 (VIOLATED)
_35343_/RN                              6.000000  132.826172 -126.826187 (VIOLATED)
_35358_/RN                              6.000000  132.826141 -126.826157 (VIOLATED)
_35390_/RN                              6.000000  132.826172 -126.826187 (VIOLATED)
_35391_/RN                              6.000000  132.826172 -126.826187 (VIOLATED)
_35393_/RN                              6.000000  132.826157 -126.826172 (VIOLATED)
_35326_/RN                              6.000000  132.826004 -126.826012 (VIOLATED)
_36010_/RN                              6.000000  132.826096 -126.826096 (VIOLATED)
_36290_/RN                              6.000000  132.826126 -126.826126 (VIOLATED)
_36298_/RN                              6.000000  132.826141 -126.826141 (VIOLATED)
_36002_/RN                              6.000000  132.825958 -126.825974 (VIOLATED)
_35327_/RN                              6.000000  132.825821 -126.825829 (VIOLATED)
_35342_/RN                              6.000000  132.825928 -126.825928 (VIOLATED)
_35350_/RN                              6.000000  132.825974 -126.825981 (VIOLATED)
_35351_/RN                              6.000000  132.825974 -126.825981 (VIOLATED)
_35352_/RN                              6.000000  132.825958 -126.825974 (VIOLATED)
_35353_/RN                              6.000000  132.825867 -126.825874 (VIOLATED)
_35354_/RN                              6.000000  132.825928 -126.825943 (VIOLATED)
_35355_/RN                              6.000000  132.825912 -126.825912 (VIOLATED)
_35356_/RN                              6.000000  132.825897 -126.825897 (VIOLATED)
_35357_/RN                              6.000000  132.825882 -126.825882 (VIOLATED)
_35360_/RN                              6.000000  132.825974 -126.825981 (VIOLATED)
_35362_/RN                              6.000000  132.825974 -126.825981 (VIOLATED)
_35363_/RN                              6.000000  132.825974 -126.825981 (VIOLATED)
_35359_/RN                              6.000000  132.825851 -126.825859 (VIOLATED)
_35386_/RN                              6.000000  132.825958 -126.825974 (VIOLATED)
_35389_/RN                              6.000000  132.825974 -126.825981 (VIOLATED)
_35392_/RN                              6.000000  132.825912 -126.825912 (VIOLATED)
_35337_/RN                              6.000000  132.825714 -126.825714 (VIOLATED)
_35344_/RN                              6.000000  132.825790 -126.825798 (VIOLATED)
_35345_/RN                              6.000000  132.825790 -126.825798 (VIOLATED)
_35346_/RN                              6.000000  132.825806 -126.825813 (VIOLATED)
_35347_/RN                              6.000000  132.825836 -126.825844 (VIOLATED)
_35348_/RN                              6.000000  132.825912 -126.825912 (VIOLATED)
_35349_/RN                              6.000000  132.825928 -126.825928 (VIOLATED)
_36310_/RN                              6.000000  132.825821 -126.825829 (VIOLATED)
_36311_/RN                              6.000000  132.825821 -126.825829 (VIOLATED)
_36347_/RN                              6.000000  132.825821 -126.825829 (VIOLATED)
_35339_/RN                              6.000000  132.825668 -126.825668 (VIOLATED)
_36294_/RN                              6.000000  132.825699 -126.825699 (VIOLATED)
_36295_/RN                              6.000000  132.825775 -126.825783 (VIOLATED)
_36296_/RN                              6.000000  132.825806 -126.825813 (VIOLATED)
_36297_/RN                              6.000000  132.825806 -126.825813 (VIOLATED)
_36299_/RN                              6.000000  132.825806 -126.825813 (VIOLATED)
_36300_/RN                              6.000000  132.825821 -126.825829 (VIOLATED)
_36301_/RN                              6.000000  132.825806 -126.825813 (VIOLATED)
_36302_/RN                              6.000000  132.825699 -126.825699 (VIOLATED)
_36303_/RN                              6.000000  132.825699 -126.825699 (VIOLATED)
_36304_/RN                              6.000000  132.825699 -126.825699 (VIOLATED)
_36305_/RN                              6.000000  132.825699 -126.825699 (VIOLATED)
_36307_/RN                              6.000000  132.825806 -126.825813 (VIOLATED)
_36011_/RN                              6.000000  132.825562 -126.825569 (VIOLATED)
_36074_/RN                              6.000000  132.825684 -126.825684 (VIOLATED)
_36098_/RN                              6.000000  132.825684 -126.825684 (VIOLATED)
_36306_/RN                              6.000000  132.825684 -126.825684 (VIOLATED)
_36308_/RN                              6.000000  132.825790 -126.825798 (VIOLATED)
_36309_/RN                              6.000000  132.825684 -126.825684 (VIOLATED)
_36312_/RN                              6.000000  132.825714 -126.825714 (VIOLATED)
_36313_/RN                              6.000000  132.825714 -126.825714 (VIOLATED)
_36314_/RN                              6.000000  132.825714 -126.825714 (VIOLATED)
_36317_/RN                              6.000000  132.825684 -126.825684 (VIOLATED)
_36318_/RN                              6.000000  132.825714 -126.825714 (VIOLATED)
_36058_/RN                              6.000000  132.825531 -126.825546 (VIOLATED)
_36026_/RN                              6.000000  132.825378 -126.825386 (VIOLATED)
_36043_/RN                              6.000000  132.825211 -126.825218 (VIOLATED)
_36050_/RN                              6.000000  132.825302 -126.825302 (VIOLATED)
_36059_/RN                              6.000000  132.824982 -126.824989 (VIOLATED)
_36066_/RN                              6.000000  132.825027 -126.825035 (VIOLATED)
_36067_/RN                              6.000000  132.824951 -126.824959 (VIOLATED)
_36075_/RN                              6.000000  132.825012 -126.825020 (VIOLATED)
_36082_/RN                              6.000000  132.825027 -126.825035 (VIOLATED)
_36083_/RN                              6.000000  132.825012 -126.825020 (VIOLATED)
_36090_/RN                              6.000000  132.825027 -126.825035 (VIOLATED)
_36106_/RN                              6.000000  132.825027 -126.825035 (VIOLATED)
_36348_/RN                              6.000000  132.825012 -126.825020 (VIOLATED)
_36349_/RN                              6.000000  132.825012 -126.825020 (VIOLATED)
_35994_/RN                              6.000000  132.824829 -126.824837 (VIOLATED)
_36107_/RN                              6.000000  132.824921 -126.824936 (VIOLATED)
_36114_/RN                              6.000000  132.825027 -126.825035 (VIOLATED)
_36115_/RN                              6.000000  132.825012 -126.825020 (VIOLATED)
_36122_/RN                              6.000000  132.825027 -126.825035 (VIOLATED)
_36123_/RN                              6.000000  132.824997 -126.825005 (VIOLATED)
_36130_/RN                              6.000000  132.824921 -126.824936 (VIOLATED)
_36315_/RN                              6.000000  132.825043 -126.825043 (VIOLATED)
_36316_/RN                              6.000000  132.825043 -126.825043 (VIOLATED)
_35995_/RN                              6.000000  132.824799 -126.824806 (VIOLATED)
_36003_/RN                              6.000000  132.824814 -126.824821 (VIOLATED)
_36018_/RN                              6.000000  132.824814 -126.824821 (VIOLATED)
_36027_/RN                              6.000000  132.824768 -126.824776 (VIOLATED)
_36034_/RN                              6.000000  132.824799 -126.824806 (VIOLATED)
_36035_/RN                              6.000000  132.824829 -126.824837 (VIOLATED)
_36042_/RN                              6.000000  132.824844 -126.824844 (VIOLATED)
_36051_/RN                              6.000000  132.824814 -126.824821 (VIOLATED)
_36091_/RN                              6.000000  132.824921 -126.824936 (VIOLATED)
_36099_/RN                              6.000000  132.825012 -126.825020 (VIOLATED)
_36131_/RN                              6.000000  132.824844 -126.824844 (VIOLATED)
_36138_/RN                              6.000000  132.824844 -126.824844 (VIOLATED)
_36147_/RN                              6.000000  132.824844 -126.824844 (VIOLATED)
_36179_/RN                              6.000000  132.824844 -126.824844 (VIOLATED)
_36019_/RN                              6.000000  132.824295 -126.824310 (VIOLATED)
_35325_/RN                              6.000000  132.822815 -126.822815 (VIOLATED)
_35341_/RN                              6.000000  132.822800 -126.822800 (VIOLATED)
_36049_/RN                              6.000000  132.822830 -126.822830 (VIOLATED)
_36065_/RN                              6.000000  132.822815 -126.822815 (VIOLATED)
_36073_/RN                              6.000000  132.822800 -126.822800 (VIOLATED)
_36113_/RN                              6.000000  132.822815 -126.822815 (VIOLATED)
_36057_/RN                              6.000000  132.822525 -126.822533 (VIOLATED)
_36025_/RN                              6.000000  132.822128 -126.822136 (VIOLATED)
_36097_/RN                              6.000000  132.821732 -126.821732 (VIOLATED)
_35321_/RN                              6.000000  132.821381 -126.821381 (VIOLATED)
_35323_/RN                              6.000000  132.820206 -126.820213 (VIOLATED)
_35324_/RN                              6.000000  132.820190 -126.820198 (VIOLATED)
_35340_/RN                              6.000000  132.820236 -126.820244 (VIOLATED)
_36064_/RN                              6.000000  132.820206 -126.820213 (VIOLATED)
_36088_/RN                              6.000000  132.820190 -126.820198 (VIOLATED)
_36104_/RN                              6.000000  132.820190 -126.820198 (VIOLATED)
_35336_/RN                              6.000000  132.819931 -126.819946 (VIOLATED)
_36096_/RN                              6.000000  132.819855 -126.819862 (VIOLATED)
_35338_/RN                              6.000000  132.819565 -126.819572 (VIOLATED)
_36048_/RN                              6.000000  132.819290 -126.819290 (VIOLATED)
_36056_/RN                              6.000000  132.819031 -126.819038 (VIOLATED)
_36072_/RN                              6.000000  132.819107 -126.819107 (VIOLATED)
_36021_/RN                              6.000000  132.818588 -126.818596 (VIOLATED)
_36029_/RN                              6.000000  132.818329 -126.818336 (VIOLATED)
_36032_/RN                              6.000000  132.818222 -126.818222 (VIOLATED)
_35989_/RN                              6.000000  132.817902 -126.817909 (VIOLATED)
_36005_/RN                              6.000000  132.817917 -126.817924 (VIOLATED)
_35992_/RN                              6.000000  132.817657 -126.817673 (VIOLATED)
_35993_/RN                              6.000000  132.817719 -126.817726 (VIOLATED)
_36000_/RN                              6.000000  132.817657 -126.817673 (VIOLATED)
_36001_/RN                              6.000000  132.817719 -126.817726 (VIOLATED)
_36008_/RN                              6.000000  132.817657 -126.817673 (VIOLATED)
_36009_/RN                              6.000000  132.817719 -126.817726 (VIOLATED)
_36013_/RN                              6.000000  132.817657 -126.817657 (VIOLATED)
_36016_/RN                              6.000000  132.817673 -126.817688 (VIOLATED)
_36017_/RN                              6.000000  132.817719 -126.817726 (VIOLATED)
_36024_/RN                              6.000000  132.817673 -126.817688 (VIOLATED)
_36033_/RN                              6.000000  132.817719 -126.817726 (VIOLATED)
_36040_/RN                              6.000000  132.817703 -126.817711 (VIOLATED)
_36041_/RN                              6.000000  132.817703 -126.817711 (VIOLATED)
_36279_/RN                              6.000000  132.817719 -126.817726 (VIOLATED)
_36280_/RN                              6.000000  132.817719 -126.817726 (VIOLATED)
_36037_/RN                              6.000000  132.817505 -126.817513 (VIOLATED)
_36036_/RN                              6.000000  132.817078 -126.817085 (VIOLATED)
_36039_/RN                              6.000000  132.816925 -126.816933 (VIOLATED)
_36136_/RN                              6.000000  132.816681 -126.816689 (VIOLATED)
_36144_/RN                              6.000000  132.816681 -126.816689 (VIOLATED)
_36184_/RN                              6.000000  132.816681 -126.816689 (VIOLATED)
_35990_/RN                              6.000000  132.816467 -126.816475 (VIOLATED)
_36012_/RN                              6.000000  132.816452 -126.816460 (VIOLATED)
_36038_/RN                              6.000000  132.816467 -126.816475 (VIOLATED)
_36152_/RN                              6.000000  132.816452 -126.816460 (VIOLATED)
_36133_/RN                              6.000000  132.816299 -126.816307 (VIOLATED)
_36142_/RN                              6.000000  132.816208 -126.816223 (VIOLATED)
_36150_/RN                              6.000000  132.816025 -126.816040 (VIOLATED)
_36157_/RN                              6.000000  132.816040 -126.816048 (VIOLATED)
_36161_/RN                              6.000000  132.816040 -126.816048 (VIOLATED)
_36229_/RN                              6.000000  132.816040 -126.816048 (VIOLATED)
_36230_/RN                              6.000000  132.816040 -126.816048 (VIOLATED)
_36231_/RN                              6.000000  132.816040 -126.816048 (VIOLATED)
_36233_/RN                              6.000000  132.816040 -126.816048 (VIOLATED)
_36237_/RN                              6.000000  132.816040 -126.816048 (VIOLATED)
_36238_/RN                              6.000000  132.816040 -126.816048 (VIOLATED)
_36239_/RN                              6.000000  132.816040 -126.816048 (VIOLATED)
_36241_/RN                              6.000000  132.816040 -126.816048 (VIOLATED)
_36245_/RN                              6.000000  132.816040 -126.816048 (VIOLATED)
_36246_/RN                              6.000000  132.816025 -126.816040 (VIOLATED)
_36247_/RN                              6.000000  132.816025 -126.816040 (VIOLATED)
_36249_/RN                              6.000000  132.816025 -126.816040 (VIOLATED)
_36253_/RN                              6.000000  132.816040 -126.816048 (VIOLATED)
_36254_/RN                              6.000000  132.816040 -126.816048 (VIOLATED)
_36257_/RN                              6.000000  132.816040 -126.816048 (VIOLATED)
_36261_/RN                              6.000000  132.816040 -126.816048 (VIOLATED)
_36262_/RN                              6.000000  132.816040 -126.816048 (VIOLATED)
i_rst_n                                 6.000000  132.815613 -126.815628 (VIOLATED)
_30652_/A1                              6.000000  132.815613 -126.815628 (VIOLATED)
_30679_/A1                              6.000000  132.815613 -126.815628 (VIOLATED)
_30711_/A2                              6.000000  132.815613 -126.815628 (VIOLATED)
_30739_/A2                              6.000000  132.815613 -126.815628 (VIOLATED)
_30743_/B                               6.000000  132.815613 -126.815628 (VIOLATED)
_34856_/A2                              6.000000  132.815613 -126.815628 (VIOLATED)
_34871_/C                               6.000000  132.815613 -126.815628 (VIOLATED)
_35320_/RN                              6.000000  132.815613 -126.815628 (VIOLATED)
_35322_/RN                              6.000000  132.815613 -126.815628 (VIOLATED)
_35772_/RN                              6.000000  132.815613 -126.815628 (VIOLATED)
_35773_/RN                              6.000000  132.815613 -126.815628 (VIOLATED)
_35774_/RN                              6.000000  132.815613 -126.815628 (VIOLATED)
_35775_/RN                              6.000000  132.815613 -126.815628 (VIOLATED)
_35776_/RN                              6.000000  132.815613 -126.815628 (VIOLATED)
_35777_/RN                              6.000000  132.815613 -126.815628 (VIOLATED)
_35778_/RN                              6.000000  132.815613 -126.815628 (VIOLATED)
_35779_/RN                              6.000000  132.815613 -126.815628 (VIOLATED)
_35988_/RN                              6.000000  132.815613 -126.815628 (VIOLATED)
_35991_/RN                              6.000000  132.815613 -126.815628 (VIOLATED)
_35996_/RN                              6.000000  132.815613 -126.815628 (VIOLATED)
_35997_/RN                              6.000000  132.815613 -126.815628 (VIOLATED)
_35998_/RN                              6.000000  132.815613 -126.815628 (VIOLATED)
_35999_/RN                              6.000000  132.815613 -126.815628 (VIOLATED)
_36004_/RN                              6.000000  132.815613 -126.815628 (VIOLATED)
_36006_/RN                              6.000000  132.815613 -126.815628 (VIOLATED)
_36007_/RN                              6.000000  132.815613 -126.815628 (VIOLATED)
_36014_/RN                              6.000000  132.815613 -126.815628 (VIOLATED)
_36015_/RN                              6.000000  132.815613 -126.815628 (VIOLATED)
_36020_/RN                              6.000000  132.815613 -126.815628 (VIOLATED)
_36022_/RN                              6.000000  132.815613 -126.815628 (VIOLATED)
_36023_/RN                              6.000000  132.815613 -126.815628 (VIOLATED)
_36028_/RN                              6.000000  132.815613 -126.815628 (VIOLATED)
_36030_/RN                              6.000000  132.815613 -126.815628 (VIOLATED)
_36031_/RN                              6.000000  132.815613 -126.815628 (VIOLATED)
_36044_/RN                              6.000000  132.815613 -126.815628 (VIOLATED)
_36045_/RN                              6.000000  132.815613 -126.815628 (VIOLATED)
_36046_/RN                              6.000000  132.815613 -126.815628 (VIOLATED)
_36047_/RN                              6.000000  132.815613 -126.815628 (VIOLATED)
_36052_/RN                              6.000000  132.815613 -126.815628 (VIOLATED)
_36053_/RN                              6.000000  132.815613 -126.815628 (VIOLATED)
_36054_/RN                              6.000000  132.815613 -126.815628 (VIOLATED)
_36055_/RN                              6.000000  132.815613 -126.815628 (VIOLATED)
_36060_/RN                              6.000000  132.815613 -126.815628 (VIOLATED)
_36061_/RN                              6.000000  132.815613 -126.815628 (VIOLATED)
_36062_/RN                              6.000000  132.815613 -126.815628 (VIOLATED)
_36063_/RN                              6.000000  132.815613 -126.815628 (VIOLATED)
_36068_/RN                              6.000000  132.815613 -126.815628 (VIOLATED)
_36069_/RN                              6.000000  132.815613 -126.815628 (VIOLATED)
_36070_/RN                              6.000000  132.815613 -126.815628 (VIOLATED)
_36071_/RN                              6.000000  132.815613 -126.815628 (VIOLATED)
_36076_/RN                              6.000000  132.815613 -126.815628 (VIOLATED)
_36077_/RN                              6.000000  132.815613 -126.815628 (VIOLATED)
_36078_/RN                              6.000000  132.815613 -126.815628 (VIOLATED)
_36079_/RN                              6.000000  132.815613 -126.815628 (VIOLATED)
_36080_/RN                              6.000000  132.815613 -126.815628 (VIOLATED)
_36081_/RN                              6.000000  132.815613 -126.815628 (VIOLATED)
_36084_/RN                              6.000000  132.815613 -126.815628 (VIOLATED)
_36085_/RN                              6.000000  132.815613 -126.815628 (VIOLATED)
_36086_/RN                              6.000000  132.815613 -126.815628 (VIOLATED)
_36087_/RN                              6.000000  132.815613 -126.815628 (VIOLATED)
_36089_/RN                              6.000000  132.815613 -126.815628 (VIOLATED)
_36092_/RN                              6.000000  132.815613 -126.815628 (VIOLATED)
_36093_/RN                              6.000000  132.815613 -126.815628 (VIOLATED)
_36094_/RN                              6.000000  132.815613 -126.815628 (VIOLATED)
_36095_/RN                              6.000000  132.815613 -126.815628 (VIOLATED)
_36100_/RN                              6.000000  132.815613 -126.815628 (VIOLATED)
_36101_/RN                              6.000000  132.815613 -126.815628 (VIOLATED)
_36102_/RN                              6.000000  132.815613 -126.815628 (VIOLATED)
_36103_/RN                              6.000000  132.815613 -126.815628 (VIOLATED)
_36105_/RN                              6.000000  132.815613 -126.815628 (VIOLATED)
_36108_/RN                              6.000000  132.815613 -126.815628 (VIOLATED)
_36109_/RN                              6.000000  132.815613 -126.815628 (VIOLATED)
_36110_/RN                              6.000000  132.815613 -126.815628 (VIOLATED)
_36111_/RN                              6.000000  132.815613 -126.815628 (VIOLATED)
_36112_/RN                              6.000000  132.815613 -126.815628 (VIOLATED)
_36116_/RN                              6.000000  132.815613 -126.815628 (VIOLATED)
_36117_/RN                              6.000000  132.815613 -126.815628 (VIOLATED)
_36118_/RN                              6.000000  132.815613 -126.815628 (VIOLATED)
_36119_/RN                              6.000000  132.815613 -126.815628 (VIOLATED)
_36120_/RN                              6.000000  132.815613 -126.815628 (VIOLATED)
_36121_/RN                              6.000000  132.815613 -126.815628 (VIOLATED)
_36124_/RN                              6.000000  132.815613 -126.815628 (VIOLATED)
_36125_/RN                              6.000000  132.815613 -126.815628 (VIOLATED)
_36126_/RN                              6.000000  132.815613 -126.815628 (VIOLATED)
_36127_/RN                              6.000000  132.815613 -126.815628 (VIOLATED)
_36128_/RN                              6.000000  132.815613 -126.815628 (VIOLATED)
_36129_/RN                              6.000000  132.815613 -126.815628 (VIOLATED)
_36132_/RN                              6.000000  132.815613 -126.815628 (VIOLATED)
_36134_/RN                              6.000000  132.815613 -126.815628 (VIOLATED)
_36135_/RN                              6.000000  132.815613 -126.815628 (VIOLATED)
_36137_/RN                              6.000000  132.815613 -126.815628 (VIOLATED)
_36140_/RN                              6.000000  132.815613 -126.815628 (VIOLATED)
_36141_/RN                              6.000000  132.815613 -126.815628 (VIOLATED)
_36143_/RN                              6.000000  132.815613 -126.815628 (VIOLATED)
_36145_/RN                              6.000000  132.815613 -126.815628 (VIOLATED)
_36148_/RN                              6.000000  132.815613 -126.815628 (VIOLATED)
_36149_/RN                              6.000000  132.815613 -126.815628 (VIOLATED)
_36151_/RN                              6.000000  132.815613 -126.815628 (VIOLATED)
_36153_/RN                              6.000000  132.815613 -126.815628 (VIOLATED)
_36156_/RN                              6.000000  132.815613 -126.815628 (VIOLATED)
_36158_/RN                              6.000000  132.815613 -126.815628 (VIOLATED)
_36159_/RN                              6.000000  132.815613 -126.815628 (VIOLATED)
_36160_/RN                              6.000000  132.815613 -126.815628 (VIOLATED)
_36164_/RN                              6.000000  132.815613 -126.815628 (VIOLATED)
_36165_/RN                              6.000000  132.815613 -126.815628 (VIOLATED)
_36166_/RN                              6.000000  132.815613 -126.815628 (VIOLATED)
_36167_/RN                              6.000000  132.815613 -126.815628 (VIOLATED)
_36168_/RN                              6.000000  132.815613 -126.815628 (VIOLATED)
_36169_/RN                              6.000000  132.815613 -126.815628 (VIOLATED)
_36172_/RN                              6.000000  132.815613 -126.815628 (VIOLATED)
_36173_/RN                              6.000000  132.815613 -126.815628 (VIOLATED)
_36174_/RN                              6.000000  132.815613 -126.815628 (VIOLATED)
_36175_/RN                              6.000000  132.815613 -126.815628 (VIOLATED)
_36176_/RN                              6.000000  132.815613 -126.815628 (VIOLATED)
_36177_/RN                              6.000000  132.815613 -126.815628 (VIOLATED)
_36180_/RN                              6.000000  132.815613 -126.815628 (VIOLATED)
_36181_/RN                              6.000000  132.815613 -126.815628 (VIOLATED)
_36182_/RN                              6.000000  132.815613 -126.815628 (VIOLATED)
_36183_/RN                              6.000000  132.815613 -126.815628 (VIOLATED)
_36185_/RN                              6.000000  132.815613 -126.815628 (VIOLATED)
_36188_/RN                              6.000000  132.815613 -126.815628 (VIOLATED)
_36189_/RN                              6.000000  132.815613 -126.815628 (VIOLATED)
_36190_/RN                              6.000000  132.815613 -126.815628 (VIOLATED)
_36191_/RN                              6.000000  132.815613 -126.815628 (VIOLATED)
_36192_/RN                              6.000000  132.815613 -126.815628 (VIOLATED)
_36193_/RN                              6.000000  132.815613 -126.815628 (VIOLATED)
_36196_/RN                              6.000000  132.815613 -126.815628 (VIOLATED)
_36197_/RN                              6.000000  132.815613 -126.815628 (VIOLATED)
_36198_/RN                              6.000000  132.815613 -126.815628 (VIOLATED)
_36199_/RN                              6.000000  132.815613 -126.815628 (VIOLATED)
_36200_/RN                              6.000000  132.815613 -126.815628 (VIOLATED)
_36201_/RN                              6.000000  132.815613 -126.815628 (VIOLATED)
_36204_/RN                              6.000000  132.815613 -126.815628 (VIOLATED)
_36205_/RN                              6.000000  132.815613 -126.815628 (VIOLATED)
_36206_/RN                              6.000000  132.815613 -126.815628 (VIOLATED)
_36207_/RN                              6.000000  132.815613 -126.815628 (VIOLATED)
_36208_/RN                              6.000000  132.815613 -126.815628 (VIOLATED)
_36209_/RN                              6.000000  132.815613 -126.815628 (VIOLATED)
_36212_/RN                              6.000000  132.815613 -126.815628 (VIOLATED)
_36213_/RN                              6.000000  132.815613 -126.815628 (VIOLATED)
_36214_/RN                              6.000000  132.815613 -126.815628 (VIOLATED)
_36215_/RN                              6.000000  132.815613 -126.815628 (VIOLATED)
_36216_/RN                              6.000000  132.815613 -126.815628 (VIOLATED)
_36217_/RN                              6.000000  132.815613 -126.815628 (VIOLATED)
_36220_/RN                              6.000000  132.815613 -126.815628 (VIOLATED)
_36221_/RN                              6.000000  132.815613 -126.815628 (VIOLATED)
_36222_/RN                              6.000000  132.815613 -126.815628 (VIOLATED)
_36223_/RN                              6.000000  132.815613 -126.815628 (VIOLATED)
_36224_/RN                              6.000000  132.815613 -126.815628 (VIOLATED)
_36225_/RN                              6.000000  132.815613 -126.815628 (VIOLATED)
_36228_/RN                              6.000000  132.815613 -126.815628 (VIOLATED)
_36232_/RN                              6.000000  132.815613 -126.815628 (VIOLATED)
_36236_/RN                              6.000000  132.815613 -126.815628 (VIOLATED)
_36240_/RN                              6.000000  132.815613 -126.815628 (VIOLATED)
_36244_/RN                              6.000000  132.815613 -126.815628 (VIOLATED)
_36248_/RN                              6.000000  132.815613 -126.815628 (VIOLATED)
_36252_/RN                              6.000000  132.815613 -126.815628 (VIOLATED)
_36255_/RN                              6.000000  132.815613 -126.815628 (VIOLATED)
_36256_/RN                              6.000000  132.815613 -126.815628 (VIOLATED)
_36260_/RN                              6.000000  132.815613 -126.815628 (VIOLATED)
_36263_/RN                              6.000000  132.815613 -126.815628 (VIOLATED)
_36264_/RN                              6.000000  132.815613 -126.815628 (VIOLATED)
_36265_/RN                              6.000000  132.815613 -126.815628 (VIOLATED)
_36268_/RN                              6.000000  132.815613 -126.815628 (VIOLATED)
_36269_/RN                              6.000000  132.815613 -126.815628 (VIOLATED)
_36270_/RN                              6.000000  132.815613 -126.815628 (VIOLATED)
_36271_/RN                              6.000000  132.815613 -126.815628 (VIOLATED)
_36272_/RN                              6.000000  132.815613 -126.815628 (VIOLATED)
_36273_/RN                              6.000000  132.815613 -126.815628 (VIOLATED)
_36319_/RN                              6.000000  132.815613 -126.815628 (VIOLATED)
_36320_/RN                              6.000000  132.815613 -126.815628 (VIOLATED)
_36321_/RN                              6.000000  132.815613 -126.815628 (VIOLATED)
_36322_/RN                              6.000000  132.815613 -126.815628 (VIOLATED)
_36323_/RN                              6.000000  132.815613 -126.815628 (VIOLATED)
_36324_/RN                              6.000000  132.815613 -126.815628 (VIOLATED)
_36325_/RN                              6.000000  132.815613 -126.815628 (VIOLATED)
_36326_/RN                              6.000000  132.815613 -126.815628 (VIOLATED)
_36327_/RN                              6.000000  132.815613 -126.815628 (VIOLATED)
_36333_/RN                              6.000000  132.815613 -126.815628 (VIOLATED)
_36334_/RN                              6.000000  132.815613 -126.815628 (VIOLATED)
_36335_/RN                              6.000000  132.815613 -126.815628 (VIOLATED)
_36336_/RN                              6.000000  132.815613 -126.815628 (VIOLATED)
_36343_/RN                              6.000000  132.815613 -126.815628 (VIOLATED)
_36344_/SETN                            6.000000  132.815613 -126.815628 (VIOLATED)
_36345_/SETN                            6.000000  132.815613 -126.815628 (VIOLATED)
_36346_/SETN                            6.000000  132.815613 -126.815628 (VIOLATED)
_36350_/RN                              6.000000  132.815613 -126.815628 (VIOLATED)
_36351_/RN                              6.000000  132.815613 -126.815628 (VIOLATED)
_36352_/RN                              6.000000  132.815613 -126.815628 (VIOLATED)
_36353_/RN                              6.000000  132.815613 -126.815628 (VIOLATED)
_36354_/RN                              6.000000  132.815613 -126.815628 (VIOLATED)
_36355_/RN                              6.000000  132.815613 -126.815628 (VIOLATED)
_36356_/RN                              6.000000  132.815613 -126.815628 (VIOLATED)
_36357_/RN                              6.000000  132.815613 -126.815628 (VIOLATED)
_35058_/I                               6.000000   53.270000  -47.270000 (VIOLATED)
_35091_/I                               6.000000   53.270039  -47.270035 (VIOLATED)
_35096_/I                               6.000000   53.270035  -47.270031 (VIOLATED)
_35097_/I                               6.000000   53.270035  -47.270031 (VIOLATED)
_35099_/I                               6.000000   53.270042  -47.270042 (VIOLATED)
_35100_/I                               6.000000   53.270046  -47.270046 (VIOLATED)
_35103_/I                               6.000000   53.270050  -47.270050 (VIOLATED)
_35056_/I                               6.000000   53.269947  -47.269947 (VIOLATED)
_35057_/I                               6.000000   53.269989  -47.269985 (VIOLATED)
_35061_/I                               6.000000   53.270016  -47.270016 (VIOLATED)
_35054_/I                               6.000000   53.269894  -47.269894 (VIOLATED)
_35088_/I                               6.000000   53.269897  -47.269897 (VIOLATED)
_35130_/I                               6.000000   53.269890  -47.269890 (VIOLATED)
_35133_/I                               6.000000   53.269886  -47.269886 (VIOLATED)
_35136_/I                               6.000000   53.269882  -47.269878 (VIOLATED)
_35137_/I                               6.000000   53.269890  -47.269890 (VIOLATED)
_35138_/I                               6.000000   53.269897  -47.269897 (VIOLATED)
_35139_/I                               6.000000   53.269901  -47.269901 (VIOLATED)
_35141_/I                               6.000000   53.269905  -47.269905 (VIOLATED)
_35144_/I                               6.000000   53.269913  -47.269913 (VIOLATED)
_35145_/I                               6.000000   53.269913  -47.269913 (VIOLATED)
_35271_/I                               6.000000   53.269909  -47.269909 (VIOLATED)
_34927_/I                               6.000000   53.269798  -47.269798 (VIOLATED)
_34928_/I                               6.000000   53.269794  -47.269794 (VIOLATED)
_34930_/I                               6.000000   53.269794  -47.269794 (VIOLATED)
_34934_/I                               6.000000   53.269787  -47.269787 (VIOLATED)
_34935_/I                               6.000000   53.269783  -47.269783 (VIOLATED)
_35049_/I                               6.000000   53.269833  -47.269829 (VIOLATED)
_35051_/I                               6.000000   53.269848  -47.269848 (VIOLATED)
_35053_/I                               6.000000   53.269867  -47.269867 (VIOLATED)
_35055_/I                               6.000000   53.269913  -47.269913 (VIOLATED)
_35046_/I                               6.000000   53.269779  -47.269775 (VIOLATED)
_35047_/I                               6.000000   53.269775  -47.269772 (VIOLATED)
_35048_/I                               6.000000   53.269806  -47.269806 (VIOLATED)
_35050_/I                               6.000000   53.269775  -47.269772 (VIOLATED)
_35052_/I                               6.000000   53.269779  -47.269775 (VIOLATED)
_35112_/I                               6.000000   53.269779  -47.269775 (VIOLATED)
_35131_/I                               6.000000   53.269783  -47.269779 (VIOLATED)
_35140_/I                               6.000000   53.269794  -47.269794 (VIOLATED)
_35142_/I                               6.000000   53.269794  -47.269794 (VIOLATED)
_35143_/I                               6.000000   53.269772  -47.269772 (VIOLATED)
_35110_/I                               6.000000   53.269722  -47.269722 (VIOLATED)
_35111_/I                               6.000000   53.269714  -47.269714 (VIOLATED)
_35113_/I                               6.000000   53.269714  -47.269714 (VIOLATED)
_35132_/I                               6.000000   53.269760  -47.269760 (VIOLATED)
_35134_/I                               6.000000   53.269794  -47.269794 (VIOLATED)
_35135_/I                               6.000000   53.269798  -47.269798 (VIOLATED)
_35229_/I                               6.000000   53.269691  -47.269691 (VIOLATED)
_35109_/I                               6.000000   53.269630  -47.269630 (VIOLATED)
_35226_/I                               6.000000   53.269566  -47.269566 (VIOLATED)
_35225_/I                               6.000000   53.269493  -47.269493 (VIOLATED)
_35023_/I                               6.000000   53.269405  -47.269405 (VIOLATED)
_35024_/I                               6.000000   53.269402  -47.269402 (VIOLATED)
_35025_/I                               6.000000   53.269398  -47.269398 (VIOLATED)
_35026_/I                               6.000000   53.269409  -47.269409 (VIOLATED)
_35027_/I                               6.000000   53.269413  -47.269409 (VIOLATED)
_35028_/I                               6.000000   53.269417  -47.269413 (VIOLATED)
_35029_/I                               6.000000   53.269421  -47.269417 (VIOLATED)
_35066_/I                               6.000000   53.269417  -47.269413 (VIOLATED)
_35089_/I                               6.000000   53.269413  -47.269409 (VIOLATED)
_35090_/I                               6.000000   53.269417  -47.269413 (VIOLATED)
_35217_/I                               6.000000   53.269405  -47.269405 (VIOLATED)
_35256_/I                               6.000000   53.269421  -47.269417 (VIOLATED)
_35022_/I                               6.000000   53.269318  -47.269318 (VIOLATED)
_35092_/I                               6.000000   53.269356  -47.269356 (VIOLATED)
_35093_/I                               6.000000   53.269356  -47.269356 (VIOLATED)
_35094_/I                               6.000000   53.269360  -47.269360 (VIOLATED)
_35095_/I                               6.000000   53.269363  -47.269360 (VIOLATED)
_35101_/I                               6.000000   53.269386  -47.269386 (VIOLATED)
_35107_/I                               6.000000   53.269405  -47.269405 (VIOLATED)
_35108_/I                               6.000000   53.269409  -47.269409 (VIOLATED)
_35114_/I                               6.000000   53.269402  -47.269402 (VIOLATED)
_35115_/I                               6.000000   53.269386  -47.269386 (VIOLATED)
_35116_/I                               6.000000   53.269382  -47.269382 (VIOLATED)
_35117_/I                               6.000000   53.269390  -47.269390 (VIOLATED)
_35259_/I                               6.000000   53.269360  -47.269360 (VIOLATED)
_35260_/I                               6.000000   53.269363  -47.269360 (VIOLATED)
_35261_/I                               6.000000   53.269390  -47.269390 (VIOLATED)
_35262_/I                               6.000000   53.269390  -47.269390 (VIOLATED)
_35263_/I                               6.000000   53.269394  -47.269394 (VIOLATED)
_35264_/I                               6.000000   53.269398  -47.269398 (VIOLATED)
_35265_/I                               6.000000   53.269402  -47.269402 (VIOLATED)
_35267_/I                               6.000000   53.269405  -47.269405 (VIOLATED)
_35030_/I                               6.000000   53.269299  -47.269299 (VIOLATED)
_35040_/I                               6.000000   53.269318  -47.269314 (VIOLATED)
_35059_/I                               6.000000   53.269314  -47.269310 (VIOLATED)
_35218_/I                               6.000000   53.269337  -47.269337 (VIOLATED)
_35219_/I                               6.000000   53.269375  -47.269375 (VIOLATED)
_35220_/I                               6.000000   53.269356  -47.269356 (VIOLATED)
_35222_/I                               6.000000   53.269314  -47.269310 (VIOLATED)
_35234_/I                               6.000000   53.269356  -47.269356 (VIOLATED)
_35238_/I                               6.000000   53.269375  -47.269375 (VIOLATED)
_35239_/I                               6.000000   53.269363  -47.269360 (VIOLATED)
_35035_/I                               6.000000   53.269264  -47.269260 (VIOLATED)
_35060_/I                               6.000000   53.269310  -47.269306 (VIOLATED)
_35070_/I                               6.000000   53.269329  -47.269329 (VIOLATED)
_35036_/I                               6.000000   53.269260  -47.269257 (VIOLATED)
_35037_/I                               6.000000   53.269257  -47.269257 (VIOLATED)
_35038_/I                               6.000000   53.269264  -47.269264 (VIOLATED)
_35039_/I                               6.000000   53.269264  -47.269264 (VIOLATED)
_35041_/I                               6.000000   53.269314  -47.269310 (VIOLATED)
_35062_/I                               6.000000   53.269276  -47.269276 (VIOLATED)
_35063_/I                               6.000000   53.269318  -47.269318 (VIOLATED)
_35064_/I                               6.000000   53.269321  -47.269321 (VIOLATED)
_35065_/I                               6.000000   53.269344  -47.269344 (VIOLATED)
_35067_/I                               6.000000   53.269348  -47.269348 (VIOLATED)
_35068_/I                               6.000000   53.269344  -47.269344 (VIOLATED)
_35069_/I                               6.000000   53.269341  -47.269341 (VIOLATED)
_35077_/I                               6.000000   53.269314  -47.269310 (VIOLATED)
_35078_/I                               6.000000   53.269314  -47.269310 (VIOLATED)
_35079_/I                               6.000000   53.269306  -47.269306 (VIOLATED)
_35080_/I                               6.000000   53.269295  -47.269295 (VIOLATED)
_35081_/I                               6.000000   53.269302  -47.269302 (VIOLATED)
_35082_/I                               6.000000   53.269276  -47.269276 (VIOLATED)
_35083_/I                               6.000000   53.269287  -47.269287 (VIOLATED)
_35084_/I                               6.000000   53.269299  -47.269299 (VIOLATED)
_35085_/I                               6.000000   53.269299  -47.269299 (VIOLATED)
_35086_/I                               6.000000   53.269318  -47.269318 (VIOLATED)
_35087_/I                               6.000000   53.269321  -47.269321 (VIOLATED)
_35102_/I                               6.000000   53.269314  -47.269310 (VIOLATED)
_35104_/I                               6.000000   53.269291  -47.269291 (VIOLATED)
_35105_/I                               6.000000   53.269283  -47.269283 (VIOLATED)
_35106_/I                               6.000000   53.269276  -47.269276 (VIOLATED)
_35232_/I                               6.000000   53.269299  -47.269299 (VIOLATED)
_35233_/I                               6.000000   53.269341  -47.269341 (VIOLATED)
_35235_/I                               6.000000   53.269352  -47.269352 (VIOLATED)
_35236_/I                               6.000000   53.269367  -47.269363 (VIOLATED)
_35237_/I                               6.000000   53.269375  -47.269375 (VIOLATED)
_35245_/I                               6.000000   53.269318  -47.269314 (VIOLATED)
_35246_/I                               6.000000   53.269314  -47.269310 (VIOLATED)
_35247_/I                               6.000000   53.269310  -47.269306 (VIOLATED)
_35248_/I                               6.000000   53.269310  -47.269306 (VIOLATED)
_35249_/I                               6.000000   53.269306  -47.269306 (VIOLATED)
_35250_/I                               6.000000   53.269318  -47.269318 (VIOLATED)
_35252_/I                               6.000000   53.269291  -47.269291 (VIOLATED)
_35253_/I                               6.000000   53.269318  -47.269318 (VIOLATED)
_35257_/I                               6.000000   53.269356  -47.269356 (VIOLATED)
_35258_/I                               6.000000   53.269360  -47.269360 (VIOLATED)
_35254_/I                               6.000000   53.269306  -47.269306 (VIOLATED)
_35255_/I                               6.000000   53.269302  -47.269302 (VIOLATED)
_35268_/I                               6.000000   53.269318  -47.269318 (VIOLATED)
_35269_/I                               6.000000   53.269318  -47.269314 (VIOLATED)
_35270_/I                               6.000000   53.269318  -47.269314 (VIOLATED)
_35272_/I                               6.000000   53.269318  -47.269314 (VIOLATED)
_35273_/I                               6.000000   53.269318  -47.269318 (VIOLATED)
_35129_/I                               6.000000   53.269241  -47.269241 (VIOLATED)
_35195_/I                               6.000000   53.269241  -47.269241 (VIOLATED)
_35251_/I                               6.000000   53.269287  -47.269287 (VIOLATED)
_35122_/I                               6.000000   53.269161  -47.269157 (VIOLATED)
_35124_/I                               6.000000   53.269123  -47.269123 (VIOLATED)
_35146_/I                               6.000000   53.269161  -47.269161 (VIOLATED)
_35147_/I                               6.000000   53.269207  -47.269203 (VIOLATED)
_35196_/I                               6.000000   53.269138  -47.269138 (VIOLATED)
_35197_/I                               6.000000   53.269138  -47.269138 (VIOLATED)
_35198_/I                               6.000000   53.269169  -47.269169 (VIOLATED)
_35123_/I                               6.000000   53.269062  -47.269062 (VIOLATED)
_35221_/I                               6.000000   53.269100  -47.269100 (VIOLATED)
_35224_/I                               6.000000   53.269115  -47.269115 (VIOLATED)
_35125_/I                               6.000000   53.269039  -47.269039 (VIOLATED)
_35126_/I                               6.000000   53.269043  -47.269043 (VIOLATED)
_35127_/I                               6.000000   53.269047  -47.269047 (VIOLATED)
_35128_/I                               6.000000   53.269047  -47.269047 (VIOLATED)
_35031_/I                               6.000000   53.268959  -47.268959 (VIOLATED)
_35032_/I                               6.000000   53.268955  -47.268951 (VIOLATED)
_35033_/I                               6.000000   53.268951  -47.268948 (VIOLATED)
_35098_/I                               6.000000   53.268990  -47.268990 (VIOLATED)
_35266_/I                               6.000000   53.268986  -47.268986 (VIOLATED)
_35034_/I                               6.000000   53.268932  -47.268932 (VIOLATED)
_35071_/I                               6.000000   53.268959  -47.268959 (VIOLATED)
_35072_/I                               6.000000   53.268955  -47.268955 (VIOLATED)
_35073_/I                               6.000000   53.268993  -47.268993 (VIOLATED)
_35074_/I                               6.000000   53.268963  -47.268963 (VIOLATED)
_35075_/I                               6.000000   53.268963  -47.268963 (VIOLATED)
_35076_/I                               6.000000   53.268959  -47.268959 (VIOLATED)
_35199_/I                               6.000000   53.268970  -47.268970 (VIOLATED)
_35230_/I                               6.000000   53.268982  -47.268982 (VIOLATED)
_35240_/I                               6.000000   53.268990  -47.268990 (VIOLATED)
_35241_/I                               6.000000   53.268990  -47.268990 (VIOLATED)
_35242_/I                               6.000000   53.268986  -47.268986 (VIOLATED)
_35207_/I                               6.000000   53.268932  -47.268932 (VIOLATED)
_35243_/I                               6.000000   53.268978  -47.268978 (VIOLATED)
_35244_/I                               6.000000   53.268978  -47.268978 (VIOLATED)
_35118_/I                               6.000000   53.268883  -47.268883 (VIOLATED)
_35119_/I                               6.000000   53.268856  -47.268856 (VIOLATED)
_34912_/I                               6.000000   53.268803  -47.268803 (VIOLATED)
_35042_/I                               6.000000   53.268768  -47.268768 (VIOLATED)
_35120_/I                               6.000000   53.268810  -47.268810 (VIOLATED)
_35121_/I                               6.000000   53.268837  -47.268837 (VIOLATED)
_35043_/I                               6.000000   53.268761  -47.268761 (VIOLATED)
_35044_/I                               6.000000   53.268768  -47.268768 (VIOLATED)
_35045_/I                               6.000000   53.268772  -47.268772 (VIOLATED)
_35190_/I                               6.000000   53.268764  -47.268764 (VIOLATED)
_35204_/I                               6.000000   53.268787  -47.268787 (VIOLATED)
_34911_/I                               6.000000   53.268700  -47.268700 (VIOLATED)
_34933_/I                               6.000000   53.268692  -47.268688 (VIOLATED)
_34980_/I                               6.000000   53.268711  -47.268711 (VIOLATED)
_35002_/I                               6.000000   53.268726  -47.268726 (VIOLATED)
_35000_/I                               6.000000   53.268673  -47.268673 (VIOLATED)
_35001_/I                               6.000000   53.268681  -47.268681 (VIOLATED)
_35003_/I                               6.000000   53.268715  -47.268715 (VIOLATED)
_35168_/I                               6.000000   53.268707  -47.268707 (VIOLATED)
_35170_/I                               6.000000   53.268711  -47.268711 (VIOLATED)
_35200_/I                               6.000000   53.268719  -47.268719 (VIOLATED)
_35201_/I                               6.000000   53.268723  -47.268723 (VIOLATED)
_35203_/I                               6.000000   53.268738  -47.268738 (VIOLATED)
_35205_/I                               6.000000   53.268745  -47.268742 (VIOLATED)
_35206_/I                               6.000000   53.268745  -47.268742 (VIOLATED)
_35208_/I                               6.000000   53.268753  -47.268753 (VIOLATED)
_35209_/I                               6.000000   53.268734  -47.268734 (VIOLATED)
_35210_/I                               6.000000   53.268715  -47.268715 (VIOLATED)
_35211_/I                               6.000000   53.268757  -47.268757 (VIOLATED)
_35212_/I                               6.000000   53.268761  -47.268761 (VIOLATED)
_35213_/I                               6.000000   53.268761  -47.268761 (VIOLATED)
_35227_/I                               6.000000   53.268749  -47.268749 (VIOLATED)
_35228_/I                               6.000000   53.268745  -47.268742 (VIOLATED)
_35231_/I                               6.000000   53.268742  -47.268738 (VIOLATED)
_34910_/I                               6.000000   53.268589  -47.268585 (VIOLATED)
_34961_/I                               6.000000   53.268608  -47.268608 (VIOLATED)
_34998_/I                               6.000000   53.268623  -47.268623 (VIOLATED)
_34999_/I                               6.000000   53.268650  -47.268650 (VIOLATED)
_35021_/I                               6.000000   53.268589  -47.268585 (VIOLATED)
_35148_/I                               6.000000   53.268616  -47.268616 (VIOLATED)
_35165_/I                               6.000000   53.268593  -47.268593 (VIOLATED)
_35166_/I                               6.000000   53.268620  -47.268620 (VIOLATED)
_35167_/I                               6.000000   53.268623  -47.268623 (VIOLATED)
_35169_/I                               6.000000   53.268623  -47.268623 (VIOLATED)
_35171_/I                               6.000000   53.268623  -47.268623 (VIOLATED)
_35188_/I                               6.000000   53.268612  -47.268612 (VIOLATED)
_35189_/I                               6.000000   53.268616  -47.268616 (VIOLATED)
_35159_/I                               6.000000   53.268490  -47.268486 (VIOLATED)
_35161_/I                               6.000000   53.268520  -47.268520 (VIOLATED)
_35163_/I                               6.000000   53.268520  -47.268520 (VIOLATED)
_35164_/I                               6.000000   53.268555  -47.268555 (VIOLATED)
_34903_/I                               6.000000   53.268425  -47.268425 (VIOLATED)
_34917_/I                               6.000000   53.268436  -47.268433 (VIOLATED)
_34919_/I                               6.000000   53.268368  -47.268368 (VIOLATED)
_34929_/I                               6.000000   53.268360  -47.268360 (VIOLATED)
_35156_/I                               6.000000   53.268398  -47.268398 (VIOLATED)
_35158_/I                               6.000000   53.268444  -47.268444 (VIOLATED)
_35154_/I                               6.000000   53.268307  -47.268307 (VIOLATED)
_35155_/I                               6.000000   53.268341  -47.268341 (VIOLATED)
_34895_/I                               6.000000   53.268242  -47.268242 (VIOLATED)
_34896_/I                               6.000000   53.268272  -47.268272 (VIOLATED)
_34913_/I                               6.000000   53.268272  -47.268272 (VIOLATED)
_34914_/I                               6.000000   53.268284  -47.268280 (VIOLATED)
_34915_/I                               6.000000   53.268284  -47.268280 (VIOLATED)
_34916_/I                               6.000000   53.268280  -47.268276 (VIOLATED)
_34918_/I                               6.000000   53.268280  -47.268276 (VIOLATED)
_34936_/I                               6.000000   53.268276  -47.268272 (VIOLATED)
_34937_/I                               6.000000   53.268276  -47.268272 (VIOLATED)
_34996_/I                               6.000000   53.268253  -47.268253 (VIOLATED)
_34997_/I                               6.000000   53.268269  -47.268269 (VIOLATED)
_35020_/I                               6.000000   53.268291  -47.268291 (VIOLATED)
_35151_/I                               6.000000   53.268200  -47.268200 (VIOLATED)
_35152_/I                               6.000000   53.268230  -47.268230 (VIOLATED)
_35153_/I                               6.000000   53.268257  -47.268257 (VIOLATED)
_34904_/I                               6.000000   53.268120  -47.268116 (VIOLATED)
_34938_/I                               6.000000   53.268154  -47.268154 (VIOLATED)
_34956_/I                               6.000000   53.268139  -47.268139 (VIOLATED)
_34957_/I                               6.000000   53.268147  -47.268147 (VIOLATED)
_34958_/I                               6.000000   53.268150  -47.268150 (VIOLATED)
_34959_/I                               6.000000   53.268154  -47.268154 (VIOLATED)
_34960_/I                               6.000000   53.268143  -47.268143 (VIOLATED)
_34979_/I                               6.000000   53.268131  -47.268131 (VIOLATED)
_35162_/I                               6.000000   53.268143  -47.268143 (VIOLATED)
_35157_/I                               6.000000   53.268059  -47.268059 (VIOLATED)
_35160_/I                               6.000000   53.268085  -47.268085 (VIOLATED)
_35181_/I                               6.000000   53.268078  -47.268078 (VIOLATED)
_35182_/I                               6.000000   53.268093  -47.268093 (VIOLATED)
_35183_/I                               6.000000   53.268105  -47.268105 (VIOLATED)
_35184_/I                               6.000000   53.268116  -47.268116 (VIOLATED)
_35185_/I                               6.000000   53.268112  -47.268112 (VIOLATED)
_35186_/I                               6.000000   53.268127  -47.268124 (VIOLATED)
_35187_/I                               6.000000   53.268131  -47.268131 (VIOLATED)
_34905_/I                               6.000000   53.268005  -47.268005 (VIOLATED)
_34906_/I                               6.000000   53.268021  -47.268017 (VIOLATED)
_34907_/I                               6.000000   53.268024  -47.268024 (VIOLATED)
_34908_/I                               6.000000   53.268024  -47.268021 (VIOLATED)
_34909_/I                               6.000000   53.268028  -47.268028 (VIOLATED)
_34931_/I                               6.000000   53.268024  -47.268024 (VIOLATED)
_34932_/I                               6.000000   53.268028  -47.268028 (VIOLATED)
_35178_/I                               6.000000   53.268024  -47.268021 (VIOLATED)
_35202_/I                               6.000000   53.268028  -47.268028 (VIOLATED)
_35175_/I                               6.000000   53.267967  -47.267963 (VIOLATED)
_35176_/I                               6.000000   53.267986  -47.267986 (VIOLATED)
_35177_/I                               6.000000   53.268005  -47.268005 (VIOLATED)
_35179_/I                               6.000000   53.268040  -47.268040 (VIOLATED)
_35180_/I                               6.000000   53.268066  -47.268066 (VIOLATED)
_35150_/I                               6.000000   53.267826  -47.267826 (VIOLATED)
_34988_/I                               6.000000   53.267673  -47.267673 (VIOLATED)
_34986_/I                               6.000000   53.267540  -47.267540 (VIOLATED)
_35174_/I                               6.000000   53.267574  -47.267574 (VIOLATED)
_35149_/I                               6.000000   53.267487  -47.267487 (VIOLATED)
_34987_/I                               6.000000   53.267437  -47.267437 (VIOLATED)
_34995_/I                               6.000000   53.267380  -47.267380 (VIOLATED)
_34990_/I                               6.000000   53.267315  -47.267315 (VIOLATED)
_34994_/I                               6.000000   53.267231  -47.267231 (VIOLATED)
_34991_/I                               6.000000   53.267120  -47.267120 (VIOLATED)
_34989_/I                               6.000000   53.267056  -47.267056 (VIOLATED)
_34992_/I                               6.000000   53.267052  -47.267052 (VIOLATED)
_35018_/I                               6.000000   53.267056  -47.267056 (VIOLATED)
_34993_/I                               6.000000   53.267006  -47.267006 (VIOLATED)
_34897_/I                               6.000000   53.266903  -47.266903 (VIOLATED)
_34898_/I                               6.000000   53.266914  -47.266914 (VIOLATED)
_34899_/I                               6.000000   53.266930  -47.266926 (VIOLATED)
_34900_/I                               6.000000   53.266914  -47.266914 (VIOLATED)
_34901_/I                               6.000000   53.266907  -47.266907 (VIOLATED)
_34902_/I                               6.000000   53.266937  -47.266933 (VIOLATED)
_34920_/I                               6.000000   53.266922  -47.266922 (VIOLATED)
_34921_/I                               6.000000   53.266949  -47.266949 (VIOLATED)
_34922_/I                               6.000000   53.266914  -47.266914 (VIOLATED)
_34923_/I                               6.000000   53.266945  -47.266945 (VIOLATED)
_34924_/I                               6.000000   53.266949  -47.266949 (VIOLATED)
_34925_/I                               6.000000   53.266949  -47.266949 (VIOLATED)
_35191_/I                               6.000000   53.266937  -47.266937 (VIOLATED)
_35192_/I                               6.000000   53.266937  -47.266937 (VIOLATED)
_35193_/I                               6.000000   53.266941  -47.266941 (VIOLATED)
_35194_/I                               6.000000   53.266941  -47.266941 (VIOLATED)
_35214_/I                               6.000000   53.266941  -47.266941 (VIOLATED)
_35215_/I                               6.000000   53.266941  -47.266941 (VIOLATED)
_35216_/I                               6.000000   53.266945  -47.266945 (VIOLATED)
_35223_/I                               6.000000   53.266945  -47.266945 (VIOLATED)
_34941_/I                               6.000000   53.266884  -47.266884 (VIOLATED)
_34942_/I                               6.000000   53.266861  -47.266861 (VIOLATED)
_34983_/I                               6.000000   53.266861  -47.266861 (VIOLATED)
_35004_/I                               6.000000   53.266819  -47.266819 (VIOLATED)
_35005_/I                               6.000000   53.266819  -47.266819 (VIOLATED)
_35006_/I                               6.000000   53.266819  -47.266819 (VIOLATED)
_34926_/I                               6.000000   53.266762  -47.266762 (VIOLATED)
_34981_/I                               6.000000   53.266754  -47.266754 (VIOLATED)
_34982_/I                               6.000000   53.266758  -47.266758 (VIOLATED)
_34984_/I                               6.000000   53.266777  -47.266773 (VIOLATED)
_34985_/I                               6.000000   53.266750  -47.266750 (VIOLATED)
_35007_/I                               6.000000   53.266792  -47.266792 (VIOLATED)
_35008_/I                               6.000000   53.266762  -47.266762 (VIOLATED)
_35009_/I                               6.000000   53.266743  -47.266743 (VIOLATED)
_35172_/I                               6.000000   53.266762  -47.266762 (VIOLATED)
_35173_/I                               6.000000   53.266766  -47.266766 (VIOLATED)
_34939_/I                               6.000000   53.266678  -47.266678 (VIOLATED)
_34943_/I                               6.000000   53.266685  -47.266685 (VIOLATED)
_35010_/I                               6.000000   53.266720  -47.266720 (VIOLATED)
_35011_/I                               6.000000   53.266708  -47.266708 (VIOLATED)
_35012_/I                               6.000000   53.266685  -47.266685 (VIOLATED)
_35013_/I                               6.000000   53.266644  -47.266644 (VIOLATED)
_35014_/I                               6.000000   53.266605  -47.266605 (VIOLATED)
_35015_/I                               6.000000   53.266579  -47.266579 (VIOLATED)
_35016_/I                               6.000000   53.266541  -47.266541 (VIOLATED)
_35017_/I                               6.000000   53.266491  -47.266491 (VIOLATED)
_34940_/I                               6.000000   53.266418  -47.266415 (VIOLATED)
_34964_/I                               6.000000   53.266380  -47.266380 (VIOLATED)
_34946_/I                               6.000000   53.266293  -47.266293 (VIOLATED)
_35019_/I                               6.000000   53.266235  -47.266235 (VIOLATED)
_34967_/I                               6.000000   53.266010  -47.266010 (VIOLATED)
_34969_/I                               6.000000   53.265690  -47.265686 (VIOLATED)
_34962_/I                               6.000000   53.265518  -47.265518 (VIOLATED)
_34963_/I                               6.000000   53.265518  -47.265518 (VIOLATED)
_34965_/I                               6.000000   53.265518  -47.265518 (VIOLATED)
_34966_/I                               6.000000   53.265518  -47.265518 (VIOLATED)
_34968_/I                               6.000000   53.265396  -47.265396 (VIOLATED)
_34944_/I                               6.000000   53.265270  -47.265270 (VIOLATED)
_34945_/I                               6.000000   53.265266  -47.265266 (VIOLATED)
_34947_/I                               6.000000   53.265266  -47.265266 (VIOLATED)
_34948_/I                               6.000000   53.265263  -47.265263 (VIOLATED)
_34949_/I                               6.000000   53.265251  -47.265251 (VIOLATED)
_34950_/I                               6.000000   53.265259  -47.265259 (VIOLATED)
_34952_/I                               6.000000   53.265259  -47.265259 (VIOLATED)
_34954_/I                               6.000000   53.265266  -47.265266 (VIOLATED)
_34970_/I                               6.000000   53.265038  -47.265038 (VIOLATED)
_34971_/I                               6.000000   53.264809  -47.264805 (VIOLATED)
_34972_/I                               6.000000   53.264572  -47.264572 (VIOLATED)
_34951_/I                               6.000000   53.264511  -47.264511 (VIOLATED)
_34953_/I                               6.000000   53.264515  -47.264515 (VIOLATED)
_34955_/I                               6.000000   53.264519  -47.264519 (VIOLATED)
_34975_/I                               6.000000   53.264507  -47.264507 (VIOLATED)
_34978_/I                               6.000000   53.264519  -47.264519 (VIOLATED)
_34973_/I                               6.000000   53.264297  -47.264294 (VIOLATED)
_34974_/I                               6.000000   53.264046  -47.264046 (VIOLATED)
_34976_/I                               6.000000   53.263840  -47.263840 (VIOLATED)
_34977_/I                               6.000000   53.263645  -47.263645 (VIOLATED)
_17912_/I                               6.000000   53.262421  -47.262421 (VIOLATED)
_17911_/ZN                              6.000000   53.261803  -47.261803 (VIOLATED)
_34179_/C                               6.000000   53.261803  -47.261803 (VIOLATED)
_34522_/C                               6.000000   53.261803  -47.261803 (VIOLATED)
_30962_/A1                              6.000000   46.393925  -40.393925 (VIOLATED)
_33766_/A2                              6.000000   46.393959  -40.393959 (VIOLATED)
_33789_/A2                              6.000000   46.393974  -40.393974 (VIOLATED)
_34376_/A2                              6.000000   46.393978  -40.393978 (VIOLATED)
_34377_/A2                              6.000000   46.393978  -40.393978 (VIOLATED)
_34383_/A2                              6.000000   46.393974  -40.393974 (VIOLATED)
_34384_/A2                              6.000000   46.393974  -40.393974 (VIOLATED)
_34388_/A2                              6.000000   46.393948  -40.393948 (VIOLATED)
_34389_/A2                              6.000000   46.393948  -40.393948 (VIOLATED)
_34400_/A2                              6.000000   46.393978  -40.393978 (VIOLATED)
_34401_/A2                              6.000000   46.393978  -40.393978 (VIOLATED)
_34451_/A2                              6.000000   46.393959  -40.393959 (VIOLATED)
_34459_/A2                              6.000000   46.393974  -40.393970 (VIOLATED)
_34467_/A2                              6.000000   46.393948  -40.393948 (VIOLATED)
_34475_/A2                              6.000000   46.393948  -40.393948 (VIOLATED)
_34370_/A2                              6.000000   46.393894  -40.393894 (VIOLATED)
_34393_/A2                              6.000000   46.393925  -40.393921 (VIOLATED)
_34394_/A2                              6.000000   46.393932  -40.393932 (VIOLATED)
_34483_/A2                              6.000000   46.393925  -40.393921 (VIOLATED)
_34531_/A2                              6.000000   46.393959  -40.393959 (VIOLATED)
_34532_/A2                              6.000000   46.393959  -40.393959 (VIOLATED)
_34537_/A2                              6.000000   46.393967  -40.393967 (VIOLATED)
_34538_/A2                              6.000000   46.393967  -40.393967 (VIOLATED)
_34543_/A2                              6.000000   46.393944  -40.393944 (VIOLATED)
_34544_/A2                              6.000000   46.393948  -40.393948 (VIOLATED)
_34549_/A2                              6.000000   46.393940  -40.393940 (VIOLATED)
_34550_/A2                              6.000000   46.393948  -40.393948 (VIOLATED)
_34555_/A2                              6.000000   46.393932  -40.393932 (VIOLATED)
_34556_/A2                              6.000000   46.393940  -40.393940 (VIOLATED)
_34589_/A2                              6.000000   46.393913  -40.393913 (VIOLATED)
_33772_/A2                              6.000000   46.393852  -40.393852 (VIOLATED)
_34443_/A2                              6.000000   46.393864  -40.393864 (VIOLATED)
_33759_/A2                              6.000000   46.393772  -40.393772 (VIOLATED)
_33777_/A2                              6.000000   46.393764  -40.393761 (VIOLATED)
_33829_/A2                              6.000000   46.393753  -40.393753 (VIOLATED)
_33846_/A2                              6.000000   46.393787  -40.393787 (VIOLATED)
_33854_/A2                              6.000000   46.393761  -40.393761 (VIOLATED)
_33916_/A2                              6.000000   46.393799  -40.393799 (VIOLATED)
_33870_/A2                              6.000000   46.393757  -40.393757 (VIOLATED)
_33911_/A2                              6.000000   46.393757  -40.393757 (VIOLATED)
_33922_/A2                              6.000000   46.393776  -40.393776 (VIOLATED)
_33928_/A2                              6.000000   46.393761  -40.393761 (VIOLATED)
_33940_/A2                              6.000000   46.393757  -40.393757 (VIOLATED)
_34525_/A2                              6.000000   46.393764  -40.393761 (VIOLATED)
_34526_/A2                              6.000000   46.393768  -40.393764 (VIOLATED)
_33788_/A2                              6.000000   46.393711  -40.393707 (VIOLATED)
_33828_/A2                              6.000000   46.393700  -40.393700 (VIOLATED)
_33871_/A2                              6.000000   46.393711  -40.393707 (VIOLATED)
_33910_/A2                              6.000000   46.393711  -40.393707 (VIOLATED)
_33941_/A2                              6.000000   46.393711  -40.393707 (VIOLATED)
_33991_/A2                              6.000000   46.393707  -40.393707 (VIOLATED)
_33847_/A2                              6.000000   46.393627  -40.393627 (VIOLATED)
_33771_/A2                              6.000000   46.393581  -40.393581 (VIOLATED)
_33776_/A2                              6.000000   46.393604  -40.393604 (VIOLATED)
_33855_/A2                              6.000000   46.393604  -40.393604 (VIOLATED)
_33923_/A2                              6.000000   46.393642  -40.393642 (VIOLATED)
_33929_/A2                              6.000000   46.393604  -40.393604 (VIOLATED)
_33781_/A2                              6.000000   46.393536  -40.393536 (VIOLATED)
_33782_/A2                              6.000000   46.393543  -40.393543 (VIOLATED)
_33838_/A2                              6.000000   46.393559  -40.393555 (VIOLATED)
_33839_/A2                              6.000000   46.393555  -40.393551 (VIOLATED)
_33862_/A2                              6.000000   46.393559  -40.393555 (VIOLATED)
_33863_/A2                              6.000000   46.393539  -40.393539 (VIOLATED)
_33917_/A2                              6.000000   46.393555  -40.393551 (VIOLATED)
_33934_/A2                              6.000000   46.393555  -40.393551 (VIOLATED)
_33935_/A2                              6.000000   46.393524  -40.393524 (VIOLATED)
_33995_/A2                              6.000000   46.393551  -40.393551 (VIOLATED)
_32479_/A2                              6.000000   46.393425  -40.393425 (VIOLATED)
_32480_/A2                              6.000000   46.393452  -40.393448 (VIOLATED)
_32495_/A2                              6.000000   46.393452  -40.393448 (VIOLATED)
_32496_/A2                              6.000000   46.393452  -40.393448 (VIOLATED)
_33125_/A2                              6.000000   46.393379  -40.393379 (VIOLATED)
_33130_/A2                              6.000000   46.393368  -40.393368 (VIOLATED)
_33136_/A2                              6.000000   46.393372  -40.393372 (VIOLATED)
_33142_/A2                              6.000000   46.393387  -40.393387 (VIOLATED)
_33148_/A2                              6.000000   46.393372  -40.393372 (VIOLATED)
_33196_/A2                              6.000000   46.393383  -40.393383 (VIOLATED)
_30992_/A1                              6.000000   46.393322  -40.393322 (VIOLATED)
_32485_/A2                              6.000000   46.393322  -40.393322 (VIOLATED)
_32490_/A2                              6.000000   46.393356  -40.393353 (VIOLATED)
_32491_/A2                              6.000000   46.393368  -40.393368 (VIOLATED)
_33203_/A2                              6.000000   46.393356  -40.393356 (VIOLATED)
_33204_/A2                              6.000000   46.393353  -40.393349 (VIOLATED)
_33213_/A2                              6.000000   46.393379  -40.393379 (VIOLATED)
_33221_/A2                              6.000000   46.393387  -40.393387 (VIOLATED)
_33230_/A2                              6.000000   46.393372  -40.393372 (VIOLATED)
_33290_/A2                              6.000000   46.393387  -40.393387 (VIOLATED)
_33291_/A2                              6.000000   46.393387  -40.393387 (VIOLATED)
_33296_/A2                              6.000000   46.393368  -40.393368 (VIOLATED)
_33297_/A2                              6.000000   46.393364  -40.393364 (VIOLATED)
_33302_/A2                              6.000000   46.393379  -40.393379 (VIOLATED)
_33303_/A2                              6.000000   46.393375  -40.393375 (VIOLATED)
_33307_/A2                              6.000000   46.393391  -40.393391 (VIOLATED)
_33308_/A2                              6.000000   46.393391  -40.393391 (VIOLATED)
_33313_/A2                              6.000000   46.393372  -40.393372 (VIOLATED)
_33314_/A2                              6.000000   46.393372  -40.393372 (VIOLATED)
_33360_/A2                              6.000000   46.393379  -40.393379 (VIOLATED)
_33363_/A2                              6.000000   46.393368  -40.393368 (VIOLATED)
_33368_/A2                              6.000000   46.393379  -40.393379 (VIOLATED)
_33371_/A2                              6.000000   46.393387  -40.393387 (VIOLATED)
_32486_/A2                              6.000000   46.393303  -40.393303 (VIOLATED)
_32561_/A2                              6.000000   46.393341  -40.393341 (VIOLATED)
_32569_/A2                              6.000000   46.393326  -40.393326 (VIOLATED)
_32570_/A2                              6.000000   46.393322  -40.393322 (VIOLATED)
_32577_/A2                              6.000000   46.393333  -40.393333 (VIOLATED)
_32585_/A2                              6.000000   46.393345  -40.393345 (VIOLATED)
_32643_/A2                              6.000000   46.393341  -40.393341 (VIOLATED)
_32644_/A2                              6.000000   46.393341  -40.393341 (VIOLATED)
_32655_/A2                              6.000000   46.393345  -40.393345 (VIOLATED)
_32656_/A2                              6.000000   46.393345  -40.393345 (VIOLATED)
_32661_/A2                              6.000000   46.393345  -40.393345 (VIOLATED)
_32662_/A2                              6.000000   46.393345  -40.393345 (VIOLATED)
_32594_/A2                              6.000000   46.393295  -40.393295 (VIOLATED)
_32649_/A2                              6.000000   46.393330  -40.393330 (VIOLATED)
_32650_/A2                              6.000000   46.393322  -40.393322 (VIOLATED)
_32667_/A2                              6.000000   46.393299  -40.393295 (VIOLATED)
_32668_/A2                              6.000000   46.393276  -40.393276 (VIOLATED)
_32502_/A2                              6.000000   46.393169  -40.393169 (VIOLATED)
_32501_/A2                              6.000000   46.392948  -40.392948 (VIOLATED)
_32507_/A2                              6.000000   46.392906  -40.392906 (VIOLATED)
_32508_/A2                              6.000000   46.392891  -40.392887 (VIOLATED)
_31021_/A1                              6.000000   46.392780  -40.392776 (VIOLATED)
_31025_/A1                              6.000000   46.392784  -40.392780 (VIOLATED)
_32602_/A2                              6.000000   46.392818  -40.392818 (VIOLATED)
_32673_/A2                              6.000000   46.392818  -40.392818 (VIOLATED)
_32674_/A2                              6.000000   46.392818  -40.392818 (VIOLATED)
_33149_/A2                              6.000000   46.392788  -40.392784 (VIOLATED)
_33154_/A2                              6.000000   46.392784  -40.392780 (VIOLATED)
_33155_/A2                              6.000000   46.392784  -40.392780 (VIOLATED)
_33236_/A2                              6.000000   46.392784  -40.392780 (VIOLATED)
_33318_/A2                              6.000000   46.392784  -40.392780 (VIOLATED)
_33319_/A2                              6.000000   46.392784  -40.392780 (VIOLATED)
_31024_/A1                              6.000000   46.392700  -40.392700 (VIOLATED)
_30955_/ZN                              6.000000   46.392555  -40.392555 (VIOLATED)
_32160_/A1                              6.000000   46.392555  -40.392555 (VIOLATED)
_32471_/A2                              6.000000   46.392555  -40.392555 (VIOLATED)
_32472_/A2                              6.000000   46.392555  -40.392555 (VIOLATED)
_32511_/A2                              6.000000   46.392555  -40.392555 (VIOLATED)
_32512_/A2                              6.000000   46.392555  -40.392555 (VIOLATED)
_32548_/A2                              6.000000   46.392555  -40.392555 (VIOLATED)
_32611_/A2                              6.000000   46.392555  -40.392555 (VIOLATED)
_32635_/A2                              6.000000   46.392555  -40.392555 (VIOLATED)
_32636_/A2                              6.000000   46.392555  -40.392555 (VIOLATED)
_32679_/A2                              6.000000   46.392555  -40.392555 (VIOLATED)
_32680_/A2                              6.000000   46.392555  -40.392555 (VIOLATED)
_33117_/A2                              6.000000   46.392555  -40.392555 (VIOLATED)
_33160_/A2                              6.000000   46.392555  -40.392555 (VIOLATED)
_33161_/A2                              6.000000   46.392555  -40.392555 (VIOLATED)
_33186_/A2                              6.000000   46.392555  -40.392555 (VIOLATED)
_33246_/A2                              6.000000   46.392555  -40.392555 (VIOLATED)
_33283_/A2                              6.000000   46.392555  -40.392555 (VIOLATED)
_33284_/A2                              6.000000   46.392555  -40.392555 (VIOLATED)
_33324_/A2                              6.000000   46.392555  -40.392555 (VIOLATED)
_33325_/A2                              6.000000   46.392555  -40.392555 (VIOLATED)
_33751_/A2                              6.000000   46.392555  -40.392555 (VIOLATED)
_33796_/A2                              6.000000   46.392555  -40.392555 (VIOLATED)
_33797_/A2                              6.000000   46.392555  -40.392555 (VIOLATED)
_33820_/A2                              6.000000   46.392555  -40.392555 (VIOLATED)
_33878_/A2                              6.000000   46.392555  -40.392555 (VIOLATED)
_33879_/A2                              6.000000   46.392555  -40.392555 (VIOLATED)
_33902_/A2                              6.000000   46.392555  -40.392555 (VIOLATED)
_33903_/A2                              6.000000   46.392555  -40.392555 (VIOLATED)
_33946_/A2                              6.000000   46.392555  -40.392555 (VIOLATED)
_33985_/A2                              6.000000   46.392555  -40.392555 (VIOLATED)
_34361_/A2                              6.000000   46.392555  -40.392555 (VIOLATED)
_34407_/A2                              6.000000   46.392555  -40.392555 (VIOLATED)
_34408_/A2                              6.000000   46.392555  -40.392555 (VIOLATED)
_34432_/A2                              6.000000   46.392555  -40.392555 (VIOLATED)
_34433_/A2                              6.000000   46.392555  -40.392555 (VIOLATED)
_34491_/A2                              6.000000   46.392555  -40.392555 (VIOLATED)
_34515_/A2                              6.000000   46.392555  -40.392555 (VIOLATED)
_34516_/A2                              6.000000   46.392555  -40.392555 (VIOLATED)
_34561_/A2                              6.000000   46.392555  -40.392555 (VIOLATED)
_34562_/A2                              6.000000   46.392555  -40.392555 (VIOLATED)
_36433_/RN                              6.000000   42.088192  -36.088188 (VIOLATED)
_36434_/RN                              6.000000   42.088192  -36.088192 (VIOLATED)
_36435_/RN                              6.000000   42.088196  -36.088196 (VIOLATED)
_36436_/RN                              6.000000   42.088192  -36.088192 (VIOLATED)
_36437_/RN                              6.000000   42.088200  -36.088200 (VIOLATED)
_36438_/RN                              6.000000   42.088200  -36.088200 (VIOLATED)
_36439_/RN                              6.000000   42.088196  -36.088196 (VIOLATED)
_36440_/RN                              6.000000   42.088196  -36.088196 (VIOLATED)
_36524_/RN                              6.000000   42.088192  -36.088188 (VIOLATED)
_36525_/RN                              6.000000   42.088188  -36.088184 (VIOLATED)
_36526_/RN                              6.000000   42.088192  -36.088188 (VIOLATED)
_36527_/RN                              6.000000   42.088188  -36.088184 (VIOLATED)
_36528_/RN                              6.000000   42.088184  -36.088181 (VIOLATED)
_36529_/RN                              6.000000   42.088177  -36.088177 (VIOLATED)
_36530_/RN                              6.000000   42.088184  -36.088181 (VIOLATED)
_36531_/RN                              6.000000   42.088169  -36.088169 (VIOLATED)
_36532_/RN                              6.000000   42.088200  -36.088200 (VIOLATED)
_36533_/RN                              6.000000   42.088203  -36.088203 (VIOLATED)
_36534_/RN                              6.000000   42.088215  -36.088215 (VIOLATED)
_36535_/RN                              6.000000   42.088207  -36.088207 (VIOLATED)
_36536_/RN                              6.000000   42.088219  -36.088219 (VIOLATED)
_36537_/RN                              6.000000   42.088219  -36.088219 (VIOLATED)
_36538_/RN                              6.000000   42.088188  -36.088184 (VIOLATED)
_36539_/RN                              6.000000   42.088219  -36.088219 (VIOLATED)
_36540_/RN                              6.000000   42.088192  -36.088188 (VIOLATED)
_36541_/RN                              6.000000   42.088184  -36.088181 (VIOLATED)
_36542_/RN                              6.000000   42.088169  -36.088169 (VIOLATED)
_36543_/RN                              6.000000   42.088177  -36.088177 (VIOLATED)
_36544_/RN                              6.000000   42.088158  -36.088158 (VIOLATED)
_36545_/RN                              6.000000   42.088146  -36.088146 (VIOLATED)
_36546_/RN                              6.000000   42.088131  -36.088131 (VIOLATED)
_36425_/RN                              6.000000   42.088047  -36.088047 (VIOLATED)
_36426_/RN                              6.000000   42.088047  -36.088047 (VIOLATED)
_36427_/RN                              6.000000   42.088043  -36.088043 (VIOLATED)
_36428_/RN                              6.000000   42.088039  -36.088039 (VIOLATED)
_36429_/RN                              6.000000   42.088036  -36.088036 (VIOLATED)
_36430_/RN                              6.000000   42.088032  -36.088028 (VIOLATED)
_36431_/RN                              6.000000   42.088024  -36.088024 (VIOLATED)
_36432_/RN                              6.000000   42.088005  -36.088005 (VIOLATED)
_36441_/RN                              6.000000   42.088024  -36.088024 (VIOLATED)
_36442_/RN                              6.000000   42.088024  -36.088024 (VIOLATED)
_36443_/RN                              6.000000   42.088017  -36.088017 (VIOLATED)
_36444_/RN                              6.000000   42.088020  -36.088020 (VIOLATED)
_36445_/RN                              6.000000   42.088009  -36.088009 (VIOLATED)
_36446_/RN                              6.000000   42.088001  -36.088001 (VIOLATED)
_36447_/RN                              6.000000   42.087994  -36.087994 (VIOLATED)
_36512_/RN                              6.000000   42.088020  -36.088020 (VIOLATED)
_36513_/RN                              6.000000   42.088028  -36.088024 (VIOLATED)
_36514_/RN                              6.000000   42.088039  -36.088039 (VIOLATED)
_36515_/RN                              6.000000   42.088032  -36.088028 (VIOLATED)
_36516_/RN                              6.000000   42.088047  -36.088047 (VIOLATED)
_36517_/RN                              6.000000   42.088047  -36.088047 (VIOLATED)
_36518_/RN                              6.000000   42.088055  -36.088055 (VIOLATED)
_36519_/RN                              6.000000   42.088051  -36.088051 (VIOLATED)
_36520_/RN                              6.000000   42.088055  -36.088055 (VIOLATED)
_36521_/RN                              6.000000   42.088055  -36.088055 (VIOLATED)
_36522_/RN                              6.000000   42.088047  -36.088047 (VIOLATED)
_36523_/RN                              6.000000   42.088055  -36.088055 (VIOLATED)
_36547_/RN                              6.000000   42.088047  -36.088047 (VIOLATED)
_36448_/RN                              6.000000   42.087982  -36.087978 (VIOLATED)
_36510_/RN                              6.000000   42.087910  -36.087910 (VIOLATED)
_36509_/RN                              6.000000   42.087845  -36.087845 (VIOLATED)
_36511_/RN                              6.000000   42.087864  -36.087864 (VIOLATED)
_36508_/RN                              6.000000   42.087795  -36.087795 (VIOLATED)
_36507_/RN                              6.000000   42.087692  -36.087692 (VIOLATED)
_36501_/RN                              6.000000   42.087627  -36.087627 (VIOLATED)
_36503_/RN                              6.000000   42.087540  -36.087540 (VIOLATED)
_36502_/RN                              6.000000   42.087456  -36.087456 (VIOLATED)
_36504_/RN                              6.000000   42.087490  -36.087490 (VIOLATED)
_36506_/RN                              6.000000   42.087437  -36.087437 (VIOLATED)
_36379_/RN                              6.000000   42.087364  -36.087360 (VIOLATED)
_36380_/RN                              6.000000   42.087364  -36.087360 (VIOLATED)
_36391_/RN                              6.000000   42.087379  -36.087379 (VIOLATED)
_36388_/RN                              6.000000   42.087330  -36.087330 (VIOLATED)
_36389_/RN                              6.000000   42.087349  -36.087349 (VIOLATED)
_36390_/RN                              6.000000   42.087360  -36.087357 (VIOLATED)
_36392_/RN                              6.000000   42.087383  -36.087383 (VIOLATED)
_36449_/RN                              6.000000   42.087364  -36.087364 (VIOLATED)
_36450_/RN                              6.000000   42.087372  -36.087372 (VIOLATED)
_36451_/RN                              6.000000   42.087372  -36.087372 (VIOLATED)
_36500_/RN                              6.000000   42.087399  -36.087399 (VIOLATED)
_36505_/RN                              6.000000   42.087330  -36.087330 (VIOLATED)
_36554_/RN                              6.000000   42.087353  -36.087353 (VIOLATED)
_36555_/RN                              6.000000   42.087357  -36.087353 (VIOLATED)
_36556_/RN                              6.000000   42.087383  -36.087383 (VIOLATED)
_36557_/RN                              6.000000   42.087383  -36.087383 (VIOLATED)
_36558_/RN                              6.000000   42.087383  -36.087383 (VIOLATED)
_36559_/RN                              6.000000   42.087379  -36.087379 (VIOLATED)
_36560_/RN                              6.000000   42.087360  -36.087357 (VIOLATED)
_36561_/RN                              6.000000   42.087360  -36.087357 (VIOLATED)
_36563_/RN                              6.000000   42.087372  -36.087372 (VIOLATED)
_36387_/RN                              6.000000   42.087257  -36.087254 (VIOLATED)
_36382_/RN                              6.000000   42.087193  -36.087193 (VIOLATED)
_36548_/RN                              6.000000   42.087193  -36.087193 (VIOLATED)
_36553_/RN                              6.000000   42.087193  -36.087193 (VIOLATED)
_27225_/B                               6.000000   42.087101  -36.087097 (VIOLATED)
_36381_/RN                              6.000000   42.087101  -36.087097 (VIOLATED)
_36383_/RN                              6.000000   42.087109  -36.087109 (VIOLATED)
_36386_/RN                              6.000000   42.087093  -36.087093 (VIOLATED)
_36549_/RN                              6.000000   42.087093  -36.087093 (VIOLATED)
_36552_/RN                              6.000000   42.087097  -36.087093 (VIOLATED)
_36401_/RN                              6.000000   42.087013  -36.087013 (VIOLATED)
_36384_/RN                              6.000000   42.086967  -36.086967 (VIOLATED)
_36550_/RN                              6.000000   42.086967  -36.086967 (VIOLATED)
_36551_/RN                              6.000000   42.086967  -36.086967 (VIOLATED)
_36385_/RN                              6.000000   42.086910  -36.086910 (VIOLATED)
_36399_/RN                              6.000000   42.086826  -36.086826 (VIOLATED)
_36562_/RN                              6.000000   42.086842  -36.086838 (VIOLATED)
_36396_/RN                              6.000000   42.086735  -36.086731 (VIOLATED)
_36407_/RN                              6.000000   42.086540  -36.086540 (VIOLATED)
_36414_/RN                              6.000000   42.086567  -36.086567 (VIOLATED)
_36415_/RN                              6.000000   42.086571  -36.086571 (VIOLATED)
_36416_/RN                              6.000000   42.086578  -36.086578 (VIOLATED)
_36417_/RN                              6.000000   42.086582  -36.086578 (VIOLATED)
_36418_/RN                              6.000000   42.086586  -36.086582 (VIOLATED)
_36419_/RN                              6.000000   42.086586  -36.086586 (VIOLATED)
_36420_/RN                              6.000000   42.086590  -36.086590 (VIOLATED)
_36421_/RN                              6.000000   42.086594  -36.086594 (VIOLATED)
_36422_/RN                              6.000000   42.086601  -36.086601 (VIOLATED)
_36423_/RN                              6.000000   42.086597  -36.086597 (VIOLATED)
_36424_/RN                              6.000000   42.086597  -36.086597 (VIOLATED)
_36496_/RN                              6.000000   42.086567  -36.086567 (VIOLATED)
_36402_/RN                              6.000000   42.086502  -36.086502 (VIOLATED)
_36408_/RN                              6.000000   42.086525  -36.086525 (VIOLATED)
_36409_/RN                              6.000000   42.086548  -36.086548 (VIOLATED)
_36410_/RN                              6.000000   42.086544  -36.086544 (VIOLATED)
_36411_/RN                              6.000000   42.086552  -36.086552 (VIOLATED)
_36412_/RN                              6.000000   42.086559  -36.086559 (VIOLATED)
_36413_/RN                              6.000000   42.086563  -36.086563 (VIOLATED)
_36403_/RN                              6.000000   42.086483  -36.086479 (VIOLATED)
_36495_/RN                              6.000000   42.086491  -36.086491 (VIOLATED)
_36564_/RN                              6.000000   42.086475  -36.086475 (VIOLATED)
_36400_/RN                              6.000000   42.086433  -36.086433 (VIOLATED)
_36404_/RN                              6.000000   42.086472  -36.086472 (VIOLATED)
_36405_/RN                              6.000000   42.086494  -36.086494 (VIOLATED)
_36406_/RN                              6.000000   42.086514  -36.086514 (VIOLATED)
_36394_/RN                              6.000000   42.086388  -36.086388 (VIOLATED)
_36395_/RN                              6.000000   42.086399  -36.086399 (VIOLATED)
_36397_/RN                              6.000000   42.086411  -36.086411 (VIOLATED)
_36398_/RN                              6.000000   42.086433  -36.086430 (VIOLATED)
_36493_/RN                              6.000000   42.086403  -36.086403 (VIOLATED)
_36393_/RN                              6.000000   42.086327  -36.086327 (VIOLATED)
_36492_/RN                              6.000000   42.086330  -36.086330 (VIOLATED)
_36494_/RN                              6.000000   42.086338  -36.086338 (VIOLATED)
_36497_/RN                              6.000000   42.086365  -36.086365 (VIOLATED)
_36490_/RN                              6.000000   42.086224  -36.086220 (VIOLATED)
_36491_/RN                              6.000000   42.086193  -36.086193 (VIOLATED)
_36498_/RN                              6.000000   42.086178  -36.086178 (VIOLATED)
_36499_/RN                              6.000000   42.086178  -36.086178 (VIOLATED)
_36470_/RN                              6.000000   42.086040  -36.086040 (VIOLATED)
_36471_/RN                              6.000000   42.086040  -36.086040 (VIOLATED)
_36489_/RN                              6.000000   42.086075  -36.086075 (VIOLATED)
_36472_/RN                              6.000000   42.086033  -36.086033 (VIOLATED)
_36473_/RN                              6.000000   42.086037  -36.086037 (VIOLATED)
_36474_/RN                              6.000000   42.085999  -36.085999 (VIOLATED)
_36476_/RN                              6.000000   42.086033  -36.086033 (VIOLATED)
_36477_/RN                              6.000000   42.086033  -36.086033 (VIOLATED)
_36478_/RN                              6.000000   42.086037  -36.086037 (VIOLATED)
_36487_/RN                              6.000000   42.086029  -36.086029 (VIOLATED)
_36475_/RN                              6.000000   42.085991  -36.085991 (VIOLATED)
_36479_/RN                              6.000000   42.086021  -36.086021 (VIOLATED)
_36480_/RN                              6.000000   42.086037  -36.086037 (VIOLATED)
_36481_/RN                              6.000000   42.086018  -36.086014 (VIOLATED)
_36482_/RN                              6.000000   42.086014  -36.086010 (VIOLATED)
_36483_/RN                              6.000000   42.086006  -36.086006 (VIOLATED)
_36488_/RN                              6.000000   42.086021  -36.086021 (VIOLATED)
_36484_/RN                              6.000000   42.085979  -36.085979 (VIOLATED)
_36454_/RN                              6.000000   42.085934  -36.085934 (VIOLATED)
_36453_/RN                              6.000000   42.085892  -36.085892 (VIOLATED)
_36460_/RN                              6.000000   42.085922  -36.085922 (VIOLATED)
_36461_/RN                              6.000000   42.085934  -36.085934 (VIOLATED)
_36463_/RN                              6.000000   42.085938  -36.085938 (VIOLATED)
_36464_/RN                              6.000000   42.085949  -36.085949 (VIOLATED)
_36465_/RN                              6.000000   42.085968  -36.085964 (VIOLATED)
_36466_/RN                              6.000000   42.085964  -36.085960 (VIOLATED)
_36467_/RN                              6.000000   42.085968  -36.085964 (VIOLATED)
_36468_/RN                              6.000000   42.085968  -36.085964 (VIOLATED)
_36469_/RN                              6.000000   42.085968  -36.085964 (VIOLATED)
_36485_/RN                              6.000000   42.085907  -36.085903 (VIOLATED)
_36455_/RN                              6.000000   42.085854  -36.085854 (VIOLATED)
_36458_/RN                              6.000000   42.085865  -36.085865 (VIOLATED)
_36486_/RN                              6.000000   42.085888  -36.085888 (VIOLATED)
_36452_/RN                              6.000000   42.085770  -36.085770 (VIOLATED)
_36456_/RN                              6.000000   42.085762  -36.085762 (VIOLATED)
_17686_/I                               6.000000   42.085674  -36.085674 (VIOLATED)
_36457_/RN                              6.000000   42.085533  -36.085533 (VIOLATED)
_36459_/RN                              6.000000   42.084934  -36.084934 (VIOLATED)
_36462_/RN                              6.000000   42.084938  -36.084938 (VIOLATED)
_26503_/B                               6.000000   42.084541  -36.084541 (VIOLATED)
_26528_/B                               6.000000   42.084541  -36.084541 (VIOLATED)
_26587_/B                               6.000000   42.084541  -36.084541 (VIOLATED)
_26689_/B                               6.000000   42.084541  -36.084541 (VIOLATED)
_26862_/B                               6.000000   42.084541  -36.084541 (VIOLATED)
_27973_/C                               6.000000   42.084541  -36.084541 (VIOLATED)
_29681_/A1                              6.000000   42.084541  -36.084541 (VIOLATED)
_29690_/A2                              6.000000   42.084541  -36.084541 (VIOLATED)
_29692_/A1                              6.000000   42.084541  -36.084541 (VIOLATED)
_32174_/B2                              6.000000   42.084541  -36.084541 (VIOLATED)
_32318_/B2                              6.000000   42.084541  -36.084541 (VIOLATED)
_32409_/B2                              6.000000   42.084541  -36.084541 (VIOLATED)
_32467_/B2                              6.000000   42.084541  -36.084541 (VIOLATED)
_32544_/B2                              6.000000   42.084541  -36.084541 (VIOLATED)
_32617_/A1                              6.000000   42.084541  -36.084541 (VIOLATED)
_32715_/B2                              6.000000   42.084541  -36.084541 (VIOLATED)
_32823_/B2                              6.000000   42.084541  -36.084541 (VIOLATED)
_32904_/B2                              6.000000   42.084541  -36.084541 (VIOLATED)
_32971_/B2                              6.000000   42.084541  -36.084541 (VIOLATED)
_33053_/B2                              6.000000   42.084541  -36.084541 (VIOLATED)
_33181_/B2                              6.000000   42.084541  -36.084541 (VIOLATED)
_33280_/B2                              6.000000   42.084541  -36.084541 (VIOLATED)
_33351_/B2                              6.000000   42.084541  -36.084541 (VIOLATED)
_33416_/B2                              6.000000   42.084541  -36.084541 (VIOLATED)
_33486_/B2                              6.000000   42.084541  -36.084541 (VIOLATED)
_33547_/B2                              6.000000   42.084541  -36.084541 (VIOLATED)
_33612_/B2                              6.000000   42.084541  -36.084541 (VIOLATED)
_33688_/B2                              6.000000   42.084541  -36.084541 (VIOLATED)
_33813_/B                               6.000000   42.084541  -36.084541 (VIOLATED)
_33899_/B                               6.000000   42.084541  -36.084541 (VIOLATED)
_33981_/B2                              6.000000   42.084541  -36.084541 (VIOLATED)
_34104_/B2                              6.000000   42.084541  -36.084541 (VIOLATED)
_34182_/B2                              6.000000   42.084541  -36.084541 (VIOLATED)
_34235_/B2                              6.000000   42.084541  -36.084541 (VIOLATED)
_34305_/B2                              6.000000   42.084541  -36.084541 (VIOLATED)
_34359_/B2                              6.000000   42.084541  -36.084541 (VIOLATED)
_34428_/A1                              6.000000   42.084541  -36.084541 (VIOLATED)
_34512_/B2                              6.000000   42.084541  -36.084541 (VIOLATED)
_34581_/B2                              6.000000   42.084541  -36.084541 (VIOLATED)
_34630_/B2                              6.000000   42.084541  -36.084541 (VIOLATED)
_34707_/B2                              6.000000   42.084541  -36.084541 (VIOLATED)
_34746_/A1                              6.000000   42.084541  -36.084541 (VIOLATED)
_34748_/C                               6.000000   42.084541  -36.084541 (VIOLATED)
_36341_/Q                               6.000000   42.084541  -36.084541 (VIOLATED)
_33767_/A1                              6.000000   36.584763  -30.584763 (VIOLATED)
_34452_/A2                              6.000000   36.584763  -30.584763 (VIOLATED)
_34460_/A2                              6.000000   36.584774  -30.584772 (VIOLATED)
_34468_/A2                              6.000000   36.584755  -30.584755 (VIOLATED)
_34476_/A2                              6.000000   36.584747  -30.584747 (VIOLATED)
_34372_/B2                              6.000000   36.584717  -30.584717 (VIOLATED)
_34484_/A2                              6.000000   36.584743  -30.584745 (VIOLATED)
_34533_/A2                              6.000000   36.584763  -30.584763 (VIOLATED)
_34539_/A2                              6.000000   36.584770  -30.584770 (VIOLATED)
_34545_/A2                              6.000000   36.584759  -30.584759 (VIOLATED)
_34551_/A2                              6.000000   36.584751  -30.584751 (VIOLATED)
_34557_/A2                              6.000000   36.584751  -30.584751 (VIOLATED)
_34594_/B2                              6.000000   36.584778  -30.584776 (VIOLATED)
_34610_/B2                              6.000000   36.584778  -30.584776 (VIOLATED)
_34669_/A2                              6.000000   36.584743  -30.584745 (VIOLATED)
_34718_/A2                              6.000000   36.584763  -30.584763 (VIOLATED)
_34722_/A2                              6.000000   36.584770  -30.584770 (VIOLATED)
_34726_/A2                              6.000000   36.584755  -30.584755 (VIOLATED)
_34730_/A2                              6.000000   36.584747  -30.584747 (VIOLATED)
_34734_/A2                              6.000000   36.584747  -30.584747 (VIOLATED)
_34444_/A2                              6.000000   36.584709  -30.584709 (VIOLATED)
_34527_/A2                              6.000000   36.584717  -30.584717 (VIOLATED)
_34605_/B2                              6.000000   36.584736  -30.584734 (VIOLATED)
_34645_/A2                              6.000000   36.584763  -30.584763 (VIOLATED)
_34651_/A2                              6.000000   36.584774  -30.584772 (VIOLATED)
_34657_/A2                              6.000000   36.584755  -30.584755 (VIOLATED)
_34663_/A2                              6.000000   36.584747  -30.584747 (VIOLATED)
_34639_/A2                              6.000000   36.584709  -30.584709 (VIOLATED)
_34714_/A2                              6.000000   36.584713  -30.584713 (VIOLATED)
_33761_/B2                              6.000000   36.584663  -30.584663 (VIOLATED)
_34059_/A2                              6.000000   36.584637  -30.584635 (VIOLATED)
_34064_/A2                              6.000000   36.584633  -30.584631 (VIOLATED)
_34117_/A2                              6.000000   36.584637  -30.584635 (VIOLATED)
_34121_/A2                              6.000000   36.584637  -30.584635 (VIOLATED)
_33830_/A2                              6.000000   36.584579  -30.584578 (VIOLATED)
_33836_/A2                              6.000000   36.584587  -30.584585 (VIOLATED)
_33868_/A2                              6.000000   36.584576  -30.584574 (VIOLATED)
_33912_/A2                              6.000000   36.584579  -30.584578 (VIOLATED)
_33918_/A2                              6.000000   36.584587  -30.584585 (VIOLATED)
_33942_/A2                              6.000000   36.584576  -30.584574 (VIOLATED)
_34011_/B2                              6.000000   36.584572  -30.584570 (VIOLATED)
_34054_/A2                              6.000000   36.584564  -30.584564 (VIOLATED)
_34069_/A2                              6.000000   36.584583  -30.584581 (VIOLATED)
_34074_/A2                              6.000000   36.584587  -30.584589 (VIOLATED)
_34079_/A2                              6.000000   36.584579  -30.584578 (VIOLATED)
_34113_/A2                              6.000000   36.584572  -30.584570 (VIOLATED)
_34125_/A2                              6.000000   36.584583  -30.584581 (VIOLATED)
_34130_/A2                              6.000000   36.584587  -30.584589 (VIOLATED)
_34135_/A2                              6.000000   36.584579  -30.584578 (VIOLATED)
_33844_/A2                              6.000000   36.584499  -30.584499 (VIOLATED)
_33852_/A2                              6.000000   36.584515  -30.584513 (VIOLATED)
_33924_/A2                              6.000000   36.584515  -30.584513 (VIOLATED)
_33930_/A2                              6.000000   36.584515  -30.584513 (VIOLATED)
_33860_/A2                              6.000000   36.584412  -30.584410 (VIOLATED)
_33936_/A2                              6.000000   36.584400  -30.584400 (VIOLATED)
_34006_/B2                              6.000000   36.584427  -30.584425 (VIOLATED)
_32558_/A1                              6.000000   36.584263  -30.584261 (VIOLATED)
_32574_/A2                              6.000000   36.584255  -30.584253 (VIOLATED)
_32582_/A2                              6.000000   36.584267  -30.584265 (VIOLATED)
_32645_/A1                              6.000000   36.584263  -30.584261 (VIOLATED)
_32657_/A2                              6.000000   36.584267  -30.584265 (VIOLATED)
_32663_/A2                              6.000000   36.584267  -30.584265 (VIOLATED)
_32775_/A1                              6.000000   36.584267  -30.584265 (VIOLATED)
_32789_/A1                              6.000000   36.584259  -30.584257 (VIOLATED)
_32796_/A1                              6.000000   36.584267  -30.584265 (VIOLATED)
_32846_/B2                              6.000000   36.584267  -30.584265 (VIOLATED)
_32854_/B2                              6.000000   36.584267  -30.584265 (VIOLATED)
_32858_/B2                              6.000000   36.584267  -30.584265 (VIOLATED)
_32782_/A1                              6.000000   36.584175  -30.584175 (VIOLATED)
_32850_/B2                              6.000000   36.584190  -30.584190 (VIOLATED)
_32567_/A1                              6.000000   36.584141  -30.584141 (VIOLATED)
_32651_/A1                              6.000000   36.584141  -30.584141 (VIOLATED)
_32591_/A1                              6.000000   36.584106  -30.584105 (VIOLATED)
_32669_/A1                              6.000000   36.584106  -30.584105 (VIOLATED)
_32803_/A1                              6.000000   36.584103  -30.584101 (VIOLATED)
_32862_/B2                              6.000000   36.584103  -30.584101 (VIOLATED)
_33126_/A1                              6.000000   36.584026  -30.584026 (VIOLATED)
_33193_/A2                              6.000000   36.584034  -30.584034 (VIOLATED)
_33292_/A2                              6.000000   36.584034  -30.584034 (VIOLATED)
_33508_/A2                              6.000000   36.584038  -30.584038 (VIOLATED)
_33132_/B2                              6.000000   36.583992  -30.583992 (VIOLATED)
_33201_/A2                              6.000000   36.584019  -30.584017 (VIOLATED)
_33209_/A2                              6.000000   36.584023  -30.584023 (VIOLATED)
_33218_/A2                              6.000000   36.584038  -30.584038 (VIOLATED)
_33298_/A2                              6.000000   36.584019  -30.584017 (VIOLATED)
_33309_/A2                              6.000000   36.584038  -30.584038 (VIOLATED)
_33427_/A2                              6.000000   36.584034  -30.584034 (VIOLATED)
_33376_/B2                              6.000000   36.583992  -30.583992 (VIOLATED)
_33433_/A2                              6.000000   36.584019  -30.584021 (VIOLATED)
_33439_/A2                              6.000000   36.584026  -30.584026 (VIOLATED)
_33445_/A2                              6.000000   36.584038  -30.584038 (VIOLATED)
_33496_/A2                              6.000000   36.584034  -30.584034 (VIOLATED)
_33451_/A2                              6.000000   36.584000  -30.583998 (VIOLATED)
_33500_/A2                              6.000000   36.584019  -30.584017 (VIOLATED)
_33504_/A2                              6.000000   36.584026  -30.584026 (VIOLATED)
_33512_/A2                              6.000000   36.583988  -30.583988 (VIOLATED)
_33226_/A2                              6.000000   36.583939  -30.583939 (VIOLATED)
_33237_/A2                              6.000000   36.583805  -30.583803 (VIOLATED)
_33320_/A2                              6.000000   36.583805  -30.583803 (VIOLATED)
_33381_/B2                              6.000000   36.583801  -30.583799 (VIOLATED)
_33457_/A2                              6.000000   36.583809  -30.583807 (VIOLATED)
_33516_/A2                              6.000000   36.583805  -30.583803 (VIOLATED)
_32599_/A2                              6.000000   36.583702  -30.583700 (VIOLATED)
_32675_/A2                              6.000000   36.583702  -30.583700 (VIOLATED)
_32809_/A2                              6.000000   36.583706  -30.583708 (VIOLATED)
_32866_/A2                              6.000000   36.583706  -30.583708 (VIOLATED)
_32153_/ZN                              6.000000   36.583584  -30.583582 (VIOLATED)
_32549_/A2                              6.000000   36.583584  -30.583582 (VIOLATED)
_32608_/A1                              6.000000   36.583584  -30.583582 (VIOLATED)
_32637_/A2                              6.000000   36.583584  -30.583582 (VIOLATED)
_32681_/A1                              6.000000   36.583584  -30.583582 (VIOLATED)
_32766_/A1                              6.000000   36.583584  -30.583582 (VIOLATED)
_32816_/A1                              6.000000   36.583584  -30.583582 (VIOLATED)
_32839_/B2                              6.000000   36.583584  -30.583582 (VIOLATED)
_32870_/B2                              6.000000   36.583584  -30.583582 (VIOLATED)
_33119_/A1                              6.000000   36.583584  -30.583582 (VIOLATED)
_33183_/A2                              6.000000   36.583584  -30.583582 (VIOLATED)
_33243_/A2                              6.000000   36.583584  -30.583582 (VIOLATED)
_33285_/A2                              6.000000   36.583584  -30.583582 (VIOLATED)
_33326_/A2                              6.000000   36.583584  -30.583582 (VIOLATED)
_33419_/A2                              6.000000   36.583584  -30.583582 (VIOLATED)
_33463_/A2                              6.000000   36.583584  -30.583582 (VIOLATED)
_33489_/A2                              6.000000   36.583584  -30.583582 (VIOLATED)
_33520_/A2                              6.000000   36.583584  -30.583582 (VIOLATED)
_33752_/A1                              6.000000   36.583584  -30.583582 (VIOLATED)
_33817_/A2                              6.000000   36.583584  -30.583582 (VIOLATED)
_33876_/B                               6.000000   36.583584  -30.583582 (VIOLATED)
_33904_/A2                              6.000000   36.583584  -30.583582 (VIOLATED)
_34047_/A2                              6.000000   36.583584  -30.583582 (VIOLATED)
_34084_/A2                              6.000000   36.583584  -30.583582 (VIOLATED)
_34108_/A2                              6.000000   36.583584  -30.583582 (VIOLATED)
_34140_/A2                              6.000000   36.583584  -30.583582 (VIOLATED)
_34364_/B2                              6.000000   36.583584  -30.583582 (VIOLATED)
_34434_/A2                              6.000000   36.583584  -30.583582 (VIOLATED)
_34492_/A2                              6.000000   36.583584  -30.583582 (VIOLATED)
_34517_/A2                              6.000000   36.583584  -30.583582 (VIOLATED)
_34563_/A2                              6.000000   36.583584  -30.583582 (VIOLATED)
_34632_/A2                              6.000000   36.583584  -30.583582 (VIOLATED)
_34675_/A2                              6.000000   36.583584  -30.583582 (VIOLATED)
_34710_/A2                              6.000000   36.583584  -30.583582 (VIOLATED)
_34738_/A2                              6.000000   36.583584  -30.583582 (VIOLATED)
_30679_/ZN                              6.000000   33.022545  -27.022545 (VIOLATED)
_30680_/I                               6.000000   33.022545  -27.022545 (VIOLATED)
_30682_/B                               6.000000   33.022545  -27.022545 (VIOLATED)
_30684_/B                               6.000000   33.022545  -27.022545 (VIOLATED)
_30686_/A1                              6.000000   33.022545  -27.022545 (VIOLATED)
_30690_/A1                              6.000000   33.022545  -27.022545 (VIOLATED)
_30692_/A1                              6.000000   33.022545  -27.022545 (VIOLATED)
_30694_/A1                              6.000000   33.022545  -27.022545 (VIOLATED)
_30696_/A1                              6.000000   33.022545  -27.022545 (VIOLATED)
_30698_/B                               6.000000   33.022545  -27.022545 (VIOLATED)
_30700_/A1                              6.000000   33.022545  -27.022545 (VIOLATED)
_30702_/A1                              6.000000   33.022545  -27.022545 (VIOLATED)
_30704_/A1                              6.000000   33.022545  -27.022545 (VIOLATED)
_30706_/A1                              6.000000   33.022545  -27.022545 (VIOLATED)
_30708_/A1                              6.000000   33.022545  -27.022545 (VIOLATED)
_30710_/A1                              6.000000   33.022545  -27.022545 (VIOLATED)
_30712_/A2                              6.000000   33.022545  -27.022545 (VIOLATED)
_30714_/A1                              6.000000   33.022545  -27.022545 (VIOLATED)
_30716_/B                               6.000000   33.022545  -27.022545 (VIOLATED)
_30718_/A1                              6.000000   33.022545  -27.022545 (VIOLATED)
_30720_/A1                              6.000000   33.022545  -27.022545 (VIOLATED)
_30722_/A1                              6.000000   33.022545  -27.022545 (VIOLATED)
_30724_/A1                              6.000000   33.022545  -27.022545 (VIOLATED)
_30726_/A1                              6.000000   33.022545  -27.022545 (VIOLATED)
_30728_/A1                              6.000000   33.022545  -27.022545 (VIOLATED)
_30730_/A1                              6.000000   33.022545  -27.022545 (VIOLATED)
_30732_/A1                              6.000000   33.022545  -27.022545 (VIOLATED)
_30734_/A1                              6.000000   33.022545  -27.022545 (VIOLATED)
_30736_/A1                              6.000000   33.022545  -27.022545 (VIOLATED)
_30738_/A1                              6.000000   33.022545  -27.022545 (VIOLATED)
_30742_/A2                              6.000000   33.022545  -27.022545 (VIOLATED)
_22315_/A2                              6.000000   30.077986  -24.077984 (VIOLATED)
_22325_/A2                              6.000000   30.077986  -24.077984 (VIOLATED)
_22329_/A2                              6.000000   30.077986  -24.077984 (VIOLATED)
_22330_/A1                              6.000000   30.077986  -24.077984 (VIOLATED)
_22332_/A1                              6.000000   30.077982  -24.077982 (VIOLATED)
_22336_/A2                              6.000000   30.077982  -24.077982 (VIOLATED)
_22340_/A2                              6.000000   30.077978  -24.077978 (VIOLATED)
_22341_/A1                              6.000000   30.077978  -24.077978 (VIOLATED)
_22356_/A2                              6.000000   30.077982  -24.077982 (VIOLATED)
_22357_/A1                              6.000000   30.077982  -24.077982 (VIOLATED)
_21542_/A2                              6.000000   30.077950  -24.077950 (VIOLATED)
_21546_/A2                              6.000000   30.077950  -24.077950 (VIOLATED)
_21547_/A1                              6.000000   30.077950  -24.077950 (VIOLATED)
_21555_/A2                              6.000000   30.077950  -24.077950 (VIOLATED)
_21556_/A1                              6.000000   30.077950  -24.077950 (VIOLATED)
_23096_/A2                              6.000000   30.077971  -24.077971 (VIOLATED)
_23106_/A2                              6.000000   30.077967  -24.077967 (VIOLATED)
_23107_/A1                              6.000000   30.077967  -24.077967 (VIOLATED)
_21561_/A2                              6.000000   30.077942  -24.077942 (VIOLATED)
_21562_/A1                              6.000000   30.077946  -24.077946 (VIOLATED)
_21564_/A2                              6.000000   30.077946  -24.077946 (VIOLATED)
_21565_/A1                              6.000000   30.077946  -24.077946 (VIOLATED)
_21566_/A2                              6.000000   30.077940  -24.077938 (VIOLATED)
_21571_/A2                              6.000000   30.077940  -24.077938 (VIOLATED)
_21572_/A1                              6.000000   30.077942  -24.077942 (VIOLATED)
_21580_/A2                              6.000000   30.077940  -24.077938 (VIOLATED)
_21581_/A1                              6.000000   30.077942  -24.077942 (VIOLATED)
_21587_/A2                              6.000000   30.077942  -24.077942 (VIOLATED)
_21588_/A1                              6.000000   30.077942  -24.077942 (VIOLATED)
_22364_/A1                              6.000000   30.077942  -24.077942 (VIOLATED)
_22365_/A2                              6.000000   30.077942  -24.077942 (VIOLATED)
_23109_/A2                              6.000000   30.077961  -24.077959 (VIOLATED)
_23113_/A2                              6.000000   30.077946  -24.077946 (VIOLATED)
_23114_/A1                              6.000000   30.077950  -24.077950 (VIOLATED)
_23116_/A2                              6.000000   30.077932  -24.077932 (VIOLATED)
_23120_/A2                              6.000000   30.077929  -24.077929 (VIOLATED)
_23121_/A1                              6.000000   30.077932  -24.077932 (VIOLATED)
_21549_/A2                              6.000000   30.077896  -24.077896 (VIOLATED)
_21550_/A1                              6.000000   30.077900  -24.077900 (VIOLATED)
_21574_/A2                              6.000000   30.077904  -24.077904 (VIOLATED)
_21575_/A1                              6.000000   30.077908  -24.077906 (VIOLATED)
_23123_/A2                              6.000000   30.077917  -24.077917 (VIOLATED)
_21577_/A2                              6.000000   30.077892  -24.077892 (VIOLATED)
_21578_/A1                              6.000000   30.077892  -24.077892 (VIOLATED)
_21583_/A2                              6.000000   30.077890  -24.077888 (VIOLATED)
_21584_/A1                              6.000000   30.077890  -24.077888 (VIOLATED)
_23131_/A2                              6.000000   30.077911  -24.077909 (VIOLATED)
_23132_/A1                              6.000000   30.077915  -24.077913 (VIOLATED)
_23134_/A2                              6.000000   30.077900  -24.077900 (VIOLATED)
_23135_/A1                              6.000000   30.077904  -24.077904 (VIOLATED)
_23137_/A2                              6.000000   30.077908  -24.077906 (VIOLATED)
_23138_/A1                              6.000000   30.077908  -24.077906 (VIOLATED)
_23140_/A2                              6.000000   30.077896  -24.077896 (VIOLATED)
_23141_/A1                              6.000000   30.077896  -24.077896 (VIOLATED)
_23144_/A2                              6.000000   30.077896  -24.077896 (VIOLATED)
_23145_/A1                              6.000000   30.077896  -24.077896 (VIOLATED)
_23146_/A2                              6.000000   30.077900  -24.077900 (VIOLATED)
_18864_/A2                              6.000000   30.077864  -24.077864 (VIOLATED)
_18870_/A2                              6.000000   30.077862  -24.077860 (VIOLATED)
_18871_/A1                              6.000000   30.077862  -24.077860 (VIOLATED)
_18873_/A2                              6.000000   30.077862  -24.077860 (VIOLATED)
_18876_/A2                              6.000000   30.077862  -24.077860 (VIOLATED)
_18879_/A1                              6.000000   30.077862  -24.077860 (VIOLATED)
_18881_/A2                              6.000000   30.077858  -24.077856 (VIOLATED)
_18882_/A1                              6.000000   30.077862  -24.077860 (VIOLATED)
_18889_/A2                              6.000000   30.077858  -24.077856 (VIOLATED)
_18890_/A1                              6.000000   30.077858  -24.077856 (VIOLATED)
_18892_/A2                              6.000000   30.077858  -24.077856 (VIOLATED)
_18893_/A1                              6.000000   30.077854  -24.077854 (VIOLATED)
_18895_/A2                              6.000000   30.077854  -24.077854 (VIOLATED)
_18896_/A1                              6.000000   30.077854  -24.077854 (VIOLATED)
_19735_/A2                              6.000000   30.077868  -24.077868 (VIOLATED)
_18897_/A2                              6.000000   30.077837  -24.077835 (VIOLATED)
_18898_/A1                              6.000000   30.077837  -24.077835 (VIOLATED)
_22322_/A2                              6.000000   30.077858  -24.077856 (VIOLATED)
_22323_/A1                              6.000000   30.077858  -24.077856 (VIOLATED)
_19747_/A2                              6.000000   30.077833  -24.077831 (VIOLATED)
_22350_/A2                              6.000000   30.077850  -24.077850 (VIOLATED)
_22351_/A1                              6.000000   30.077847  -24.077847 (VIOLATED)
_22353_/A2                              6.000000   30.077850  -24.077850 (VIOLATED)
_22354_/A1                              6.000000   30.077850  -24.077850 (VIOLATED)
_19750_/A2                              6.000000   30.077814  -24.077814 (VIOLATED)
_22359_/A2                              6.000000   30.077833  -24.077831 (VIOLATED)
_22360_/A1                              6.000000   30.077833  -24.077831 (VIOLATED)
_22362_/A2                              6.000000   30.077833  -24.077831 (VIOLATED)
_22363_/A1                              6.000000   30.077833  -24.077831 (VIOLATED)
_17918_/I                               6.000000   30.077768  -24.077768 (VIOLATED)
_18847_/A2                              6.000000   30.077772  -24.077772 (VIOLATED)
_18849_/A2                              6.000000   30.077772  -24.077772 (VIOLATED)
_18854_/A2                              6.000000   30.077772  -24.077772 (VIOLATED)
_18855_/A1                              6.000000   30.077772  -24.077772 (VIOLATED)
_18857_/A2                              6.000000   30.077772  -24.077772 (VIOLATED)
_18858_/A1                              6.000000   30.077772  -24.077772 (VIOLATED)
_19768_/B                               6.000000   30.077793  -24.077793 (VIOLATED)
_19771_/A2                              6.000000   30.077801  -24.077801 (VIOLATED)
_19772_/A1                              6.000000   30.077801  -24.077801 (VIOLATED)
_19757_/A2                              6.000000   30.077761  -24.077761 (VIOLATED)
_19758_/A1                              6.000000   30.077759  -24.077757 (VIOLATED)
_19760_/A2                              6.000000   30.077780  -24.077778 (VIOLATED)
_19761_/A1                              6.000000   30.077776  -24.077776 (VIOLATED)
_19763_/A2                              6.000000   30.077780  -24.077778 (VIOLATED)
_19774_/A2                              6.000000   30.077780  -24.077778 (VIOLATED)
_19775_/A1                              6.000000   30.077780  -24.077778 (VIOLATED)
_19777_/A2                              6.000000   30.077801  -24.077801 (VIOLATED)
_19778_/A1                              6.000000   30.077801  -24.077801 (VIOLATED)
_23092_/A2                              6.000000   30.077768  -24.077768 (VIOLATED)
_23094_/A2                              6.000000   30.077765  -24.077765 (VIOLATED)
_23100_/A2                              6.000000   30.077765  -24.077765 (VIOLATED)
_23101_/A1                              6.000000   30.077768  -24.077768 (VIOLATED)
_23103_/A2                              6.000000   30.077768  -24.077768 (VIOLATED)
_23104_/A1                              6.000000   30.077768  -24.077768 (VIOLATED)
_19731_/A2                              6.000000   30.077734  -24.077732 (VIOLATED)
_19733_/A2                              6.000000   30.077740  -24.077740 (VIOLATED)
_21538_/A2                              6.000000   30.077755  -24.077753 (VIOLATED)
_19739_/A2                              6.000000   30.077726  -24.077724 (VIOLATED)
_19740_/A1                              6.000000   30.077726  -24.077724 (VIOLATED)
_19743_/A2                              6.000000   30.077730  -24.077728 (VIOLATED)
_19744_/A1                              6.000000   30.077730  -24.077728 (VIOLATED)
_19780_/A2                              6.000000   30.077736  -24.077736 (VIOLATED)
_19781_/A1                              6.000000   30.077736  -24.077736 (VIOLATED)
_20636_/A2                              6.000000   30.077730  -24.077728 (VIOLATED)
_20638_/A2                              6.000000   30.077730  -24.077728 (VIOLATED)
_21540_/A2                              6.000000   30.077751  -24.077751 (VIOLATED)
_22311_/A2                              6.000000   30.077768  -24.077768 (VIOLATED)
_22313_/A2                              6.000000   30.077765  -24.077765 (VIOLATED)
_24007_/A2                              6.000000   30.077730  -24.077728 (VIOLATED)
_17917_/ZN                              6.000000   30.077637  -24.077637 (VIOLATED)
_19783_/A2                              6.000000   30.077637  -24.077637 (VIOLATED)
_19784_/A1                              6.000000   30.077637  -24.077637 (VIOLATED)
_19785_/A2                              6.000000   30.077637  -24.077637 (VIOLATED)
_19786_/A1                              6.000000   30.077637  -24.077637 (VIOLATED)
_20640_/A2                              6.000000   30.077637  -24.077637 (VIOLATED)
_20644_/A2                              6.000000   30.077637  -24.077637 (VIOLATED)
_20645_/A1                              6.000000   30.077637  -24.077637 (VIOLATED)
_20647_/A2                              6.000000   30.077637  -24.077637 (VIOLATED)
_20648_/A1                              6.000000   30.077637  -24.077637 (VIOLATED)
_20650_/A2                              6.000000   30.077637  -24.077637 (VIOLATED)
_20654_/A2                              6.000000   30.077637  -24.077637 (VIOLATED)
_20655_/A1                              6.000000   30.077637  -24.077637 (VIOLATED)
_20658_/A2                              6.000000   30.077637  -24.077637 (VIOLATED)
_20661_/A2                              6.000000   30.077637  -24.077637 (VIOLATED)
_20662_/A1                              6.000000   30.077637  -24.077637 (VIOLATED)
_20664_/A2                              6.000000   30.077637  -24.077637 (VIOLATED)
_20665_/A1                              6.000000   30.077637  -24.077637 (VIOLATED)
_20667_/A2                              6.000000   30.077637  -24.077637 (VIOLATED)
_20671_/A2                              6.000000   30.077637  -24.077637 (VIOLATED)
_20672_/A1                              6.000000   30.077637  -24.077637 (VIOLATED)
_20676_/A2                              6.000000   30.077637  -24.077637 (VIOLATED)
_20677_/A1                              6.000000   30.077637  -24.077637 (VIOLATED)
_20679_/A2                              6.000000   30.077637  -24.077637 (VIOLATED)
_20680_/A1                              6.000000   30.077637  -24.077637 (VIOLATED)
_20682_/A2                              6.000000   30.077637  -24.077637 (VIOLATED)
_20683_/A1                              6.000000   30.077637  -24.077637 (VIOLATED)
_20685_/A2                              6.000000   30.077637  -24.077637 (VIOLATED)
_20686_/A1                              6.000000   30.077637  -24.077637 (VIOLATED)
_20687_/A2                              6.000000   30.077637  -24.077637 (VIOLATED)
_20688_/A1                              6.000000   30.077637  -24.077637 (VIOLATED)
_24009_/A2                              6.000000   30.077637  -24.077637 (VIOLATED)
_24011_/A2                              6.000000   30.077637  -24.077637 (VIOLATED)
_24016_/A2                              6.000000   30.077637  -24.077637 (VIOLATED)
_24017_/A1                              6.000000   30.077637  -24.077637 (VIOLATED)
_24019_/A2                              6.000000   30.077637  -24.077637 (VIOLATED)
_24020_/A1                              6.000000   30.077637  -24.077637 (VIOLATED)
_24023_/A2                              6.000000   30.077637  -24.077637 (VIOLATED)
_24026_/A2                              6.000000   30.077637  -24.077637 (VIOLATED)
_24027_/A1                              6.000000   30.077637  -24.077637 (VIOLATED)
_24032_/A2                              6.000000   30.077637  -24.077637 (VIOLATED)
_24033_/A1                              6.000000   30.077637  -24.077637 (VIOLATED)
_24035_/A2                              6.000000   30.077637  -24.077637 (VIOLATED)
_24039_/A2                              6.000000   30.077637  -24.077637 (VIOLATED)
_24040_/A1                              6.000000   30.077637  -24.077637 (VIOLATED)
_24044_/A2                              6.000000   30.077637  -24.077637 (VIOLATED)
_24048_/A2                              6.000000   30.077637  -24.077637 (VIOLATED)
_24049_/A1                              6.000000   30.077637  -24.077637 (VIOLATED)
_24051_/A2                              6.000000   30.077637  -24.077637 (VIOLATED)
_24052_/A1                              6.000000   30.077637  -24.077637 (VIOLATED)
_24054_/A2                              6.000000   30.077637  -24.077637 (VIOLATED)
_24055_/A1                              6.000000   30.077637  -24.077637 (VIOLATED)
_24057_/A2                              6.000000   30.077637  -24.077637 (VIOLATED)
_24058_/A1                              6.000000   30.077637  -24.077637 (VIOLATED)
_24061_/A2                              6.000000   30.077637  -24.077637 (VIOLATED)
_24062_/A1                              6.000000   30.077637  -24.077637 (VIOLATED)
_24063_/A2                              6.000000   30.077637  -24.077637 (VIOLATED)
_24064_/A1                              6.000000   30.077637  -24.077637 (VIOLATED)
_24781_/A2                              6.000000   30.077637  -24.077637 (VIOLATED)
_24783_/A2                              6.000000   30.077637  -24.077637 (VIOLATED)
_24785_/A2                              6.000000   30.077637  -24.077637 (VIOLATED)
_24789_/A2                              6.000000   30.077637  -24.077637 (VIOLATED)
_24790_/A1                              6.000000   30.077637  -24.077637 (VIOLATED)
_24793_/A2                              6.000000   30.077637  -24.077637 (VIOLATED)
_24794_/A1                              6.000000   30.077637  -24.077637 (VIOLATED)
_24796_/A2                              6.000000   30.077637  -24.077637 (VIOLATED)
_24800_/A2                              6.000000   30.077637  -24.077637 (VIOLATED)
_24801_/A1                              6.000000   30.077637  -24.077637 (VIOLATED)
_24815_/A2                              6.000000   30.077637  -24.077637 (VIOLATED)
_24819_/A2                              6.000000   30.077637  -24.077637 (VIOLATED)
_24820_/A1                              6.000000   30.077637  -24.077637 (VIOLATED)
_24822_/A2                              6.000000   30.077637  -24.077637 (VIOLATED)
_24823_/A1                              6.000000   30.077637  -24.077637 (VIOLATED)
_24825_/A2                              6.000000   30.077637  -24.077637 (VIOLATED)
_24826_/A1                              6.000000   30.077637  -24.077637 (VIOLATED)
_24828_/A2                              6.000000   30.077637  -24.077637 (VIOLATED)
_24829_/A1                              6.000000   30.077637  -24.077637 (VIOLATED)
_24831_/A2                              6.000000   30.077637  -24.077637 (VIOLATED)
_24832_/A1                              6.000000   30.077637  -24.077637 (VIOLATED)
_24833_/A2                              6.000000   30.077637  -24.077637 (VIOLATED)
_24834_/A1                              6.000000   30.077637  -24.077637 (VIOLATED)
_34196_/B1                              6.000000   29.973951  -23.973951 (VIOLATED)
_34200_/B1                              6.000000   29.973951  -23.973951 (VIOLATED)
_34257_/B1                              6.000000   29.973951  -23.973951 (VIOLATED)
_31003_/A2                              6.000000   29.973927  -23.973927 (VIOLATED)
_34264_/B1                              6.000000   29.973944  -23.973944 (VIOLATED)
_34315_/B1                              6.000000   29.973951  -23.973951 (VIOLATED)
_34191_/B1                              6.000000   29.973919  -23.973919 (VIOLATED)
_34204_/B1                              6.000000   29.973927  -23.973927 (VIOLATED)
_34208_/B1                              6.000000   29.973927  -23.973927 (VIOLATED)
_34212_/B1                              6.000000   29.973927  -23.973927 (VIOLATED)
_34271_/B1                              6.000000   29.973927  -23.973927 (VIOLATED)
_34318_/B1                              6.000000   29.973948  -23.973948 (VIOLATED)
_34280_/B1                              6.000000   29.973915  -23.973915 (VIOLATED)
_34312_/B1                              6.000000   29.973923  -23.973923 (VIOLATED)
_34321_/B1                              6.000000   29.973944  -23.973944 (VIOLATED)
_34324_/B1                              6.000000   29.973927  -23.973927 (VIOLATED)
_34327_/B1                              6.000000   29.973927  -23.973927 (VIOLATED)
_34248_/B1                              6.000000   29.973881  -23.973879 (VIOLATED)
_34251_/B1                              6.000000   29.973890  -23.973890 (VIOLATED)
_33625_/B1                              6.000000   29.973820  -23.973820 (VIOLATED)
_33632_/B1                              6.000000   29.973806  -23.973804 (VIOLATED)
_33700_/B1                              6.000000   29.973806  -23.973804 (VIOLATED)
_31010_/A1                              6.000000   29.973738  -23.973738 (VIOLATED)
_33555_/B1                              6.000000   29.973757  -23.973755 (VIOLATED)
_33639_/B1                              6.000000   29.973774  -23.973772 (VIOLATED)
_33560_/B1                              6.000000   29.973738  -23.973738 (VIOLATED)
_33564_/B1                              6.000000   29.973757  -23.973755 (VIOLATED)
_33569_/B1                              6.000000   29.973759  -23.973759 (VIOLATED)
_33578_/B1                              6.000000   29.973759  -23.973759 (VIOLATED)
_33645_/B1                              6.000000   29.973759  -23.973759 (VIOLATED)
_33657_/B1                              6.000000   29.973782  -23.973780 (VIOLATED)
_33697_/B1                              6.000000   29.973782  -23.973780 (VIOLATED)
_33703_/B1                              6.000000   29.973778  -23.973776 (VIOLATED)
_33572_/B1                              6.000000   29.973734  -23.973734 (VIOLATED)
_33651_/B1                              6.000000   29.973738  -23.973738 (VIOLATED)
_33706_/B1                              6.000000   29.973759  -23.973759 (VIOLATED)
_33712_/B1                              6.000000   29.973763  -23.973763 (VIOLATED)
_33709_/B1                              6.000000   29.973734  -23.973734 (VIOLATED)
_32204_/B1                              6.000000   29.973671  -23.973669 (VIOLATED)
_32229_/B1                              6.000000   29.973679  -23.973677 (VIOLATED)
_32235_/B1                              6.000000   29.973675  -23.973673 (VIOLATED)
_32336_/B1                              6.000000   29.973667  -23.973667 (VIOLATED)
_32357_/B1                              6.000000   29.973675  -23.973673 (VIOLATED)
_32418_/B1                              6.000000   29.973671  -23.973669 (VIOLATED)
_32424_/B1                              6.000000   29.973675  -23.973673 (VIOLATED)
_32427_/B1                              6.000000   29.973675  -23.973673 (VIOLATED)
_32350_/B1                              6.000000   29.973642  -23.973642 (VIOLATED)
_32343_/B1                              6.000000   29.973602  -23.973602 (VIOLATED)
_32421_/B1                              6.000000   29.973606  -23.973606 (VIOLATED)
_32216_/B1                              6.000000   29.973576  -23.973574 (VIOLATED)
_32916_/B1                              6.000000   29.973564  -23.973564 (VIOLATED)
_32919_/B1                              6.000000   29.973557  -23.973557 (VIOLATED)
_32924_/B1                              6.000000   29.973564  -23.973564 (VIOLATED)
_32928_/B1                              6.000000   29.973568  -23.973566 (VIOLATED)
_32257_/B1                              6.000000   29.973532  -23.973532 (VIOLATED)
_32430_/B1                              6.000000   29.973543  -23.973541 (VIOLATED)
_32932_/B1                              6.000000   29.973549  -23.973549 (VIOLATED)
_32984_/B1                              6.000000   29.973547  -23.973545 (VIOLATED)
_33062_/B1                              6.000000   29.973568  -23.973566 (VIOLATED)
_32991_/B1                              6.000000   29.973543  -23.973541 (VIOLATED)
_32997_/B1                              6.000000   29.973547  -23.973545 (VIOLATED)
_33003_/B1                              6.000000   29.973547  -23.973545 (VIOLATED)
_33009_/B1                              6.000000   29.973539  -23.973539 (VIOLATED)
_33065_/B1                              6.000000   29.973560  -23.973560 (VIOLATED)
_33068_/B1                              6.000000   29.973564  -23.973564 (VIOLATED)
_33071_/B1                              6.000000   29.973568  -23.973566 (VIOLATED)
_33074_/B1                              6.000000   29.973553  -23.973553 (VIOLATED)
_32364_/B1                              6.000000   29.973507  -23.973507 (VIOLATED)
_30984_/A1                              6.000000   29.973387  -23.973385 (VIOLATED)
_32271_/B1                              6.000000   29.973347  -23.973347 (VIOLATED)
_32371_/B1                              6.000000   29.973366  -23.973364 (VIOLATED)
_32433_/B1                              6.000000   29.973375  -23.973375 (VIOLATED)
_30966_/A2                              6.000000   29.973305  -23.973305 (VIOLATED)
_30967_/A2                              6.000000   29.973301  -23.973301 (VIOLATED)
_30988_/A2                              6.000000   29.973316  -23.973314 (VIOLATED)
_32935_/B1                              6.000000   29.973305  -23.973305 (VIOLATED)
_33015_/B1                              6.000000   29.973305  -23.973305 (VIOLATED)
_33077_/B1                              6.000000   29.973305  -23.973305 (VIOLATED)
_30985_/A2                              6.000000   29.973251  -23.973251 (VIOLATED)
_32908_/B1                              6.000000   29.973230  -23.973230 (VIOLATED)
_32977_/B1                              6.000000   29.973230  -23.973230 (VIOLATED)
_33057_/B1                              6.000000   29.973230  -23.973230 (VIOLATED)
_32327_/B1                              6.000000   29.973206  -23.973204 (VIOLATED)
_30965_/ZN                              6.000000   29.973112  -23.973112 (VIOLATED)
_31079_/A1                              6.000000   29.973112  -23.973112 (VIOLATED)
_31100_/A2                              6.000000   29.973112  -23.973112 (VIOLATED)
_32185_/B1                              6.000000   29.973112  -23.973112 (VIOLATED)
_32284_/B1                              6.000000   29.973112  -23.973112 (VIOLATED)
_32378_/B1                              6.000000   29.973112  -23.973112 (VIOLATED)
_32412_/B1                              6.000000   29.973112  -23.973112 (VIOLATED)
_32436_/B1                              6.000000   29.973112  -23.973112 (VIOLATED)
_32940_/B1                              6.000000   29.973112  -23.973112 (VIOLATED)
_33021_/B1                              6.000000   29.973112  -23.973112 (VIOLATED)
_33080_/B1                              6.000000   29.973112  -23.973112 (VIOLATED)
_33551_/B1                              6.000000   29.973112  -23.973112 (VIOLATED)
_33582_/B1                              6.000000   29.973112  -23.973112 (VIOLATED)
_33618_/B1                              6.000000   29.973112  -23.973112 (VIOLATED)
_33663_/B1                              6.000000   29.973112  -23.973112 (VIOLATED)
_33691_/B1                              6.000000   29.973112  -23.973112 (VIOLATED)
_33715_/B1                              6.000000   29.973112  -23.973112 (VIOLATED)
_34184_/B1                              6.000000   29.973112  -23.973112 (VIOLATED)
_34216_/B1                              6.000000   29.973112  -23.973112 (VIOLATED)
_34237_/B1                              6.000000   29.973112  -23.973112 (VIOLATED)
_34283_/B1                              6.000000   29.973112  -23.973112 (VIOLATED)
_34307_/B1                              6.000000   29.973112  -23.973112 (VIOLATED)
_34330_/B1                              6.000000   29.973112  -23.973112 (VIOLATED)
_33765_/B1                              6.000000   29.293762  -23.293762 (VIOLATED)
_33790_/B1                              6.000000   29.293760  -23.293762 (VIOLATED)
_34195_/B1                              6.000000   29.293756  -23.293755 (VIOLATED)
_34199_/B1                              6.000000   29.293756  -23.293755 (VIOLATED)
_34378_/B1                              6.000000   29.293762  -23.293762 (VIOLATED)
_34593_/B1                              6.000000   29.293762  -23.293762 (VIOLATED)
_34203_/B1                              6.000000   29.293737  -23.293737 (VIOLATED)
_34385_/B1                              6.000000   29.293760  -23.293758 (VIOLATED)
_34390_/B1                              6.000000   29.293749  -23.293749 (VIOLATED)
_34402_/B1                              6.000000   29.293760  -23.293762 (VIOLATED)
_34598_/B1                              6.000000   29.293760  -23.293758 (VIOLATED)
_34601_/B1                              6.000000   29.293743  -23.293745 (VIOLATED)
_34609_/B1                              6.000000   29.293760  -23.293762 (VIOLATED)
_34192_/B1                              6.000000   29.293711  -23.293713 (VIOLATED)
_34207_/B1                              6.000000   29.293713  -23.293713 (VIOLATED)
_34211_/B1                              6.000000   29.293732  -23.293730 (VIOLATED)
_34371_/B1                              6.000000   29.293716  -23.293716 (VIOLATED)
_34395_/B1                              6.000000   29.293713  -23.293713 (VIOLATED)
_34590_/B1                              6.000000   29.293718  -23.293720 (VIOLATED)
_34604_/B1                              6.000000   29.293713  -23.293713 (VIOLATED)
_33773_/B1                              6.000000   29.293688  -23.293688 (VIOLATED)
_33760_/B1                              6.000000   29.293659  -23.293659 (VIOLATED)
_33778_/B1                              6.000000   29.293671  -23.293671 (VIOLATED)
_33992_/B1                              6.000000   29.293619  -23.293621 (VIOLATED)
_34010_/B1                              6.000000   29.293604  -23.293602 (VIOLATED)
_33556_/B1                              6.000000   29.293554  -23.293556 (VIOLATED)
_34002_/B1                              6.000000   29.293575  -23.293573 (VIOLATED)
_32203_/B1                              6.000000   29.293528  -23.293528 (VIOLATED)
_32234_/B1                              6.000000   29.293528  -23.293528 (VIOLATED)
_33563_/B1                              6.000000   29.293547  -23.293545 (VIOLATED)
_33568_/B1                              6.000000   29.293564  -23.293564 (VIOLATED)
_33577_/B1                              6.000000   29.293566  -23.293568 (VIOLATED)
_33999_/B1                              6.000000   29.293547  -23.293545 (VIOLATED)
_32230_/B1                              6.000000   29.293495  -23.293495 (VIOLATED)
_32478_/B1                              6.000000   29.293512  -23.293514 (VIOLATED)
_32497_/B1                              6.000000   29.293503  -23.293503 (VIOLATED)
_32733_/B1                              6.000000   29.293518  -23.293516 (VIOLATED)
_32722_/B1                              6.000000   29.293491  -23.293491 (VIOLATED)
_33559_/B1                              6.000000   29.293495  -23.293495 (VIOLATED)
_33573_/B1                              6.000000   29.293495  -23.293495 (VIOLATED)
_33783_/B1                              6.000000   29.293499  -23.293499 (VIOLATED)
_33996_/B1                              6.000000   29.293501  -23.293499 (VIOLATED)
_34005_/B1                              6.000000   29.293497  -23.293495 (VIOLATED)
_31110_/A2                              6.000000   29.293438  -23.293440 (VIOLATED)
_32484_/B1                              6.000000   29.293455  -23.293457 (VIOLATED)
_32492_/B1                              6.000000   29.293476  -23.293478 (VIOLATED)
_32726_/B1                              6.000000   29.293461  -23.293461 (VIOLATED)
_32730_/B1                              6.000000   29.293474  -23.293474 (VIOLATED)
_32258_/B1                              6.000000   29.293419  -23.293417 (VIOLATED)
_32500_/B1                              6.000000   29.293407  -23.293407 (VIOLATED)
_32272_/B1                              6.000000   29.293329  -23.293329 (VIOLATED)
_32506_/B1                              6.000000   29.293343  -23.293343 (VIOLATED)
_32737_/B1                              6.000000   29.293348  -23.293350 (VIOLATED)
_32741_/B1                              6.000000   29.293337  -23.293337 (VIOLATED)
_30963_/ZN                              6.000000   29.293234  -23.293232 (VIOLATED)
_30969_/A1                              6.000000   29.293234  -23.293232 (VIOLATED)
_30975_/A1                              6.000000   29.293234  -23.293232 (VIOLATED)
_30985_/A1                              6.000000   29.293234  -23.293232 (VIOLATED)
_30994_/A1                              6.000000   29.293234  -23.293232 (VIOLATED)
_30998_/A1                              6.000000   29.293234  -23.293232 (VIOLATED)
_31023_/A1                              6.000000   29.293234  -23.293232 (VIOLATED)
_31027_/A1                              6.000000   29.293234  -23.293232 (VIOLATED)
_31074_/A1                              6.000000   29.293234  -23.293232 (VIOLATED)
_31095_/A1                              6.000000   29.293234  -23.293232 (VIOLATED)
_32188_/B1                              6.000000   29.293234  -23.293232 (VIOLATED)
_32473_/B1                              6.000000   29.293234  -23.293232 (VIOLATED)
_32513_/B1                              6.000000   29.293234  -23.293232 (VIOLATED)
_32718_/B1                              6.000000   29.293234  -23.293232 (VIOLATED)
_32745_/B1                              6.000000   29.293234  -23.293232 (VIOLATED)
_32909_/B1                              6.000000   29.293234  -23.293232 (VIOLATED)
_32915_/B1                              6.000000   29.293234  -23.293232 (VIOLATED)
_32920_/B1                              6.000000   29.293234  -23.293232 (VIOLATED)
_32923_/B1                              6.000000   29.293234  -23.293232 (VIOLATED)
_32927_/B1                              6.000000   29.293234  -23.293232 (VIOLATED)
_32931_/B1                              6.000000   29.293234  -23.293232 (VIOLATED)
_32936_/B1                              6.000000   29.293234  -23.293232 (VIOLATED)
_32939_/B1                              6.000000   29.293234  -23.293232 (VIOLATED)
_33116_/B1                              6.000000   29.293234  -23.293232 (VIOLATED)
_33124_/B1                              6.000000   29.293234  -23.293232 (VIOLATED)
_33131_/B1                              6.000000   29.293234  -23.293232 (VIOLATED)
_33137_/B1                              6.000000   29.293234  -23.293232 (VIOLATED)
_33143_/B1                              6.000000   29.293234  -23.293232 (VIOLATED)
_33150_/B1                              6.000000   29.293234  -23.293232 (VIOLATED)
_33156_/B1                              6.000000   29.293234  -23.293232 (VIOLATED)
_33162_/B1                              6.000000   29.293234  -23.293232 (VIOLATED)
_33353_/B1                              6.000000   29.293234  -23.293232 (VIOLATED)
_33359_/B1                              6.000000   29.293234  -23.293232 (VIOLATED)
_33364_/B1                              6.000000   29.293234  -23.293232 (VIOLATED)
_33367_/B1                              6.000000   29.293234  -23.293232 (VIOLATED)
_33372_/B1                              6.000000   29.293234  -23.293232 (VIOLATED)
_33375_/B1                              6.000000   29.293234  -23.293232 (VIOLATED)
_33380_/B1                              6.000000   29.293234  -23.293232 (VIOLATED)
_33385_/B1                              6.000000   29.293234  -23.293232 (VIOLATED)
_33550_/B1                              6.000000   29.293234  -23.293232 (VIOLATED)
_33581_/B1                              6.000000   29.293234  -23.293232 (VIOLATED)
_33750_/B1                              6.000000   29.293234  -23.293232 (VIOLATED)
_33795_/B1                              6.000000   29.293234  -23.293232 (VIOLATED)
_33986_/B1                              6.000000   29.293234  -23.293232 (VIOLATED)
_34015_/B1                              6.000000   29.293234  -23.293232 (VIOLATED)
_34185_/B1                              6.000000   29.293234  -23.293232 (VIOLATED)
_34215_/B1                              6.000000   29.293234  -23.293232 (VIOLATED)
_34363_/B1                              6.000000   29.293234  -23.293232 (VIOLATED)
_34409_/B1                              6.000000   29.293234  -23.293232 (VIOLATED)
_34583_/B1                              6.000000   29.293234  -23.293232 (VIOLATED)
_34614_/B1                              6.000000   29.293234  -23.293232 (VIOLATED)
_33766_/B1                              6.000000   29.032526  -23.032528 (VIOLATED)
_33789_/B1                              6.000000   29.032520  -23.032520 (VIOLATED)
_34377_/B1                              6.000000   29.032524  -23.032524 (VIOLATED)
_34384_/B1                              6.000000   29.032520  -23.032520 (VIOLATED)
_34401_/B1                              6.000000   29.032522  -23.032524 (VIOLATED)
_34450_/A2                              6.000000   29.032526  -23.032528 (VIOLATED)
_34458_/A2                              6.000000   29.032516  -23.032516 (VIOLATED)
_34532_/B1                              6.000000   29.032526  -23.032528 (VIOLATED)
_31007_/A2                              6.000000   29.032490  -23.032488 (VIOLATED)
_34389_/B1                              6.000000   29.032492  -23.032492 (VIOLATED)
_34394_/B1                              6.000000   29.032488  -23.032488 (VIOLATED)
_34466_/A2                              6.000000   29.032497  -23.032499 (VIOLATED)
_34474_/A2                              6.000000   29.032492  -23.032492 (VIOLATED)
_34538_/B1                              6.000000   29.032509  -23.032511 (VIOLATED)
_34544_/B1                              6.000000   29.032495  -23.032495 (VIOLATED)
_34482_/A2                              6.000000   29.032469  -23.032471 (VIOLATED)
_34550_/B1                              6.000000   29.032492  -23.032492 (VIOLATED)
_34556_/B1                              6.000000   29.032486  -23.032486 (VIOLATED)
_33772_/B1                              6.000000   29.032444  -23.032442 (VIOLATED)
_34370_/B1                              6.000000   29.032444  -23.032442 (VIOLATED)
_34442_/A2                              6.000000   29.032444  -23.032442 (VIOLATED)
_33777_/B1                              6.000000   29.032415  -23.032413 (VIOLATED)
_34526_/B1                              6.000000   29.032436  -23.032434 (VIOLATED)
_33759_/B1                              6.000000   29.032368  -23.032368 (VIOLATED)
_33829_/B1                              6.000000   29.032366  -23.032368 (VIOLATED)
_33871_/B1                              6.000000   29.032352  -23.032354 (VIOLATED)
_33911_/B1                              6.000000   29.032370  -23.032372 (VIOLATED)
_33941_/B1                              6.000000   29.032352  -23.032354 (VIOLATED)
_33839_/B1                              6.000000   29.032309  -23.032307 (VIOLATED)
_33917_/B1                              6.000000   29.032316  -23.032318 (VIOLATED)
_31064_/A1                              6.000000   29.032248  -23.032248 (VIOLATED)
_33782_/B1                              6.000000   29.032267  -23.032269 (VIOLATED)
_33847_/B1                              6.000000   29.032259  -23.032257 (VIOLATED)
_33855_/B1                              6.000000   29.032263  -23.032261 (VIOLATED)
_33863_/B1                              6.000000   29.032242  -23.032244 (VIOLATED)
_33923_/B1                              6.000000   29.032261  -23.032261 (VIOLATED)
_33929_/B1                              6.000000   29.032263  -23.032261 (VIOLATED)
_33935_/B1                              6.000000   29.032219  -23.032219 (VIOLATED)
_32480_/B1                              6.000000   29.032148  -23.032148 (VIOLATED)
_32491_/B1                              6.000000   29.032127  -23.032125 (VIOLATED)
_32496_/B1                              6.000000   29.032148  -23.032148 (VIOLATED)
_32560_/A2                              6.000000   29.032112  -23.032112 (VIOLATED)
_32576_/A2                              6.000000   29.032108  -23.032108 (VIOLATED)
_32584_/A2                              6.000000   29.032114  -23.032116 (VIOLATED)
_32644_/B1                              6.000000   29.032114  -23.032116 (VIOLATED)
_32656_/B1                              6.000000   29.032116  -23.032116 (VIOLATED)
_32662_/B1                              6.000000   29.032116  -23.032116 (VIOLATED)
_32486_/B1                              6.000000   29.032068  -23.032070 (VIOLATED)
_32570_/B1                              6.000000   29.032078  -23.032076 (VIOLATED)
_32650_/B1                              6.000000   29.032078  -23.032076 (VIOLATED)
_32502_/B1                              6.000000   29.032007  -23.032009 (VIOLATED)
_32593_/A2                              6.000000   29.032026  -23.032026 (VIOLATED)
_32668_/B1                              6.000000   29.032038  -23.032038 (VIOLATED)
_33125_/B1                              6.000000   29.031965  -23.031967 (VIOLATED)
_33130_/B1                              6.000000   29.031958  -23.031960 (VIOLATED)
_33136_/B1                              6.000000   29.031963  -23.031963 (VIOLATED)
_33142_/B1                              6.000000   29.031973  -23.031973 (VIOLATED)
_33149_/B1                              6.000000   29.031950  -23.031948 (VIOLATED)
_33195_/A2                              6.000000   29.031969  -23.031969 (VIOLATED)
_33204_/B1                              6.000000   29.031960  -23.031960 (VIOLATED)
_33212_/A2                              6.000000   29.031967  -23.031967 (VIOLATED)
_33220_/A2                              6.000000   29.031971  -23.031969 (VIOLATED)
_33229_/A2                              6.000000   29.031952  -23.031952 (VIOLATED)
_33291_/B1                              6.000000   29.031971  -23.031969 (VIOLATED)
_33297_/B1                              6.000000   29.031960  -23.031960 (VIOLATED)
_33303_/B1                              6.000000   29.031965  -23.031967 (VIOLATED)
_33308_/B1                              6.000000   29.031973  -23.031973 (VIOLATED)
_30973_/A2                              6.000000   29.031914  -23.031914 (VIOLATED)
_30995_/A1                              6.000000   29.031929  -23.031931 (VIOLATED)
_32508_/B1                              6.000000   29.031923  -23.031923 (VIOLATED)
_32601_/A2                              6.000000   29.031908  -23.031910 (VIOLATED)
_32674_/B1                              6.000000   29.031912  -23.031914 (VIOLATED)
_33155_/B1                              6.000000   29.031925  -23.031923 (VIOLATED)
_33235_/A2                              6.000000   29.031931  -23.031931 (VIOLATED)
_33314_/B1                              6.000000   29.031952  -23.031952 (VIOLATED)
_33319_/B1                              6.000000   29.031929  -23.031931 (VIOLATED)
_30998_/A2                              6.000000   29.031881  -23.031881 (VIOLATED)
_30970_/ZN                              6.000000   29.031733  -23.031733 (VIOLATED)
_32472_/B1                              6.000000   29.031733  -23.031733 (VIOLATED)
_32512_/B1                              6.000000   29.031733  -23.031733 (VIOLATED)
_32547_/A2                              6.000000   29.031733  -23.031733 (VIOLATED)
_32610_/A2                              6.000000   29.031733  -23.031733 (VIOLATED)
_32636_/B1                              6.000000   29.031733  -23.031733 (VIOLATED)
_32680_/B1                              6.000000   29.031733  -23.031733 (VIOLATED)
_33118_/A2                              6.000000   29.031733  -23.031733 (VIOLATED)
_33161_/B1                              6.000000   29.031733  -23.031733 (VIOLATED)
_33185_/A2                              6.000000   29.031733  -23.031733 (VIOLATED)
_33245_/A2                              6.000000   29.031733  -23.031733 (VIOLATED)
_33284_/B1                              6.000000   29.031733  -23.031733 (VIOLATED)
_33325_/B1                              6.000000   29.031733  -23.031733 (VIOLATED)
_33751_/B1                              6.000000   29.031733  -23.031733 (VIOLATED)
_33797_/B1                              6.000000   29.031733  -23.031733 (VIOLATED)
_33819_/A2                              6.000000   29.031733  -23.031733 (VIOLATED)
_33879_/B1                              6.000000   29.031733  -23.031733 (VIOLATED)
_33903_/B1                              6.000000   29.031733  -23.031733 (VIOLATED)
_34362_/A2                              6.000000   29.031733  -23.031733 (VIOLATED)
_34408_/B1                              6.000000   29.031733  -23.031733 (VIOLATED)
_34433_/B1                              6.000000   29.031733  -23.031733 (VIOLATED)
_34490_/A2                              6.000000   29.031733  -23.031733 (VIOLATED)
_34516_/B1                              6.000000   29.031733  -23.031733 (VIOLATED)
_34562_/B1                              6.000000   29.031733  -23.031733 (VIOLATED)
_31101_/A2                              6.000000   28.026337  -22.026339 (VIOLATED)
_31154_/A2                              6.000000   28.026358  -22.026356 (VIOLATED)
_31159_/A2                              6.000000   28.026358  -22.026356 (VIOLATED)
_31213_/A2                              6.000000   28.026358  -22.026356 (VIOLATED)
_31218_/A2                              6.000000   28.026360  -22.026360 (VIOLATED)
_31272_/A2                              6.000000   28.026352  -22.026354 (VIOLATED)
_31277_/A2                              6.000000   28.026348  -22.026350 (VIOLATED)
_31327_/A2                              6.000000   28.026354  -22.026354 (VIOLATED)
_31332_/A2                              6.000000   28.026354  -22.026354 (VIOLATED)
_31384_/A2                              6.000000   28.026344  -22.026346 (VIOLATED)
_31389_/A2                              6.000000   28.026342  -22.026342 (VIOLATED)
_34252_/A2                              6.000000   28.026358  -22.026356 (VIOLATED)
_34259_/A2                              6.000000   28.026360  -22.026360 (VIOLATED)
_34266_/A2                              6.000000   28.026360  -22.026360 (VIOLATED)
_31092_/A2                              6.000000   28.026312  -22.026314 (VIOLATED)
_34277_/A2                              6.000000   28.026333  -22.026331 (VIOLATED)
_31144_/A2                              6.000000   28.026285  -22.026285 (VIOLATED)
_31204_/A2                              6.000000   28.026289  -22.026289 (VIOLATED)
_31071_/A2                              6.000000   28.026260  -22.026260 (VIOLATED)
_31080_/A2                              6.000000   28.026255  -22.026253 (VIOLATED)
_31139_/A2                              6.000000   28.026255  -22.026253 (VIOLATED)
_31198_/A2                              6.000000   28.026251  -22.026251 (VIOLATED)
_31262_/A2                              6.000000   28.026260  -22.026260 (VIOLATED)
_31318_/A2                              6.000000   28.026270  -22.026272 (VIOLATED)
_31368_/A2                              6.000000   28.026258  -22.026257 (VIOLATED)
_31374_/A2                              6.000000   28.026260  -22.026260 (VIOLATED)
_33623_/A2                              6.000000   28.026253  -22.026253 (VIOLATED)
_33630_/A2                              6.000000   28.026247  -22.026247 (VIOLATED)
_34245_/A2                              6.000000   28.026262  -22.026264 (VIOLATED)
_31256_/A2                              6.000000   28.026194  -22.026194 (VIOLATED)
_31312_/A2                              6.000000   28.026209  -22.026211 (VIOLATED)
_33636_/A2                              6.000000   28.026190  -22.026190 (VIOLATED)
_33642_/A2                              6.000000   28.026192  -22.026194 (VIOLATED)
_33648_/A2                              6.000000   28.026182  -22.026182 (VIOLATED)
_33654_/A2                              6.000000   28.026194  -22.026194 (VIOLATED)
_31170_/A2                              6.000000   28.026154  -22.026154 (VIOLATED)
_31228_/A2                              6.000000   28.026157  -22.026157 (VIOLATED)
_32333_/A2                              6.000000   28.026155  -22.026157 (VIOLATED)
_32346_/A2                              6.000000   28.026155  -22.026157 (VIOLATED)
_32353_/A2                              6.000000   28.026157  -22.026157 (VIOLATED)
_32557_/A2                              6.000000   28.026155  -22.026157 (VIOLATED)
_32774_/A2                              6.000000   28.026155  -22.026157 (VIOLATED)
_32788_/A2                              6.000000   28.026154  -22.026154 (VIOLATED)
_32795_/A2                              6.000000   28.026155  -22.026157 (VIOLATED)
_31017_/A2                              6.000000   28.026119  -22.026119 (VIOLATED)
_31054_/A2                              6.000000   28.026119  -22.026119 (VIOLATED)
_31123_/A2                              6.000000   28.026108  -22.026108 (VIOLATED)
_31129_/A2                              6.000000   28.026106  -22.026108 (VIOLATED)
_31183_/A2                              6.000000   28.026114  -22.026115 (VIOLATED)
_31188_/A2                              6.000000   28.026112  -22.026112 (VIOLATED)
_31240_/A2                              6.000000   28.026121  -22.026121 (VIOLATED)
_31246_/A2                              6.000000   28.026121  -22.026121 (VIOLATED)
_31297_/A2                              6.000000   28.026104  -22.026104 (VIOLATED)
_31302_/A2                              6.000000   28.026104  -22.026104 (VIOLATED)
_32340_/A2                              6.000000   28.026127  -22.026125 (VIOLATED)
_32566_/A2                              6.000000   28.026104  -22.026104 (VIOLATED)
_32781_/A2                              6.000000   28.026119  -22.026119 (VIOLATED)
_32982_/A2                              6.000000   28.026121  -22.026121 (VIOLATED)
_32988_/A2                              6.000000   28.026110  -22.026112 (VIOLATED)
_32994_/A2                              6.000000   28.026112  -22.026112 (VIOLATED)
_33000_/A2                              6.000000   28.026121  -22.026121 (VIOLATED)
_33006_/A2                              6.000000   28.026104  -22.026104 (VIOLATED)
_32361_/A2                              6.000000   28.026075  -22.026075 (VIOLATED)
_32590_/A2                              6.000000   28.026077  -22.026075 (VIOLATED)
_32802_/A2                              6.000000   28.026087  -22.026087 (VIOLATED)
_31171_/B1                              6.000000   28.026031  -22.026033 (VIOLATED)
_30982_/A2                              6.000000   28.025995  -22.025993 (VIOLATED)
_31352_/A2                              6.000000   28.025995  -22.025993 (VIOLATED)
_31358_/A2                              6.000000   28.025995  -22.025993 (VIOLATED)
_33012_/A2                              6.000000   28.025995  -22.025993 (VIOLATED)
_30980_/ZN                              6.000000   28.025908  -22.025909 (VIOLATED)
_31000_/A2                              6.000000   28.025908  -22.025909 (VIOLATED)
_31046_/A1                              6.000000   28.025908  -22.025909 (VIOLATED)
_31343_/A2                              6.000000   28.025908  -22.025909 (VIOLATED)
_31346_/A2                              6.000000   28.025908  -22.025909 (VIOLATED)
_31408_/A2                              6.000000   28.025908  -22.025909 (VIOLATED)
_31414_/A2                              6.000000   28.025908  -22.025909 (VIOLATED)
_31429_/A2                              6.000000   28.025908  -22.025909 (VIOLATED)
_31439_/A2                              6.000000   28.025908  -22.025909 (VIOLATED)
_31444_/A2                              6.000000   28.025908  -22.025909 (VIOLATED)
_31455_/A2                              6.000000   28.025908  -22.025909 (VIOLATED)
_31467_/A2                              6.000000   28.025908  -22.025909 (VIOLATED)
_31473_/A2                              6.000000   28.025908  -22.025909 (VIOLATED)
_31483_/A2                              6.000000   28.025908  -22.025909 (VIOLATED)
_31489_/A2                              6.000000   28.025908  -22.025909 (VIOLATED)
_31499_/A2                              6.000000   28.025908  -22.025909 (VIOLATED)
_31504_/A2                              6.000000   28.025908  -22.025909 (VIOLATED)
_32168_/A1                              6.000000   28.025908  -22.025909 (VIOLATED)
_32368_/A2                              6.000000   28.025908  -22.025909 (VIOLATED)
_32374_/A2                              6.000000   28.025908  -22.025909 (VIOLATED)
_32607_/A2                              6.000000   28.025908  -22.025909 (VIOLATED)
_32765_/A2                              6.000000   28.025908  -22.025909 (VIOLATED)
_32815_/A2                              6.000000   28.025908  -22.025909 (VIOLATED)
_33018_/A2                              6.000000   28.025908  -22.025909 (VIOLATED)
_33660_/A2                              6.000000   28.025908  -22.025909 (VIOLATED)
_34238_/A2                              6.000000   28.025908  -22.025909 (VIOLATED)
_34284_/A2                              6.000000   28.025908  -22.025909 (VIOLATED)
_31712_/A2                              6.000000   25.298616  -19.298618 (VIOLATED)
_31730_/A2                              6.000000   25.298620  -19.298622 (VIOLATED)
_31782_/A2                              6.000000   25.298616  -19.298618 (VIOLATED)
_31785_/A2                              6.000000   25.298618  -19.298618 (VIOLATED)
_31788_/A2                              6.000000   25.298616  -19.298618 (VIOLATED)
_31733_/A2                              6.000000   25.298592  -19.298594 (VIOLATED)
_31738_/A2                              6.000000   25.298597  -19.298597 (VIOLATED)
_31741_/A2                              6.000000   25.298597  -19.298597 (VIOLATED)
_31744_/A2                              6.000000   25.298597  -19.298597 (VIOLATED)
_31791_/A2                              6.000000   25.298616  -19.298615 (VIOLATED)
_31747_/A2                              6.000000   25.298592  -19.298594 (VIOLATED)
_31794_/A2                              6.000000   25.298613  -19.298611 (VIOLATED)
_31797_/A2                              6.000000   25.298607  -19.298607 (VIOLATED)
_32063_/A2                              6.000000   25.298609  -19.298607 (VIOLATED)
_32066_/A2                              6.000000   25.298609  -19.298607 (VIOLATED)
_32069_/A2                              6.000000   25.298609  -19.298607 (VIOLATED)
_32072_/A2                              6.000000   25.298611  -19.298611 (VIOLATED)
_32075_/A2                              6.000000   25.298613  -19.298611 (VIOLATED)
_32078_/A2                              6.000000   25.298613  -19.298611 (VIOLATED)
_32081_/A2                              6.000000   25.298613  -19.298611 (VIOLATED)
_32084_/A2                              6.000000   25.298613  -19.298611 (VIOLATED)
_32089_/A2                              6.000000   25.298611  -19.298611 (VIOLATED)
_32092_/A2                              6.000000   25.298609  -19.298607 (VIOLATED)
_32095_/A2                              6.000000   25.298607  -19.298607 (VIOLATED)
_31750_/A2                              6.000000   25.298588  -19.298586 (VIOLATED)
_31800_/A2                              6.000000   25.298603  -19.298605 (VIOLATED)
_31803_/A2                              6.000000   25.298605  -19.298605 (VIOLATED)
_31808_/A2                              6.000000   25.298603  -19.298605 (VIOLATED)
_31811_/A2                              6.000000   25.298603  -19.298605 (VIOLATED)
_31814_/A2                              6.000000   25.298601  -19.298601 (VIOLATED)
_31817_/A2                              6.000000   25.298599  -19.298601 (VIOLATED)
_31820_/A2                              6.000000   25.298599  -19.298601 (VIOLATED)
_31823_/A2                              6.000000   25.298592  -19.298594 (VIOLATED)
_32098_/A2                              6.000000   25.298603  -19.298605 (VIOLATED)
_32101_/A2                              6.000000   25.298603  -19.298605 (VIOLATED)
_31753_/A2                              6.000000   25.298573  -19.298573 (VIOLATED)
_31756_/A2                              6.000000   25.298576  -19.298576 (VIOLATED)
_31826_/A2                              6.000000   25.298580  -19.298580 (VIOLATED)
_31829_/A2                              6.000000   25.298586  -19.298586 (VIOLATED)
_31884_/A2                              6.000000   25.298567  -19.298569 (VIOLATED)
_32104_/A2                              6.000000   25.298584  -19.298582 (VIOLATED)
_32107_/A2                              6.000000   25.298584  -19.298582 (VIOLATED)
_32110_/A2                              6.000000   25.298586  -19.298586 (VIOLATED)
_31887_/A2                              6.000000   25.298555  -19.298553 (VIOLATED)
_31759_/A2                              6.000000   25.298523  -19.298523 (VIOLATED)
_31762_/A2                              6.000000   25.298531  -19.298529 (VIOLATED)
_31832_/A2                              6.000000   25.298523  -19.298523 (VIOLATED)
_31835_/A2                              6.000000   25.298527  -19.298527 (VIOLATED)
_31838_/A2                              6.000000   25.298529  -19.298529 (VIOLATED)
_31841_/A2                              6.000000   25.298529  -19.298529 (VIOLATED)
_31844_/A2                              6.000000   25.298531  -19.298529 (VIOLATED)
_31847_/A2                              6.000000   25.298531  -19.298529 (VIOLATED)
_31893_/A2                              6.000000   25.298531  -19.298529 (VIOLATED)
_32113_/A2                              6.000000   25.298532  -19.298532 (VIOLATED)
_31896_/A2                              6.000000   25.298512  -19.298512 (VIOLATED)
_31917_/A2                              6.000000   25.298512  -19.298512 (VIOLATED)
_32116_/A2                              6.000000   25.298531  -19.298529 (VIOLATED)
_32119_/A2                              6.000000   25.298521  -19.298523 (VIOLATED)
_32122_/A2                              6.000000   25.298532  -19.298532 (VIOLATED)
_32125_/A2                              6.000000   25.298532  -19.298532 (VIOLATED)
_32128_/A2                              6.000000   25.298531  -19.298529 (VIOLATED)
_31902_/A2                              6.000000   25.298483  -19.298483 (VIOLATED)
_31908_/A2                              6.000000   25.298487  -19.298487 (VIOLATED)
_31911_/A2                              6.000000   25.298506  -19.298504 (VIOLATED)
_31914_/A2                              6.000000   25.298502  -19.298502 (VIOLATED)
_31899_/A2                              6.000000   25.298462  -19.298462 (VIOLATED)
_31905_/A2                              6.000000   25.298481  -19.298479 (VIOLATED)
_32011_/A2                              6.000000   25.298416  -19.298416 (VIOLATED)
_32014_/A2                              6.000000   25.298414  -19.298416 (VIOLATED)
_31890_/A2                              6.000000   25.298395  -19.298395 (VIOLATED)
_32019_/A2                              6.000000   25.298410  -19.298412 (VIOLATED)
_32022_/A2                              6.000000   25.298412  -19.298412 (VIOLATED)
_32025_/A2                              6.000000   25.298409  -19.298409 (VIOLATED)
_32028_/A2                              6.000000   25.298407  -19.298405 (VIOLATED)
_32031_/A2                              6.000000   25.298395  -19.298395 (VIOLATED)
_32034_/A2                              6.000000   25.298389  -19.298391 (VIOLATED)
_32040_/A2                              6.000000   25.298405  -19.298405 (VIOLATED)
_32037_/A2                              6.000000   25.298380  -19.298380 (VIOLATED)
_31684_/A2                              6.000000   25.298218  -19.298218 (VIOLATED)
_31765_/A2                              6.000000   25.298214  -19.298214 (VIOLATED)
_31768_/A2                              6.000000   25.298214  -19.298214 (VIOLATED)
_31771_/A2                              6.000000   25.298212  -19.298214 (VIOLATED)
_31774_/A2                              6.000000   25.298214  -19.298214 (VIOLATED)
_31777_/A2                              6.000000   25.298216  -19.298218 (VIOLATED)
_31702_/A2                              6.000000   25.298189  -19.298189 (VIOLATED)
_31705_/A2                              6.000000   25.298195  -19.298195 (VIOLATED)
_32043_/A2                              6.000000   25.298203  -19.298203 (VIOLATED)
_32046_/A2                              6.000000   25.298197  -19.298195 (VIOLATED)
_32049_/A2                              6.000000   25.298199  -19.298199 (VIOLATED)
_32052_/A2                              6.000000   25.298204  -19.298206 (VIOLATED)
_32055_/A2                              6.000000   25.298210  -19.298210 (VIOLATED)
_32058_/A2                              6.000000   25.298206  -19.298206 (VIOLATED)
_31929_/A2                              6.000000   25.298170  -19.298170 (VIOLATED)
_31932_/A2                              6.000000   25.298168  -19.298166 (VIOLATED)
_31935_/A2                              6.000000   25.298168  -19.298166 (VIOLATED)
_31976_/A2                              6.000000   25.298183  -19.298185 (VIOLATED)
_31979_/A2                              6.000000   25.298187  -19.298189 (VIOLATED)
_31982_/A2                              6.000000   25.298182  -19.298182 (VIOLATED)
_31985_/A2                              6.000000   25.298189  -19.298189 (VIOLATED)
_31938_/A2                              6.000000   25.298159  -19.298161 (VIOLATED)
_31612_/A2                              6.000000   25.298136  -19.298136 (VIOLATED)
_31616_/A2                              6.000000   25.298138  -19.298140 (VIOLATED)
_31620_/A2                              6.000000   25.298138  -19.298140 (VIOLATED)
_31624_/A2                              6.000000   25.298138  -19.298140 (VIOLATED)
_31628_/A2                              6.000000   25.298138  -19.298140 (VIOLATED)
_31632_/A2                              6.000000   25.298140  -19.298140 (VIOLATED)
_31687_/A2                              6.000000   25.298134  -19.298136 (VIOLATED)
_31690_/A2                              6.000000   25.298153  -19.298153 (VIOLATED)
_31693_/A2                              6.000000   25.298155  -19.298157 (VIOLATED)
_31696_/A2                              6.000000   25.298155  -19.298157 (VIOLATED)
_31699_/A2                              6.000000   25.298170  -19.298170 (VIOLATED)
_31941_/A2                              6.000000   25.298124  -19.298124 (VIOLATED)
_31967_/A2                              6.000000   25.298141  -19.298141 (VIOLATED)
_31970_/A2                              6.000000   25.298159  -19.298161 (VIOLATED)
_31973_/A2                              6.000000   25.298176  -19.298174 (VIOLATED)
_31988_/A2                              6.000000   25.298174  -19.298174 (VIOLATED)
_31958_/A2                              6.000000   25.298122  -19.298120 (VIOLATED)
_31961_/A2                              6.000000   25.298134  -19.298136 (VIOLATED)
_31964_/A2                              6.000000   25.298124  -19.298124 (VIOLATED)
_31944_/A2                              6.000000   25.298090  -19.298088 (VIOLATED)
_31949_/A2                              6.000000   25.298094  -19.298092 (VIOLATED)
_31952_/A2                              6.000000   25.298105  -19.298107 (VIOLATED)
_31955_/A2                              6.000000   25.298111  -19.298111 (VIOLATED)
_31715_/A2                              6.000000   25.298002  -19.298004 (VIOLATED)
_31718_/A2                              6.000000   25.298002  -19.298004 (VIOLATED)
_31721_/A2                              6.000000   25.298002  -19.298004 (VIOLATED)
_31724_/A2                              6.000000   25.298006  -19.298008 (VIOLATED)
_31727_/A2                              6.000000   25.298006  -19.298008 (VIOLATED)
_31852_/A2                              6.000000   25.298006  -19.298008 (VIOLATED)
_31855_/A2                              6.000000   25.298002  -19.298004 (VIOLATED)
_31858_/A2                              6.000000   25.298006  -19.298008 (VIOLATED)
_31861_/A2                              6.000000   25.298008  -19.298008 (VIOLATED)
_31864_/A2                              6.000000   25.297995  -19.297993 (VIOLATED)
_31867_/A2                              6.000000   25.298008  -19.298008 (VIOLATED)
_31870_/A2                              6.000000   25.298008  -19.298008 (VIOLATED)
_31873_/A2                              6.000000   25.298006  -19.298008 (VIOLATED)
_31878_/A2                              6.000000   25.297998  -19.298000 (VIOLATED)
_31881_/A2                              6.000000   25.298000  -19.298000 (VIOLATED)
_32008_/A2                              6.000000   25.297991  -19.297989 (VIOLATED)
_31993_/A2                              6.000000   25.297956  -19.297958 (VIOLATED)
_31996_/A2                              6.000000   25.297966  -19.297964 (VIOLATED)
_31999_/A2                              6.000000   25.297968  -19.297968 (VIOLATED)
_32002_/A2                              6.000000   25.297974  -19.297976 (VIOLATED)
_32005_/A2                              6.000000   25.297979  -19.297979 (VIOLATED)
_31514_/A1                              6.000000   25.297932  -19.297934 (VIOLATED)
_31922_/A1                              6.000000   25.297937  -19.297935 (VIOLATED)
_31573_/A2                              6.000000   25.297895  -19.297897 (VIOLATED)
_31640_/A2                              6.000000   25.297916  -19.297915 (VIOLATED)
_31643_/A2                              6.000000   25.297926  -19.297926 (VIOLATED)
_31646_/A2                              6.000000   25.297932  -19.297934 (VIOLATED)
_31649_/A2                              6.000000   25.297934  -19.297934 (VIOLATED)
_31652_/A2                              6.000000   25.297932  -19.297934 (VIOLATED)
_31655_/A2                              6.000000   25.297913  -19.297911 (VIOLATED)
_31658_/A2                              6.000000   25.297907  -19.297907 (VIOLATED)
_31661_/A2                              6.000000   25.297901  -19.297901 (VIOLATED)
_31923_/A2                              6.000000   25.297895  -19.297897 (VIOLATED)
_31926_/A2                              6.000000   25.297895  -19.297897 (VIOLATED)
_31565_/A2                              6.000000   25.297876  -19.297876 (VIOLATED)
_31666_/A2                              6.000000   25.297890  -19.297890 (VIOLATED)
_31669_/A2                              6.000000   25.297876  -19.297876 (VIOLATED)
_31672_/A2                              6.000000   25.297894  -19.297894 (VIOLATED)
_31675_/A2                              6.000000   25.297876  -19.297876 (VIOLATED)
_31678_/A2                              6.000000   25.297876  -19.297876 (VIOLATED)
_31681_/A2                              6.000000   25.297876  -19.297876 (VIOLATED)
_31545_/A2                              6.000000   25.297850  -19.297852 (VIOLATED)
_31553_/A2                              6.000000   25.297861  -19.297861 (VIOLATED)
_31557_/A2                              6.000000   25.297863  -19.297861 (VIOLATED)
_31561_/A2                              6.000000   25.297874  -19.297876 (VIOLATED)
_17692_/ZN                              6.000000   25.297771  -19.297773 (VIOLATED)
_25075_/B                               6.000000   25.297771  -19.297773 (VIOLATED)
_25436_/B                               6.000000   25.297771  -19.297773 (VIOLATED)
_25482_/A1                              6.000000   25.297771  -19.297773 (VIOLATED)
_25763_/B                               6.000000   25.297771  -19.297773 (VIOLATED)
_29689_/B2                              6.000000   25.297771  -19.297773 (VIOLATED)
_30635_/A2                              6.000000   25.297771  -19.297773 (VIOLATED)
_31549_/A2                              6.000000   25.297771  -19.297773 (VIOLATED)
_31569_/A2                              6.000000   25.297771  -19.297773 (VIOLATED)
_31580_/A2                              6.000000   25.297771  -19.297773 (VIOLATED)
_31584_/A2                              6.000000   25.297771  -19.297773 (VIOLATED)
_31588_/A2                              6.000000   25.297771  -19.297773 (VIOLATED)
_31592_/A2                              6.000000   25.297771  -19.297773 (VIOLATED)
_31596_/A2                              6.000000   25.297771  -19.297773 (VIOLATED)
_31600_/A2                              6.000000   25.297771  -19.297773 (VIOLATED)
_31604_/A2                              6.000000   25.297771  -19.297773 (VIOLATED)
_31608_/A2                              6.000000   25.297771  -19.297773 (VIOLATED)
_18405_/C                               6.000000   23.483791  -17.483793 (VIOLATED)
_18041_/C                               6.000000   23.483770  -17.483772 (VIOLATED)
_18254_/C                               6.000000   23.483782  -17.483782 (VIOLATED)
_18255_/A2                              6.000000   23.483782  -17.483782 (VIOLATED)
_18320_/C                               6.000000   23.483784  -17.483786 (VIOLATED)
_18366_/C                               6.000000   23.483789  -17.483789 (VIOLATED)
_18367_/A2                              6.000000   23.483788  -17.483789 (VIOLATED)
_18384_/C                               6.000000   23.483791  -17.483793 (VIOLATED)
_18385_/A2                              6.000000   23.483791  -17.483793 (VIOLATED)
_20089_/C                               6.000000   23.483784  -17.483786 (VIOLATED)
_20171_/C                               6.000000   23.483788  -17.483789 (VIOLATED)
_20191_/C                               6.000000   23.483784  -17.483786 (VIOLATED)
_20990_/C                               6.000000   23.483782  -17.483782 (VIOLATED)
_20992_/A2                              6.000000   23.483782  -17.483782 (VIOLATED)
_21077_/C                               6.000000   23.483791  -17.483793 (VIOLATED)
_21817_/C                               6.000000   23.483784  -17.483786 (VIOLATED)
_25644_/C                               6.000000   23.483786  -17.483786 (VIOLATED)
_25806_/C                               6.000000   23.483782  -17.483782 (VIOLATED)
_18146_/C                               6.000000   23.483763  -17.483765 (VIOLATED)
_18147_/A2                              6.000000   23.483763  -17.483765 (VIOLATED)
_18234_/C                               6.000000   23.483776  -17.483774 (VIOLATED)
_18235_/A2                              6.000000   23.483776  -17.483774 (VIOLATED)
_19101_/C                               6.000000   23.483765  -17.483765 (VIOLATED)
_19102_/A2                              6.000000   23.483765  -17.483765 (VIOLATED)
_19126_/C                               6.000000   23.483765  -17.483765 (VIOLATED)
_19187_/C                               6.000000   23.483778  -17.483778 (VIOLATED)
_19188_/A2                              6.000000   23.483778  -17.483778 (VIOLATED)
_19267_/C                               6.000000   23.483789  -17.483789 (VIOLATED)
_19268_/A2                              6.000000   23.483789  -17.483789 (VIOLATED)
_19313_/C                               6.000000   23.483780  -17.483778 (VIOLATED)
_19314_/A2                              6.000000   23.483780  -17.483778 (VIOLATED)
_20071_/C                               6.000000   23.483763  -17.483765 (VIOLATED)
_20124_/C                               6.000000   23.483761  -17.483761 (VIOLATED)
_20125_/A2                              6.000000   23.483761  -17.483761 (VIOLATED)
_21038_/C                               6.000000   23.483768  -17.483768 (VIOLATED)
_21085_/C                               6.000000   23.483780  -17.483778 (VIOLATED)
_21086_/A2                              6.000000   23.483780  -17.483778 (VIOLATED)
_21755_/A2                              6.000000   23.483763  -17.483765 (VIOLATED)
_21768_/C                               6.000000   23.483772  -17.483772 (VIOLATED)
_21873_/C                               6.000000   23.483780  -17.483778 (VIOLATED)
_22548_/C                               6.000000   23.483780  -17.483778 (VIOLATED)
_22589_/C                               6.000000   23.483788  -17.483789 (VIOLATED)
_22590_/A2                              6.000000   23.483788  -17.483789 (VIOLATED)
_22595_/C                               6.000000   23.483786  -17.483786 (VIOLATED)
_22650_/C                               6.000000   23.483788  -17.483789 (VIOLATED)
_22657_/C                               6.000000   23.483788  -17.483789 (VIOLATED)
_22532_/C                               6.000000   23.483749  -17.483749 (VIOLATED)
_22533_/A2                              6.000000   23.483755  -17.483753 (VIOLATED)
_25439_/C                               6.000000   23.483765  -17.483765 (VIOLATED)
_25559_/C                               6.000000   23.483755  -17.483753 (VIOLATED)
_25561_/A2                              6.000000   23.483755  -17.483757 (VIOLATED)
_19285_/C                               6.000000   23.483728  -17.483728 (VIOLATED)
_20214_/C                               6.000000   23.483715  -17.483715 (VIOLATED)
_20835_/B2                              6.000000   23.483713  -17.483715 (VIOLATED)
_21887_/C                               6.000000   23.483723  -17.483721 (VIOLATED)
_23449_/C                               6.000000   23.483730  -17.483728 (VIOLATED)
_23506_/C                               6.000000   23.483742  -17.483744 (VIOLATED)
_23538_/C                               6.000000   23.483717  -17.483719 (VIOLATED)
_23543_/C                               6.000000   23.483728  -17.483728 (VIOLATED)
_23552_/C                               6.000000   23.483719  -17.483719 (VIOLATED)
_24275_/C                               6.000000   23.483728  -17.483728 (VIOLATED)
_18001_/A1                              6.000000   23.483696  -17.483696 (VIOLATED)
_18072_/A1                              6.000000   23.483711  -17.483711 (VIOLATED)
_18036_/A1                              6.000000   23.483694  -17.483694 (VIOLATED)
_22513_/C                               6.000000   23.483706  -17.483707 (VIOLATED)
_22610_/C                               6.000000   23.483707  -17.483707 (VIOLATED)
_22665_/C                               6.000000   23.483711  -17.483711 (VIOLATED)
_24282_/C                               6.000000   23.483704  -17.483704 (VIOLATED)
_24302_/C                               6.000000   23.483715  -17.483715 (VIOLATED)
_24303_/A2                              6.000000   23.483715  -17.483715 (VIOLATED)
_24334_/C                               6.000000   23.483727  -17.483725 (VIOLATED)
_24340_/C                               6.000000   23.483725  -17.483725 (VIOLATED)
_25765_/C                               6.000000   23.483715  -17.483715 (VIOLATED)
_25849_/C                               6.000000   23.483715  -17.483715 (VIOLATED)
_25850_/A2                              6.000000   23.483715  -17.483715 (VIOLATED)
_25078_/A1                              6.000000   23.483698  -17.483696 (VIOLATED)
_17982_/ZN                              6.000000   23.483622  -17.483622 (VIOLATED)
_17984_/B2                              6.000000   23.483622  -17.483622 (VIOLATED)
_18033_/A1                              6.000000   23.483622  -17.483622 (VIOLATED)
_19070_/A1                              6.000000   23.483622  -17.483622 (VIOLATED)
_19953_/A1                              6.000000   23.483622  -17.483622 (VIOLATED)
_19955_/A1                              6.000000   23.483622  -17.483622 (VIOLATED)
_19988_/C                               6.000000   23.483622  -17.483622 (VIOLATED)
_19989_/A2                              6.000000   23.483622  -17.483622 (VIOLATED)
_20017_/C                               6.000000   23.483622  -17.483622 (VIOLATED)
_23345_/C                               6.000000   23.483622  -17.483622 (VIOLATED)
_24214_/C                               6.000000   23.483622  -17.483622 (VIOLATED)
_24216_/A2                              6.000000   23.483622  -17.483622 (VIOLATED)
_24244_/C                               6.000000   23.483622  -17.483622 (VIOLATED)
_25205_/C                               6.000000   23.483622  -17.483622 (VIOLATED)
_25343_/C                               6.000000   23.483622  -17.483622 (VIOLATED)
_18095_/A2                              6.000000   23.449533  -17.449533 (VIOLATED)
_20878_/A2                              6.000000   23.449532  -17.449530 (VIOLATED)
_21174_/A2                              6.000000   23.449528  -17.449526 (VIOLATED)
_21233_/A2                              6.000000   23.449533  -17.449533 (VIOLATED)
_21746_/A2                              6.000000   23.449533  -17.449533 (VIOLATED)
_21758_/A2                              6.000000   23.449530  -17.449530 (VIOLATED)
_21974_/A2                              6.000000   23.449526  -17.449526 (VIOLATED)
_25164_/A2                              6.000000   23.449533  -17.449533 (VIOLATED)
_18124_/A2                              6.000000   23.449505  -17.449505 (VIOLATED)
_18490_/A2                              6.000000   23.449514  -17.449516 (VIOLATED)
_18544_/A2                              6.000000   23.449532  -17.449530 (VIOLATED)
_19074_/A2                              6.000000   23.449524  -17.449524 (VIOLATED)
_19963_/A2                              6.000000   23.449532  -17.449530 (VIOLATED)
_19106_/A2                              6.000000   23.449505  -17.449505 (VIOLATED)
_20286_/A2                              6.000000   23.449505  -17.449505 (VIOLATED)
_22523_/A2                              6.000000   23.449520  -17.449520 (VIOLATED)
_22539_/A2                              6.000000   23.449512  -17.449512 (VIOLATED)
_22752_/A2                              6.000000   23.449524  -17.449524 (VIOLATED)
_18176_/A2                              6.000000   23.449486  -17.449488 (VIOLATED)
_19133_/A2                              6.000000   23.449484  -17.449484 (VIOLATED)
_20943_/A2                              6.000000   23.449495  -17.449495 (VIOLATED)
_21786_/A2                              6.000000   23.449493  -17.449495 (VIOLATED)
_22566_/A2                              6.000000   23.449503  -17.449501 (VIOLATED)
_20030_/A2                              6.000000   23.449478  -17.449476 (VIOLATED)
_25601_/A2                              6.000000   23.449478  -17.449476 (VIOLATED)
_17981_/A2                              6.000000   23.449451  -17.449451 (VIOLATED)
_18272_/A2                              6.000000   23.449455  -17.449455 (VIOLATED)
_19082_/A2                              6.000000   23.449450  -17.449450 (VIOLATED)
_19192_/A2                              6.000000   23.449448  -17.449450 (VIOLATED)
_19422_/A2                              6.000000   23.449451  -17.449451 (VIOLATED)
_19970_/A2                              6.000000   23.449450  -17.449450 (VIOLATED)
_21009_/A2                              6.000000   23.449455  -17.449455 (VIOLATED)
_21033_/A2                              6.000000   23.449471  -17.449471 (VIOLATED)
_21835_/A2                              6.000000   23.449461  -17.449463 (VIOLATED)
_22619_/A2                              6.000000   23.449455  -17.449455 (VIOLATED)
_23337_/A2                              6.000000   23.449448  -17.449450 (VIOLATED)
_25300_/A2                              6.000000   23.449450  -17.449450 (VIOLATED)
_17977_/ZN                              6.000000   23.449375  -17.449373 (VIOLATED)
_18221_/A1                              6.000000   23.449375  -17.449373 (VIOLATED)
_18301_/A2                              6.000000   23.449375  -17.449373 (VIOLATED)
_19151_/A1                              6.000000   23.449375  -17.449373 (VIOLATED)
_19201_/A2                              6.000000   23.449375  -17.449373 (VIOLATED)
_19380_/A2                              6.000000   23.449375  -17.449373 (VIOLATED)
_19995_/A2                              6.000000   23.449375  -17.449373 (VIOLATED)
_20049_/A3                              6.000000   23.449375  -17.449373 (VIOLATED)
_20095_/A2                              6.000000   23.449375  -17.449373 (VIOLATED)
_20103_/A2                              6.000000   23.449375  -17.449373 (VIOLATED)
_20328_/A2                              6.000000   23.449375  -17.449373 (VIOLATED)
_20855_/A2                              6.000000   23.449375  -17.449373 (VIOLATED)
_20907_/A2                              6.000000   23.449375  -17.449373 (VIOLATED)
_20977_/A1                              6.000000   23.449375  -17.449373 (VIOLATED)
_21774_/A2                              6.000000   23.449375  -17.449373 (VIOLATED)
_21804_/A1                              6.000000   23.449375  -17.449373 (VIOLATED)
_21822_/A2                              6.000000   23.449375  -17.449373 (VIOLATED)
_22017_/A2                              6.000000   23.449375  -17.449373 (VIOLATED)
_22555_/A2                              6.000000   23.449375  -17.449373 (VIOLATED)
_22583_/A1                              6.000000   23.449375  -17.449373 (VIOLATED)
_22605_/A2                              6.000000   23.449375  -17.449373 (VIOLATED)
_22795_/A2                              6.000000   23.449375  -17.449373 (VIOLATED)
_23314_/A2                              6.000000   23.449375  -17.449373 (VIOLATED)
_23370_/A2                              6.000000   23.449375  -17.449373 (VIOLATED)
_23404_/A2                              6.000000   23.449375  -17.449373 (VIOLATED)
_23444_/A1                              6.000000   23.449375  -17.449373 (VIOLATED)
_23474_/A2                              6.000000   23.449375  -17.449373 (VIOLATED)
_23496_/A2                              6.000000   23.449375  -17.449373 (VIOLATED)
_23638_/A2                              6.000000   23.449375  -17.449373 (VIOLATED)
_23695_/A2                              6.000000   23.449375  -17.449373 (VIOLATED)
_24207_/A2                              6.000000   23.449375  -17.449373 (VIOLATED)
_24225_/A2                              6.000000   23.449375  -17.449373 (VIOLATED)
_24236_/A2                              6.000000   23.449375  -17.449373 (VIOLATED)
_24254_/A2                              6.000000   23.449375  -17.449373 (VIOLATED)
_24271_/A1                              6.000000   23.449375  -17.449373 (VIOLATED)
_24286_/A2                              6.000000   23.449375  -17.449373 (VIOLATED)
_24294_/A2                              6.000000   23.449375  -17.449373 (VIOLATED)
_24424_/A2                              6.000000   23.449375  -17.449373 (VIOLATED)
_24465_/A2                              6.000000   23.449375  -17.449373 (VIOLATED)
_25251_/A2                              6.000000   23.449375  -17.449373 (VIOLATED)
_25389_/A2                              6.000000   23.449375  -17.449373 (VIOLATED)
_25476_/A2                              6.000000   23.449375  -17.449373 (VIOLATED)
_25518_/A2                              6.000000   23.449375  -17.449373 (VIOLATED)
_25703_/A1                              6.000000   23.449375  -17.449373 (VIOLATED)
_25990_/A2                              6.000000   23.449375  -17.449373 (VIOLATED)
_17981_/B1                              6.000000   22.995842  -16.995842 (VIOLATED)
_18095_/B1                              6.000000   22.995840  -16.995842 (VIOLATED)
_18544_/B1                              6.000000   22.995836  -16.995838 (VIOLATED)
_19422_/B1                              6.000000   22.995842  -16.995842 (VIOLATED)
_19963_/B1                              6.000000   22.995836  -16.995838 (VIOLATED)
_20878_/B1                              6.000000   22.995836  -16.995838 (VIOLATED)
_21174_/B1                              6.000000   22.995832  -16.995831 (VIOLATED)
_21233_/B1                              6.000000   22.995840  -16.995842 (VIOLATED)
_21746_/B1                              6.000000   22.995840  -16.995842 (VIOLATED)
_21758_/B1                              6.000000   22.995834  -16.995834 (VIOLATED)
_21974_/B1                              6.000000   22.995831  -16.995831 (VIOLATED)
_25164_/B1                              6.000000   22.995840  -16.995842 (VIOLATED)
_22523_/B1                              6.000000   22.995825  -16.995825 (VIOLATED)
_18124_/B1                              6.000000   22.995804  -16.995802 (VIOLATED)
_18490_/B1                              6.000000   22.995817  -16.995817 (VIOLATED)
_19074_/B1                              6.000000   22.995827  -16.995827 (VIOLATED)
_19106_/B1                              6.000000   22.995804  -16.995802 (VIOLATED)
_20286_/B1                              6.000000   22.995804  -16.995802 (VIOLATED)
_22539_/B1                              6.000000   22.995813  -16.995813 (VIOLATED)
_22752_/B1                              6.000000   22.995829  -16.995827 (VIOLATED)
_18176_/B1                              6.000000   22.995783  -16.995785 (VIOLATED)
_20943_/B1                              6.000000   22.995794  -16.995796 (VIOLATED)
_19133_/B1                              6.000000   22.995779  -16.995777 (VIOLATED)
_21786_/B1                              6.000000   22.995790  -16.995792 (VIOLATED)
_22566_/B1                              6.000000   22.995802  -16.995802 (VIOLATED)
_20030_/B1                              6.000000   22.995771  -16.995771 (VIOLATED)
_21033_/B1                              6.000000   22.995764  -16.995764 (VIOLATED)
_25601_/B1                              6.000000   22.995773  -16.995773 (VIOLATED)
_18272_/B1                              6.000000   22.995747  -16.995747 (VIOLATED)
_19192_/B1                              6.000000   22.995739  -16.995739 (VIOLATED)
_21009_/B1                              6.000000   22.995747  -16.995747 (VIOLATED)
_21835_/B1                              6.000000   22.995756  -16.995756 (VIOLATED)
_21822_/B1                              6.000000   22.995733  -16.995735 (VIOLATED)
_22605_/B1                              6.000000   22.995733  -16.995735 (VIOLATED)
_22619_/B1                              6.000000   22.995749  -16.995749 (VIOLATED)
_17980_/ZN                              6.000000   22.995659  -16.995661 (VIOLATED)
_18220_/A3                              6.000000   22.995659  -16.995661 (VIOLATED)
_18301_/B1                              6.000000   22.995659  -16.995661 (VIOLATED)
_19082_/B1                              6.000000   22.995659  -16.995661 (VIOLATED)
_19149_/A3                              6.000000   22.995659  -16.995661 (VIOLATED)
_19201_/B1                              6.000000   22.995659  -16.995661 (VIOLATED)
_19380_/B1                              6.000000   22.995659  -16.995661 (VIOLATED)
_19970_/B1                              6.000000   22.995659  -16.995661 (VIOLATED)
_19995_/B1                              6.000000   22.995659  -16.995661 (VIOLATED)
_20048_/A3                              6.000000   22.995659  -16.995661 (VIOLATED)
_20095_/B1                              6.000000   22.995659  -16.995661 (VIOLATED)
_20103_/B1                              6.000000   22.995659  -16.995661 (VIOLATED)
_20328_/B1                              6.000000   22.995659  -16.995661 (VIOLATED)
_20855_/B1                              6.000000   22.995659  -16.995661 (VIOLATED)
_20907_/B1                              6.000000   22.995659  -16.995661 (VIOLATED)
_20975_/A3                              6.000000   22.995659  -16.995661 (VIOLATED)
_21774_/B1                              6.000000   22.995659  -16.995661 (VIOLATED)
_21803_/A3                              6.000000   22.995659  -16.995661 (VIOLATED)
_22017_/B1                              6.000000   22.995659  -16.995661 (VIOLATED)
_22555_/B1                              6.000000   22.995659  -16.995661 (VIOLATED)
_22583_/B2                              6.000000   22.995659  -16.995661 (VIOLATED)
_22795_/B1                              6.000000   22.995659  -16.995661 (VIOLATED)
_23314_/B1                              6.000000   22.995659  -16.995661 (VIOLATED)
_23337_/B1                              6.000000   22.995659  -16.995661 (VIOLATED)
_23370_/B1                              6.000000   22.995659  -16.995661 (VIOLATED)
_23404_/B1                              6.000000   22.995659  -16.995661 (VIOLATED)
_23443_/A3                              6.000000   22.995659  -16.995661 (VIOLATED)
_23474_/B1                              6.000000   22.995659  -16.995661 (VIOLATED)
_23496_/B1                              6.000000   22.995659  -16.995661 (VIOLATED)
_23638_/B1                              6.000000   22.995659  -16.995661 (VIOLATED)
_23695_/B1                              6.000000   22.995659  -16.995661 (VIOLATED)
_24207_/B1                              6.000000   22.995659  -16.995661 (VIOLATED)
_24225_/B1                              6.000000   22.995659  -16.995661 (VIOLATED)
_24236_/B1                              6.000000   22.995659  -16.995661 (VIOLATED)
_24254_/B1                              6.000000   22.995659  -16.995661 (VIOLATED)
_24271_/B2                              6.000000   22.995659  -16.995661 (VIOLATED)
_24286_/B1                              6.000000   22.995659  -16.995661 (VIOLATED)
_24294_/B1                              6.000000   22.995659  -16.995661 (VIOLATED)
_24424_/B1                              6.000000   22.995659  -16.995661 (VIOLATED)
_24465_/B1                              6.000000   22.995659  -16.995661 (VIOLATED)
_25251_/B1                              6.000000   22.995659  -16.995661 (VIOLATED)
_25300_/B1                              6.000000   22.995659  -16.995661 (VIOLATED)
_25389_/B1                              6.000000   22.995659  -16.995661 (VIOLATED)
_25476_/B1                              6.000000   22.995659  -16.995661 (VIOLATED)
_25518_/B1                              6.000000   22.995659  -16.995661 (VIOLATED)
_25702_/A3                              6.000000   22.995659  -16.995661 (VIOLATED)
_25990_/B1                              6.000000   22.995659  -16.995661 (VIOLATED)
_18366_/A2                              6.000000   22.905657  -16.905657 (VIOLATED)
_18384_/B2                              6.000000   22.905657  -16.905657 (VIOLATED)
_18404_/A2                              6.000000   22.905659  -16.905659 (VIOLATED)
_19156_/A2                              6.000000   22.905659  -16.905659 (VIOLATED)
_19267_/B2                              6.000000   22.905659  -16.905659 (VIOLATED)
_20171_/B2                              6.000000   22.905657  -16.905657 (VIOLATED)
_20983_/A2                              6.000000   22.905661  -16.905659 (VIOLATED)
_21077_/A2                              6.000000   22.905661  -16.905659 (VIOLATED)
_21877_/A2                              6.000000   22.905661  -16.905659 (VIOLATED)
_21878_/A2                              6.000000   22.905661  -16.905659 (VIOLATED)
_20180_/A2                              6.000000   22.905638  -16.905638 (VIOLATED)
_20191_/A2                              6.000000   22.905643  -16.905645 (VIOLATED)
_22589_/B2                              6.000000   22.905653  -16.905653 (VIOLATED)
_22650_/B2                              6.000000   22.905651  -16.905653 (VIOLATED)
_22657_/B2                              6.000000   22.905651  -16.905653 (VIOLATED)
_18234_/A2                              6.000000   22.905613  -16.905613 (VIOLATED)
_19313_/B2                              6.000000   22.905617  -16.905617 (VIOLATED)
_21038_/B2                              6.000000   22.905619  -16.905621 (VIOLATED)
_18018_/A2                              6.000000   22.905590  -16.905592 (VIOLATED)
_20071_/A2                              6.000000   22.905603  -16.905603 (VIOLATED)
_21085_/B1                              6.000000   22.905617  -16.905617 (VIOLATED)
_21873_/B2                              6.000000   22.905617  -16.905617 (VIOLATED)
_25438_/A2                              6.000000   22.905605  -16.905607 (VIOLATED)
_18039_/A1                              6.000000   22.905586  -16.905584 (VIOLATED)
_18041_/A2                              6.000000   22.905588  -16.905588 (VIOLATED)
_18133_/A2                              6.000000   22.905590  -16.905588 (VIOLATED)
_18254_/A2                              6.000000   22.905596  -16.905596 (VIOLATED)
_18320_/A2                              6.000000   22.905600  -16.905600 (VIOLATED)
_20089_/A2                              6.000000   22.905600  -16.905600 (VIOLATED)
_20124_/A2                              6.000000   22.905611  -16.905609 (VIOLATED)
_20990_/B2                              6.000000   22.905594  -16.905596 (VIOLATED)
_25559_/B2                              6.000000   22.905598  -16.905600 (VIOLATED)
_25644_/B2                              6.000000   22.905600  -16.905600 (VIOLATED)
_18146_/A2                              6.000000   22.905579  -16.905579 (VIOLATED)
_19101_/A2                              6.000000   22.905584  -16.905584 (VIOLATED)
_19126_/A2                              6.000000   22.905586  -16.905584 (VIOLATED)
_19187_/A2                              6.000000   22.905592  -16.905592 (VIOLATED)
_19222_/A2                              6.000000   22.905600  -16.905600 (VIOLATED)
_21768_/B2                              6.000000   22.905590  -16.905588 (VIOLATED)
_21817_/A2                              6.000000   22.905598  -16.905600 (VIOLATED)
_22547_/A2                              6.000000   22.905594  -16.905596 (VIOLATED)
_22595_/B2                              6.000000   22.905600  -16.905600 (VIOLATED)
_19167_/A2                              6.000000   22.905565  -16.905567 (VIOLATED)
_19285_/A2                              6.000000   22.905573  -16.905575 (VIOLATED)
_19299_/A2                              6.000000   22.905565  -16.905567 (VIOLATED)
_23449_/B2                              6.000000   22.905575  -16.905575 (VIOLATED)
_23506_/B2                              6.000000   22.905584  -16.905584 (VIOLATED)
_20214_/B2                              6.000000   22.905556  -16.905556 (VIOLATED)
_21071_/A2                              6.000000   22.905565  -16.905567 (VIOLATED)
_22531_/A2                              6.000000   22.905569  -16.905571 (VIOLATED)
_23538_/B2                              6.000000   22.905560  -16.905560 (VIOLATED)
_23543_/B2                              6.000000   22.905573  -16.905575 (VIOLATED)
_23552_/B2                              6.000000   22.905565  -16.905563 (VIOLATED)
_24275_/B2                              6.000000   22.905573  -16.905575 (VIOLATED)
_24302_/B2                              6.000000   22.905556  -16.905556 (VIOLATED)
_24334_/B2                              6.000000   22.905571  -16.905571 (VIOLATED)
_24340_/B2                              6.000000   22.905569  -16.905571 (VIOLATED)
_24349_/A2                              6.000000   22.905565  -16.905567 (VIOLATED)
_25765_/B2                              6.000000   22.905558  -16.905556 (VIOLATED)
_25848_/A2                              6.000000   22.905556  -16.905556 (VIOLATED)
_18073_/A1                              6.000000   22.905537  -16.905535 (VIOLATED)
_19173_/A2                              6.000000   22.905523  -16.905525 (VIOLATED)
_20835_/A1                              6.000000   22.905539  -16.905539 (VIOLATED)
_22610_/B2                              6.000000   22.905548  -16.905550 (VIOLATED)
_22665_/B1                              6.000000   22.905552  -16.905554 (VIOLATED)
_22513_/B2                              6.000000   22.905523  -16.905525 (VIOLATED)
_22514_/A1                              6.000000   22.905523  -16.905525 (VIOLATED)
_23456_/A2                              6.000000   22.905529  -16.905529 (VIOLATED)
_25076_/A1                              6.000000   22.905523  -16.905525 (VIOLATED)
_17973_/ZN                              6.000000   22.905449  -16.905451 (VIOLATED)
_18017_/A1                              6.000000   22.905449  -16.905451 (VIOLATED)
_18023_/A1                              6.000000   22.905449  -16.905451 (VIOLATED)
_19954_/A1                              6.000000   22.905449  -16.905451 (VIOLATED)
_19988_/A2                              6.000000   22.905449  -16.905451 (VIOLATED)
_20017_/B2                              6.000000   22.905449  -16.905451 (VIOLATED)
_23296_/A1                              6.000000   22.905449  -16.905451 (VIOLATED)
_23345_/B2                              6.000000   22.905449  -16.905451 (VIOLATED)
_23377_/A2                              6.000000   22.905449  -16.905451 (VIOLATED)
_24214_/B2                              6.000000   22.905449  -16.905451 (VIOLATED)
_24221_/A1                              6.000000   22.905449  -16.905451 (VIOLATED)
_24244_/B2                              6.000000   22.905449  -16.905451 (VIOLATED)
_25205_/B2                              6.000000   22.905449  -16.905451 (VIOLATED)
_25343_/B2                              6.000000   22.905449  -16.905451 (VIOLATED)
_27402_/B1                              6.000000   21.546297  -15.546299 (VIOLATED)
_27536_/A2                              6.000000   21.546303  -15.546303 (VIOLATED)
_27648_/B1                              6.000000   21.546297  -15.546299 (VIOLATED)
_27750_/B1                              6.000000   21.546301  -15.546303 (VIOLATED)
_27895_/B1                              6.000000   21.546299  -15.546299 (VIOLATED)
_27967_/C                               6.000000   21.546303  -15.546303 (VIOLATED)
_27968_/A2                              6.000000   21.546301  -15.546303 (VIOLATED)
_26617_/B1                              6.000000   21.546268  -15.546270 (VIOLATED)
_26683_/B                               6.000000   21.546265  -15.546264 (VIOLATED)
_26684_/A2                              6.000000   21.546265  -15.546264 (VIOLATED)
_26745_/B1                              6.000000   21.546272  -15.546274 (VIOLATED)
_26770_/B1                              6.000000   21.546276  -15.546278 (VIOLATED)
_27040_/B1                              6.000000   21.546286  -15.546285 (VIOLATED)
_27129_/B1                              6.000000   21.546288  -15.546288 (VIOLATED)
_27221_/B1                              6.000000   21.546289  -15.546288 (VIOLATED)
_26857_/C                               6.000000   21.546268  -15.546267 (VIOLATED)
_26858_/A2                              6.000000   21.546267  -15.546267 (VIOLATED)
_26928_/B1                              6.000000   21.546280  -15.546281 (VIOLATED)
_26997_/B1                              6.000000   21.546282  -15.546281 (VIOLATED)
_27314_/A2                              6.000000   21.546268  -15.546270 (VIOLATED)
_26488_/B1                              6.000000   21.546242  -15.546242 (VIOLATED)
_26497_/B                               6.000000   21.546232  -15.546231 (VIOLATED)
_26498_/A2                              6.000000   21.546232  -15.546231 (VIOLATED)
_26508_/B1                              6.000000   21.546242  -15.546242 (VIOLATED)
_26522_/B                               6.000000   21.546238  -15.546239 (VIOLATED)
_26523_/A2                              6.000000   21.546240  -15.546239 (VIOLATED)
_26542_/B1                              6.000000   21.546242  -15.546242 (VIOLATED)
_26582_/C                               6.000000   21.546251  -15.546252 (VIOLATED)
_26583_/A2                              6.000000   21.546246  -15.546246 (VIOLATED)
_25120_/ZN                              6.000000   21.546146  -15.546146 (VIOLATED)
_25122_/A2                              6.000000   21.546146  -15.546146 (VIOLATED)
_25357_/B1                              6.000000   21.546146  -15.546146 (VIOLATED)
_25588_/A2                              6.000000   21.546146  -15.546146 (VIOLATED)
_25662_/A4                              6.000000   21.546146  -15.546146 (VIOLATED)
_17995_/B                               6.000000   21.452328  -15.452330 (VIOLATED)
_18101_/C                               6.000000   21.452335  -15.452336 (VIOLATED)
_18551_/B2                              6.000000   21.452339  -15.452340 (VIOLATED)
_19287_/C                               6.000000   21.452328  -15.452330 (VIOLATED)
_19315_/A1                              6.000000   21.452314  -15.452315 (VIOLATED)
_19427_/C                               6.000000   21.452328  -15.452330 (VIOLATED)
_19962_/C                               6.000000   21.452333  -15.452333 (VIOLATED)
_20853_/C                               6.000000   21.452326  -15.452326 (VIOLATED)
_20877_/C                               6.000000   21.452339  -15.452340 (VIOLATED)
_21073_/C                               6.000000   21.452324  -15.452323 (VIOLATED)
_21087_/B2                              6.000000   21.452326  -15.452326 (VIOLATED)
_21237_/B                               6.000000   21.452328  -15.452330 (VIOLATED)
_21749_/A1                              6.000000   21.452332  -15.452333 (VIOLATED)
_21761_/B                               6.000000   21.452339  -15.452340 (VIOLATED)
_21812_/C                               6.000000   21.452330  -15.452330 (VIOLATED)
_21880_/C                               6.000000   21.452330  -15.452330 (VIOLATED)
_21977_/B                               6.000000   21.452330  -15.452330 (VIOLATED)
_25170_/B2                              6.000000   21.452324  -15.452323 (VIOLATED)
_18236_/A1                              6.000000   21.452299  -15.452297 (VIOLATED)
_20985_/C                               6.000000   21.452301  -15.452301 (VIOLATED)
_21079_/C                               6.000000   21.452301  -15.452301 (VIOLATED)
_21178_/B                               6.000000   21.452301  -15.452301 (VIOLATED)
_18368_/A1                              6.000000   21.452284  -15.452284 (VIOLATED)
_18407_/C                               6.000000   21.452291  -15.452291 (VIOLATED)
_18495_/A1                              6.000000   21.452288  -15.452287 (VIOLATED)
_19168_/B                               6.000000   21.452274  -15.452272 (VIOLATED)
_20173_/C                               6.000000   21.452278  -15.452280 (VIOLATED)
_22520_/C                               6.000000   21.452295  -15.452294 (VIOLATED)
_22756_/B                               6.000000   21.452299  -15.452297 (VIOLATED)
_20292_/B2                              6.000000   21.452276  -15.452276 (VIOLATED)
_23451_/C                               6.000000   21.452274  -15.452276 (VIOLATED)
_23554_/C                               6.000000   21.452286  -15.452287 (VIOLATED)
_25306_/B2                              6.000000   21.452274  -15.452276 (VIOLATED)
_20216_/C                               6.000000   21.452250  -15.452251 (VIOLATED)
_22667_/C                               6.000000   21.452244  -15.452245 (VIOLATED)
_23540_/C                               6.000000   21.452259  -15.452258 (VIOLATED)
_25767_/C                               6.000000   21.452265  -15.452266 (VIOLATED)
_25851_/A1                              6.000000   21.452257  -15.452258 (VIOLATED)
_20073_/C                               6.000000   21.452219  -15.452220 (VIOLATED)
_20913_/B2                              6.000000   21.452215  -15.452216 (VIOLATED)
_21041_/C                               6.000000   21.452227  -15.452227 (VIOLATED)
_21833_/C                               6.000000   21.452223  -15.452223 (VIOLATED)
_22612_/C                               6.000000   21.452223  -15.452223 (VIOLATED)
_25441_/C                               6.000000   21.452223  -15.452223 (VIOLATED)
_25562_/A1                              6.000000   21.452236  -15.452237 (VIOLATED)
_25646_/C                               6.000000   21.452223  -15.452223 (VIOLATED)
_20000_/B                               6.000000   21.452194  -15.452194 (VIOLATED)
_20126_/A1                              6.000000   21.452202  -15.452202 (VIOLATED)
_23457_/B                               6.000000   21.452206  -15.452206 (VIOLATED)
_23508_/C                               6.000000   21.452204  -15.452206 (VIOLATED)
_22554_/C                               6.000000   21.452139  -15.452138 (VIOLATED)
_19384_/C                               6.000000   21.452112  -15.452113 (VIOLATED)
_20332_/B                               6.000000   21.452105  -15.452106 (VIOLATED)
_21780_/C                               6.000000   21.452112  -15.452113 (VIOLATED)
_21889_/C                               6.000000   21.452114  -15.452113 (VIOLATED)
_22024_/B2                              6.000000   21.452116  -15.452116 (VIOLATED)
_22799_/B                               6.000000   21.452105  -15.452106 (VIOLATED)
_23317_/B                               6.000000   21.452105  -15.452106 (VIOLATED)
_23698_/B                               6.000000   21.452116  -15.452116 (VIOLATED)
_24211_/C                               6.000000   21.452105  -15.452106 (VIOLATED)
_24231_/B2                              6.000000   21.452108  -15.452109 (VIOLATED)
_24337_/C                               6.000000   21.452110  -15.452109 (VIOLATED)
_24343_/C                               6.000000   21.452114  -15.452113 (VIOLATED)
_24350_/B                               6.000000   21.452114  -15.452113 (VIOLATED)
_24429_/C                               6.000000   21.452114  -15.452113 (VIOLATED)
_24470_/C                               6.000000   21.452116  -15.452116 (VIOLATED)
_25257_/B2                              6.000000   21.452114  -15.452113 (VIOLATED)
_25995_/B2                              6.000000   21.452114  -15.452113 (VIOLATED)
_23545_/C                               6.000000   21.452087  -15.452088 (VIOLATED)
_23641_/B                               6.000000   21.452103  -15.452103 (VIOLATED)
_24278_/C                               6.000000   21.452089  -15.452088 (VIOLATED)
_25394_/B2                              6.000000   21.452059  -15.452060 (VIOLATED)
_23368_/C                               6.000000   21.451982  -15.451982 (VIOLATED)
_24240_/B                               6.000000   21.451950  -15.451949 (VIOLATED)
_18386_/A1                              6.000000   21.451933  -15.451932 (VIOLATED)
_18123_/C                               6.000000   21.451914  -15.451914 (VIOLATED)
_20947_/B                               6.000000   21.451923  -15.451924 (VIOLATED)
_18175_/A1                              6.000000   21.451906  -15.451907 (VIOLATED)
_18256_/A1                              6.000000   21.451914  -15.451914 (VIOLATED)
_18322_/C                               6.000000   21.451912  -15.451914 (VIOLATED)
_19110_/C                               6.000000   21.451914  -15.451914 (VIOLATED)
_21819_/C                               6.000000   21.451920  -15.451921 (VIOLATED)
_22653_/C                               6.000000   21.451931  -15.451932 (VIOLATED)
_19136_/B                               6.000000   21.451902  -15.451903 (VIOLATED)
_19189_/A1                              6.000000   21.451902  -15.451903 (VIOLATED)
_19225_/C                               6.000000   21.451912  -15.451914 (VIOLATED)
_20029_/C                               6.000000   21.451904  -15.451903 (VIOLATED)
_20091_/C                               6.000000   21.451912  -15.451910 (VIOLATED)
_20193_/C                               6.000000   21.451914  -15.451914 (VIOLATED)
_20886_/C                               6.000000   21.451904  -15.451903 (VIOLATED)
_20993_/A1                              6.000000   21.451918  -15.451918 (VIOLATED)
_20994_/A1                              6.000000   21.451916  -15.451918 (VIOLATED)
_25808_/C                               6.000000   21.451914  -15.451914 (VIOLATED)
_18043_/C                               6.000000   21.451881  -15.451882 (VIOLATED)
_18148_/B2                              6.000000   21.451885  -15.451885 (VIOLATED)
_20918_/C                               6.000000   21.451897  -15.451897 (VIOLATED)
_22516_/A1                              6.000000   21.451910  -15.451910 (VIOLATED)
_22534_/A1                              6.000000   21.451925  -15.451924 (VIOLATED)
_22538_/C                               6.000000   21.451933  -15.451932 (VIOLATED)
_22550_/C                               6.000000   21.451912  -15.451914 (VIOLATED)
_22571_/C                               6.000000   21.451927  -15.451928 (VIOLATED)
_22591_/A1                              6.000000   21.451931  -15.451932 (VIOLATED)
_22598_/C                               6.000000   21.451927  -15.451928 (VIOLATED)
_22659_/C                               6.000000   21.451929  -15.451928 (VIOLATED)
_23407_/B                               6.000000   21.451895  -15.451897 (VIOLATED)
_25607_/B2                              6.000000   21.451910  -15.451910 (VIOLATED)
_19103_/A1                              6.000000   21.451870  -15.451871 (VIOLATED)
_21012_/B                               6.000000   21.451881  -15.451882 (VIOLATED)
_21032_/C                               6.000000   21.451883  -15.451882 (VIOLATED)
_21770_/C                               6.000000   21.451889  -15.451889 (VIOLATED)
_22604_/C                               6.000000   21.451885  -15.451885 (VIOLATED)
_25345_/C                               6.000000   21.451885  -15.451885 (VIOLATED)
_19128_/C                               6.000000   21.451859  -15.451858 (VIOLATED)
_19269_/A1                              6.000000   21.451870  -15.451871 (VIOLATED)
_21838_/B                               6.000000   21.451866  -15.451868 (VIOLATED)
_22618_/C                               6.000000   21.451881  -15.451882 (VIOLATED)
_24284_/C                               6.000000   21.451859  -15.451858 (VIOLATED)
_18275_/C                               6.000000   21.451839  -15.451839 (VIOLATED)
_19199_/A1                              6.000000   21.451843  -15.451843 (VIOLATED)
_21825_/B                               6.000000   21.451845  -15.451846 (VIOLATED)
_22582_/C                               6.000000   21.451839  -15.451839 (VIOLATED)
_19205_/B                               6.000000   21.451817  -15.451818 (VIOLATED)
_17669_/I                               6.000000   21.451782  -15.451782 (VIOLATED)
_18074_/A1                              6.000000   21.451788  -15.451790 (VIOLATED)
_18218_/A1                              6.000000   21.451790  -15.451790 (VIOLATED)
_20836_/C                               6.000000   21.451790  -15.451790 (VIOLATED)
_21737_/A1                              6.000000   21.451790  -15.451790 (VIOLATED)
_21802_/C                               6.000000   21.451790  -15.451790 (VIOLATED)
_25700_/B                               6.000000   21.451786  -15.451786 (VIOLATED)
_18300_/A1                              6.000000   21.451738  -15.451740 (VIOLATED)
_20019_/C                               6.000000   21.451717  -15.451718 (VIOLATED)
_20109_/B2                              6.000000   21.451710  -15.451712 (VIOLATED)
_19955_/C                               6.000000   21.451693  -15.451694 (VIOLATED)
_19990_/A1                              6.000000   21.451672  -15.451673 (VIOLATED)
_20046_/A1                              6.000000   21.451685  -15.451687 (VIOLATED)
_19071_/C                               6.000000   21.451654  -15.451654 (VIOLATED)
_23297_/C                               6.000000   21.451654  -15.451654 (VIOLATED)
_23378_/B                               6.000000   21.451658  -15.451658 (VIOLATED)
_24222_/C                               6.000000   21.451654  -15.451654 (VIOLATED)
_25207_/C                               6.000000   21.451668  -15.451669 (VIOLATED)
_23473_/C                               6.000000   21.451576  -15.451576 (VIOLATED)
_23502_/C                               6.000000   21.451576  -15.451576 (VIOLATED)
_24217_/A1                              6.000000   21.451576  -15.451576 (VIOLATED)
_24247_/C                               6.000000   21.451576  -15.451576 (VIOLATED)
_24268_/A1                              6.000000   21.451576  -15.451576 (VIOLATED)
_24289_/B                               6.000000   21.451576  -15.451576 (VIOLATED)
_24297_/B                               6.000000   21.451576  -15.451576 (VIOLATED)
_24304_/A1                              6.000000   21.451576  -15.451576 (VIOLATED)
_25481_/B2                              6.000000   21.451576  -15.451576 (VIOLATED)
_25524_/B2                              6.000000   21.451576  -15.451576 (VIOLATED)
_29687_/A1                              6.000000   21.451576  -15.451576 (VIOLATED)
_29691_/A2                              6.000000   21.451576  -15.451576 (VIOLATED)
_30639_/A1                              6.000000   21.451576  -15.451576 (VIOLATED)
_31510_/A2                              6.000000   21.451576  -15.451576 (VIOLATED)
_36339_/Q                               6.000000   21.451576  -15.451576 (VIOLATED)
_27402_/C                               6.000000   21.319565  -15.319565 (VIOLATED)
_27403_/A2                              6.000000   21.319561  -15.319561 (VIOLATED)
_27536_/B                               6.000000   21.319561  -15.319561 (VIOLATED)
_27648_/C                               6.000000   21.319565  -15.319565 (VIOLATED)
_27751_/A2                              6.000000   21.319563  -15.319565 (VIOLATED)
_27895_/C                               6.000000   21.319565  -15.319565 (VIOLATED)
_27969_/B1                              6.000000   21.319563  -15.319565 (VIOLATED)
_26617_/C                               6.000000   21.319536  -15.319536 (VIOLATED)
_26685_/A2                              6.000000   21.319534  -15.319536 (VIOLATED)
_26770_/C                               6.000000   21.319536  -15.319536 (VIOLATED)
_26859_/B1                              6.000000   21.319542  -15.319544 (VIOLATED)
_26925_/A2                              6.000000   21.319544  -15.319544 (VIOLATED)
_26994_/A2                              6.000000   21.319544  -15.319544 (VIOLATED)
_27043_/A2                              6.000000   21.319548  -15.319547 (VIOLATED)
_27131_/B1                              6.000000   21.319550  -15.319551 (VIOLATED)
_27219_/A2                              6.000000   21.319551  -15.319551 (VIOLATED)
_27314_/B                               6.000000   21.319557  -15.319557 (VIOLATED)
_25098_/ZN                              6.000000   21.319466  -15.319466 (VIOLATED)
_25101_/A3                              6.000000   21.319466  -15.319466 (VIOLATED)
_25141_/A2                              6.000000   21.319466  -15.319466 (VIOLATED)
_25244_/A2                              6.000000   21.319466  -15.319466 (VIOLATED)
_25357_/A2                              6.000000   21.319466  -15.319466 (VIOLATED)
_25384_/A2                              6.000000   21.319466  -15.319466 (VIOLATED)
_25570_/A3                              6.000000   21.319466  -15.319466 (VIOLATED)
_25661_/A4                              6.000000   21.319466  -15.319466 (VIOLATED)
_25954_/A3                              6.000000   21.319466  -15.319466 (VIOLATED)
_26485_/A2                              6.000000   21.319466  -15.319466 (VIOLATED)
_26511_/B1                              6.000000   21.319466  -15.319466 (VIOLATED)
_26539_/A2                              6.000000   21.319466  -15.319466 (VIOLATED)
_26584_/B1                              6.000000   21.319466  -15.319466 (VIOLATED)
_26743_/A2                              6.000000   21.319466  -15.319466 (VIOLATED)
_26771_/A2                              6.000000   21.319466  -15.319466 (VIOLATED)
_17990_/B1                              6.000000   20.850035  -14.850036 (VIOLATED)
_18096_/B1                              6.000000   20.850033  -14.850034 (VIOLATED)
_18545_/B1                              6.000000   20.850029  -14.850028 (VIOLATED)
_19422_/C                               6.000000   20.850035  -14.850036 (VIOLATED)
_19963_/C                               6.000000   20.850029  -14.850030 (VIOLATED)
_20879_/B1                              6.000000   20.850029  -14.850028 (VIOLATED)
_25164_/C                               6.000000   20.850033  -14.850034 (VIOLATED)
_18488_/A2                              6.000000   20.850010  -14.850011 (VIOLATED)
_19074_/C                               6.000000   20.850019  -14.850019 (VIOLATED)
_21174_/C                               6.000000   20.850025  -14.850025 (VIOLATED)
_21233_/C                               6.000000   20.850033  -14.850034 (VIOLATED)
_21746_/C                               6.000000   20.850031  -14.850032 (VIOLATED)
_21758_/C                               6.000000   20.850027  -14.850026 (VIOLATED)
_21974_/C                               6.000000   20.850023  -14.850023 (VIOLATED)
_22523_/C                               6.000000   20.850016  -14.850016 (VIOLATED)
_18124_/C                               6.000000   20.849995  -14.849995 (VIOLATED)
_19106_/C                               6.000000   20.849995  -14.849995 (VIOLATED)
_20286_/C                               6.000000   20.849995  -14.849995 (VIOLATED)
_22540_/B1                              6.000000   20.850008  -14.850009 (VIOLATED)
_22752_/C                               6.000000   20.850019  -14.850019 (VIOLATED)
_18176_/C                               6.000000   20.849976  -14.849975 (VIOLATED)
_20943_/C                               6.000000   20.849985  -14.849986 (VIOLATED)
_19133_/C                               6.000000   20.849970  -14.849970 (VIOLATED)
_21786_/C                               6.000000   20.849981  -14.849982 (VIOLATED)
_22566_/C                               6.000000   20.849993  -14.849993 (VIOLATED)
_20030_/C                               6.000000   20.849962  -14.849962 (VIOLATED)
_21034_/B1                              6.000000   20.849955  -14.849956 (VIOLATED)
_25601_/C                               6.000000   20.849964  -14.849964 (VIOLATED)
_18272_/C                               6.000000   20.849936  -14.849936 (VIOLATED)
_21835_/C                               6.000000   20.849947  -14.849947 (VIOLATED)
_18301_/C                               6.000000   20.849916  -14.849916 (VIOLATED)
_19082_/C                               6.000000   20.849930  -14.849931 (VIOLATED)
_19150_/A2                              6.000000   20.849928  -14.849929 (VIOLATED)
_19201_/C                               6.000000   20.849924  -14.849923 (VIOLATED)
_19970_/C                               6.000000   20.849932  -14.849933 (VIOLATED)
_19380_/C                               6.000000   20.849911  -14.849911 (VIOLATED)
_20328_/C                               6.000000   20.849926  -14.849925 (VIOLATED)
_20855_/C                               6.000000   20.849926  -14.849925 (VIOLATED)
_20976_/A2                              6.000000   20.849937  -14.849937 (VIOLATED)
_22017_/C                               6.000000   20.849924  -14.849923 (VIOLATED)
_22620_/B1                              6.000000   20.849937  -14.849937 (VIOLATED)
_22795_/C                               6.000000   20.849926  -14.849925 (VIOLATED)
_23314_/C                               6.000000   20.849926  -14.849925 (VIOLATED)
_23337_/C                               6.000000   20.849930  -14.849931 (VIOLATED)
_23638_/C                               6.000000   20.849926  -14.849927 (VIOLATED)
_23695_/C                               6.000000   20.849924  -14.849923 (VIOLATED)
_24207_/C                               6.000000   20.849928  -14.849929 (VIOLATED)
_24226_/B1                              6.000000   20.849926  -14.849927 (VIOLATED)
_24425_/B1                              6.000000   20.849926  -14.849925 (VIOLATED)
_24465_/C                               6.000000   20.849922  -14.849922 (VIOLATED)
_25251_/C                               6.000000   20.849920  -14.849920 (VIOLATED)
_25300_/C                               6.000000   20.849932  -14.849933 (VIOLATED)
_25990_/C                               6.000000   20.849916  -14.849916 (VIOLATED)
_17989_/ZN                              6.000000   20.849844  -14.849844 (VIOLATED)
_18221_/B2                              6.000000   20.849844  -14.849844 (VIOLATED)
_19151_/B2                              6.000000   20.849844  -14.849844 (VIOLATED)
_19995_/C                               6.000000   20.849844  -14.849844 (VIOLATED)
_20095_/C                               6.000000   20.849844  -14.849844 (VIOLATED)
_20103_/C                               6.000000   20.849844  -14.849844 (VIOLATED)
_20907_/C                               6.000000   20.849844  -14.849844 (VIOLATED)
_20977_/B2                              6.000000   20.849844  -14.849844 (VIOLATED)
_21774_/C                               6.000000   20.849844  -14.849844 (VIOLATED)
_21804_/B2                              6.000000   20.849844  -14.849844 (VIOLATED)
_22556_/B1                              6.000000   20.849844  -14.849844 (VIOLATED)
_23370_/C                               6.000000   20.849844  -14.849844 (VIOLATED)
_23404_/C                               6.000000   20.849844  -14.849844 (VIOLATED)
_23444_/B2                              6.000000   20.849844  -14.849844 (VIOLATED)
_23496_/C                               6.000000   20.849844  -14.849844 (VIOLATED)
_24236_/C                               6.000000   20.849844  -14.849844 (VIOLATED)
_24254_/C                               6.000000   20.849844  -14.849844 (VIOLATED)
_24269_/A2                              6.000000   20.849844  -14.849844 (VIOLATED)
_24270_/A3                              6.000000   20.849844  -14.849844 (VIOLATED)
_24294_/C                               6.000000   20.849844  -14.849844 (VIOLATED)
_25389_/C                               6.000000   20.849844  -14.849844 (VIOLATED)
_25476_/C                               6.000000   20.849844  -14.849844 (VIOLATED)
_25518_/C                               6.000000   20.849844  -14.849844 (VIOLATED)
_25703_/B2                              6.000000   20.849844  -14.849844 (VIOLATED)
_28028_/A2                              6.000000   19.370012  -13.370012 (VIOLATED)
_28032_/A2                              6.000000   19.370014  -13.370014 (VIOLATED)
_28160_/A2                              6.000000   19.370014  -13.370014 (VIOLATED)
_28164_/A2                              6.000000   19.370014  -13.370014 (VIOLATED)
_27408_/A2                              6.000000   19.369993  -13.369994 (VIOLATED)
_27757_/A2                              6.000000   19.370005  -13.370005 (VIOLATED)
_27761_/A2                              6.000000   19.370007  -13.370007 (VIOLATED)
_27887_/A2                              6.000000   19.370008  -13.370008 (VIOLATED)
_27891_/A2                              6.000000   19.370010  -13.370010 (VIOLATED)
_27409_/A3                              6.000000   19.369989  -13.369989 (VIOLATED)
_27552_/A3                              6.000000   19.369991  -13.369991 (VIOLATED)
_27645_/A2                              6.000000   19.370003  -13.370004 (VIOLATED)
_27656_/A2                              6.000000   19.370003  -13.370004 (VIOLATED)
_28280_/A2                              6.000000   19.369991  -13.369991 (VIOLATED)
_28284_/A2                              6.000000   19.369991  -13.369991 (VIOLATED)
_28361_/A2                              6.000000   19.369991  -13.369991 (VIOLATED)
_28366_/A2                              6.000000   19.369991  -13.369991 (VIOLATED)
_28471_/A2                              6.000000   19.369987  -13.369987 (VIOLATED)
_28475_/A2                              6.000000   19.369987  -13.369987 (VIOLATED)
_28605_/A2                              6.000000   19.369980  -13.369980 (VIOLATED)
_28609_/A2                              6.000000   19.369980  -13.369980 (VIOLATED)
_27407_/I                               6.000000   19.369965  -13.369965 (VIOLATED)
_28692_/A2                              6.000000   19.369972  -13.369973 (VIOLATED)
_28696_/A2                              6.000000   19.369972  -13.369973 (VIOLATED)
_28789_/A2                              6.000000   19.369965  -13.369965 (VIOLATED)
_28793_/A2                              6.000000   19.369967  -13.369966 (VIOLATED)
_28892_/A2                              6.000000   19.369951  -13.369952 (VIOLATED)
_28896_/A2                              6.000000   19.369947  -13.369948 (VIOLATED)
_28960_/A2                              6.000000   19.369942  -13.369943 (VIOLATED)
_28964_/A2                              6.000000   19.369930  -13.369930 (VIOLATED)
_29054_/A2                              6.000000   19.369921  -13.369922 (VIOLATED)
_29058_/A2                              6.000000   19.369923  -13.369924 (VIOLATED)
_29132_/A2                              6.000000   19.369884  -13.369884 (VIOLATED)
_29136_/A2                              6.000000   19.369892  -13.369893 (VIOLATED)
_29190_/A2                              6.000000   19.369856  -13.369856 (VIOLATED)
_29194_/A2                              6.000000   19.369846  -13.369847 (VIOLATED)
_29267_/A2                              6.000000   19.369814  -13.369813 (VIOLATED)
_29271_/A2                              6.000000   19.369801  -13.369801 (VIOLATED)
_29328_/A2                              6.000000   19.369778  -13.369778 (VIOLATED)
_29332_/A2                              6.000000   19.369781  -13.369781 (VIOLATED)
_29389_/A2                              6.000000   19.369761  -13.369760 (VIOLATED)
_29385_/A2                              6.000000   19.369728  -13.369728 (VIOLATED)
_29436_/A2                              6.000000   19.369728  -13.369728 (VIOLATED)
_29440_/A2                              6.000000   19.369740  -13.369740 (VIOLATED)
_29476_/A2                              6.000000   19.369726  -13.369726 (VIOLATED)
_29479_/A2                              6.000000   19.369719  -13.369720 (VIOLATED)
_27406_/ZN                              6.000000   19.369312  -13.369312 (VIOLATED)
_33768_/A1                              6.000000   19.211657  -13.211657 (VIOLATED)
_34380_/A1                              6.000000   19.211655  -13.211656 (VIOLATED)
_34455_/A1                              6.000000   19.211657  -13.211657 (VIOLATED)
_34534_/A1                              6.000000   19.211657  -13.211657 (VIOLATED)
_34595_/A1                              6.000000   19.211653  -13.211654 (VIOLATED)
_34719_/A1                              6.000000   19.211641  -13.211641 (VIOLATED)
_34463_/A1                              6.000000   19.211603  -13.211604 (VIOLATED)
_34479_/A1                              6.000000   19.211609  -13.211609 (VIOLATED)
_34540_/A1                              6.000000   19.211599  -13.211600 (VIOLATED)
_34552_/A1                              6.000000   19.211601  -13.211602 (VIOLATED)
_34611_/A1                              6.000000   19.211605  -13.211605 (VIOLATED)
_34723_/A1                              6.000000   19.211596  -13.211595 (VIOLATED)
_34731_/A1                              6.000000   19.211586  -13.211586 (VIOLATED)
_34546_/A1                              6.000000   19.211571  -13.211572 (VIOLATED)
_34558_/A1                              6.000000   19.211552  -13.211553 (VIOLATED)
_34606_/A1                              6.000000   19.211550  -13.211551 (VIOLATED)
_34727_/A1                              6.000000   19.211557  -13.211557 (VIOLATED)
_34471_/A1                              6.000000   19.211533  -13.211533 (VIOLATED)
_34735_/A1                              6.000000   19.211544  -13.211545 (VIOLATED)
_34487_/A1                              6.000000   19.211519  -13.211520 (VIOLATED)
_34373_/A1                              6.000000   19.211506  -13.211506 (VIOLATED)
_34447_/A1                              6.000000   19.211475  -13.211475 (VIOLATED)
_34528_/A1                              6.000000   19.211439  -13.211438 (VIOLATED)
_34715_/A1                              6.000000   19.211407  -13.211407 (VIOLATED)
_33762_/A1                              6.000000   19.211283  -13.211282 (VIOLATED)
_34122_/A1                              6.000000   19.211208  -13.211207 (VIOLATED)
_34118_/A1                              6.000000   19.211166  -13.211166 (VIOLATED)
_33919_/A1                              6.000000   19.211027  -13.211026 (VIOLATED)
_34131_/A1                              6.000000   19.210974  -13.210975 (VIOLATED)
_33913_/A1                              6.000000   19.210892  -13.210892 (VIOLATED)
_33943_/A1                              6.000000   19.210894  -13.210894 (VIOLATED)
_34126_/A1                              6.000000   19.210901  -13.210902 (VIOLATED)
_34136_/A1                              6.000000   19.210899  -13.210900 (VIOLATED)
_33931_/A1                              6.000000   19.210867  -13.210867 (VIOLATED)
_34012_/A1                              6.000000   19.210875  -13.210876 (VIOLATED)
_34114_/A1                              6.000000   19.210884  -13.210884 (VIOLATED)
_33925_/A1                              6.000000   19.210846  -13.210847 (VIOLATED)
_33785_/A1                              6.000000   19.210833  -13.210833 (VIOLATED)
_33937_/A1                              6.000000   19.210716  -13.210715 (VIOLATED)
_34007_/A1                              6.000000   19.210665  -13.210664 (VIOLATED)
_17865_/I                               6.000000   19.210192  -13.210192 (VIOLATED)
_32202_/A1                              6.000000   19.210194  -13.210194 (VIOLATED)
_32228_/A1                              6.000000   19.210196  -13.210196 (VIOLATED)
_32242_/A1                              6.000000   19.210194  -13.210194 (VIOLATED)
_32243_/A1                              6.000000   19.210194  -13.210194 (VIOLATED)
_32268_/A1                              6.000000   19.210194  -13.210194 (VIOLATED)
_32270_/A1                              6.000000   19.210194  -13.210194 (VIOLATED)
_32563_/A1                              6.000000   19.210203  -13.210204 (VIOLATED)
_32579_/A1                              6.000000   19.210201  -13.210202 (VIOLATED)
_33145_/A1                              6.000000   19.210176  -13.210177 (VIOLATED)
_33497_/A1                              6.000000   19.210190  -13.210190 (VIOLATED)
_33509_/A1                              6.000000   19.210180  -13.210181 (VIOLATED)
_33198_/A1                              6.000000   19.210157  -13.210157 (VIOLATED)
_33223_/A1                              6.000000   19.210171  -13.210170 (VIOLATED)
_33293_/A1                              6.000000   19.210178  -13.210179 (VIOLATED)
_33310_/A1                              6.000000   19.210180  -13.210181 (VIOLATED)
_33371_/C                               6.000000   19.210175  -13.210176 (VIOLATED)
_32587_/A1                              6.000000   19.210142  -13.210142 (VIOLATED)
_32646_/A1                              6.000000   19.210146  -13.210145 (VIOLATED)
_32658_/A1                              6.000000   19.210148  -13.210149 (VIOLATED)
_32664_/A1                              6.000000   19.210150  -13.210151 (VIOLATED)
_33505_/A1                              6.000000   19.210138  -13.210138 (VIOLATED)
_32201_/A1                              6.000000   19.210123  -13.210124 (VIOLATED)
_32214_/A1                              6.000000   19.210125  -13.210126 (VIOLATED)
_32215_/A1                              6.000000   19.210133  -13.210133 (VIOLATED)
_32847_/A1                              6.000000   19.210136  -13.210136 (VIOLATED)
_32855_/A1                              6.000000   19.210142  -13.210142 (VIOLATED)
_32859_/A1                              6.000000   19.210140  -13.210140 (VIOLATED)
_33127_/A1                              6.000000   19.210140  -13.210140 (VIOLATED)
_32227_/A1                              6.000000   19.210094  -13.210093 (VIOLATED)
_32851_/A1                              6.000000   19.210094  -13.210095 (VIOLATED)
_33139_/A1                              6.000000   19.210018  -13.210019 (VIOLATED)
_33215_/A1                              6.000000   19.210014  -13.210014 (VIOLATED)
_33299_/A1                              6.000000   19.210020  -13.210021 (VIOLATED)
_33501_/A1                              6.000000   19.210020  -13.210021 (VIOLATED)
_32186_/A1                              6.000000   19.209932  -13.209932 (VIOLATED)
_32253_/A1                              6.000000   19.209730  -13.209730 (VIOLATED)
_32652_/A1                              6.000000   19.209553  -13.209554 (VIOLATED)
_32670_/A1                              6.000000   19.209553  -13.209552 (VIOLATED)
_32863_/A1                              6.000000   19.209549  -13.209549 (VIOLATED)
_33133_/A1                              6.000000   19.209476  -13.209477 (VIOLATED)
_33232_/A1                              6.000000   19.209467  -13.209467 (VIOLATED)
_33377_/A1                              6.000000   19.209475  -13.209474 (VIOLATED)
_33513_/A1                              6.000000   19.209475  -13.209476 (VIOLATED)
_32596_/A1                              6.000000   19.209400  -13.209401 (VIOLATED)
_32604_/A1                              6.000000   19.208717  -13.208717 (VIOLATED)
_32867_/A1                              6.000000   19.208723  -13.208722 (VIOLATED)
_32676_/A1                              6.000000   19.208689  -13.208689 (VIOLATED)
_33240_/A1                              6.000000   19.208632  -13.208632 (VIOLATED)
_33321_/A1                              6.000000   19.208635  -13.208635 (VIOLATED)
_33382_/A1                              6.000000   19.208628  -13.208629 (VIOLATED)
_33517_/A1                              6.000000   19.208635  -13.208635 (VIOLATED)
_32840_/A1                              6.000000   19.208107  -13.208108 (VIOLATED)
_33120_/A1                              6.000000   19.208109  -13.208110 (VIOLATED)
_33188_/A1                              6.000000   19.208115  -13.208115 (VIOLATED)
_33286_/A1                              6.000000   19.208118  -13.208118 (VIOLATED)
_33490_/A1                              6.000000   19.208118  -13.208118 (VIOLATED)
_32552_/A1                              6.000000   19.208084  -13.208085 (VIOLATED)
_32638_/A1                              6.000000   19.207962  -13.207962 (VIOLATED)
_32158_/A1                              6.000000   19.207830  -13.207830 (VIOLATED)
_32184_/A1                              6.000000   19.207834  -13.207834 (VIOLATED)
_32282_/A1                              6.000000   19.207830  -13.207830 (VIOLATED)
_32283_/A1                              6.000000   19.207834  -13.207834 (VIOLATED)
_32613_/A1                              6.000000   19.207827  -13.207828 (VIOLATED)
_32871_/A1                              6.000000   19.207829  -13.207829 (VIOLATED)
_33248_/A1                              6.000000   19.207834  -13.207834 (VIOLATED)
_33327_/A1                              6.000000   19.207834  -13.207834 (VIOLATED)
_33521_/A1                              6.000000   19.207834  -13.207834 (VIOLATED)
_32682_/A1                              6.000000   19.207748  -13.207749 (VIOLATED)
_32145_/A1                              6.000000   19.207541  -13.207541 (VIOLATED)
_32170_/A1                              6.000000   19.207499  -13.207499 (VIOLATED)
_33905_/A1                              6.000000   19.207109  -13.207109 (VIOLATED)
_33753_/A1                              6.000000   19.207075  -13.207076 (VIOLATED)
_33822_/A1                              6.000000   19.207005  -13.207005 (VIOLATED)
_34109_/A1                              6.000000   19.206902  -13.206902 (VIOLATED)
_34518_/A1                              6.000000   19.206806  -13.206806 (VIOLATED)
_34495_/A1                              6.000000   19.206728  -13.206728 (VIOLATED)
_34564_/A1                              6.000000   19.206728  -13.206728 (VIOLATED)
_34711_/A1                              6.000000   19.206730  -13.206730 (VIOLATED)
_34739_/A1                              6.000000   19.206728  -13.206728 (VIOLATED)
_34365_/A1                              6.000000   19.206707  -13.206706 (VIOLATED)
_34141_/A1                              6.000000   19.206656  -13.206656 (VIOLATED)
_35310_/Q                               6.000000   19.206509  -13.206510 (VIOLATED)
_28015_/A2                              6.000000   19.030474  -13.030474 (VIOLATED)
_28019_/A2                              6.000000   19.030474  -13.030474 (VIOLATED)
_28133_/A2                              6.000000   19.030474  -13.030474 (VIOLATED)
_28137_/A2                              6.000000   19.030472  -13.030472 (VIOLATED)
_28254_/A2                              6.000000   19.030470  -13.030471 (VIOLATED)
_28258_/A2                              6.000000   19.030468  -13.030469 (VIOLATED)
_28335_/A2                              6.000000   19.030466  -13.030467 (VIOLATED)
_28339_/A2                              6.000000   19.030464  -13.030465 (VIOLATED)
_28444_/A2                              6.000000   19.030458  -13.030457 (VIOLATED)
_28448_/A2                              6.000000   19.030457  -13.030457 (VIOLATED)
_28579_/A2                              6.000000   19.030451  -13.030451 (VIOLATED)
_28583_/A2                              6.000000   19.030449  -13.030449 (VIOLATED)
_28678_/A2                              6.000000   19.030441  -13.030442 (VIOLATED)
_28682_/A2                              6.000000   19.030439  -13.030440 (VIOLATED)
_28775_/A2                              6.000000   19.030432  -13.030432 (VIOLATED)
_28779_/A2                              6.000000   19.030428  -13.030428 (VIOLATED)
_27670_/A2                              6.000000   19.030409  -13.030408 (VIOLATED)
_27674_/A2                              6.000000   19.030411  -13.030412 (VIOLATED)
_27792_/A2                              6.000000   19.030415  -13.030416 (VIOLATED)
_27796_/A2                              6.000000   19.030415  -13.030416 (VIOLATED)
_27875_/A2                              6.000000   19.030416  -13.030417 (VIOLATED)
_27879_/A2                              6.000000   19.030416  -13.030417 (VIOLATED)
_28866_/A2                              6.000000   19.030420  -13.030420 (VIOLATED)
_28870_/A2                              6.000000   19.030415  -13.030416 (VIOLATED)
_28946_/A2                              6.000000   19.030399  -13.030399 (VIOLATED)
_28950_/A2                              6.000000   19.030397  -13.030397 (VIOLATED)
_26934_/A2                              6.000000   19.030376  -13.030376 (VIOLATED)
_26935_/A3                              6.000000   19.030378  -13.030378 (VIOLATED)
_27003_/A2                              6.000000   19.030382  -13.030381 (VIOLATED)
_27037_/A2                              6.000000   19.030382  -13.030381 (VIOLATED)
_27207_/A2                              6.000000   19.030384  -13.030383 (VIOLATED)
_27211_/A2                              6.000000   19.030384  -13.030383 (VIOLATED)
_27301_/A2                              6.000000   19.030384  -13.030385 (VIOLATED)
_27305_/A2                              6.000000   19.030384  -13.030385 (VIOLATED)
_27419_/A2                              6.000000   19.030384  -13.030383 (VIOLATED)
_27423_/A2                              6.000000   19.030384  -13.030385 (VIOLATED)
_27562_/A2                              6.000000   19.030388  -13.030389 (VIOLATED)
_27566_/A2                              6.000000   19.030392  -13.030393 (VIOLATED)
_29028_/A2                              6.000000   19.030384  -13.030383 (VIOLATED)
_29032_/A2                              6.000000   19.030380  -13.030380 (VIOLATED)
_29106_/A2                              6.000000   19.030371  -13.030371 (VIOLATED)
_29110_/A2                              6.000000   19.030369  -13.030369 (VIOLATED)
_26933_/I                               6.000000   19.030302  -13.030302 (VIOLATED)
_26932_/ZN                              6.000000   19.029942  -13.029941 (VIOLATED)
_27872_/A2                              6.000000   18.994802  -12.994802 (VIOLATED)
_28008_/A2                              6.000000   18.994806  -12.994806 (VIOLATED)
_28012_/A2                              6.000000   18.994808  -12.994808 (VIOLATED)
_28126_/A2                              6.000000   18.994808  -12.994808 (VIOLATED)
_28130_/A2                              6.000000   18.994808  -12.994808 (VIOLATED)
_27555_/A2                              6.000000   18.994772  -12.994773 (VIOLATED)
_27559_/A2                              6.000000   18.994776  -12.994777 (VIOLATED)
_27663_/A2                              6.000000   18.994781  -12.994781 (VIOLATED)
_27667_/A2                              6.000000   18.994783  -12.994783 (VIOLATED)
_27785_/A2                              6.000000   18.994795  -12.994796 (VIOLATED)
_27789_/A2                              6.000000   18.994795  -12.994796 (VIOLATED)
_27868_/A2                              6.000000   18.994801  -12.994802 (VIOLATED)
_27412_/A2                              6.000000   18.994759  -12.994759 (VIOLATED)
_27416_/A2                              6.000000   18.994759  -12.994759 (VIOLATED)
_27201_/A2                              6.000000   18.994711  -12.994711 (VIOLATED)
_27295_/A2                              6.000000   18.994720  -12.994721 (VIOLATED)
_28247_/A2                              6.000000   18.994719  -12.994720 (VIOLATED)
_28251_/A2                              6.000000   18.994719  -12.994720 (VIOLATED)
_28328_/A2                              6.000000   18.994717  -12.994718 (VIOLATED)
_28332_/A2                              6.000000   18.994717  -12.994718 (VIOLATED)
_28437_/A2                              6.000000   18.994715  -12.994714 (VIOLATED)
_28441_/A2                              6.000000   18.994713  -12.994712 (VIOLATED)
_28572_/A2                              6.000000   18.994705  -12.994705 (VIOLATED)
_28576_/A2                              6.000000   18.994703  -12.994703 (VIOLATED)
_27032_/A2                              6.000000   18.994690  -12.994689 (VIOLATED)
_27110_/A2                              6.000000   18.994699  -12.994699 (VIOLATED)
_28671_/A2                              6.000000   18.994696  -12.994697 (VIOLATED)
_28675_/A2                              6.000000   18.994692  -12.994693 (VIOLATED)
_28768_/A2                              6.000000   18.994688  -12.994687 (VIOLATED)
_28772_/A2                              6.000000   18.994682  -12.994682 (VIOLATED)
_28859_/A2                              6.000000   18.994675  -12.994675 (VIOLATED)
_28863_/A2                              6.000000   18.994678  -12.994678 (VIOLATED)
_26920_/A2                              6.000000   18.994661  -12.994660 (VIOLATED)
_26989_/A2                              6.000000   18.994671  -12.994672 (VIOLATED)
_28944_/A1                              6.000000   18.994656  -12.994656 (VIOLATED)
_29016_/A1                              6.000000   18.994658  -12.994658 (VIOLATED)
_26750_/A2                              6.000000   18.994638  -12.994637 (VIOLATED)
_26854_/A2                              6.000000   18.994648  -12.994648 (VIOLATED)
_26778_/A2                              6.000000   18.994635  -12.994635 (VIOLATED)
_26751_/A3                              6.000000   18.994612  -12.994611 (VIOLATED)
_26749_/ZN                              6.000000   18.994205  -12.994206 (VIOLATED)
_17990_/A2                              6.000000   18.378599  -12.378599 (VIOLATED)
_18096_/A2                              6.000000   18.378609  -12.378610 (VIOLATED)
_18545_/A2                              6.000000   18.378609  -12.378610 (VIOLATED)
_19382_/A2                              6.000000   18.378609  -12.378610 (VIOLATED)
_19965_/A2                              6.000000   18.378607  -12.378608 (VIOLATED)
_20327_/A2                              6.000000   18.378605  -12.378606 (VIOLATED)
_20879_/A2                              6.000000   18.378609  -12.378610 (VIOLATED)
_21173_/A2                              6.000000   18.378609  -12.378610 (VIOLATED)
_23313_/A2                              6.000000   18.378607  -12.378608 (VIOLATED)
_24425_/A2                              6.000000   18.378609  -12.378610 (VIOLATED)
_24464_/A2                              6.000000   18.378611  -12.378612 (VIOLATED)
_25250_/A2                              6.000000   18.378609  -12.378610 (VIOLATED)
_20854_/A2                              6.000000   18.378595  -12.378595 (VIOLATED)
_21745_/A2                              6.000000   18.378605  -12.378606 (VIOLATED)
_21973_/A2                              6.000000   18.378609  -12.378610 (VIOLATED)
_22016_/A2                              6.000000   18.378611  -12.378612 (VIOLATED)
_22794_/A2                              6.000000   18.378609  -12.378610 (VIOLATED)
_23336_/A2                              6.000000   18.378597  -12.378597 (VIOLATED)
_23637_/A2                              6.000000   18.378605  -12.378606 (VIOLATED)
_23694_/A2                              6.000000   18.378609  -12.378610 (VIOLATED)
_24226_/A2                              6.000000   18.378607  -12.378608 (VIOLATED)
_19972_/A2                              6.000000   18.378580  -12.378579 (VIOLATED)
_25299_/A2                              6.000000   18.378590  -12.378590 (VIOLATED)
_21773_/A2                              6.000000   18.378527  -12.378526 (VIOLATED)
_22556_/A2                              6.000000   18.378536  -12.378537 (VIOLATED)
_18126_/A2                              6.000000   18.378500  -12.378499 (VIOLATED)
_23369_/A2                              6.000000   18.378504  -12.378505 (VIOLATED)
_20032_/A2                              6.000000   18.378492  -12.378492 (VIOLATED)
_20285_/A2                              6.000000   18.378502  -12.378501 (VIOLATED)
_21789_/A2                              6.000000   18.378502  -12.378501 (VIOLATED)
_22522_/A2                              6.000000   18.378504  -12.378505 (VIOLATED)
_22540_/A2                              6.000000   18.378504  -12.378505 (VIOLATED)
_22565_/A2                              6.000000   18.378502  -12.378501 (VIOLATED)
_22751_/A2                              6.000000   18.378504  -12.378505 (VIOLATED)
_25600_/A2                              6.000000   18.378494  -12.378494 (VIOLATED)
_17985_/ZN                              6.000000   18.378437  -12.378437 (VIOLATED)
_18221_/C                               6.000000   18.378437  -12.378437 (VIOLATED)
_18222_/A1                              6.000000   18.378437  -12.378437 (VIOLATED)
_18270_/A2                              6.000000   18.378437  -12.378437 (VIOLATED)
_18303_/A2                              6.000000   18.378437  -12.378437 (VIOLATED)
_19151_/C                               6.000000   18.378437  -12.378437 (VIOLATED)
_19152_/A1                              6.000000   18.378437  -12.378437 (VIOLATED)
_19203_/A2                              6.000000   18.378437  -12.378437 (VIOLATED)
_20051_/A1                              6.000000   18.378437  -12.378437 (VIOLATED)
_20102_/A2                              6.000000   18.378437  -12.378437 (VIOLATED)
_20977_/C                               6.000000   18.378437  -12.378437 (VIOLATED)
_20978_/A1                              6.000000   18.378437  -12.378437 (VIOLATED)
_21034_/A2                              6.000000   18.378437  -12.378437 (VIOLATED)
_21804_/C                               6.000000   18.378437  -12.378437 (VIOLATED)
_21805_/A1                              6.000000   18.378437  -12.378437 (VIOLATED)
_22585_/A1                              6.000000   18.378437  -12.378437 (VIOLATED)
_22620_/A2                              6.000000   18.378437  -12.378437 (VIOLATED)
_23403_/A2                              6.000000   18.378437  -12.378437 (VIOLATED)
_23444_/C                               6.000000   18.378437  -12.378437 (VIOLATED)
_23445_/A1                              6.000000   18.378437  -12.378437 (VIOLATED)
_23495_/A2                              6.000000   18.378437  -12.378437 (VIOLATED)
_24253_/A2                              6.000000   18.378437  -12.378437 (VIOLATED)
_24271_/C                               6.000000   18.378437  -12.378437 (VIOLATED)
_24272_/A1                              6.000000   18.378437  -12.378437 (VIOLATED)
_24293_/A2                              6.000000   18.378437  -12.378437 (VIOLATED)
_25517_/A2                              6.000000   18.378437  -12.378437 (VIOLATED)
_25703_/C                               6.000000   18.378437  -12.378437 (VIOLATED)
_25704_/A1                              6.000000   18.378437  -12.378437 (VIOLATED)
_34184_/C                               6.000000   18.047646  -12.047646 (VIOLATED)
_34216_/C                               6.000000   18.047657  -12.047657 (VIOLATED)
_34283_/C                               6.000000   18.047653  -12.047653 (VIOLATED)
_34307_/C                               6.000000   18.047644  -12.047644 (VIOLATED)
_34330_/C                               6.000000   18.047655  -12.047655 (VIOLATED)
_34407_/B                               6.000000   18.047655  -12.047655 (VIOLATED)
_34408_/C                               6.000000   18.047659  -12.047658 (VIOLATED)
_34237_/C                               6.000000   18.047607  -12.047606 (VIOLATED)
_33663_/C                               6.000000   18.047594  -12.047594 (VIOLATED)
_33715_/C                               6.000000   18.047590  -12.047591 (VIOLATED)
_33582_/C                               6.000000   18.047573  -12.047573 (VIOLATED)
_33796_/B                               6.000000   18.047583  -12.047584 (VIOLATED)
_33797_/C                               6.000000   18.047571  -12.047571 (VIOLATED)
_33551_/C                               6.000000   18.047554  -12.047553 (VIOLATED)
_33618_/C                               6.000000   18.047558  -12.047559 (VIOLATED)
_33691_/C                               6.000000   18.047558  -12.047559 (VIOLATED)
_33985_/B                               6.000000   18.047562  -12.047563 (VIOLATED)
_34176_/A1                              6.000000   18.047569  -12.047569 (VIOLATED)
_32185_/C                               6.000000   18.047529  -12.047528 (VIOLATED)
_32471_/B                               6.000000   18.047535  -12.047536 (VIOLATED)
_32284_/C                               6.000000   18.047512  -12.047513 (VIOLATED)
_32327_/C                               6.000000   18.047506  -12.047507 (VIOLATED)
_32378_/C                               6.000000   18.047514  -12.047514 (VIOLATED)
_32412_/C                               6.000000   18.047510  -12.047511 (VIOLATED)
_32436_/C                               6.000000   18.047512  -12.047513 (VIOLATED)
_32472_/C                               6.000000   18.047516  -12.047516 (VIOLATED)
_32512_/C                               6.000000   18.047512  -12.047513 (VIOLATED)
_32977_/C                               6.000000   18.047462  -12.047462 (VIOLATED)
_32908_/C                               6.000000   18.047445  -12.047445 (VIOLATED)
_32940_/C                               6.000000   18.047443  -12.047443 (VIOLATED)
_33021_/C                               6.000000   18.047443  -12.047443 (VIOLATED)
_33057_/C                               6.000000   18.047440  -12.047440 (VIOLATED)
_33080_/C                               6.000000   18.047443  -12.047443 (VIOLATED)
_33160_/B                               6.000000   18.047441  -12.047441 (VIOLATED)
_33161_/C                               6.000000   18.047441  -12.047441 (VIOLATED)
_34196_/C                               6.000000   18.047411  -12.047411 (VIOLATED)
_34200_/C                               6.000000   18.047409  -12.047410 (VIOLATED)
_32935_/C                               6.000000   18.047394  -12.047394 (VIOLATED)
_34204_/C                               6.000000   18.047401  -12.047402 (VIOLATED)
_34257_/C                               6.000000   18.047409  -12.047410 (VIOLATED)
_34264_/C                               6.000000   18.047407  -12.047408 (VIOLATED)
_34315_/C                               6.000000   18.047411  -12.047411 (VIOLATED)
_34318_/C                               6.000000   18.047407  -12.047408 (VIOLATED)
_34321_/C                               6.000000   18.047407  -12.047408 (VIOLATED)
_34383_/B                               6.000000   18.047411  -12.047411 (VIOLATED)
_34384_/C                               6.000000   18.047411  -12.047411 (VIOLATED)
_34388_/B                               6.000000   18.047405  -12.047406 (VIOLATED)
_34389_/C                               6.000000   18.047407  -12.047408 (VIOLATED)
_33015_/C                               6.000000   18.047390  -12.047390 (VIOLATED)
_33077_/C                               6.000000   18.047388  -12.047388 (VIOLATED)
_34191_/C                               6.000000   18.047390  -12.047390 (VIOLATED)
_34208_/C                               6.000000   18.047394  -12.047394 (VIOLATED)
_34212_/C                               6.000000   18.047400  -12.047399 (VIOLATED)
_34271_/C                               6.000000   18.047394  -12.047394 (VIOLATED)
_34324_/C                               6.000000   18.047396  -12.047396 (VIOLATED)
_33772_/C                               6.000000   18.047377  -12.047378 (VIOLATED)
_33777_/C                               6.000000   18.047373  -12.047372 (VIOLATED)
_34248_/C                               6.000000   18.047369  -12.047369 (VIOLATED)
_34251_/C                               6.000000   18.047377  -12.047378 (VIOLATED)
_34280_/C                               6.000000   18.047375  -12.047376 (VIOLATED)
_34312_/C                               6.000000   18.047375  -12.047374 (VIOLATED)
_34327_/C                               6.000000   18.047375  -12.047376 (VIOLATED)
_34589_/B                               6.000000   18.047375  -12.047376 (VIOLATED)
_32932_/C                               6.000000   18.047342  -12.047342 (VIOLATED)
_33625_/C                               6.000000   18.047344  -12.047344 (VIOLATED)
_33657_/C                               6.000000   18.047333  -12.047334 (VIOLATED)
_33697_/C                               6.000000   18.047337  -12.047337 (VIOLATED)
_33991_/B                               6.000000   18.047342  -12.047342 (VIOLATED)
_32159_/ZN                              6.000000   18.047277  -12.047278 (VIOLATED)
_32204_/C                               6.000000   18.047277  -12.047278 (VIOLATED)
_32216_/C                               6.000000   18.047277  -12.047278 (VIOLATED)
_32229_/C                               6.000000   18.047277  -12.047278 (VIOLATED)
_32235_/C                               6.000000   18.047277  -12.047278 (VIOLATED)
_32257_/C                               6.000000   18.047277  -12.047278 (VIOLATED)
_32271_/C                               6.000000   18.047277  -12.047278 (VIOLATED)
_32336_/C                               6.000000   18.047277  -12.047278 (VIOLATED)
_32343_/C                               6.000000   18.047277  -12.047278 (VIOLATED)
_32350_/C                               6.000000   18.047277  -12.047278 (VIOLATED)
_32357_/C                               6.000000   18.047277  -12.047278 (VIOLATED)
_32364_/C                               6.000000   18.047277  -12.047278 (VIOLATED)
_32371_/C                               6.000000   18.047277  -12.047278 (VIOLATED)
_32418_/C                               6.000000   18.047277  -12.047278 (VIOLATED)
_32421_/C                               6.000000   18.047277  -12.047278 (VIOLATED)
_32424_/C                               6.000000   18.047277  -12.047278 (VIOLATED)
_32427_/C                               6.000000   18.047277  -12.047278 (VIOLATED)
_32430_/C                               6.000000   18.047277  -12.047278 (VIOLATED)
_32433_/C                               6.000000   18.047277  -12.047278 (VIOLATED)
_32479_/B                               6.000000   18.047277  -12.047278 (VIOLATED)
_32480_/C                               6.000000   18.047277  -12.047278 (VIOLATED)
_32485_/B                               6.000000   18.047277  -12.047278 (VIOLATED)
_32486_/C                               6.000000   18.047277  -12.047278 (VIOLATED)
_32490_/B                               6.000000   18.047277  -12.047278 (VIOLATED)
_32491_/C                               6.000000   18.047277  -12.047278 (VIOLATED)
_32495_/B                               6.000000   18.047277  -12.047278 (VIOLATED)
_32496_/C                               6.000000   18.047277  -12.047278 (VIOLATED)
_32502_/C                               6.000000   18.047277  -12.047278 (VIOLATED)
_32508_/C                               6.000000   18.047277  -12.047278 (VIOLATED)
_32916_/C                               6.000000   18.047277  -12.047278 (VIOLATED)
_32919_/C                               6.000000   18.047277  -12.047278 (VIOLATED)
_32924_/C                               6.000000   18.047277  -12.047278 (VIOLATED)
_32928_/C                               6.000000   18.047277  -12.047278 (VIOLATED)
_32984_/C                               6.000000   18.047277  -12.047278 (VIOLATED)
_32991_/C                               6.000000   18.047277  -12.047278 (VIOLATED)
_32997_/C                               6.000000   18.047277  -12.047278 (VIOLATED)
_33003_/C                               6.000000   18.047277  -12.047278 (VIOLATED)
_33009_/C                               6.000000   18.047277  -12.047278 (VIOLATED)
_33062_/C                               6.000000   18.047277  -12.047278 (VIOLATED)
_33065_/C                               6.000000   18.047277  -12.047278 (VIOLATED)
_33068_/C                               6.000000   18.047277  -12.047278 (VIOLATED)
_33071_/C                               6.000000   18.047277  -12.047278 (VIOLATED)
_33074_/C                               6.000000   18.047277  -12.047278 (VIOLATED)
_33360_/B                               6.000000   18.047277  -12.047278 (VIOLATED)
_33363_/B                               6.000000   18.047277  -12.047278 (VIOLATED)
_33368_/B                               6.000000   18.047277  -12.047278 (VIOLATED)
_33555_/C                               6.000000   18.047277  -12.047278 (VIOLATED)
_33560_/C                               6.000000   18.047277  -12.047278 (VIOLATED)
_33564_/C                               6.000000   18.047277  -12.047278 (VIOLATED)
_33569_/C                               6.000000   18.047277  -12.047278 (VIOLATED)
_33572_/C                               6.000000   18.047277  -12.047278 (VIOLATED)
_33578_/C                               6.000000   18.047277  -12.047278 (VIOLATED)
_33632_/C                               6.000000   18.047277  -12.047278 (VIOLATED)
_33639_/C                               6.000000   18.047277  -12.047278 (VIOLATED)
_33645_/C                               6.000000   18.047277  -12.047278 (VIOLATED)
_33651_/C                               6.000000   18.047277  -12.047278 (VIOLATED)
_33700_/C                               6.000000   18.047277  -12.047278 (VIOLATED)
_33703_/C                               6.000000   18.047277  -12.047278 (VIOLATED)
_33706_/C                               6.000000   18.047277  -12.047278 (VIOLATED)
_33709_/C                               6.000000   18.047277  -12.047278 (VIOLATED)
_33712_/C                               6.000000   18.047277  -12.047278 (VIOLATED)
_33771_/B                               6.000000   18.047277  -12.047278 (VIOLATED)
_33776_/B                               6.000000   18.047277  -12.047278 (VIOLATED)
_33995_/B                               6.000000   18.047277  -12.047278 (VIOLATED)
_27405_/A2                              6.000000   17.962309  -11.962310 (VIOLATED)
_27543_/A2                              6.000000   17.962307  -11.962308 (VIOLATED)
_27651_/B1                              6.000000   17.962307  -11.962308 (VIOLATED)
_27752_/B1                              6.000000   17.962309  -11.962310 (VIOLATED)
_27898_/B1                              6.000000   17.962307  -11.962308 (VIOLATED)
_26931_/A2                              6.000000   17.962294  -11.962294 (VIOLATED)
_27000_/A2                              6.000000   17.962297  -11.962297 (VIOLATED)
_27043_/B1                              6.000000   17.962299  -11.962299 (VIOLATED)
_27130_/A2                              6.000000   17.962301  -11.962301 (VIOLATED)
_27224_/A2                              6.000000   17.962301  -11.962301 (VIOLATED)
_27321_/A2                              6.000000   17.962303  -11.962302 (VIOLATED)
_25103_/ZN                              6.000000   17.962238  -11.962238 (VIOLATED)
_25127_/A3                              6.000000   17.962238  -11.962238 (VIOLATED)
_25226_/A2                              6.000000   17.962238  -11.962238 (VIOLATED)
_25247_/A2                              6.000000   17.962238  -11.962238 (VIOLATED)
_25351_/A2                              6.000000   17.962238  -11.962238 (VIOLATED)
_25684_/A3                              6.000000   17.962238  -11.962238 (VIOLATED)
_25967_/A3                              6.000000   17.962238  -11.962238 (VIOLATED)
_26491_/A2                              6.000000   17.962238  -11.962238 (VIOLATED)
_26510_/A2                              6.000000   17.962238  -11.962238 (VIOLATED)
_26545_/A2                              6.000000   17.962238  -11.962238 (VIOLATED)
_26621_/A2                              6.000000   17.962238  -11.962238 (VIOLATED)
_26748_/A2                              6.000000   17.962238  -11.962238 (VIOLATED)
_26773_/A2                              6.000000   17.962238  -11.962238 (VIOLATED)
_19075_/A2                              6.000000   17.315905  -11.315904 (VIOLATED)
_19964_/A2                              6.000000   17.315914  -11.315915 (VIOLATED)
_21175_/A2                              6.000000   17.315912  -11.315913 (VIOLATED)
_21234_/A2                              6.000000   17.315916  -11.315916 (VIOLATED)
_21747_/A2                              6.000000   17.315916  -11.315916 (VIOLATED)
_21759_/A2                              6.000000   17.315914  -11.315915 (VIOLATED)
_21975_/A2                              6.000000   17.315914  -11.315915 (VIOLATED)
_22524_/A2                              6.000000   17.315908  -11.315909 (VIOLATED)
_22753_/A2                              6.000000   17.315908  -11.315909 (VIOLATED)
_18125_/A2                              6.000000   17.315889  -11.315890 (VIOLATED)
_19083_/A2                              6.000000   17.315887  -11.315888 (VIOLATED)
_19107_/A2                              6.000000   17.315895  -11.315895 (VIOLATED)
_19423_/A2                              6.000000   17.315891  -11.315891 (VIOLATED)
_19971_/A2                              6.000000   17.315887  -11.315888 (VIOLATED)
_20287_/A2                              6.000000   17.315897  -11.315897 (VIOLATED)
_25165_/A2                              6.000000   17.315893  -11.315893 (VIOLATED)
_19381_/A2                              6.000000   17.315872  -11.315872 (VIOLATED)
_20329_/A2                              6.000000   17.315880  -11.315881 (VIOLATED)
_20856_/A2                              6.000000   17.315889  -11.315890 (VIOLATED)
_22018_/A2                              6.000000   17.315882  -11.315883 (VIOLATED)
_22567_/A2                              6.000000   17.315893  -11.315893 (VIOLATED)
_22796_/A2                              6.000000   17.315880  -11.315881 (VIOLATED)
_23315_/A2                              6.000000   17.315880  -11.315881 (VIOLATED)
_23338_/A2                              6.000000   17.315886  -11.315886 (VIOLATED)
_23639_/A2                              6.000000   17.315880  -11.315879 (VIOLATED)
_23696_/A2                              6.000000   17.315882  -11.315883 (VIOLATED)
_24208_/A2                              6.000000   17.315882  -11.315883 (VIOLATED)
_25301_/A2                              6.000000   17.315889  -11.315890 (VIOLATED)
_19996_/A2                              6.000000   17.315866  -11.315866 (VIOLATED)
_20908_/A2                              6.000000   17.315876  -11.315876 (VIOLATED)
_24466_/A2                              6.000000   17.315874  -11.315874 (VIOLATED)
_25252_/A2                              6.000000   17.315874  -11.315874 (VIOLATED)
_25991_/A2                              6.000000   17.315874  -11.315874 (VIOLATED)
_21775_/A2                              6.000000   17.315859  -11.315860 (VIOLATED)
_23371_/A2                              6.000000   17.315847  -11.315847 (VIOLATED)
_25390_/A2                              6.000000   17.315855  -11.315856 (VIOLATED)
_23405_/A2                              6.000000   17.315834  -11.315835 (VIOLATED)
_24237_/A2                              6.000000   17.315840  -11.315840 (VIOLATED)
_17988_/ZN                              6.000000   17.315779  -11.315780 (VIOLATED)
_18177_/A2                              6.000000   17.315779  -11.315780 (VIOLATED)
_18271_/A2                              6.000000   17.315779  -11.315780 (VIOLATED)
_18302_/A2                              6.000000   17.315779  -11.315780 (VIOLATED)
_19134_/A2                              6.000000   17.315779  -11.315780 (VIOLATED)
_19202_/A2                              6.000000   17.315779  -11.315780 (VIOLATED)
_20031_/A2                              6.000000   17.315779  -11.315780 (VIOLATED)
_20047_/A1                              6.000000   17.315779  -11.315780 (VIOLATED)
_20094_/A2                              6.000000   17.315779  -11.315780 (VIOLATED)
_20104_/A2                              6.000000   17.315779  -11.315780 (VIOLATED)
_20944_/A2                              6.000000   17.315779  -11.315780 (VIOLATED)
_21787_/A2                              6.000000   17.315779  -11.315780 (VIOLATED)
_21823_/A2                              6.000000   17.315779  -11.315780 (VIOLATED)
_21836_/A2                              6.000000   17.315779  -11.315780 (VIOLATED)
_22584_/A1                              6.000000   17.315779  -11.315780 (VIOLATED)
_22606_/A2                              6.000000   17.315779  -11.315780 (VIOLATED)
_23475_/A2                              6.000000   17.315779  -11.315780 (VIOLATED)
_23497_/A2                              6.000000   17.315779  -11.315780 (VIOLATED)
_24255_/A2                              6.000000   17.315779  -11.315780 (VIOLATED)
_24295_/A2                              6.000000   17.315779  -11.315780 (VIOLATED)
_25477_/A2                              6.000000   17.315779  -11.315780 (VIOLATED)
_25519_/A2                              6.000000   17.315779  -11.315780 (VIOLATED)
_25602_/A2                              6.000000   17.315779  -11.315780 (VIOLATED)
_17984_/A2                              6.000000   16.929531  -10.929532 (VIOLATED)
_20098_/A2                              6.000000   16.929531  -10.929530 (VIOLATED)
_23419_/A1                              6.000000   16.929529  -10.929528 (VIOLATED)
_23471_/C                               6.000000   16.929531  -10.929530 (VIOLATED)
_25479_/C                               6.000000   16.929531  -10.929530 (VIOLATED)
_25480_/A2                              6.000000   16.929531  -10.929530 (VIOLATED)
_25521_/A2                              6.000000   16.929531  -10.929530 (VIOLATED)
_17919_/ZN                              6.000000   16.929478  -10.929477 (VIOLATED)
_17924_/A1                              6.000000   16.929478  -10.929477 (VIOLATED)
_17928_/A1                              6.000000   16.929478  -10.929477 (VIOLATED)
_17932_/A1                              6.000000   16.929478  -10.929477 (VIOLATED)
_18121_/C                               6.000000   16.929478  -10.929477 (VIOLATED)
_18170_/A2                              6.000000   16.929478  -10.929477 (VIOLATED)
_18173_/C                               6.000000   16.929478  -10.929477 (VIOLATED)
_18212_/A1                              6.000000   16.929478  -10.929477 (VIOLATED)
_18298_/C                               6.000000   16.929478  -10.929477 (VIOLATED)
_18484_/A2                              6.000000   16.929478  -10.929477 (VIOLATED)
_18494_/A2                              6.000000   16.929478  -10.929477 (VIOLATED)
_18548_/A2                              6.000000   16.929478  -10.929477 (VIOLATED)
_19086_/A2                              6.000000   16.929478  -10.929477 (VIOLATED)
_19146_/A1                              6.000000   16.929478  -10.929477 (VIOLATED)
_20045_/B2                              6.000000   16.929478  -10.929477 (VIOLATED)
_20106_/A2                              6.000000   16.929478  -10.929477 (VIOLATED)
_20911_/C                               6.000000   16.929478  -10.929477 (VIOLATED)
_20971_/A1                              6.000000   16.929478  -10.929477 (VIOLATED)
_20973_/A1                              6.000000   16.929478  -10.929477 (VIOLATED)
_21031_/A2                              6.000000   16.929478  -10.929477 (VIOLATED)
_21032_/A1                              6.000000   16.929478  -10.929477 (VIOLATED)
_21743_/A2                              6.000000   16.929478  -10.929477 (VIOLATED)
_21801_/C2                              6.000000   16.929478  -10.929477 (VIOLATED)
_22020_/A2                              6.000000   16.929478  -10.929477 (VIOLATED)
_22581_/C2                              6.000000   16.929478  -10.929477 (VIOLATED)
_22603_/A2                              6.000000   16.929478  -10.929477 (VIOLATED)
_22604_/A1                              6.000000   16.929478  -10.929477 (VIOLATED)
_23366_/C                               6.000000   16.929478  -10.929477 (VIOLATED)
_25146_/A1                              6.000000   16.929478  -10.929477 (VIOLATED)
_25151_/A1                              6.000000   16.929478  -10.929477 (VIOLATED)
_25156_/A1                              6.000000   16.929478  -10.929477 (VIOLATED)
_25160_/A1                              6.000000   16.929478  -10.929477 (VIOLATED)
_25167_/A2                              6.000000   16.929478  -10.929477 (VIOLATED)
_25210_/A1                              6.000000   16.929478  -10.929477 (VIOLATED)
_25244_/A1                              6.000000   16.929478  -10.929477 (VIOLATED)
_25254_/A2                              6.000000   16.929478  -10.929477 (VIOLATED)
_25288_/A2                              6.000000   16.929478  -10.929477 (VIOLATED)
_25303_/A2                              6.000000   16.929478  -10.929477 (VIOLATED)
_25351_/A1                              6.000000   16.929478  -10.929477 (VIOLATED)
_25377_/A2                              6.000000   16.929478  -10.929477 (VIOLATED)
_25392_/A2                              6.000000   16.929478  -10.929477 (VIOLATED)
_25473_/A1                              6.000000   16.929478  -10.929477 (VIOLATED)
_25605_/A2                              6.000000   16.929478  -10.929477 (VIOLATED)
_25701_/A1                              6.000000   16.929478  -10.929477 (VIOLATED)
_25993_/A2                              6.000000   16.929478  -10.929477 (VIOLATED)
_34174_/A1                              6.000000   16.929478  -10.929477 (VIOLATED)
_34234_/A1                              6.000000   16.929478  -10.929477 (VIOLATED)
_34304_/A1                              6.000000   16.929478  -10.929477 (VIOLATED)
_34580_/A1                              6.000000   16.929478  -10.929477 (VIOLATED)
_34629_/A1                              6.000000   16.929478  -10.929477 (VIOLATED)
_34706_/A1                              6.000000   16.929478  -10.929477 (VIOLATED)
_27404_/A2                              6.000000   16.896107  -10.896107 (VIOLATED)
_27542_/A2                              6.000000   16.896109  -10.896109 (VIOLATED)
_27651_/A2                              6.000000   16.896109  -10.896109 (VIOLATED)
_27752_/A2                              6.000000   16.896111  -10.896111 (VIOLATED)
_27898_/A2                              6.000000   16.896111  -10.896111 (VIOLATED)
_27969_/A2                              6.000000   16.896109  -10.896109 (VIOLATED)
_27131_/A2                              6.000000   16.896090  -10.896091 (VIOLATED)
_27320_/A2                              6.000000   16.896101  -10.896101 (VIOLATED)
_26686_/A2                              6.000000   16.896070  -10.896071 (VIOLATED)
_26772_/A2                              6.000000   16.896078  -10.896078 (VIOLATED)
_26859_/A2                              6.000000   16.896078  -10.896078 (VIOLATED)
_26928_/C                               6.000000   16.896086  -10.896085 (VIOLATED)
_26997_/C                               6.000000   16.896086  -10.896085 (VIOLATED)
_26488_/C                               6.000000   16.896059  -10.896059 (VIOLATED)
_26542_/C                               6.000000   16.896059  -10.896059 (VIOLATED)
_26584_/A2                              6.000000   16.896059  -10.896059 (VIOLATED)
_26620_/A2                              6.000000   16.896069  -10.896070 (VIOLATED)
_26500_/A2                              6.000000   16.896034  -10.896033 (VIOLATED)
_26525_/A2                              6.000000   16.896036  -10.896037 (VIOLATED)
_25093_/ZN                              6.000000   16.895983  -10.895982 (VIOLATED)
_25096_/A2                              6.000000   16.895983  -10.895982 (VIOLATED)
_25139_/A2                              6.000000   16.895983  -10.895982 (VIOLATED)
_25160_/A2                              6.000000   16.895983  -10.895982 (VIOLATED)
_25234_/A2                              6.000000   16.895983  -10.895982 (VIOLATED)
_25285_/A2                              6.000000   16.895983  -10.895982 (VIOLATED)
_25375_/A2                              6.000000   16.895983  -10.895982 (VIOLATED)
_25457_/A2                              6.000000   16.895983  -10.895982 (VIOLATED)
_25473_/A2                              6.000000   16.895983  -10.895982 (VIOLATED)
_25589_/A2                              6.000000   16.895983  -10.895982 (VIOLATED)
_25674_/A2                              6.000000   16.895983  -10.895982 (VIOLATED)
_26511_/A2                              6.000000   16.895983  -10.895982 (VIOLATED)
_27042_/A2                              6.000000   16.895983  -10.895982 (VIOLATED)
_27401_/C2                              6.000000   16.427113  -10.427113 (VIOLATED)
_27538_/A2                              6.000000   16.427113  -10.427113 (VIOLATED)
_27646_/A2                              6.000000   16.427114  -10.427114 (VIOLATED)
_27748_/A2                              6.000000   16.427114  -10.427114 (VIOLATED)
_27893_/A2                              6.000000   16.427114  -10.427114 (VIOLATED)
_27965_/A2                              6.000000   16.427114  -10.427114 (VIOLATED)
_26995_/A2                              6.000000   16.427099  -10.427100 (VIOLATED)
_27038_/A2                              6.000000   16.427099  -10.427100 (VIOLATED)
_27127_/A2                              6.000000   16.427105  -10.427106 (VIOLATED)
_27220_/C2                              6.000000   16.427107  -10.427108 (VIOLATED)
_27316_/A2                              6.000000   16.427109  -10.427110 (VIOLATED)
_25107_/ZN                              6.000000   16.427048  -10.427047 (VIOLATED)
_25146_/A2                              6.000000   16.427048  -10.427047 (VIOLATED)
_25288_/A3                              6.000000   16.427048  -10.427047 (VIOLATED)
_25377_/A3                              6.000000   16.427048  -10.427047 (VIOLATED)
_26486_/A2                              6.000000   16.427048  -10.427047 (VIOLATED)
_26506_/A2                              6.000000   16.427048  -10.427047 (VIOLATED)
_26540_/A2                              6.000000   16.427048  -10.427047 (VIOLATED)
_26580_/A2                              6.000000   16.427048  -10.427047 (VIOLATED)
_26615_/A2                              6.000000   16.427048  -10.427047 (VIOLATED)
_26681_/A2                              6.000000   16.427048  -10.427047 (VIOLATED)
_26744_/C2                              6.000000   16.427048  -10.427047 (VIOLATED)
_26769_/C2                              6.000000   16.427048  -10.427047 (VIOLATED)
_26855_/A2                              6.000000   16.427048  -10.427047 (VIOLATED)
_26926_/A2                              6.000000   16.427048  -10.427047 (VIOLATED)
_34871_/ZN                              6.000000   16.105917  -10.105917 (VIOLATED)
_34872_/I                               6.000000   16.105917  -10.105917 (VIOLATED)
_27402_/A2                              6.000000   15.926592   -9.926592 (VIOLATED)
_27537_/A2                              6.000000   15.926588   -9.926589 (VIOLATED)
_27648_/A2                              6.000000   15.926592   -9.926592 (VIOLATED)
_27750_/A2                              6.000000   15.926590   -9.926591 (VIOLATED)
_27895_/A2                              6.000000   15.926590   -9.926591 (VIOLATED)
_27966_/B                               6.000000   15.926585   -9.926585 (VIOLATED)
_27967_/A2                              6.000000   15.926585   -9.926585 (VIOLATED)
_26617_/A2                              6.000000   15.926557   -9.926557 (VIOLATED)
_26683_/A2                              6.000000   15.926551   -9.926552 (VIOLATED)
_26745_/A2                              6.000000   15.926560   -9.926560 (VIOLATED)
_26770_/A2                              6.000000   15.926562   -9.926562 (VIOLATED)
_26928_/A2                              6.000000   15.926565   -9.926565 (VIOLATED)
_26997_/A2                              6.000000   15.926567   -9.926567 (VIOLATED)
_27040_/A2                              6.000000   15.926569   -9.926569 (VIOLATED)
_27129_/A2                              6.000000   15.926569   -9.926569 (VIOLATED)
_27221_/A2                              6.000000   15.926569   -9.926569 (VIOLATED)
_27315_/A2                              6.000000   15.926576   -9.926577 (VIOLATED)
_26856_/B                               6.000000   15.926555   -9.926555 (VIOLATED)
_26857_/A2                              6.000000   15.926555   -9.926555 (VIOLATED)
_27128_/C                               6.000000   15.926558   -9.926558 (VIOLATED)
_26581_/B                               6.000000   15.926526   -9.926527 (VIOLATED)
_26582_/A2                              6.000000   15.926526   -9.926527 (VIOLATED)
_26522_/A2                              6.000000   15.926501   -9.926501 (VIOLATED)
_26488_/A2                              6.000000   15.926489   -9.926489 (VIOLATED)
_26497_/A2                              6.000000   15.926485   -9.926486 (VIOLATED)
_26508_/A2                              6.000000   15.926489   -9.926489 (VIOLATED)
_26542_/A2                              6.000000   15.926489   -9.926489 (VIOLATED)
_25156_/A2                              6.000000   15.926326   -9.926326 (VIOLATED)
_25087_/ZN                              6.000000   15.926276   -9.926276 (VIOLATED)
_25089_/A2                              6.000000   15.926276   -9.926276 (VIOLATED)
_25262_/A2                              6.000000   15.926276   -9.926276 (VIOLATED)
_25579_/A3                              6.000000   15.926276   -9.926276 (VIOLATED)
_25663_/A3                              6.000000   15.926276   -9.926276 (VIOLATED)
_33765_/A2                              6.000000   15.808324   -9.808324 (VIOLATED)
_33790_/A2                              6.000000   15.808320   -9.808321 (VIOLATED)
_34378_/A2                              6.000000   15.808322   -9.808323 (VIOLATED)
_34593_/A2                              6.000000   15.808322   -9.808323 (VIOLATED)
_34195_/A2                              6.000000   15.808310   -9.808310 (VIOLATED)
_34199_/A2                              6.000000   15.808308   -9.808309 (VIOLATED)
_34385_/A2                              6.000000   15.808317   -9.808317 (VIOLATED)
_34402_/A2                              6.000000   15.808320   -9.808321 (VIOLATED)
_34598_/A2                              6.000000   15.808317   -9.808317 (VIOLATED)
_34609_/A2                              6.000000   15.808320   -9.808321 (VIOLATED)
_34390_/A2                              6.000000   15.808293   -9.808294 (VIOLATED)
_34601_/A2                              6.000000   15.808285   -9.808285 (VIOLATED)
_34203_/A2                              6.000000   15.808274   -9.808274 (VIOLATED)
_34211_/A2                              6.000000   15.808262   -9.808262 (VIOLATED)
_34371_/A2                              6.000000   15.808233   -9.808233 (VIOLATED)
_34590_/A2                              6.000000   15.808239   -9.808239 (VIOLATED)
_34192_/A2                              6.000000   15.808221   -9.808221 (VIOLATED)
_34207_/A2                              6.000000   15.808225   -9.808225 (VIOLATED)
_34395_/A2                              6.000000   15.808225   -9.808225 (VIOLATED)
_34604_/A2                              6.000000   15.808225   -9.808225 (VIOLATED)
_33773_/A2                              6.000000   15.808177   -9.808177 (VIOLATED)
_33778_/A2                              6.000000   15.808143   -9.808143 (VIOLATED)
_33760_/A2                              6.000000   15.808120   -9.808120 (VIOLATED)
_33992_/A2                              6.000000   15.808042   -9.808042 (VIOLATED)
_34010_/A2                              6.000000   15.808011   -9.808012 (VIOLATED)
_34002_/A2                              6.000000   15.807957   -9.807957 (VIOLATED)
_33568_/A2                              6.000000   15.807937   -9.807937 (VIOLATED)
_33577_/A2                              6.000000   15.807939   -9.807939 (VIOLATED)
_33556_/A2                              6.000000   15.807918   -9.807918 (VIOLATED)
_33563_/A2                              6.000000   15.807903   -9.807903 (VIOLATED)
_33999_/A2                              6.000000   15.807903   -9.807903 (VIOLATED)
_32203_/A2                              6.000000   15.807864   -9.807864 (VIOLATED)
_32234_/A2                              6.000000   15.807864   -9.807864 (VIOLATED)
_32733_/A2                              6.000000   15.807848   -9.807848 (VIOLATED)
_32478_/A2                              6.000000   15.807834   -9.807834 (VIOLATED)
_32497_/A2                              6.000000   15.807817   -9.807818 (VIOLATED)
_32230_/A2                              6.000000   15.807802   -9.807802 (VIOLATED)
_32722_/A2                              6.000000   15.807796   -9.807796 (VIOLATED)
_33559_/A2                              6.000000   15.807802   -9.807802 (VIOLATED)
_33573_/A2                              6.000000   15.807802   -9.807802 (VIOLATED)
_33783_/A2                              6.000000   15.807809   -9.807809 (VIOLATED)
_33996_/A2                              6.000000   15.807811   -9.807811 (VIOLATED)
_34005_/A2                              6.000000   15.807805   -9.807805 (VIOLATED)
_32492_/A2                              6.000000   15.807768   -9.807768 (VIOLATED)
_32730_/A2                              6.000000   15.807759   -9.807759 (VIOLATED)
_32726_/A2                              6.000000   15.807736   -9.807736 (VIOLATED)
_32484_/A2                              6.000000   15.807724   -9.807724 (VIOLATED)
_32217_/A2                              6.000000   15.807698   -9.807699 (VIOLATED)
_32258_/A2                              6.000000   15.807652   -9.807652 (VIOLATED)
_32500_/A2                              6.000000   15.807633   -9.807633 (VIOLATED)
_32737_/A2                              6.000000   15.807519   -9.807520 (VIOLATED)
_32506_/A2                              6.000000   15.807505   -9.807506 (VIOLATED)
_32741_/A2                              6.000000   15.807492   -9.807493 (VIOLATED)
_32272_/A2                              6.000000   15.807479   -9.807479 (VIOLATED)
_30988_/A1                              6.000000   15.807414   -9.807415 (VIOLATED)
_32915_/A2                              6.000000   15.807379   -9.807379 (VIOLATED)
_30981_/A1                              6.000000   15.807362   -9.807362 (VIOLATED)
_32920_/A2                              6.000000   15.807370   -9.807370 (VIOLATED)
_32923_/A2                              6.000000   15.807375   -9.807376 (VIOLATED)
_32927_/A2                              6.000000   15.807379   -9.807379 (VIOLATED)
_33124_/A2                              6.000000   15.807379   -9.807379 (VIOLATED)
_32931_/A2                              6.000000   15.807364   -9.807365 (VIOLATED)
_33131_/A2                              6.000000   15.807372   -9.807372 (VIOLATED)
_33137_/A2                              6.000000   15.807377   -9.807378 (VIOLATED)
_33143_/A2                              6.000000   15.807381   -9.807381 (VIOLATED)
_33359_/A2                              6.000000   15.807379   -9.807379 (VIOLATED)
_33364_/A2                              6.000000   15.807374   -9.807374 (VIOLATED)
_33367_/A2                              6.000000   15.807377   -9.807378 (VIOLATED)
_33372_/A2                              6.000000   15.807381   -9.807381 (VIOLATED)
_33150_/A2                              6.000000   15.807362   -9.807362 (VIOLATED)
_33375_/A2                              6.000000   15.807368   -9.807368 (VIOLATED)
_31059_/C                               6.000000   15.807349   -9.807349 (VIOLATED)
_34185_/A2                              6.000000   15.807356   -9.807356 (VIOLATED)
_34215_/A2                              6.000000   15.807363   -9.807364 (VIOLATED)
_34409_/A2                              6.000000   15.807363   -9.807364 (VIOLATED)
_34614_/A2                              6.000000   15.807362   -9.807362 (VIOLATED)
_34773_/A1                              6.000000   15.807363   -9.807364 (VIOLATED)
_32473_/A2                              6.000000   15.807343   -9.807343 (VIOLATED)
_32936_/A2                              6.000000   15.807340   -9.807340 (VIOLATED)
_33156_/A2                              6.000000   15.807343   -9.807343 (VIOLATED)
_33380_/A2                              6.000000   15.807340   -9.807340 (VIOLATED)
_34363_/A2                              6.000000   15.807342   -9.807342 (VIOLATED)
_34583_/A2                              6.000000   15.807342   -9.807342 (VIOLATED)
_17856_/ZN                              6.000000   15.807292   -9.807292 (VIOLATED)
_30845_/A1                              6.000000   15.807292   -9.807292 (VIOLATED)
_30963_/A1                              6.000000   15.807292   -9.807292 (VIOLATED)
_30977_/A1                              6.000000   15.807292   -9.807292 (VIOLATED)
_31002_/B1                              6.000000   15.807292   -9.807292 (VIOLATED)
_32188_/A2                              6.000000   15.807292   -9.807292 (VIOLATED)
_32285_/A2                              6.000000   15.807292   -9.807292 (VIOLATED)
_32513_/A2                              6.000000   15.807292   -9.807292 (VIOLATED)
_32718_/A2                              6.000000   15.807292   -9.807292 (VIOLATED)
_32745_/A2                              6.000000   15.807292   -9.807292 (VIOLATED)
_32909_/A2                              6.000000   15.807292   -9.807292 (VIOLATED)
_32939_/A2                              6.000000   15.807292   -9.807292 (VIOLATED)
_33116_/A2                              6.000000   15.807292   -9.807292 (VIOLATED)
_33162_/A2                              6.000000   15.807292   -9.807292 (VIOLATED)
_33353_/A2                              6.000000   15.807292   -9.807292 (VIOLATED)
_33385_/A2                              6.000000   15.807292   -9.807292 (VIOLATED)
_33550_/A2                              6.000000   15.807292   -9.807292 (VIOLATED)
_33581_/A2                              6.000000   15.807292   -9.807292 (VIOLATED)
_33750_/A2                              6.000000   15.807292   -9.807292 (VIOLATED)
_33795_/A2                              6.000000   15.807292   -9.807292 (VIOLATED)
_33986_/A2                              6.000000   15.807292   -9.807292 (VIOLATED)
_34015_/A2                              6.000000   15.807292   -9.807292 (VIOLATED)
_27991_/A2                              6.000000   15.576374   -9.576375 (VIOLATED)
_28108_/A2                              6.000000   15.576378   -9.576378 (VIOLATED)
_28229_/A2                              6.000000   15.576380   -9.576380 (VIOLATED)
_28401_/A2                              6.000000   15.576380   -9.576380 (VIOLATED)
_28508_/A2                              6.000000   15.576384   -9.576384 (VIOLATED)
_27620_/A2                              6.000000   15.576353   -9.576353 (VIOLATED)
_27733_/A2                              6.000000   15.576362   -9.576363 (VIOLATED)
_27851_/A2                              6.000000   15.576371   -9.576371 (VIOLATED)
_27514_/A2                              6.000000   15.576332   -9.576332 (VIOLATED)
_27456_/A2                              6.000000   15.576321   -9.576322 (VIOLATED)
_27355_/A2                              6.000000   15.576310   -9.576311 (VIOLATED)
_27257_/A2                              6.000000   15.576300   -9.576300 (VIOLATED)
_27158_/A2                              6.000000   15.576279   -9.576279 (VIOLATED)
_27075_/A2                              6.000000   15.576257   -9.576258 (VIOLATED)
_26976_/A2                              6.000000   15.576246   -9.576246 (VIOLATED)
_26909_/A2                              6.000000   15.576234   -9.576234 (VIOLATED)
_26843_/A2                              6.000000   15.576207   -9.576208 (VIOLATED)
_26798_/A2                              6.000000   15.576195   -9.576195 (VIOLATED)
_26720_/A2                              6.000000   15.576165   -9.576165 (VIOLATED)
_26721_/A2                              6.000000   15.576170   -9.576170 (VIOLATED)
_26624_/A2                              6.000000   15.576151   -9.576151 (VIOLATED)
_26693_/A2                              6.000000   15.576149   -9.576149 (VIOLATED)
_28553_/A2                              6.000000   15.576143   -9.576143 (VIOLATED)
_28652_/A2                              6.000000   15.576141   -9.576142 (VIOLATED)
_28754_/A1                              6.000000   15.576143   -9.576143 (VIOLATED)
_26623_/A2                              6.000000   15.576129   -9.576130 (VIOLATED)
_26626_/B1                              6.000000   15.576114   -9.576114 (VIOLATED)
_26622_/ZN                              6.000000   15.575787   -9.575787 (VIOLATED)
_34196_/A2                              6.000000   15.529159   -9.529159 (VIOLATED)
_34200_/A2                              6.000000   15.529157   -9.529158 (VIOLATED)
_34257_/A2                              6.000000   15.529154   -9.529154 (VIOLATED)
_34315_/A2                              6.000000   15.529159   -9.529159 (VIOLATED)
_34264_/A2                              6.000000   15.529144   -9.529145 (VIOLATED)
_34318_/A2                              6.000000   15.529148   -9.529148 (VIOLATED)
_34321_/A2                              6.000000   15.529144   -9.529145 (VIOLATED)
_34204_/A2                              6.000000   15.529111   -9.529111 (VIOLATED)
_34191_/A2                              6.000000   15.529100   -9.529100 (VIOLATED)
_34208_/A2                              6.000000   15.529107   -9.529107 (VIOLATED)
_34212_/A2                              6.000000   15.529109   -9.529109 (VIOLATED)
_34271_/A2                              6.000000   15.529105   -9.529106 (VIOLATED)
_34280_/A2                              6.000000   15.529097   -9.529097 (VIOLATED)
_34312_/A2                              6.000000   15.529104   -9.529104 (VIOLATED)
_34324_/A2                              6.000000   15.529107   -9.529107 (VIOLATED)
_34327_/A2                              6.000000   15.529115   -9.529115 (VIOLATED)
_34251_/A2                              6.000000   15.529054   -9.529055 (VIOLATED)
_34248_/A2                              6.000000   15.529037   -9.529037 (VIOLATED)
_33625_/A2                              6.000000   15.528935   -9.528935 (VIOLATED)
_33632_/A2                              6.000000   15.528913   -9.528913 (VIOLATED)
_33700_/A2                              6.000000   15.528912   -9.528913 (VIOLATED)
_33657_/A2                              6.000000   15.528872   -9.528872 (VIOLATED)
_33697_/A2                              6.000000   15.528872   -9.528873 (VIOLATED)
_33639_/A2                              6.000000   15.528860   -9.528861 (VIOLATED)
_33703_/A2                              6.000000   15.528866   -9.528866 (VIOLATED)
_33555_/A2                              6.000000   15.528832   -9.528832 (VIOLATED)
_33564_/A2                              6.000000   15.528829   -9.528829 (VIOLATED)
_33569_/A2                              6.000000   15.528837   -9.528837 (VIOLATED)
_33578_/A2                              6.000000   15.528835   -9.528835 (VIOLATED)
_33645_/A2                              6.000000   15.528837   -9.528837 (VIOLATED)
_33706_/A2                              6.000000   15.528839   -9.528839 (VIOLATED)
_33712_/A2                              6.000000   15.528839   -9.528839 (VIOLATED)
_33560_/A2                              6.000000   15.528798   -9.528798 (VIOLATED)
_33572_/A2                              6.000000   15.528793   -9.528793 (VIOLATED)
_33651_/A2                              6.000000   15.528796   -9.528797 (VIOLATED)
_33709_/A2                              6.000000   15.528794   -9.528795 (VIOLATED)
_32229_/A2                              6.000000   15.528703   -9.528703 (VIOLATED)
_32204_/A2                              6.000000   15.528691   -9.528692 (VIOLATED)
_32235_/A2                              6.000000   15.528697   -9.528697 (VIOLATED)
_32336_/A2                              6.000000   15.528688   -9.528688 (VIOLATED)
_32357_/A2                              6.000000   15.528695   -9.528695 (VIOLATED)
_32418_/A2                              6.000000   15.528693   -9.528693 (VIOLATED)
_32424_/A2                              6.000000   15.528697   -9.528697 (VIOLATED)
_32427_/A2                              6.000000   15.528697   -9.528697 (VIOLATED)
_32350_/A2                              6.000000   15.528646   -9.528646 (VIOLATED)
_32343_/A2                              6.000000   15.528582   -9.528582 (VIOLATED)
_32421_/A2                              6.000000   15.528588   -9.528589 (VIOLATED)
_32984_/A2                              6.000000   15.528590   -9.528590 (VIOLATED)
_32997_/A2                              6.000000   15.528588   -9.528589 (VIOLATED)
_33003_/A2                              6.000000   15.528590   -9.528590 (VIOLATED)
_32216_/A2                              6.000000   15.528534   -9.528534 (VIOLATED)
_32916_/A2                              6.000000   15.528543   -9.528543 (VIOLATED)
_32924_/A2                              6.000000   15.528537   -9.528538 (VIOLATED)
_32928_/A2                              6.000000   15.528544   -9.528544 (VIOLATED)
_33062_/A2                              6.000000   15.528546   -9.528546 (VIOLATED)
_32919_/A2                              6.000000   15.528526   -9.528526 (VIOLATED)
_33065_/A2                              6.000000   15.528535   -9.528536 (VIOLATED)
_33068_/A2                              6.000000   15.528541   -9.528541 (VIOLATED)
_33071_/A2                              6.000000   15.528546   -9.528546 (VIOLATED)
_32932_/A2                              6.000000   15.528516   -9.528516 (VIOLATED)
_33074_/A2                              6.000000   15.528522   -9.528523 (VIOLATED)
_32991_/A2                              6.000000   15.528498   -9.528499 (VIOLATED)
_33009_/A2                              6.000000   15.528496   -9.528497 (VIOLATED)
_32430_/A2                              6.000000   15.528477   -9.528477 (VIOLATED)
_32364_/A2                              6.000000   15.528466   -9.528466 (VIOLATED)
_32257_/A2                              6.000000   15.528419   -9.528419 (VIOLATED)
_32433_/A2                              6.000000   15.528207   -9.528207 (VIOLATED)
_32935_/A2                              6.000000   15.528201   -9.528202 (VIOLATED)
_32371_/A2                              6.000000   15.528191   -9.528191 (VIOLATED)
_33015_/A2                              6.000000   15.528199   -9.528200 (VIOLATED)
_33077_/A2                              6.000000   15.528201   -9.528202 (VIOLATED)
_32271_/A2                              6.000000   15.528141   -9.528141 (VIOLATED)
_30956_/A1                              6.000000   15.527964   -9.527964 (VIOLATED)
_31002_/A1                              6.000000   15.527966   -9.527967 (VIOLATED)
_32185_/A2                              6.000000   15.527926   -9.527926 (VIOLATED)
_32284_/A2                              6.000000   15.527927   -9.527928 (VIOLATED)
_32327_/A2                              6.000000   15.527931   -9.527931 (VIOLATED)
_32412_/A2                              6.000000   15.527929   -9.527930 (VIOLATED)
_32908_/A2                              6.000000   15.527935   -9.527935 (VIOLATED)
_32977_/A2                              6.000000   15.527935   -9.527935 (VIOLATED)
_33057_/A2                              6.000000   15.527935   -9.527935 (VIOLATED)
_33551_/A2                              6.000000   15.527923   -9.527923 (VIOLATED)
_33618_/A2                              6.000000   15.527927   -9.527928 (VIOLATED)
_33691_/A2                              6.000000   15.527927   -9.527928 (VIOLATED)
_17854_/ZN                              6.000000   15.527857   -9.527857 (VIOLATED)
_30839_/A1                              6.000000   15.527857   -9.527857 (VIOLATED)
_30965_/A1                              6.000000   15.527857   -9.527857 (VIOLATED)
_30971_/A1                              6.000000   15.527857   -9.527857 (VIOLATED)
_32378_/A2                              6.000000   15.527857   -9.527857 (VIOLATED)
_32436_/A2                              6.000000   15.527857   -9.527857 (VIOLATED)
_32940_/A2                              6.000000   15.527857   -9.527857 (VIOLATED)
_33021_/A2                              6.000000   15.527857   -9.527857 (VIOLATED)
_33080_/A2                              6.000000   15.527857   -9.527857 (VIOLATED)
_33582_/A2                              6.000000   15.527857   -9.527857 (VIOLATED)
_33663_/A2                              6.000000   15.527857   -9.527857 (VIOLATED)
_33715_/A2                              6.000000   15.527857   -9.527857 (VIOLATED)
_34184_/A2                              6.000000   15.527857   -9.527857 (VIOLATED)
_34216_/A2                              6.000000   15.527857   -9.527857 (VIOLATED)
_34237_/A2                              6.000000   15.527857   -9.527857 (VIOLATED)
_34283_/A2                              6.000000   15.527857   -9.527857 (VIOLATED)
_34307_/A2                              6.000000   15.527857   -9.527857 (VIOLATED)
_34330_/A2                              6.000000   15.527857   -9.527857 (VIOLATED)
_34856_/ZN                              6.000000   15.413642   -9.413643 (VIOLATED)
_34858_/A1                              6.000000   15.413642   -9.413643 (VIOLATED)
_34862_/A1                              6.000000   15.413642   -9.413643 (VIOLATED)
_34866_/C                               6.000000   15.413642   -9.413643 (VIOLATED)
_34868_/A1                              6.000000   15.413642   -9.413643 (VIOLATED)
_28010_/A2                              6.000000   15.391871   -9.391871 (VIOLATED)
_28128_/A2                              6.000000   15.391873   -9.391873 (VIOLATED)
_28249_/A2                              6.000000   15.391875   -9.391875 (VIOLATED)
_27557_/A2                              6.000000   15.391850   -9.391850 (VIOLATED)
_27665_/A2                              6.000000   15.391855   -9.391855 (VIOLATED)
_27787_/A2                              6.000000   15.391864   -9.391865 (VIOLATED)
_27870_/A2                              6.000000   15.391868   -9.391868 (VIOLATED)
_27414_/A2                              6.000000   15.391837   -9.391838 (VIOLATED)
_27203_/A2                              6.000000   15.391809   -9.391809 (VIOLATED)
_27297_/A2                              6.000000   15.391811   -9.391811 (VIOLATED)
_26991_/A2                              6.000000   15.391791   -9.391791 (VIOLATED)
_27034_/A2                              6.000000   15.391789   -9.391789 (VIOLATED)
_27035_/A2                              6.000000   15.391791   -9.391791 (VIOLATED)
_27112_/A2                              6.000000   15.391798   -9.391799 (VIOLATED)
_26922_/A2                              6.000000   15.391765   -9.391765 (VIOLATED)
_26923_/A2                              6.000000   15.391767   -9.391767 (VIOLATED)
_28330_/A2                              6.000000   15.391767   -9.391767 (VIOLATED)
_28439_/A2                              6.000000   15.391767   -9.391767 (VIOLATED)
_28574_/A2                              6.000000   15.391763   -9.391763 (VIOLATED)
_26775_/A2                              6.000000   15.391752   -9.391752 (VIOLATED)
_26776_/A2                              6.000000   15.391760   -9.391760 (VIOLATED)
_28673_/A2                              6.000000   15.391758   -9.391758 (VIOLATED)
_28770_/A2                              6.000000   15.391756   -9.391756 (VIOLATED)
_26778_/B1                              6.000000   15.391746   -9.391746 (VIOLATED)
_28861_/A2                              6.000000   15.391752   -9.391752 (VIOLATED)
_28941_/A2                              6.000000   15.391744   -9.391744 (VIOLATED)
_28943_/A2                              6.000000   15.391740   -9.391740 (VIOLATED)
_29025_/B                               6.000000   15.391740   -9.391740 (VIOLATED)
_26774_/ZN                              6.000000   15.391411   -9.391412 (VIOLATED)
_26492_/C                               6.000000   14.743543   -8.743543 (VIOLATED)
_26546_/C                               6.000000   14.743543   -8.743543 (VIOLATED)
_26622_/C                               6.000000   14.743541   -8.743542 (VIOLATED)
_26749_/C                               6.000000   14.743541   -8.743542 (VIOLATED)
_26774_/C                               6.000000   14.743539   -8.743540 (VIOLATED)
_26932_/C                               6.000000   14.743538   -8.743538 (VIOLATED)
_27001_/C                               6.000000   14.743536   -8.743536 (VIOLATED)
_27322_/C                               6.000000   14.743530   -8.743530 (VIOLATED)
_27406_/C                               6.000000   14.743526   -8.743526 (VIOLATED)
_27544_/C                               6.000000   14.743526   -8.743526 (VIOLATED)
_27652_/C                               6.000000   14.743526   -8.743526 (VIOLATED)
_27899_/C                               6.000000   14.743526   -8.743526 (VIOLATED)
_17686_/ZN                              6.000000   14.743470   -8.743470 (VIOLATED)
_17911_/A1                              6.000000   14.743470   -8.743470 (VIOLATED)
_26514_/A1                              6.000000   14.743470   -8.743470 (VIOLATED)
_27046_/A1                              6.000000   14.743470   -8.743470 (VIOLATED)
_27134_/A1                              6.000000   14.743470   -8.743470 (VIOLATED)
_27755_/A1                              6.000000   14.743470   -8.743470 (VIOLATED)
_29674_/A2                              6.000000   14.743470   -8.743470 (VIOLATED)
_30635_/A1                              6.000000   14.743470   -8.743470 (VIOLATED)
_32762_/B                               6.000000   14.743470   -8.743470 (VIOLATED)
_33114_/B2                              6.000000   14.743470   -8.743470 (VIOLATED)
_33745_/B2                              6.000000   14.743470   -8.743470 (VIOLATED)
_34043_/B                               6.000000   14.743470   -8.743470 (VIOLATED)
_21528_/A1                              6.000000   14.351667   -8.351668 (VIOLATED)
_21537_/A1                              6.000000   14.351667   -8.351668 (VIOLATED)
_21558_/A1                              6.000000   14.351665   -8.351665 (VIOLATED)
_21559_/A2                              6.000000   14.351664   -8.351664 (VIOLATED)
_21568_/A1                              6.000000   14.351659   -8.351659 (VIOLATED)
_21586_/S                               6.000000   14.351636   -8.351636 (VIOLATED)
_19722_/A1                              6.000000   14.351625   -8.351625 (VIOLATED)
_19746_/A1                              6.000000   14.351627   -8.351627 (VIOLATED)
_19751_/A1                              6.000000   14.351628   -8.351628 (VIOLATED)
_21551_/A2                              6.000000   14.351617   -8.351618 (VIOLATED)
_21553_/A1                              6.000000   14.351621   -8.351621 (VIOLATED)
_23124_/A1                              6.000000   14.351588   -8.351588 (VIOLATED)
_23126_/A2                              6.000000   14.351593   -8.351593 (VIOLATED)
_23128_/A1                              6.000000   14.351593   -8.351593 (VIOLATED)
_22302_/A1                              6.000000   14.351570   -8.351570 (VIOLATED)
_23117_/A1                              6.000000   14.351577   -8.351578 (VIOLATED)
_23147_/A1                              6.000000   14.351579   -8.351580 (VIOLATED)
_22326_/A1                              6.000000   14.351568   -8.351568 (VIOLATED)
_22337_/A1                              6.000000   14.351563   -8.351564 (VIOLATED)
_23080_/A1                              6.000000   14.351559   -8.351559 (VIOLATED)
_23091_/A1                              6.000000   14.351556   -8.351556 (VIOLATED)
_23110_/A1                              6.000000   14.351549   -8.351549 (VIOLATED)
_18837_/A1                              6.000000   14.351522   -8.351522 (VIOLATED)
_18846_/A1                              6.000000   14.351523   -8.351523 (VIOLATED)
_18852_/A2                              6.000000   14.351521   -8.351521 (VIOLATED)
_18863_/A1                              6.000000   14.351447   -8.351447 (VIOLATED)
_18874_/A1                              6.000000   14.351406   -8.351406 (VIOLATED)
_19754_/A1                              6.000000   14.351401   -8.351401 (VIOLATED)
_19755_/A2                              6.000000   14.351402   -8.351402 (VIOLATED)
_19764_/A1                              6.000000   14.351402   -8.351402 (VIOLATED)
_19766_/A2                              6.000000   14.351403   -8.351403 (VIOLATED)
_18884_/A1                              6.000000   14.351382   -8.351383 (VIOLATED)
_18887_/S                               6.000000   14.351381   -8.351381 (VIOLATED)
_18885_/A2                              6.000000   14.351359   -8.351359 (VIOLATED)
_23996_/A1                              6.000000   14.351357   -8.351357 (VIOLATED)
_24006_/A1                              6.000000   14.351357   -8.351358 (VIOLATED)
_24022_/A1                              6.000000   14.351363   -8.351363 (VIOLATED)
_24029_/A1                              6.000000   14.351367   -8.351367 (VIOLATED)
_24030_/A2                              6.000000   14.351366   -8.351366 (VIOLATED)
_24036_/A1                              6.000000   14.351368   -8.351368 (VIOLATED)
_24045_/A1                              6.000000   14.351369   -8.351369 (VIOLATED)
_24771_/A1                              6.000000   14.351349   -8.351349 (VIOLATED)
_24797_/A1                              6.000000   14.351349   -8.351349 (VIOLATED)
_24803_/A1                              6.000000   14.351347   -8.351347 (VIOLATED)
_24804_/A2                              6.000000   14.351347   -8.351347 (VIOLATED)
_24805_/A2                              6.000000   14.351345   -8.351346 (VIOLATED)
_24807_/A1                              6.000000   14.351345   -8.351346 (VIOLATED)
_24809_/S                               6.000000   14.351343   -8.351344 (VIOLATED)
_24810_/A2                              6.000000   14.351351   -8.351351 (VIOLATED)
_24812_/A1                              6.000000   14.351350   -8.351350 (VIOLATED)
_24814_/A1                              6.000000   14.351345   -8.351346 (VIOLATED)
_22342_/A2                              6.000000   14.351331   -8.351331 (VIOLATED)
_22344_/A1                              6.000000   14.351331   -8.351331 (VIOLATED)
_22347_/A2                              6.000000   14.351331   -8.351332 (VIOLATED)
_22348_/A1                              6.000000   14.351331   -8.351332 (VIOLATED)
_36377_/D                               6.000000   14.351324   -8.351324 (VIOLATED)
_22334_/A2                              6.000000   14.351303   -8.351303 (VIOLATED)
_18866_/A2                              6.000000   14.351265   -8.351265 (VIOLATED)
_18868_/A1                              6.000000   14.351268   -8.351269 (VIOLATED)
_20668_/A1                              6.000000   14.351263   -8.351263 (VIOLATED)
_20674_/S                               6.000000   14.351265   -8.351265 (VIOLATED)
_18859_/A2                              6.000000   14.351238   -8.351238 (VIOLATED)
_18861_/A1                              6.000000   14.351242   -8.351243 (VIOLATED)
_20625_/A1                              6.000000   14.351240   -8.351241 (VIOLATED)
_20657_/A1                              6.000000   14.351249   -8.351249 (VIOLATED)
_20651_/A1                              6.000000   14.351240   -8.351240 (VIOLATED)
_22319_/S                               6.000000   14.351197   -8.351197 (VIOLATED)
_17918_/ZN                              6.000000   14.351151   -8.351152 (VIOLATED)
_27401_/B1                              6.000000   14.094309   -8.094310 (VIOLATED)
_27538_/B1                              6.000000   14.094310   -8.094311 (VIOLATED)
_27646_/B1                              6.000000   14.094311   -8.094311 (VIOLATED)
_27748_/B1                              6.000000   14.094312   -8.094312 (VIOLATED)
_27893_/B1                              6.000000   14.094311   -8.094311 (VIOLATED)
_27965_/B1                              6.000000   14.094312   -8.094312 (VIOLATED)
_27038_/B1                              6.000000   14.094295   -8.094296 (VIOLATED)
_27127_/B1                              6.000000   14.094299   -8.094299 (VIOLATED)
_27220_/B1                              6.000000   14.094303   -8.094303 (VIOLATED)
_27316_/B1                              6.000000   14.094306   -8.094306 (VIOLATED)
_26769_/B1                              6.000000   14.094285   -8.094285 (VIOLATED)
_26855_/B1                              6.000000   14.094289   -8.094289 (VIOLATED)
_26995_/B1                              6.000000   14.094294   -8.094294 (VIOLATED)
_26926_/B1                              6.000000   14.094280   -8.094280 (VIOLATED)
_26486_/B1                              6.000000   14.094271   -8.094272 (VIOLATED)
_26682_/B1                              6.000000   14.094275   -8.094275 (VIOLATED)
_26744_/B1                              6.000000   14.094279   -8.094279 (VIOLATED)
_26540_/B1                              6.000000   14.094267   -8.094267 (VIOLATED)
_26580_/B1                              6.000000   14.094269   -8.094270 (VIOLATED)
_26615_/B1                              6.000000   14.094269   -8.094270 (VIOLATED)
_25134_/ZN                              6.000000   14.094218   -8.094219 (VIOLATED)
_25151_/A2                              6.000000   14.094218   -8.094219 (VIOLATED)
_25452_/A3                              6.000000   14.094218   -8.094219 (VIOLATED)
_25593_/A2                              6.000000   14.094218   -8.094219 (VIOLATED)
_25671_/A3                              6.000000   14.094218   -8.094219 (VIOLATED)
_25970_/A2                              6.000000   14.094218   -8.094219 (VIOLATED)
_26506_/B1                              6.000000   14.094218   -8.094219 (VIOLATED)
_17944_/A2                              6.000000   13.988585   -7.988585 (VIOLATED)
_20097_/B1                              6.000000   13.988589   -7.988590 (VIOLATED)
_32903_/A1                              6.000000   13.988591   -7.988591 (VIOLATED)
_32970_/A1                              6.000000   13.988591   -7.988591 (VIOLATED)
_33052_/A1                              6.000000   13.988591   -7.988591 (VIOLATED)
_17946_/A2                              6.000000   13.988579   -7.988579 (VIOLATED)
_17961_/A2                              6.000000   13.988585   -7.988585 (VIOLATED)
_23427_/A2                              6.000000   13.988585   -7.988585 (VIOLATED)
_23471_/B2                              6.000000   13.988587   -7.988588 (VIOLATED)
_24267_/A1                              6.000000   13.988585   -7.988586 (VIOLATED)
_25522_/A2                              6.000000   13.988587   -7.988588 (VIOLATED)
_18201_/A1                              6.000000   13.988571   -7.988572 (VIOLATED)
_20974_/A1                              6.000000   13.988567   -7.988567 (VIOLATED)
_21779_/B1                              6.000000   13.988564   -7.988564 (VIOLATED)
_21801_/A1                              6.000000   13.988569   -7.988569 (VIOLATED)
_22581_/B2                              6.000000   13.988564   -7.988564 (VIOLATED)
_25089_/A1                              6.000000   13.988569   -7.988569 (VIOLATED)
_25452_/A2                              6.000000   13.988573   -7.988574 (VIOLATED)
_25457_/A1                              6.000000   13.988576   -7.988576 (VIOLATED)
_25122_/A1                              6.000000   13.988564   -7.988564 (VIOLATED)
_25579_/A2                              6.000000   13.988566   -7.988566 (VIOLATED)
_25671_/A1                              6.000000   13.988570   -7.988570 (VIOLATED)
_25674_/A1                              6.000000   13.988573   -7.988574 (VIOLATED)
_23366_/B1                              6.000000   13.988557   -7.988557 (VIOLATED)
_17941_/ZN                              6.000000   13.988504   -7.988504 (VIOLATED)
_17992_/A2                              6.000000   13.988504   -7.988504 (VIOLATED)
_18121_/B2                              6.000000   13.988504   -7.988504 (VIOLATED)
_18173_/B2                              6.000000   13.988504   -7.988504 (VIOLATED)
_18298_/B2                              6.000000   13.988504   -7.988504 (VIOLATED)
_19385_/B1                              6.000000   13.988504   -7.988504 (VIOLATED)
_19976_/A2                              6.000000   13.988504   -7.988504 (VIOLATED)
_20045_/A1                              6.000000   13.988504   -7.988504 (VIOLATED)
_20107_/B1                              6.000000   13.988504   -7.988504 (VIOLATED)
_20852_/B1                              6.000000   13.988504   -7.988504 (VIOLATED)
_20911_/B2                              6.000000   13.988504   -7.988504 (VIOLATED)
_25127_/A2                              6.000000   13.988504   -7.988504 (VIOLATED)
_25168_/B1                              6.000000   13.988504   -7.988504 (VIOLATED)
_25255_/A2                              6.000000   13.988504   -7.988504 (VIOLATED)
_25304_/A2                              6.000000   13.988504   -7.988504 (VIOLATED)
_25605_/B1                              6.000000   13.988504   -7.988504 (VIOLATED)
_25967_/A2                              6.000000   13.988504   -7.988504 (VIOLATED)
_34195_/C                               6.000000   13.967384   -7.967384 (VIOLATED)
_34199_/C                               6.000000   13.967383   -7.967383 (VIOLATED)
_34252_/B                               6.000000   13.967383   -7.967383 (VIOLATED)
_34259_/B                               6.000000   13.967380   -7.967380 (VIOLATED)
_34266_/B                               6.000000   13.967380   -7.967380 (VIOLATED)
_34385_/C                               6.000000   13.967385   -7.967385 (VIOLATED)
_34390_/C                               6.000000   13.967381   -7.967381 (VIOLATED)
_34598_/C                               6.000000   13.967385   -7.967385 (VIOLATED)
_34203_/C                               6.000000   13.967370   -7.967370 (VIOLATED)
_34601_/C                               6.000000   13.967375   -7.967375 (VIOLATED)
_34211_/C                               6.000000   13.967360   -7.967360 (VIOLATED)
_34277_/B                               6.000000   13.967347   -7.967347 (VIOLATED)
_34590_/C                               6.000000   13.967344   -7.967344 (VIOLATED)
_34192_/C                               6.000000   13.967335   -7.967335 (VIOLATED)
_34207_/C                               6.000000   13.967336   -7.967335 (VIOLATED)
_33773_/C                               6.000000   13.967310   -7.967309 (VIOLATED)
_33778_/C                               6.000000   13.967290   -7.967290 (VIOLATED)
_34245_/B                               6.000000   13.967288   -7.967288 (VIOLATED)
_33992_/C                               6.000000   13.967233   -7.967233 (VIOLATED)
_33623_/B                               6.000000   13.967217   -7.967217 (VIOLATED)
_33999_/C                               6.000000   13.967187   -7.967187 (VIOLATED)
_33556_/C                               6.000000   13.967167   -7.967167 (VIOLATED)
_33563_/C                               6.000000   13.967167   -7.967167 (VIOLATED)
_33636_/B                               6.000000   13.967155   -7.967155 (VIOLATED)
_32203_/C                               6.000000   13.967145   -7.967145 (VIOLATED)
_32733_/C                               6.000000   13.967136   -7.967136 (VIOLATED)
_32234_/C                               6.000000   13.967127   -7.967127 (VIOLATED)
_33568_/C                               6.000000   13.967130   -7.967130 (VIOLATED)
_33577_/C                               6.000000   13.967131   -7.967131 (VIOLATED)
_33642_/B                               6.000000   13.967129   -7.967129 (VIOLATED)
_33654_/B                               6.000000   13.967133   -7.967133 (VIOLATED)
_34002_/C                               6.000000   13.967132   -7.967132 (VIOLATED)
_32333_/B                               6.000000   13.967118   -7.967119 (VIOLATED)
_32353_/B                               6.000000   13.967124   -7.967124 (VIOLATED)
_32478_/C                               6.000000   13.967129   -7.967129 (VIOLATED)
_32497_/C                               6.000000   13.967112   -7.967112 (VIOLATED)
_32230_/C                               6.000000   13.967099   -7.967099 (VIOLATED)
_33559_/C                               6.000000   13.967101   -7.967101 (VIOLATED)
_33573_/C                               6.000000   13.967099   -7.967099 (VIOLATED)
_33630_/B                               6.000000   13.967104   -7.967104 (VIOLATED)
_33996_/C                               6.000000   13.967105   -7.967105 (VIOLATED)
_32346_/B                               6.000000   13.967091   -7.967091 (VIOLATED)
_32722_/C                               6.000000   13.967095   -7.967096 (VIOLATED)
_33648_/B                               6.000000   13.967097   -7.967097 (VIOLATED)
_32340_/B                               6.000000   13.967060   -7.967060 (VIOLATED)
_32492_/C                               6.000000   13.967066   -7.967066 (VIOLATED)
_32730_/C                               6.000000   13.967044   -7.967044 (VIOLATED)
_32726_/C                               6.000000   13.967028   -7.967028 (VIOLATED)
_32484_/C                               6.000000   13.967020   -7.967020 (VIOLATED)
_32217_/C                               6.000000   13.966990   -7.966991 (VIOLATED)
_32361_/B                               6.000000   13.966973   -7.966973 (VIOLATED)
_32258_/C                               6.000000   13.966957   -7.966957 (VIOLATED)
_32500_/C                               6.000000   13.966946   -7.966946 (VIOLATED)
_32368_/B                               6.000000   13.966883   -7.966883 (VIOLATED)
_32506_/C                               6.000000   13.966872   -7.966873 (VIOLATED)
_32272_/C                               6.000000   13.966860   -7.966860 (VIOLATED)
_32187_/ZN                              6.000000   13.966816   -7.966816 (VIOLATED)
_32188_/C                               6.000000   13.966816   -7.966816 (VIOLATED)
_32285_/C                               6.000000   13.966816   -7.966816 (VIOLATED)
_32374_/B                               6.000000   13.966816   -7.966816 (VIOLATED)
_32473_/C                               6.000000   13.966816   -7.966816 (VIOLATED)
_32513_/C                               6.000000   13.966816   -7.966816 (VIOLATED)
_32718_/C                               6.000000   13.966816   -7.966816 (VIOLATED)
_32909_/C                               6.000000   13.966816   -7.966816 (VIOLATED)
_32915_/C                               6.000000   13.966816   -7.966816 (VIOLATED)
_32920_/C                               6.000000   13.966816   -7.966816 (VIOLATED)
_32923_/C                               6.000000   13.966816   -7.966816 (VIOLATED)
_32927_/C                               6.000000   13.966816   -7.966816 (VIOLATED)
_32931_/C                               6.000000   13.966816   -7.966816 (VIOLATED)
_32936_/C                               6.000000   13.966816   -7.966816 (VIOLATED)
_32939_/C                               6.000000   13.966816   -7.966816 (VIOLATED)
_32982_/B                               6.000000   13.966816   -7.966816 (VIOLATED)
_32988_/B                               6.000000   13.966816   -7.966816 (VIOLATED)
_32994_/B                               6.000000   13.966816   -7.966816 (VIOLATED)
_33000_/B                               6.000000   13.966816   -7.966816 (VIOLATED)
_33006_/B                               6.000000   13.966816   -7.966816 (VIOLATED)
_33012_/B                               6.000000   13.966816   -7.966816 (VIOLATED)
_33018_/B                               6.000000   13.966816   -7.966816 (VIOLATED)
_33162_/C                               6.000000   13.966816   -7.966816 (VIOLATED)
_33359_/C                               6.000000   13.966816   -7.966816 (VIOLATED)
_33364_/C                               6.000000   13.966816   -7.966816 (VIOLATED)
_33367_/C                               6.000000   13.966816   -7.966816 (VIOLATED)
_33372_/C                               6.000000   13.966816   -7.966816 (VIOLATED)
_33385_/C                               6.000000   13.966816   -7.966816 (VIOLATED)
_33550_/C                               6.000000   13.966816   -7.966816 (VIOLATED)
_33581_/C                               6.000000   13.966816   -7.966816 (VIOLATED)
_33660_/B                               6.000000   13.966816   -7.966816 (VIOLATED)
_33795_/C                               6.000000   13.966816   -7.966816 (VIOLATED)
_33986_/C                               6.000000   13.966816   -7.966816 (VIOLATED)
_34015_/C                               6.000000   13.966816   -7.966816 (VIOLATED)
_34185_/C                               6.000000   13.966816   -7.966816 (VIOLATED)
_34215_/C                               6.000000   13.966816   -7.966816 (VIOLATED)
_34238_/B                               6.000000   13.966816   -7.966816 (VIOLATED)
_34284_/B                               6.000000   13.966816   -7.966816 (VIOLATED)
_34409_/C                               6.000000   13.966816   -7.966816 (VIOLATED)
_34614_/C                               6.000000   13.966816   -7.966816 (VIOLATED)
_28289_/A2                              6.000000   13.847485   -7.847485 (VIOLATED)
_28368_/A2                              6.000000   13.847485   -7.847485 (VIOLATED)
_28480_/A2                              6.000000   13.847484   -7.847484 (VIOLATED)
_28611_/A2                              6.000000   13.847485   -7.847485 (VIOLATED)
_28614_/A2                              6.000000   13.847479   -7.847479 (VIOLATED)
_28698_/A2                              6.000000   13.847481   -7.847481 (VIOLATED)
_28701_/A2                              6.000000   13.847475   -7.847475 (VIOLATED)
_28795_/A2                              6.000000   13.847474   -7.847474 (VIOLATED)
_28798_/A2                              6.000000   13.847466   -7.847466 (VIOLATED)
_28898_/A2                              6.000000   13.847468   -7.847469 (VIOLATED)
_28901_/A2                              6.000000   13.847460   -7.847460 (VIOLATED)
_28966_/A2                              6.000000   13.847458   -7.847458 (VIOLATED)
_28969_/A2                              6.000000   13.847452   -7.847453 (VIOLATED)
_29060_/A2                              6.000000   13.847450   -7.847451 (VIOLATED)
_29063_/A2                              6.000000   13.847437   -7.847437 (VIOLATED)
_29138_/A2                              6.000000   13.847436   -7.847436 (VIOLATED)
_29141_/A2                              6.000000   13.847425   -7.847424 (VIOLATED)
_29196_/A2                              6.000000   13.847425   -7.847426 (VIOLATED)
_29199_/A2                              6.000000   13.847392   -7.847392 (VIOLATED)
_29273_/A2                              6.000000   13.847397   -7.847397 (VIOLATED)
_29276_/A2                              6.000000   13.847337   -7.847337 (VIOLATED)
_29334_/A2                              6.000000   13.847341   -7.847341 (VIOLATED)
_29337_/A2                              6.000000   13.847320   -7.847320 (VIOLATED)
_29391_/A2                              6.000000   13.847320   -7.847320 (VIOLATED)
_29394_/A2                              6.000000   13.847319   -7.847319 (VIOLATED)
_29442_/A2                              6.000000   13.847316   -7.847316 (VIOLATED)
_29445_/A2                              6.000000   13.847300   -7.847300 (VIOLATED)
_29481_/A2                              6.000000   13.847298   -7.847298 (VIOLATED)
_29484_/A2                              6.000000   13.847281   -7.847281 (VIOLATED)
_29523_/A2                              6.000000   13.847278   -7.847278 (VIOLATED)
_29526_/A2                              6.000000   13.847250   -7.847250 (VIOLATED)
_29557_/A2                              6.000000   13.847246   -7.847247 (VIOLATED)
_29560_/A2                              6.000000   13.847237   -7.847237 (VIOLATED)
_29585_/A2                              6.000000   13.847221   -7.847222 (VIOLATED)
_27974_/I                               6.000000   13.847189   -7.847189 (VIOLATED)
_28035_/A2                              6.000000   13.847181   -7.847182 (VIOLATED)
_28082_/A2                              6.000000   13.847189   -7.847189 (VIOLATED)
_28169_/A2                              6.000000   13.847180   -7.847181 (VIOLATED)
_28286_/A2                              6.000000   13.847180   -7.847181 (VIOLATED)
_29588_/A2                              6.000000   13.847186   -7.847186 (VIOLATED)
_29618_/A2                              6.000000   13.847180   -7.847181 (VIOLATED)
_28371_/A2                              6.000000   13.847172   -7.847172 (VIOLATED)
_28477_/A2                              6.000000   13.847171   -7.847171 (VIOLATED)
_29620_/A2                              6.000000   13.847159   -7.847159 (VIOLATED)
_29642_/A2                              6.000000   13.847154   -7.847154 (VIOLATED)
_29643_/A2                              6.000000   13.847142   -7.847143 (VIOLATED)
_29665_/A1                              6.000000   13.847101   -7.847101 (VIOLATED)
_27973_/ZN                              6.000000   13.846659   -7.846659 (VIOLATED)
_28092_/B                               6.000000   13.800924   -7.800925 (VIOLATED)
_27602_/A2                              6.000000   13.800917   -7.800917 (VIOLATED)
_27716_/A2                              6.000000   13.800920   -7.800920 (VIOLATED)
_27833_/A2                              6.000000   13.800920   -7.800920 (VIOLATED)
_27961_/A2                              6.000000   13.800923   -7.800924 (VIOLATED)
_27239_/A2                              6.000000   13.800896   -7.800896 (VIOLATED)
_27337_/A2                              6.000000   13.800901   -7.800901 (VIOLATED)
_27438_/A2                              6.000000   13.800908   -7.800909 (VIOLATED)
_27497_/A2                              6.000000   13.800913   -7.800913 (VIOLATED)
_27058_/A2                              6.000000   13.800876   -7.800876 (VIOLATED)
_27141_/A2                              6.000000   13.800881   -7.800882 (VIOLATED)
_26958_/A2                              6.000000   13.800858   -7.800859 (VIOLATED)
_26889_/A2                              6.000000   13.800847   -7.800848 (VIOLATED)
_26782_/A2                              6.000000   13.800834   -7.800834 (VIOLATED)
_26827_/A2                              6.000000   13.800841   -7.800841 (VIOLATED)
_26727_/A2                              6.000000   13.800825   -7.800825 (VIOLATED)
_26784_/A2                              6.000000   13.800827   -7.800827 (VIOLATED)
_26666_/A3                              6.000000   13.800806   -7.800807 (VIOLATED)
_26668_/A2                              6.000000   13.800798   -7.800798 (VIOLATED)
_26628_/A2                              6.000000   13.800786   -7.800786 (VIOLATED)
_26493_/A2                              6.000000   13.800771   -7.800771 (VIOLATED)
_26538_/A2                              6.000000   13.800764   -7.800765 (VIOLATED)
_26548_/A2                              6.000000   13.800764   -7.800765 (VIOLATED)
_26553_/A2                              6.000000   13.800765   -7.800766 (VIOLATED)
_29668_/A2                              6.000000   13.800772   -7.800772 (VIOLATED)
_26567_/A3                              6.000000   13.800762   -7.800762 (VIOLATED)
_26569_/A2                              6.000000   13.800761   -7.800761 (VIOLATED)
_26492_/ZN                              6.000000   13.800570   -7.800570 (VIOLATED)
_27794_/A2                              6.000000   13.786576   -7.786577 (VIOLATED)
_27877_/A2                              6.000000   13.786576   -7.786576 (VIOLATED)
_28017_/A2                              6.000000   13.786575   -7.786575 (VIOLATED)
_28135_/A2                              6.000000   13.786573   -7.786573 (VIOLATED)
_28256_/A2                              6.000000   13.786570   -7.786570 (VIOLATED)
_28337_/A2                              6.000000   13.786566   -7.786566 (VIOLATED)
_28446_/A2                              6.000000   13.786558   -7.786558 (VIOLATED)
_28581_/A2                              6.000000   13.786554   -7.786555 (VIOLATED)
_27002_/A2                              6.000000   13.786543   -7.786543 (VIOLATED)
_28680_/A2                              6.000000   13.786549   -7.786549 (VIOLATED)
_27004_/A2                              6.000000   13.786540   -7.786541 (VIOLATED)
_27118_/A2                              6.000000   13.786543   -7.786543 (VIOLATED)
_27209_/A2                              6.000000   13.786544   -7.786544 (VIOLATED)
_27303_/A2                              6.000000   13.786536   -7.786536 (VIOLATED)
_27421_/A2                              6.000000   13.786535   -7.786535 (VIOLATED)
_28777_/A2                              6.000000   13.786538   -7.786539 (VIOLATED)
_27564_/A2                              6.000000   13.786530   -7.786531 (VIOLATED)
_27672_/A2                              6.000000   13.786531   -7.786531 (VIOLATED)
_28868_/A2                              6.000000   13.786530   -7.786530 (VIOLATED)
_28948_/A2                              6.000000   13.786516   -7.786517 (VIOLATED)
_29030_/A2                              6.000000   13.786505   -7.786505 (VIOLATED)
_29108_/A2                              6.000000   13.786495   -7.786495 (VIOLATED)
_29175_/A2                              6.000000   13.786467   -7.786467 (VIOLATED)
_29244_/B                               6.000000   13.786465   -7.786465 (VIOLATED)
_29176_/A2                              6.000000   13.786450   -7.786451 (VIOLATED)
_27001_/ZN                              6.000000   13.786201   -7.786201 (VIOLATED)
_26547_/I                               6.000000   13.742255   -7.742255 (VIOLATED)
_28092_/A2                              6.000000   13.742254   -7.742254 (VIOLATED)
_27601_/A2                              6.000000   13.742246   -7.742246 (VIOLATED)
_27715_/A2                              6.000000   13.742249   -7.742249 (VIOLATED)
_27832_/A2                              6.000000   13.742252   -7.742252 (VIOLATED)
_27336_/A2                              6.000000   13.742231   -7.742232 (VIOLATED)
_27437_/A2                              6.000000   13.742238   -7.742238 (VIOLATED)
_27496_/A2                              6.000000   13.742243   -7.742243 (VIOLATED)
_27238_/A2                              6.000000   13.742219   -7.742219 (VIOLATED)
_27057_/A2                              6.000000   13.742206   -7.742206 (VIOLATED)
_27140_/A2                              6.000000   13.742212   -7.742212 (VIOLATED)
_26888_/A2                              6.000000   13.742188   -7.742188 (VIOLATED)
_26957_/A2                              6.000000   13.742186   -7.742186 (VIOLATED)
_26826_/A2                              6.000000   13.742173   -7.742173 (VIOLATED)
_26781_/A2                              6.000000   13.742160   -7.742160 (VIOLATED)
_26784_/B1                              6.000000   13.742157   -7.742157 (VIOLATED)
_26665_/A2                              6.000000   13.742147   -7.742147 (VIOLATED)
_26666_/A4                              6.000000   13.742138   -7.742138 (VIOLATED)
_26668_/B1                              6.000000   13.742129   -7.742130 (VIOLATED)
_26566_/A2                              6.000000   13.742115   -7.742115 (VIOLATED)
_26549_/A2                              6.000000   13.742097   -7.742097 (VIOLATED)
_26554_/A2                              6.000000   13.742097   -7.742097 (VIOLATED)
_29668_/B1                              6.000000   13.742103   -7.742103 (VIOLATED)
_26567_/A4                              6.000000   13.742094   -7.742095 (VIOLATED)
_26569_/B1                              6.000000   13.742093   -7.742094 (VIOLATED)
_26597_/A2                              6.000000   13.742099   -7.742099 (VIOLATED)
_26605_/A3                              6.000000   13.742104   -7.742104 (VIOLATED)
_26546_/ZN                              6.000000   13.741909   -7.741910 (VIOLATED)
_17995_/A2                              6.000000   13.620812   -7.620812 (VIOLATED)
_17996_/A1                              6.000000   13.620812   -7.620812 (VIOLATED)
_19427_/A2                              6.000000   13.620811   -7.620811 (VIOLATED)
_20853_/A2                              6.000000   13.620810   -7.620810 (VIOLATED)
_18100_/B                               6.000000   13.620802   -7.620802 (VIOLATED)
_18101_/A2                              6.000000   13.620802   -7.620802 (VIOLATED)
_18549_/C                               6.000000   13.620801   -7.620801 (VIOLATED)
_21237_/A2                              6.000000   13.620808   -7.620808 (VIOLATED)
_19961_/B                               6.000000   13.620793   -7.620793 (VIOLATED)
_19962_/A2                              6.000000   13.620793   -7.620794 (VIOLATED)
_20876_/B                               6.000000   13.620793   -7.620793 (VIOLATED)
_20877_/A2                              6.000000   13.620793   -7.620793 (VIOLATED)
_21177_/A2                              6.000000   13.620790   -7.620790 (VIOLATED)
_21762_/A2                              6.000000   13.620791   -7.620791 (VIOLATED)
_21978_/A2                              6.000000   13.620782   -7.620782 (VIOLATED)
_19078_/A2                              6.000000   13.620754   -7.620755 (VIOLATED)
_18091_/A2                              6.000000   13.620746   -7.620746 (VIOLATED)
_25161_/A2                              6.000000   13.620740   -7.620740 (VIOLATED)
_25249_/A2                              6.000000   13.620747   -7.620747 (VIOLATED)
_18493_/B                               6.000000   13.620718   -7.620718 (VIOLATED)
_20290_/C                               6.000000   13.620717   -7.620718 (VIOLATED)
_22519_/A2                              6.000000   13.620721   -7.620721 (VIOLATED)
_22537_/A1                              6.000000   13.620718   -7.620718 (VIOLATED)
_22538_/A2                              6.000000   13.620718   -7.620718 (VIOLATED)
_22756_/A2                              6.000000   13.620722   -7.620722 (VIOLATED)
_19384_/A2                              6.000000   13.620696   -7.620696 (VIOLATED)
_22022_/C                               6.000000   13.620696   -7.620696 (VIOLATED)
_22800_/A2                              6.000000   13.620693   -7.620694 (VIOLATED)
_23318_/A2                              6.000000   13.620690   -7.620691 (VIOLATED)
_23642_/A2                              6.000000   13.620691   -7.620692 (VIOLATED)
_23699_/A2                              6.000000   13.620695   -7.620696 (VIOLATED)
_24229_/C                               6.000000   13.620696   -7.620696 (VIOLATED)
_24230_/A2                              6.000000   13.620695   -7.620696 (VIOLATED)
_24428_/A1                              6.000000   13.620698   -7.620698 (VIOLATED)
_24429_/A2                              6.000000   13.620697   -7.620697 (VIOLATED)
_24468_/A2                              6.000000   13.620697   -7.620697 (VIOLATED)
_19110_/A2                              6.000000   13.620678   -7.620678 (VIOLATED)
_19136_/A2                              6.000000   13.620678   -7.620678 (VIOLATED)
_20028_/B                               6.000000   13.620679   -7.620679 (VIOLATED)
_20029_/A2                              6.000000   13.620679   -7.620679 (VIOLATED)
_20333_/A2                              6.000000   13.620683   -7.620683 (VIOLATED)
_20948_/A2                              6.000000   13.620676   -7.620676 (VIOLATED)
_21790_/A2                              6.000000   13.620676   -7.620676 (VIOLATED)
_22570_/A2                              6.000000   13.620674   -7.620674 (VIOLATED)
_24210_/A2                              6.000000   13.620672   -7.620672 (VIOLATED)
_18123_/A2                              6.000000   13.620656   -7.620656 (VIOLATED)
_23340_/A2                              6.000000   13.620661   -7.620661 (VIOLATED)
_19975_/A2                              6.000000   13.620633   -7.620633 (VIOLATED)
_25988_/A2                              6.000000   13.620626   -7.620627 (VIOLATED)
_25298_/A2                              6.000000   13.620607   -7.620607 (VIOLATED)
_20001_/A2                              6.000000   13.620560   -7.620560 (VIOLATED)
_20905_/A2                              6.000000   13.620539   -7.620539 (VIOLATED)
_21780_/A2                              6.000000   13.620479   -7.620479 (VIOLATED)
_22553_/A1                              6.000000   13.620478   -7.620478 (VIOLATED)
_22554_/A2                              6.000000   13.620478   -7.620478 (VIOLATED)
_23399_/A2                              6.000000   13.620454   -7.620454 (VIOLATED)
_25388_/A2                              6.000000   13.620457   -7.620457 (VIOLATED)
_23368_/A2                              6.000000   13.620353   -7.620353 (VIOLATED)
_24240_/A2                              6.000000   13.620329   -7.620329 (VIOLATED)
_23408_/A2                              6.000000   13.620296   -7.620296 (VIOLATED)
_18275_/A2                              6.000000   13.620248   -7.620248 (VIOLATED)
_19196_/C                               6.000000   13.620250   -7.620250 (VIOLATED)
_19197_/A2                              6.000000   13.620250   -7.620250 (VIOLATED)
_19205_/A2                              6.000000   13.620245   -7.620245 (VIOLATED)
_21013_/A2                              6.000000   13.620251   -7.620251 (VIOLATED)
_21825_/A2                              6.000000   13.620250   -7.620250 (VIOLATED)
_21839_/A2                              6.000000   13.620250   -7.620250 (VIOLATED)
_22617_/B                               6.000000   13.620252   -7.620252 (VIOLATED)
_22618_/A2                              6.000000   13.620252   -7.620252 (VIOLATED)
_25209_/A1                              6.000000   13.620242   -7.620243 (VIOLATED)
_18296_/A2                              6.000000   13.620234   -7.620234 (VIOLATED)
_25153_/A1                              6.000000   13.620228   -7.620228 (VIOLATED)
_17923_/A1                              6.000000   13.620216   -7.620217 (VIOLATED)
_25243_/A1                              6.000000   13.620223   -7.620223 (VIOLATED)
_25470_/A2                              6.000000   13.620222   -7.620222 (VIOLATED)
_25150_/A1                              6.000000   13.620213   -7.620213 (VIOLATED)
_34357_/A1                              6.000000   13.620219   -7.620219 (VIOLATED)
_17927_/A1                              6.000000   13.620204   -7.620204 (VIOLATED)
_17920_/ZN                              6.000000   13.620157   -7.620157 (VIOLATED)
_17931_/A1                              6.000000   13.620157   -7.620157 (VIOLATED)
_17985_/A2                              6.000000   13.620157   -7.620157 (VIOLATED)
_23441_/B2                              6.000000   13.620157   -7.620157 (VIOLATED)
_23473_/A2                              6.000000   13.620157   -7.620157 (VIOLATED)
_23501_/B                               6.000000   13.620157   -7.620157 (VIOLATED)
_23502_/A2                              6.000000   13.620157   -7.620157 (VIOLATED)
_24289_/A2                              6.000000   13.620157   -7.620157 (VIOLATED)
_24298_/A2                              6.000000   13.620157   -7.620157 (VIOLATED)
_19167_/B1                              6.000000   13.556963   -7.556963 (VIOLATED)
_19284_/A2                              6.000000   13.556960   -7.556961 (VIOLATED)
_21071_/B1                              6.000000   13.556964   -7.556964 (VIOLATED)
_23448_/A2                              6.000000   13.556957   -7.556957 (VIOLATED)
_20070_/A2                              6.000000   13.556947   -7.556947 (VIOLATED)
_21830_/A2                              6.000000   13.556954   -7.556954 (VIOLATED)
_23456_/B1                              6.000000   13.556954   -7.556954 (VIOLATED)
_23542_/A2                              6.000000   13.556960   -7.556961 (VIOLATED)
_23505_/A2                              6.000000   13.556948   -7.556948 (VIOLATED)
_24282_/B2                              6.000000   13.556952   -7.556952 (VIOLATED)
_24301_/A2                              6.000000   13.556952   -7.556952 (VIOLATED)
_20123_/A2                              6.000000   13.556937   -7.556938 (VIOLATED)
_18233_/A2                              6.000000   13.556923   -7.556923 (VIOLATED)
_18319_/A2                              6.000000   13.556916   -7.556916 (VIOLATED)
_18365_/A2                              6.000000   13.556919   -7.556920 (VIOLATED)
_19266_/A2                              6.000000   13.556920   -7.556921 (VIOLATED)
_20982_/A2                              6.000000   13.556923   -7.556923 (VIOLATED)
_21076_/A2                              6.000000   13.556923   -7.556923 (VIOLATED)
_21084_/A2                              6.000000   13.556923   -7.556923 (VIOLATED)
_21809_/A2                              6.000000   13.556922   -7.556922 (VIOLATED)
_21872_/A2                              6.000000   13.556923   -7.556923 (VIOLATED)
_19221_/A2                              6.000000   13.556912   -7.556912 (VIOLATED)
_20088_/A2                              6.000000   13.556913   -7.556913 (VIOLATED)
_20190_/A2                              6.000000   13.556916   -7.556916 (VIOLATED)
_22588_/A2                              6.000000   13.556916   -7.556916 (VIOLATED)
_22656_/A2                              6.000000   13.556915   -7.556915 (VIOLATED)
_25643_/A2                              6.000000   13.556919   -7.556920 (VIOLATED)
_18039_/ZN                              6.000000   13.556868   -7.556868 (VIOLATED)
_18040_/A2                              6.000000   13.556868   -7.556868 (VIOLATED)
_18145_/A2                              6.000000   13.556868   -7.556868 (VIOLATED)
_18253_/A2                              6.000000   13.556868   -7.556868 (VIOLATED)
_19100_/A2                              6.000000   13.556868   -7.556868 (VIOLATED)
_19125_/A2                              6.000000   13.556868   -7.556868 (VIOLATED)
_19186_/A2                              6.000000   13.556868   -7.556868 (VIOLATED)
_19954_/B2                              6.000000   13.556868   -7.556868 (VIOLATED)
_19987_/A2                              6.000000   13.556868   -7.556868 (VIOLATED)
_20883_/A2                              6.000000   13.556868   -7.556868 (VIOLATED)
_20915_/A2                              6.000000   13.556868   -7.556868 (VIOLATED)
_21754_/A2                              6.000000   13.556868   -7.556868 (VIOLATED)
_21767_/A2                              6.000000   13.556868   -7.556868 (VIOLATED)
_21816_/A2                              6.000000   13.556868   -7.556868 (VIOLATED)
_22532_/B2                              6.000000   13.556868   -7.556868 (VIOLATED)
_22548_/B2                              6.000000   13.556868   -7.556868 (VIOLATED)
_23344_/A2                              6.000000   13.556868   -7.556868 (VIOLATED)
_23377_/B1                              6.000000   13.556868   -7.556868 (VIOLATED)
_30743_/ZN                              6.000000   13.458698   -7.458699 (VIOLATED)
_30744_/B                               6.000000   13.458698   -7.458699 (VIOLATED)
_27653_/A2                              6.000000   13.411557   -7.411558 (VIOLATED)
_27654_/A2                              6.000000   13.411558   -7.411559 (VIOLATED)
_27758_/A2                              6.000000   13.411562   -7.411562 (VIOLATED)
_27888_/A2                              6.000000   13.411563   -7.411563 (VIOLATED)
_28029_/A2                              6.000000   13.411563   -7.411563 (VIOLATED)
_28161_/A2                              6.000000   13.411556   -7.411557 (VIOLATED)
_28281_/A2                              6.000000   13.411556   -7.411556 (VIOLATED)
_28362_/A2                              6.000000   13.411555   -7.411555 (VIOLATED)
_28472_/A2                              6.000000   13.411551   -7.411551 (VIOLATED)
_28606_/A2                              6.000000   13.411548   -7.411548 (VIOLATED)
_28693_/A2                              6.000000   13.411541   -7.411541 (VIOLATED)
_28790_/A2                              6.000000   13.411525   -7.411525 (VIOLATED)
_28893_/A2                              6.000000   13.411517   -7.411518 (VIOLATED)
_28961_/A2                              6.000000   13.411515   -7.411515 (VIOLATED)
_29055_/A2                              6.000000   13.411503   -7.411503 (VIOLATED)
_29133_/A2                              6.000000   13.411485   -7.411485 (VIOLATED)
_29191_/A2                              6.000000   13.411467   -7.411467 (VIOLATED)
_29268_/A2                              6.000000   13.411459   -7.411459 (VIOLATED)
_29329_/A2                              6.000000   13.411455   -7.411456 (VIOLATED)
_29386_/A2                              6.000000   13.411440   -7.411440 (VIOLATED)
_29437_/A2                              6.000000   13.411430   -7.411431 (VIOLATED)
_29518_/A2                              6.000000   13.411424   -7.411424 (VIOLATED)
_29516_/B1                              6.000000   13.411407   -7.411407 (VIOLATED)
_29594_/A1                              6.000000   13.411412   -7.411412 (VIOLATED)
_29595_/A1                              6.000000   13.411410   -7.411410 (VIOLATED)
_29519_/A3                              6.000000   13.411401   -7.411401 (VIOLATED)
_27652_/ZN                              6.000000   13.411207   -7.411207 (VIOLATED)
_18103_/A1                              6.000000   13.409320   -7.409320 (VIOLATED)
_18551_/A1                              6.000000   13.409321   -7.409321 (VIOLATED)
_19315_/C                               6.000000   13.409315   -7.409315 (VIOLATED)
_19425_/A1                              6.000000   13.409322   -7.409322 (VIOLATED)
_19968_/A1                              6.000000   13.409319   -7.409319 (VIOLATED)
_20858_/A1                              6.000000   13.409321   -7.409321 (VIOLATED)
_21236_/A1                              6.000000   13.409320   -7.409320 (VIOLATED)
_21749_/B2                              6.000000   13.409318   -7.409318 (VIOLATED)
_25170_/A1                              6.000000   13.409314   -7.409314 (VIOLATED)
_18403_/B                               6.000000   13.409305   -7.409305 (VIOLATED)
_20881_/A1                              6.000000   13.409306   -7.409306 (VIOLATED)
_21087_/C                               6.000000   13.409307   -7.409307 (VIOLATED)
_21180_/A1                              6.000000   13.409303   -7.409303 (VIOLATED)
_21764_/A1                              6.000000   13.409305   -7.409305 (VIOLATED)
_21980_/A1                              6.000000   13.409305   -7.409305 (VIOLATED)
_19080_/A1                              6.000000   13.409291   -7.409291 (VIOLATED)
_22526_/A1                              6.000000   13.409294   -7.409295 (VIOLATED)
_22755_/A1                              6.000000   13.409297   -7.409297 (VIOLATED)
_22542_/A1                              6.000000   13.409284   -7.409284 (VIOLATED)
_18129_/A1                              6.000000   13.409260   -7.409260 (VIOLATED)
_19112_/A1                              6.000000   13.409261   -7.409261 (VIOLATED)
_20946_/A1                              6.000000   13.409265   -7.409265 (VIOLATED)
_20950_/A1                              6.000000   13.409265   -7.409265 (VIOLATED)
_22569_/A1                              6.000000   13.409263   -7.409263 (VIOLATED)
_20292_/A1                              6.000000   13.409254   -7.409255 (VIOLATED)
_20213_/A1                              6.000000   13.409197   -7.409197 (VIOLATED)
_17997_/A1                              6.000000   13.409080   -7.409080 (VIOLATED)
_19998_/A1                              6.000000   13.409085   -7.409085 (VIOLATED)
_20913_/A1                              6.000000   13.409086   -7.409086 (VIOLATED)
_22559_/A1                              6.000000   13.409091   -7.409091 (VIOLATED)
_19087_/A1                              6.000000   13.409076   -7.409076 (VIOLATED)
_19977_/A1                              6.000000   13.409077   -7.409077 (VIOLATED)
_25306_/A1                              6.000000   13.409078   -7.409078 (VIOLATED)
_23343_/A1                              6.000000   13.409070   -7.409070 (VIOLATED)
_20331_/A1                              6.000000   13.409060   -7.409060 (VIOLATED)
_21777_/A1                              6.000000   13.409061   -7.409062 (VIOLATED)
_22024_/A1                              6.000000   13.409059   -7.409059 (VIOLATED)
_22798_/A1                              6.000000   13.409059   -7.409059 (VIOLATED)
_23320_/A1                              6.000000   13.409060   -7.409060 (VIOLATED)
_23644_/A1                              6.000000   13.409059   -7.409059 (VIOLATED)
_23701_/A1                              6.000000   13.409058   -7.409058 (VIOLATED)
_24213_/A1                              6.000000   13.409064   -7.409065 (VIOLATED)
_24231_/A1                              6.000000   13.409051   -7.409051 (VIOLATED)
_24431_/A1                              6.000000   13.409055   -7.409055 (VIOLATED)
_24472_/A1                              6.000000   13.409060   -7.409060 (VIOLATED)
_19311_/A1                              6.000000   13.409040   -7.409041 (VIOLATED)
_19386_/A1                              6.000000   13.409034   -7.409034 (VIOLATED)
_24352_/A1                              6.000000   13.409039   -7.409039 (VIOLATED)
_25257_/A1                              6.000000   13.409042   -7.409042 (VIOLATED)
_25995_/A1                              6.000000   13.409041   -7.409041 (VIOLATED)
_25394_/A1                              6.000000   13.409013   -7.409013 (VIOLATED)
_23373_/A1                              6.000000   13.408985   -7.408986 (VIOLATED)
_24239_/A1                              6.000000   13.408939   -7.408939 (VIOLATED)
_23410_/A1                              6.000000   13.408914   -7.408914 (VIOLATED)
_24259_/A1                              6.000000   13.408881   -7.408882 (VIOLATED)
_20979_/B2                              6.000000   13.408870   -7.408870 (VIOLATED)
_21806_/A1                              6.000000   13.408871   -7.408871 (VIOLATED)
_22586_/A1                              6.000000   13.408870   -7.408870 (VIOLATED)
_18180_/A1                              6.000000   13.408746   -7.408746 (VIOLATED)
_19139_/A1                              6.000000   13.408746   -7.408746 (VIOLATED)
_20035_/A1                              6.000000   13.408746   -7.408746 (VIOLATED)
_21011_/C                               6.000000   13.408739   -7.408740 (VIOLATED)
_21037_/A1                              6.000000   13.408743   -7.408743 (VIOLATED)
_21841_/A1                              6.000000   13.408740   -7.408741 (VIOLATED)
_22622_/A1                              6.000000   13.408740   -7.408741 (VIOLATED)
_25607_/A1                              6.000000   13.408746   -7.408746 (VIOLATED)
_17673_/I                               6.000000   13.408731   -7.408731 (VIOLATED)
_18277_/A1                              6.000000   13.408734   -7.408734 (VIOLATED)
_18306_/A1                              6.000000   13.408723   -7.408723 (VIOLATED)
_19194_/C                               6.000000   13.408726   -7.408726 (VIOLATED)
_19208_/A1                              6.000000   13.408730   -7.408730 (VIOLATED)
_21824_/C                               6.000000   13.408727   -7.408727 (VIOLATED)
_22607_/C                               6.000000   13.408727   -7.408727 (VIOLATED)
_17907_/A1                              6.000000   13.408710   -7.408710 (VIOLATED)
_25481_/A1                              6.000000   13.408711   -7.408712 (VIOLATED)
_20109_/A1                              6.000000   13.408687   -7.408687 (VIOLATED)
_25524_/A1                              6.000000   13.408685   -7.408685 (VIOLATED)
_20052_/C                               6.000000   13.408672   -7.408673 (VIOLATED)
_20099_/A1                              6.000000   13.408665   -7.408665 (VIOLATED)
_23476_/C                               6.000000   13.408653   -7.408653 (VIOLATED)
_23504_/A1                              6.000000   13.408657   -7.408657 (VIOLATED)
_24288_/C                               6.000000   13.408646   -7.408646 (VIOLATED)
_24300_/A1                              6.000000   13.408600   -7.408600 (VIOLATED)
_29684_/A1                              6.000000   13.408600   -7.408600 (VIOLATED)
_29690_/A1                              6.000000   13.408600   -7.408600 (VIOLATED)
_29691_/A3                              6.000000   13.408600   -7.408600 (VIOLATED)
_30639_/A2                              6.000000   13.408600   -7.408600 (VIOLATED)
_36340_/Q                               6.000000   13.408600   -7.408600 (VIOLATED)
_17934_/ZN                              6.000000   13.258974   -7.258974 (VIOLATED)
_17937_/A2                              6.000000   13.258974   -7.258974 (VIOLATED)
_17939_/A2                              6.000000   13.258974   -7.258974 (VIOLATED)
_17964_/A2                              6.000000   13.258974   -7.258974 (VIOLATED)
_17988_/A2                              6.000000   13.258974   -7.258974 (VIOLATED)
_17992_/A1                              6.000000   13.258974   -7.258974 (VIOLATED)
_18219_/A1                              6.000000   13.258974   -7.258974 (VIOLATED)
_19148_/A1                              6.000000   13.258974   -7.258974 (VIOLATED)
_19385_/A2                              6.000000   13.258974   -7.258974 (VIOLATED)
_20043_/A1                              6.000000   13.258974   -7.258974 (VIOLATED)
_20097_/A2                              6.000000   13.258974   -7.258974 (VIOLATED)
_20107_/A2                              6.000000   13.258974   -7.258974 (VIOLATED)
_20852_/A2                              6.000000   13.258974   -7.258974 (VIOLATED)
_20974_/B2                              6.000000   13.258974   -7.258974 (VIOLATED)
_21779_/A2                              6.000000   13.258974   -7.258974 (VIOLATED)
_22581_/A1                              6.000000   13.258974   -7.258974 (VIOLATED)
_22602_/A2                              6.000000   13.258974   -7.258974 (VIOLATED)
_23366_/A2                              6.000000   13.258974   -7.258974 (VIOLATED)
_23442_/A1                              6.000000   13.258974   -7.258974 (VIOLATED)
_24267_/C2                              6.000000   13.258974   -7.258974 (VIOLATED)
_25132_/A1                              6.000000   13.258974   -7.258974 (VIOLATED)
_25139_/A1                              6.000000   13.258974   -7.258974 (VIOLATED)
_25141_/A1                              6.000000   13.258974   -7.258974 (VIOLATED)
_25148_/A1                              6.000000   13.258974   -7.258974 (VIOLATED)
_25168_/A2                              6.000000   13.258974   -7.258974 (VIOLATED)
_25254_/B1                              6.000000   13.258974   -7.258974 (VIOLATED)
_25262_/A1                              6.000000   13.258974   -7.258974 (VIOLATED)
_25303_/B1                              6.000000   13.258974   -7.258974 (VIOLATED)
_25392_/B1                              6.000000   13.258974   -7.258974 (VIOLATED)
_25479_/A2                              6.000000   13.258974   -7.258974 (VIOLATED)
_25521_/B1                              6.000000   13.258974   -7.258974 (VIOLATED)
_25589_/A1                              6.000000   13.258974   -7.258974 (VIOLATED)
_25604_/A2                              6.000000   13.258974   -7.258974 (VIOLATED)
_25684_/A1                              6.000000   13.258974   -7.258974 (VIOLATED)
_25993_/B1                              6.000000   13.258974   -7.258974 (VIOLATED)
_33546_/A1                              6.000000   13.258974   -7.258974 (VIOLATED)
_33611_/A1                              6.000000   13.258974   -7.258974 (VIOLATED)
_33687_/A1                              6.000000   13.258974   -7.258974 (VIOLATED)
_33743_/A3                              6.000000   13.258974   -7.258974 (VIOLATED)
_27545_/A2                              6.000000   13.221238   -7.221238 (VIOLATED)
_27759_/A2                              6.000000   13.221240   -7.221241 (VIOLATED)
_27889_/A2                              6.000000   13.221243   -7.221243 (VIOLATED)
_28030_/A2                              6.000000   13.221245   -7.221245 (VIOLATED)
_28162_/A2                              6.000000   13.221245   -7.221245 (VIOLATED)
_28282_/A2                              6.000000   13.221237   -7.221237 (VIOLATED)
_28363_/A2                              6.000000   13.221237   -7.221237 (VIOLATED)
_28473_/A2                              6.000000   13.221236   -7.221236 (VIOLATED)
_27546_/A2                              6.000000   13.221227   -7.221227 (VIOLATED)
_28607_/A2                              6.000000   13.221232   -7.221233 (VIOLATED)
_28694_/A2                              6.000000   13.221228   -7.221228 (VIOLATED)
_28791_/A2                              6.000000   13.221225   -7.221225 (VIOLATED)
_28894_/A2                              6.000000   13.221208   -7.221208 (VIOLATED)
_28962_/A2                              6.000000   13.221197   -7.221197 (VIOLATED)
_29056_/A2                              6.000000   13.221203   -7.221203 (VIOLATED)
_29134_/A2                              6.000000   13.221185   -7.221185 (VIOLATED)
_29192_/A2                              6.000000   13.221168   -7.221168 (VIOLATED)
_29269_/A2                              6.000000   13.221143   -7.221143 (VIOLATED)
_29330_/A2                              6.000000   13.221141   -7.221141 (VIOLATED)
_29387_/A2                              6.000000   13.221131   -7.221131 (VIOLATED)
_29438_/A2                              6.000000   13.221123   -7.221123 (VIOLATED)
_29477_/A2                              6.000000   13.221112   -7.221113 (VIOLATED)
_29556_/A1                              6.000000   13.221112   -7.221113 (VIOLATED)
_29516_/A2                              6.000000   13.221104   -7.221104 (VIOLATED)
_29519_/A2                              6.000000   13.221085   -7.221085 (VIOLATED)
_27544_/ZN                              6.000000   13.220881   -7.220882 (VIOLATED)
_30711_/ZN                              6.000000   13.124432   -7.124432 (VIOLATED)
_30712_/B                               6.000000   13.124432   -7.124432 (VIOLATED)
_27323_/A2                              6.000000   12.992302   -6.992302 (VIOLATED)
_27324_/A2                              6.000000   12.992302   -6.992302 (VIOLATED)
_27394_/A2                              6.000000   12.992301   -6.992301 (VIOLATED)
_27530_/A2                              6.000000   12.992300   -6.992300 (VIOLATED)
_27637_/A2                              6.000000   12.992300   -6.992300 (VIOLATED)
_27768_/A2                              6.000000   12.992301   -6.992301 (VIOLATED)
_27912_/A2                              6.000000   12.992301   -6.992301 (VIOLATED)
_28049_/A2                              6.000000   12.992304   -6.992304 (VIOLATED)
_28149_/A2                              6.000000   12.992304   -6.992304 (VIOLATED)
_28270_/A2                              6.000000   12.992303   -6.992303 (VIOLATED)
_28351_/A2                              6.000000   12.992299   -6.992300 (VIOLATED)
_28460_/A2                              6.000000   12.992298   -6.992299 (VIOLATED)
_28595_/A2                              6.000000   12.992294   -6.992295 (VIOLATED)
_28713_/A2                              6.000000   12.992289   -6.992289 (VIOLATED)
_28811_/A2                              6.000000   12.992285   -6.992285 (VIOLATED)
_28882_/A2                              6.000000   12.992276   -6.992276 (VIOLATED)
_28981_/A2                              6.000000   12.992257   -6.992258 (VIOLATED)
_29044_/A2                              6.000000   12.992240   -6.992240 (VIOLATED)
_29122_/A2                              6.000000   12.992245   -6.992245 (VIOLATED)
_29212_/A2                              6.000000   12.992234   -6.992235 (VIOLATED)
_29257_/A2                              6.000000   12.992216   -6.992217 (VIOLATED)
_29318_/A2                              6.000000   12.992177   -6.992177 (VIOLATED)
_29428_/A2                              6.000000   12.992180   -6.992180 (VIOLATED)
_29429_/A1                              6.000000   12.992179   -6.992179 (VIOLATED)
_29494_/A1                              6.000000   12.992177   -6.992177 (VIOLATED)
_29541_/B                               6.000000   12.992174   -6.992174 (VIOLATED)
_27322_/ZN                              6.000000   12.991978   -6.991978 (VIOLATED)
_27900_/A2                              6.000000   12.870993   -6.870993 (VIOLATED)
_27902_/A2                              6.000000   12.870988   -6.870988 (VIOLATED)
_28168_/A2                              6.000000   12.870993   -6.870993 (VIOLATED)
_28288_/A2                              6.000000   12.870991   -6.870991 (VIOLATED)
_28370_/A2                              6.000000   12.870991   -6.870991 (VIOLATED)
_28479_/A2                              6.000000   12.870989   -6.870989 (VIOLATED)
_28613_/A2                              6.000000   12.870985   -6.870985 (VIOLATED)
_28700_/A2                              6.000000   12.870980   -6.870980 (VIOLATED)
_28797_/A2                              6.000000   12.870973   -6.870973 (VIOLATED)
_28900_/A2                              6.000000   12.870968   -6.870968 (VIOLATED)
_28968_/A2                              6.000000   12.870963   -6.870964 (VIOLATED)
_29062_/A2                              6.000000   12.870954   -6.870954 (VIOLATED)
_29140_/A2                              6.000000   12.870947   -6.870947 (VIOLATED)
_29198_/A2                              6.000000   12.870928   -6.870928 (VIOLATED)
_29275_/A2                              6.000000   12.870895   -6.870896 (VIOLATED)
_29336_/A2                              6.000000   12.870890   -6.870890 (VIOLATED)
_29393_/A2                              6.000000   12.870882   -6.870882 (VIOLATED)
_29444_/A2                              6.000000   12.870872   -6.870873 (VIOLATED)
_29483_/A2                              6.000000   12.870863   -6.870863 (VIOLATED)
_29525_/A2                              6.000000   12.870847   -6.870847 (VIOLATED)
_29559_/A2                              6.000000   12.870840   -6.870840 (VIOLATED)
_29587_/A2                              6.000000   12.870815   -6.870815 (VIOLATED)
_29619_/A2                              6.000000   12.870804   -6.870804 (VIOLATED)
_29644_/A1                              6.000000   12.870797   -6.870798 (VIOLATED)
_29659_/A1                              6.000000   12.870796   -6.870797 (VIOLATED)
_27899_/ZN                              6.000000   12.870621   -6.870621 (VIOLATED)
_31831_/S                               6.000000   12.498641   -6.498641 (VIOLATED)
_31837_/S                               6.000000   12.498641   -6.498641 (VIOLATED)
_31843_/S                               6.000000   12.498632   -6.498633 (VIOLATED)
_31846_/S                               6.000000   12.498630   -6.498630 (VIOLATED)
_31849_/S                               6.000000   12.498635   -6.498636 (VIOLATED)
_31834_/S                               6.000000   12.498621   -6.498621 (VIOLATED)
_31840_/S                               6.000000   12.498625   -6.498625 (VIOLATED)
_31828_/S                               6.000000   12.498604   -6.498604 (VIOLATED)
_31822_/S                               6.000000   12.498593   -6.498594 (VIOLATED)
_31825_/S                               6.000000   12.498597   -6.498598 (VIOLATED)
_31819_/S                               6.000000   12.498587   -6.498587 (VIOLATED)
_31816_/S                               6.000000   12.498578   -6.498579 (VIOLATED)
_31810_/S                               6.000000   12.498569   -6.498570 (VIOLATED)
_31802_/S                               6.000000   12.498555   -6.498556 (VIOLATED)
_31807_/S                               6.000000   12.498561   -6.498561 (VIOLATED)
_31805_/S                               6.000000   12.498550   -6.498550 (VIOLATED)
_31813_/S                               6.000000   12.498551   -6.498551 (VIOLATED)
_31784_/S                               6.000000   12.498530   -6.498531 (VIOLATED)
_31787_/S                               6.000000   12.498530   -6.498531 (VIOLATED)
_31793_/S                               6.000000   12.498529   -6.498530 (VIOLATED)
_31781_/ZN                              6.000000   12.498491   -6.498492 (VIOLATED)
_31790_/S                               6.000000   12.498491   -6.498492 (VIOLATED)
_31796_/S                               6.000000   12.498491   -6.498492 (VIOLATED)
_31799_/S                               6.000000   12.498491   -6.498492 (VIOLATED)
_32118_/S                               6.000000   12.460279   -6.460279 (VIOLATED)
_32115_/S                               6.000000   12.460270   -6.460270 (VIOLATED)
_32124_/S                               6.000000   12.460275   -6.460275 (VIOLATED)
_32121_/S                               6.000000   12.460268   -6.460268 (VIOLATED)
_32127_/S                               6.000000   12.460272   -6.460272 (VIOLATED)
_32130_/S                               6.000000   12.460278   -6.460278 (VIOLATED)
_32103_/S                               6.000000   12.460248   -6.460248 (VIOLATED)
_32106_/S                               6.000000   12.460253   -6.460253 (VIOLATED)
_32109_/S                               6.000000   12.460258   -6.460258 (VIOLATED)
_32097_/S                               6.000000   12.460240   -6.460240 (VIOLATED)
_32100_/S                               6.000000   12.460246   -6.460246 (VIOLATED)
_32091_/S                               6.000000   12.460231   -6.460231 (VIOLATED)
_32088_/S                               6.000000   12.460222   -6.460223 (VIOLATED)
_32094_/S                               6.000000   12.460216   -6.460216 (VIOLATED)
_32112_/S                               6.000000   12.460218   -6.460218 (VIOLATED)
_32065_/S                               6.000000   12.460195   -6.460195 (VIOLATED)
_32068_/S                               6.000000   12.460195   -6.460195 (VIOLATED)
_32071_/S                               6.000000   12.460195   -6.460195 (VIOLATED)
_32074_/S                               6.000000   12.460195   -6.460195 (VIOLATED)
_32083_/S                               6.000000   12.460201   -6.460201 (VIOLATED)
_32086_/S                               6.000000   12.460207   -6.460207 (VIOLATED)
_32077_/S                               6.000000   12.460195   -6.460194 (VIOLATED)
_32062_/ZN                              6.000000   12.460152   -6.460152 (VIOLATED)
_32080_/S                               6.000000   12.460152   -6.460152 (VIOLATED)
_31975_/S                               6.000000   12.418616   -6.418616 (VIOLATED)
_31978_/S                               6.000000   12.418616   -6.418616 (VIOLATED)
_31981_/S                               6.000000   12.418616   -6.418616 (VIOLATED)
_31984_/S                               6.000000   12.418617   -6.418618 (VIOLATED)
_31987_/S                               6.000000   12.418616   -6.418617 (VIOLATED)
_31990_/S                               6.000000   12.418616   -6.418617 (VIOLATED)
_31972_/S                               6.000000   12.418607   -6.418607 (VIOLATED)
_31922_/ZN                              6.000000   12.418565   -6.418565 (VIOLATED)
_31925_/S                               6.000000   12.418565   -6.418565 (VIOLATED)
_31928_/S                               6.000000   12.418565   -6.418565 (VIOLATED)
_31931_/S                               6.000000   12.418565   -6.418565 (VIOLATED)
_31934_/S                               6.000000   12.418565   -6.418565 (VIOLATED)
_31937_/S                               6.000000   12.418565   -6.418565 (VIOLATED)
_31940_/S                               6.000000   12.418565   -6.418565 (VIOLATED)
_31943_/S                               6.000000   12.418565   -6.418565 (VIOLATED)
_31946_/S                               6.000000   12.418565   -6.418565 (VIOLATED)
_31948_/S                               6.000000   12.418565   -6.418565 (VIOLATED)
_31951_/S                               6.000000   12.418565   -6.418565 (VIOLATED)
_31954_/S                               6.000000   12.418565   -6.418565 (VIOLATED)
_31957_/S                               6.000000   12.418565   -6.418565 (VIOLATED)
_31960_/S                               6.000000   12.418565   -6.418565 (VIOLATED)
_31963_/S                               6.000000   12.418565   -6.418565 (VIOLATED)
_31966_/S                               6.000000   12.418565   -6.418565 (VIOLATED)
_31969_/S                               6.000000   12.418565   -6.418565 (VIOLATED)
_18099_/B1                              6.000000   12.384692   -6.384692 (VIOLATED)
_18549_/B1                              6.000000   12.384690   -6.384690 (VIOLATED)
_19426_/B1                              6.000000   12.384693   -6.384694 (VIOLATED)
_19960_/A2                              6.000000   12.384684   -6.384684 (VIOLATED)
_20875_/A2                              6.000000   12.384688   -6.384688 (VIOLATED)
_21238_/B1                              6.000000   12.384693   -6.384693 (VIOLATED)
_21178_/A2                              6.000000   12.384684   -6.384684 (VIOLATED)
_21762_/C1                              6.000000   12.384688   -6.384688 (VIOLATED)
_21977_/A2                              6.000000   12.384683   -6.384683 (VIOLATED)
_18492_/B1                              6.000000   12.384668   -6.384669 (VIOLATED)
_19077_/A2                              6.000000   12.384670   -6.384671 (VIOLATED)
_22520_/A2                              6.000000   12.384675   -6.384675 (VIOLATED)
_22757_/B1                              6.000000   12.384680   -6.384680 (VIOLATED)
_22536_/B2                              6.000000   12.384662   -6.384662 (VIOLATED)
_19109_/B1                              6.000000   12.384645   -6.384645 (VIOLATED)
_22571_/B1                              6.000000   12.384651   -6.384651 (VIOLATED)
_20947_/A2                              6.000000   12.384640   -6.384640 (VIOLATED)
_21790_/B1                              6.000000   12.384634   -6.384634 (VIOLATED)
_19137_/B1                              6.000000   12.384625   -6.384625 (VIOLATED)
_20027_/A2                              6.000000   12.384621   -6.384621 (VIOLATED)
_21013_/B1                              6.000000   12.384604   -6.384605 (VIOLATED)
_21029_/B1                              6.000000   12.384610   -6.384610 (VIOLATED)
_17993_/A2                              6.000000   12.384594   -6.384594 (VIOLATED)
_21839_/B1                              6.000000   12.384601   -6.384601 (VIOLATED)
_22616_/B1                              6.000000   12.384604   -6.384605 (VIOLATED)
_18274_/A2                              6.000000   12.384593   -6.384593 (VIOLATED)
_19196_/B2                              6.000000   12.384591   -6.384592 (VIOLATED)
_19206_/B1                              6.000000   12.384594   -6.384594 (VIOLATED)
_21826_/B1                              6.000000   12.384590   -6.384591 (VIOLATED)
_22601_/A2                              6.000000   12.384581   -6.384581 (VIOLATED)
_19085_/B1                              6.000000   12.384569   -6.384570 (VIOLATED)
_20333_/C1                              6.000000   12.384568   -6.384569 (VIOLATED)
_22800_/C1                              6.000000   12.384565   -6.384566 (VIOLATED)
_23318_/C1                              6.000000   12.384566   -6.384567 (VIOLATED)
_23341_/B1                              6.000000   12.384569   -6.384570 (VIOLATED)
_23642_/C1                              6.000000   12.384565   -6.384566 (VIOLATED)
_24210_/B1                              6.000000   12.384569   -6.384570 (VIOLATED)
_24229_/B1                              6.000000   12.384565   -6.384566 (VIOLATED)
_17942_/ZN                              6.000000   12.384527   -6.384528 (VIOLATED)
_17943_/A2                              6.000000   12.384527   -6.384528 (VIOLATED)
_17945_/A2                              6.000000   12.384527   -6.384528 (VIOLATED)
_17960_/A2                              6.000000   12.384527   -6.384528 (VIOLATED)
_17977_/A2                              6.000000   12.384527   -6.384528 (VIOLATED)
_18216_/A1                              6.000000   12.384527   -6.384528 (VIOLATED)
_19147_/A1                              6.000000   12.384527   -6.384528 (VIOLATED)
_20001_/B1                              6.000000   12.384527   -6.384528 (VIOLATED)
_22022_/B1                              6.000000   12.384527   -6.384528 (VIOLATED)
_22552_/B2                              6.000000   12.384527   -6.384528 (VIOLATED)
_23407_/A2                              6.000000   12.384527   -6.384528 (VIOLATED)
_23441_/A1                              6.000000   12.384527   -6.384528 (VIOLATED)
_23500_/B1                              6.000000   12.384527   -6.384528 (VIOLATED)
_23698_/A2                              6.000000   12.384527   -6.384528 (VIOLATED)
_24241_/B1                              6.000000   12.384527   -6.384528 (VIOLATED)
_24257_/B1                              6.000000   12.384527   -6.384528 (VIOLATED)
_24290_/B1                              6.000000   12.384527   -6.384528 (VIOLATED)
_24297_/A2                              6.000000   12.384527   -6.384528 (VIOLATED)
_24470_/A2                              6.000000   12.384527   -6.384528 (VIOLATED)
_25117_/A1                              6.000000   12.384527   -6.384528 (VIOLATED)
_25118_/A2                              6.000000   12.384527   -6.384528 (VIOLATED)
_25125_/A2                              6.000000   12.384527   -6.384528 (VIOLATED)
_25129_/A1                              6.000000   12.384527   -6.384528 (VIOLATED)
_25222_/A2                              6.000000   12.384527   -6.384528 (VIOLATED)
_25225_/A2                              6.000000   12.384527   -6.384528 (VIOLATED)
_25271_/A2                              6.000000   12.384527   -6.384528 (VIOLATED)
_25274_/A1                              6.000000   12.384527   -6.384528 (VIOLATED)
_25393_/A2                              6.000000   12.384527   -6.384528 (VIOLATED)
_25458_/A2                              6.000000   12.384527   -6.384528 (VIOLATED)
_25581_/A2                              6.000000   12.384527   -6.384528 (VIOLATED)
_25583_/A2                              6.000000   12.384527   -6.384528 (VIOLATED)
_25698_/A1                              6.000000   12.384527   -6.384528 (VIOLATED)
_25699_/A1                              6.000000   12.384527   -6.384528 (VIOLATED)
_25965_/A2                              6.000000   12.384527   -6.384528 (VIOLATED)
_25994_/A2                              6.000000   12.384527   -6.384528 (VIOLATED)
_33111_/A1                              6.000000   12.384527   -6.384528 (VIOLATED)
_33349_/A1                              6.000000   12.384527   -6.384528 (VIOLATED)
_32045_/S                               6.000000   12.283069   -6.283069 (VIOLATED)
_32048_/S                               6.000000   12.283067   -6.283067 (VIOLATED)
_32051_/S                               6.000000   12.283068   -6.283068 (VIOLATED)
_32054_/S                               6.000000   12.283071   -6.283071 (VIOLATED)
_32057_/S                               6.000000   12.283071   -6.283071 (VIOLATED)
_32060_/S                               6.000000   12.283071   -6.283071 (VIOLATED)
_32042_/S                               6.000000   12.283054   -6.283054 (VIOLATED)
_32033_/S                               6.000000   12.283047   -6.283047 (VIOLATED)
_32036_/S                               6.000000   12.283047   -6.283047 (VIOLATED)
_32039_/S                               6.000000   12.283051   -6.283051 (VIOLATED)
_31992_/ZN                              6.000000   12.283008   -6.283008 (VIOLATED)
_31995_/S                               6.000000   12.283008   -6.283008 (VIOLATED)
_31998_/S                               6.000000   12.283008   -6.283008 (VIOLATED)
_32001_/S                               6.000000   12.283008   -6.283008 (VIOLATED)
_32004_/S                               6.000000   12.283008   -6.283008 (VIOLATED)
_32007_/S                               6.000000   12.283008   -6.283008 (VIOLATED)
_32010_/S                               6.000000   12.283008   -6.283008 (VIOLATED)
_32013_/S                               6.000000   12.283008   -6.283008 (VIOLATED)
_32016_/S                               6.000000   12.283008   -6.283008 (VIOLATED)
_32018_/S                               6.000000   12.283008   -6.283008 (VIOLATED)
_32021_/S                               6.000000   12.283008   -6.283008 (VIOLATED)
_32024_/S                               6.000000   12.283008   -6.283008 (VIOLATED)
_32027_/S                               6.000000   12.283008   -6.283008 (VIOLATED)
_32030_/S                               6.000000   12.283008   -6.283008 (VIOLATED)
_31904_/S                               6.000000   12.274901   -6.274902 (VIOLATED)
_31907_/S                               6.000000   12.274899   -6.274899 (VIOLATED)
_31910_/S                               6.000000   12.274901   -6.274902 (VIOLATED)
_31913_/S                               6.000000   12.274904   -6.274904 (VIOLATED)
_31916_/S                               6.000000   12.274900   -6.274901 (VIOLATED)
_31919_/S                               6.000000   12.274903   -6.274903 (VIOLATED)
_31901_/S                               6.000000   12.274890   -6.274890 (VIOLATED)
_31898_/S                               6.000000   12.274882   -6.274882 (VIOLATED)
_31892_/S                               6.000000   12.274870   -6.274870 (VIOLATED)
_31895_/S                               6.000000   12.274875   -6.274875 (VIOLATED)
_31889_/S                               6.000000   12.274855   -6.274855 (VIOLATED)
_31886_/S                               6.000000   12.274847   -6.274848 (VIOLATED)
_31883_/S                               6.000000   12.274823   -6.274824 (VIOLATED)
_31877_/S                               6.000000   12.274807   -6.274807 (VIOLATED)
_31880_/S                               6.000000   12.274812   -6.274812 (VIOLATED)
_31872_/S                               6.000000   12.274794   -6.274794 (VIOLATED)
_31875_/S                               6.000000   12.274798   -6.274799 (VIOLATED)
_31851_/ZN                              6.000000   12.274745   -6.274745 (VIOLATED)
_31854_/S                               6.000000   12.274745   -6.274745 (VIOLATED)
_31857_/S                               6.000000   12.274745   -6.274745 (VIOLATED)
_31860_/S                               6.000000   12.274745   -6.274745 (VIOLATED)
_31863_/S                               6.000000   12.274745   -6.274745 (VIOLATED)
_31866_/S                               6.000000   12.274745   -6.274745 (VIOLATED)
_31869_/S                               6.000000   12.274745   -6.274745 (VIOLATED)
_27401_/A2                              6.000000   12.017303   -6.017303 (VIOLATED)
_27538_/C                               6.000000   12.017303   -6.017303 (VIOLATED)
_27646_/C                               6.000000   12.017303   -6.017304 (VIOLATED)
_27748_/C                               6.000000   12.017304   -6.017305 (VIOLATED)
_27749_/A2                              6.000000   12.017304   -6.017305 (VIOLATED)
_27893_/C                               6.000000   12.017304   -6.017305 (VIOLATED)
_27966_/A2                              6.000000   12.017303   -6.017303 (VIOLATED)
_27127_/C                               6.000000   12.017294   -6.017294 (VIOLATED)
_27128_/A2                              6.000000   12.017294   -6.017294 (VIOLATED)
_27220_/A2                              6.000000   12.017297   -6.017297 (VIOLATED)
_27316_/C                               6.000000   12.017300   -6.017300 (VIOLATED)
_25115_/ZN                              6.000000   12.017257   -6.017257 (VIOLATED)
_25132_/A2                              6.000000   12.017257   -6.017257 (VIOLATED)
_26486_/C                               6.000000   12.017257   -6.017257 (VIOLATED)
_26487_/A2                              6.000000   12.017257   -6.017257 (VIOLATED)
_26506_/C                               6.000000   12.017257   -6.017257 (VIOLATED)
_26540_/C                               6.000000   12.017257   -6.017257 (VIOLATED)
_26541_/A2                              6.000000   12.017257   -6.017257 (VIOLATED)
_26581_/A2                              6.000000   12.017257   -6.017257 (VIOLATED)
_26615_/C                               6.000000   12.017257   -6.017257 (VIOLATED)
_26682_/A2                              6.000000   12.017257   -6.017257 (VIOLATED)
_26744_/A2                              6.000000   12.017257   -6.017257 (VIOLATED)
_26769_/A2                              6.000000   12.017257   -6.017257 (VIOLATED)
_26856_/A2                              6.000000   12.017257   -6.017257 (VIOLATED)
_26926_/C                               6.000000   12.017257   -6.017257 (VIOLATED)
_26927_/A2                              6.000000   12.017257   -6.017257 (VIOLATED)
_26995_/C                               6.000000   12.017257   -6.017257 (VIOLATED)
_26996_/A2                              6.000000   12.017257   -6.017257 (VIOLATED)
_27038_/C                               6.000000   12.017257   -6.017257 (VIOLATED)
_18178_/A2                              6.000000   11.989387   -5.989387 (VIOLATED)
_18489_/A2                              6.000000   11.989391   -5.989391 (VIOLATED)
_19076_/A2                              6.000000   11.989391   -5.989391 (VIOLATED)
_19108_/A2                              6.000000   11.989390   -5.989390 (VIOLATED)
_19135_/A2                              6.000000   11.989385   -5.989385 (VIOLATED)
_20945_/A2                              6.000000   11.989388   -5.989388 (VIOLATED)
_19424_/A2                              6.000000   11.989380   -5.989380 (VIOLATED)
_21010_/A1                              6.000000   11.989383   -5.989382 (VIOLATED)
_21011_/A2                              6.000000   11.989383   -5.989382 (VIOLATED)
_21235_/A2                              6.000000   11.989382   -5.989382 (VIOLATED)
_21760_/A2                              6.000000   11.989383   -5.989382 (VIOLATED)
_21837_/A2                              6.000000   11.989379   -5.989379 (VIOLATED)
_25166_/A2                              6.000000   11.989382   -5.989382 (VIOLATED)
_17984_/ZN                              6.000000   11.989342   -5.989342 (VIOLATED)
_19084_/A2                              6.000000   11.989342   -5.989342 (VIOLATED)
_19193_/A1                              6.000000   11.989342   -5.989342 (VIOLATED)
_19194_/A2                              6.000000   11.989342   -5.989342 (VIOLATED)
_19997_/A2                              6.000000   11.989342   -5.989342 (VIOLATED)
_20050_/A1                              6.000000   11.989342   -5.989342 (VIOLATED)
_20096_/A2                              6.000000   11.989342   -5.989342 (VIOLATED)
_20909_/A2                              6.000000   11.989342   -5.989342 (VIOLATED)
_21823_/C                               6.000000   11.989342   -5.989342 (VIOLATED)
_21824_/A2                              6.000000   11.989342   -5.989342 (VIOLATED)
_22584_/C                               6.000000   11.989342   -5.989342 (VIOLATED)
_22606_/C                               6.000000   11.989342   -5.989342 (VIOLATED)
_22607_/A2                              6.000000   11.989342   -5.989342 (VIOLATED)
_23475_/C                               6.000000   11.989342   -5.989342 (VIOLATED)
_23476_/A2                              6.000000   11.989342   -5.989342 (VIOLATED)
_24209_/A2                              6.000000   11.989342   -5.989342 (VIOLATED)
_24238_/A2                              6.000000   11.989342   -5.989342 (VIOLATED)
_24287_/A1                              6.000000   11.989342   -5.989342 (VIOLATED)
_24288_/A2                              6.000000   11.989342   -5.989342 (VIOLATED)
_25391_/A2                              6.000000   11.989342   -5.989342 (VIOLATED)
_25478_/A2                              6.000000   11.989342   -5.989342 (VIOLATED)
_25992_/A2                              6.000000   11.989342   -5.989342 (VIOLATED)
_34539_/B2                              6.000000   11.946490   -5.946491 (VIOLATED)
_34722_/B2                              6.000000   11.946490   -5.946491 (VIOLATED)
_33767_/B2                              6.000000   11.946485   -5.946485 (VIOLATED)
_34533_/B2                              6.000000   11.946485   -5.946485 (VIOLATED)
_34545_/B2                              6.000000   11.946485   -5.946485 (VIOLATED)
_34557_/B2                              6.000000   11.946480   -5.946480 (VIOLATED)
_34594_/A1                              6.000000   11.946485   -5.946485 (VIOLATED)
_34610_/A1                              6.000000   11.946485   -5.946485 (VIOLATED)
_34718_/B2                              6.000000   11.946480   -5.946480 (VIOLATED)
_34726_/B2                              6.000000   11.946483   -5.946483 (VIOLATED)
_34734_/B2                              6.000000   11.946478   -5.946478 (VIOLATED)
_34372_/A1                              6.000000   11.946464   -5.946464 (VIOLATED)
_34551_/B2                              6.000000   11.946461   -5.946461 (VIOLATED)
_34527_/B2                              6.000000   11.946453   -5.946453 (VIOLATED)
_34730_/B2                              6.000000   11.946456   -5.946456 (VIOLATED)
_34714_/B2                              6.000000   11.946447   -5.946448 (VIOLATED)
_33942_/B2                              6.000000   11.946442   -5.946442 (VIOLATED)
_34011_/A1                              6.000000   11.946445   -5.946445 (VIOLATED)
_34113_/B2                              6.000000   11.946445   -5.946445 (VIOLATED)
_34605_/A1                              6.000000   11.946439   -5.946439 (VIOLATED)
_34125_/B2                              6.000000   11.946432   -5.946432 (VIOLATED)
_34135_/B2                              6.000000   11.946436   -5.946436 (VIOLATED)
_33761_/A1                              6.000000   11.946413   -5.946414 (VIOLATED)
_34121_/B2                              6.000000   11.946394   -5.946394 (VIOLATED)
_34117_/B2                              6.000000   11.946383   -5.946384 (VIOLATED)
_34130_/B2                              6.000000   11.946321   -5.946322 (VIOLATED)
_33936_/B2                              6.000000   11.946192   -5.946192 (VIOLATED)
_34006_/A1                              6.000000   11.946177   -5.946177 (VIOLATED)
_32645_/B2                              6.000000   11.946013   -5.946013 (VIOLATED)
_32657_/B2                              6.000000   11.946018   -5.946018 (VIOLATED)
_32663_/B2                              6.000000   11.946019   -5.946019 (VIOLATED)
_32846_/A1                              6.000000   11.946013   -5.946013 (VIOLATED)
_32854_/A1                              6.000000   11.946017   -5.946017 (VIOLATED)
_32858_/A1                              6.000000   11.946017   -5.946017 (VIOLATED)
_32850_/A1                              6.000000   11.945981   -5.945982 (VIOLATED)
_17870_/I                               6.000000   11.945934   -5.945935 (VIOLATED)
_32159_/A2                              6.000000   11.945932   -5.945933 (VIOLATED)
_33508_/B2                              6.000000   11.945934   -5.945935 (VIOLATED)
_32651_/B2                              6.000000   11.945928   -5.945928 (VIOLATED)
_33292_/B2                              6.000000   11.945930   -5.945930 (VIOLATED)
_33309_/B2                              6.000000   11.945933   -5.945934 (VIOLATED)
_33496_/B2                              6.000000   11.945930   -5.945931 (VIOLATED)
_33126_/B2                              6.000000   11.945921   -5.945921 (VIOLATED)
_33504_/B2                              6.000000   11.945918   -5.945919 (VIOLATED)
_33298_/B2                              6.000000   11.945904   -5.945904 (VIOLATED)
_33500_/B2                              6.000000   11.945908   -5.945908 (VIOLATED)
_33132_/A1                              6.000000   11.945898   -5.945898 (VIOLATED)
_33376_/A1                              6.000000   11.945891   -5.945892 (VIOLATED)
_33512_/B2                              6.000000   11.945893   -5.945894 (VIOLATED)
_32669_/B2                              6.000000   11.945884   -5.945884 (VIOLATED)
_32862_/A1                              6.000000   11.945858   -5.945858 (VIOLATED)
_33320_/B2                              6.000000   11.945683   -5.945684 (VIOLATED)
_33381_/A1                              6.000000   11.945683   -5.945684 (VIOLATED)
_33516_/B2                              6.000000   11.945683   -5.945684 (VIOLATED)
_32866_/B2                              6.000000   11.945676   -5.945676 (VIOLATED)
_32675_/B2                              6.000000   11.945663   -5.945663 (VIOLATED)
_32637_/B2                              6.000000   11.945540   -5.945541 (VIOLATED)
_32839_/A1                              6.000000   11.945541   -5.945542 (VIOLATED)
_33285_/B2                              6.000000   11.945523   -5.945523 (VIOLATED)
_33326_/B2                              6.000000   11.945522   -5.945522 (VIOLATED)
_33489_/B2                              6.000000   11.945523   -5.945523 (VIOLATED)
_33520_/B2                              6.000000   11.945521   -5.945521 (VIOLATED)
_34563_/B2                              6.000000   11.945513   -5.945513 (VIOLATED)
_34738_/B2                              6.000000   11.945513   -5.945513 (VIOLATED)
_32145_/A2                              6.000000   11.945477   -5.945476 (VIOLATED)
_32153_/A2                              6.000000   11.945477   -5.945476 (VIOLATED)
_32681_/B2                              6.000000   11.945477   -5.945476 (VIOLATED)
_32870_/A1                              6.000000   11.945477   -5.945476 (VIOLATED)
_33752_/B2                              6.000000   11.945477   -5.945476 (VIOLATED)
_33904_/B2                              6.000000   11.945477   -5.945476 (VIOLATED)
_33947_/C                               6.000000   11.945477   -5.945476 (VIOLATED)
_34108_/B2                              6.000000   11.945477   -5.945476 (VIOLATED)
_34140_/B2                              6.000000   11.945477   -5.945476 (VIOLATED)
_34710_/B2                              6.000000   11.945477   -5.945476 (VIOLATED)
_35312_/Q                               6.000000   11.945477   -5.945476 (VIOLATED)
_31535_/S                               6.000000   11.927296   -5.927296 (VIOLATED)
_31536_/S                               6.000000   11.927298   -5.927298 (VIOLATED)
_31537_/S                               6.000000   11.927299   -5.927299 (VIOLATED)
_31538_/S                               6.000000   11.927300   -5.927300 (VIOLATED)
_31539_/S                               6.000000   11.927299   -5.927299 (VIOLATED)
_31540_/S                               6.000000   11.927300   -5.927300 (VIOLATED)
_31514_/ZN                              6.000000   11.927258   -5.927258 (VIOLATED)
_31515_/S                               6.000000   11.927258   -5.927258 (VIOLATED)
_31516_/S                               6.000000   11.927258   -5.927258 (VIOLATED)
_31517_/S                               6.000000   11.927258   -5.927258 (VIOLATED)
_31518_/A2                              6.000000   11.927258   -5.927258 (VIOLATED)
_31519_/A2                              6.000000   11.927258   -5.927258 (VIOLATED)
_31520_/A2                              6.000000   11.927258   -5.927258 (VIOLATED)
_31521_/A2                              6.000000   11.927258   -5.927258 (VIOLATED)
_31522_/S                               6.000000   11.927258   -5.927258 (VIOLATED)
_31523_/S                               6.000000   11.927258   -5.927258 (VIOLATED)
_31524_/S                               6.000000   11.927258   -5.927258 (VIOLATED)
_31525_/A2                              6.000000   11.927258   -5.927258 (VIOLATED)
_31526_/A2                              6.000000   11.927258   -5.927258 (VIOLATED)
_31527_/S                               6.000000   11.927258   -5.927258 (VIOLATED)
_31528_/S                               6.000000   11.927258   -5.927258 (VIOLATED)
_31529_/S                               6.000000   11.927258   -5.927258 (VIOLATED)
_31530_/S                               6.000000   11.927258   -5.927258 (VIOLATED)
_31531_/S                               6.000000   11.927258   -5.927258 (VIOLATED)
_31532_/S                               6.000000   11.927258   -5.927258 (VIOLATED)
_31533_/S                               6.000000   11.927258   -5.927258 (VIOLATED)
_31534_/S                               6.000000   11.927258   -5.927258 (VIOLATED)
_17956_/ZN                              6.000000   11.881263   -5.881263 (VIOLATED)
_17957_/A2                              6.000000   11.881263   -5.881263 (VIOLATED)
_18083_/A2                              6.000000   11.881263   -5.881263 (VIOLATED)
_18108_/B1                              6.000000   11.881263   -5.881263 (VIOLATED)
_18159_/B1                              6.000000   11.881263   -5.881263 (VIOLATED)
_18192_/A2                              6.000000   11.881263   -5.881263 (VIOLATED)
_18284_/A2                              6.000000   11.881263   -5.881263 (VIOLATED)
_18476_/B1                              6.000000   11.881263   -5.881263 (VIOLATED)
_18534_/A2                              6.000000   11.881263   -5.881263 (VIOLATED)
_20843_/C1                              6.000000   11.881263   -5.881263 (VIOLATED)
_20863_/C1                              6.000000   11.881263   -5.881263 (VIOLATED)
_20894_/A2                              6.000000   11.881263   -5.881263 (VIOLATED)
_20929_/A2                              6.000000   11.881263   -5.881263 (VIOLATED)
_20958_/C1                              6.000000   11.881263   -5.881263 (VIOLATED)
_21018_/C1                              6.000000   11.881263   -5.881263 (VIOLATED)
_21162_/A2                              6.000000   11.881263   -5.881263 (VIOLATED)
_21223_/B1                              6.000000   11.881263   -5.881263 (VIOLATED)
_23302_/B1                              6.000000   11.881263   -5.881263 (VIOLATED)
_23324_/B1                              6.000000   11.881263   -5.881263 (VIOLATED)
_23354_/B1                              6.000000   11.881263   -5.881263 (VIOLATED)
_23420_/A2                              6.000000   11.881263   -5.881263 (VIOLATED)
_23483_/B1                              6.000000   11.881263   -5.881263 (VIOLATED)
_23682_/B1                              6.000000   11.881263   -5.881263 (VIOLATED)
_25167_/B1                              6.000000   11.875393   -5.875393 (VIOLATED)
_25304_/B1                              6.000000   11.875391   -5.875391 (VIOLATED)
_20852_/C1                              6.000000   11.875382   -5.875383 (VIOLATED)
_25255_/B1                              6.000000   11.875381   -5.875382 (VIOLATED)
_25993_/C1                              6.000000   11.875381   -5.875381 (VIOLATED)
_21161_/A4                              6.000000   11.875365   -5.875365 (VIOLATED)
_25954_/A2                              6.000000   11.875370   -5.875371 (VIOLATED)
_20930_/A4                              6.000000   11.875359   -5.875359 (VIOLATED)
_23390_/A4                              6.000000   11.875360   -5.875361 (VIOLATED)
_23391_/B                               6.000000   11.875360   -5.875361 (VIOLATED)
_23624_/A4                              6.000000   11.875361   -5.875362 (VIOLATED)
_23625_/B                               6.000000   11.875360   -5.875361 (VIOLATED)
_25101_/A2                              6.000000   11.875366   -5.875366 (VIOLATED)
_25357_/A1                              6.000000   11.875360   -5.875361 (VIOLATED)
_25570_/A2                              6.000000   11.875360   -5.875361 (VIOLATED)
_17953_/A2                              6.000000   11.875348   -5.875349 (VIOLATED)
_20973_/B2                              6.000000   11.875348   -5.875349 (VIOLATED)
_21801_/B2                              6.000000   11.875349   -5.875349 (VIOLATED)
_25096_/A1                              6.000000   11.875346   -5.875347 (VIOLATED)
_25392_/C1                              6.000000   11.875351   -5.875351 (VIOLATED)
_25604_/B1                              6.000000   11.875354   -5.875354 (VIOLATED)
_17948_/ZN                              6.000000   11.875307   -5.875308 (VIOLATED)
_17951_/A2                              6.000000   11.875307   -5.875308 (VIOLATED)
_19146_/B2                              6.000000   11.875307   -5.875308 (VIOLATED)
_20044_/A1                              6.000000   11.875307   -5.875308 (VIOLATED)
_20098_/B1                              6.000000   11.875307   -5.875308 (VIOLATED)
_20106_/B1                              6.000000   11.875307   -5.875308 (VIOLATED)
_23423_/A4                              6.000000   11.875307   -5.875308 (VIOLATED)
_23440_/A1                              6.000000   11.875307   -5.875308 (VIOLATED)
_24267_/B2                              6.000000   11.875307   -5.875308 (VIOLATED)
_25479_/B1                              6.000000   11.875307   -5.875308 (VIOLATED)
_25522_/B1                              6.000000   11.875307   -5.875308 (VIOLATED)
_25661_/A3                              6.000000   11.875307   -5.875308 (VIOLATED)
_25662_/A3                              6.000000   11.875307   -5.875308 (VIOLATED)
_25663_/A1                              6.000000   11.875307   -5.875308 (VIOLATED)
_32173_/A1                              6.000000   11.875307   -5.875308 (VIOLATED)
_32317_/A1                              6.000000   11.875307   -5.875308 (VIOLATED)
_32408_/A1                              6.000000   11.875307   -5.875308 (VIOLATED)
_18010_/ZN                              6.000000   11.841622   -5.841622 (VIOLATED)
_18011_/B1                              6.000000   11.841622   -5.841622 (VIOLATED)
_18224_/C1                              6.000000   11.841622   -5.841622 (VIOLATED)
_18240_/C1                              6.000000   11.841622   -5.841622 (VIOLATED)
_18307_/C1                              6.000000   11.841622   -5.841622 (VIOLATED)
_18354_/B1                              6.000000   11.841622   -5.841622 (VIOLATED)
_18371_/B1                              6.000000   11.841622   -5.841622 (VIOLATED)
_18391_/A2                              6.000000   11.841622   -5.841622 (VIOLATED)
_19043_/B1                              6.000000   11.841622   -5.841622 (VIOLATED)
_19113_/C1                              6.000000   11.841622   -5.841622 (VIOLATED)
_19154_/C1                              6.000000   11.841622   -5.841622 (VIOLATED)
_19175_/C1                              6.000000   11.841622   -5.841622 (VIOLATED)
_19209_/C1                              6.000000   11.841622   -5.841622 (VIOLATED)
_19255_/C1                              6.000000   11.841622   -5.841622 (VIOLATED)
_19271_/A2                              6.000000   11.841622   -5.841622 (VIOLATED)
_19295_/B1                              6.000000   11.841622   -5.841622 (VIOLATED)
_19933_/B1                              6.000000   11.841622   -5.841622 (VIOLATED)
_20004_/C1                              6.000000   11.841622   -5.841622 (VIOLATED)
_20055_/B1                              6.000000   11.841622   -5.841622 (VIOLATED)
_20077_/C1                              6.000000   11.841622   -5.841622 (VIOLATED)
_20111_/A2                              6.000000   11.841622   -5.841622 (VIOLATED)
_20158_/A2                              6.000000   11.841622   -5.841622 (VIOLATED)
_20176_/A2                              6.000000   11.841622   -5.841622 (VIOLATED)
_20201_/B1                              6.000000   11.841622   -5.841622 (VIOLATED)
_34677_/B                               6.000000   11.507516   -5.507516 (VIOLATED)
_33880_/B                               6.000000   11.507496   -5.507496 (VIOLATED)
_34239_/A1                              6.000000   11.507498   -5.507498 (VIOLATED)
_33949_/A1                              6.000000   11.507489   -5.507490 (VIOLATED)
_34049_/B                               6.000000   11.507489   -5.507490 (VIOLATED)
_34086_/B                               6.000000   11.507488   -5.507489 (VIOLATED)
_34436_/B                               6.000000   11.507493   -5.507493 (VIOLATED)
_34634_/B                               6.000000   11.507492   -5.507493 (VIOLATED)
_30779_/A1                              6.000000   11.507475   -5.507475 (VIOLATED)
_32156_/A1                              6.000000   11.507478   -5.507478 (VIOLATED)
_32166_/A1                              6.000000   11.507472   -5.507472 (VIOLATED)
_32177_/A1                              6.000000   11.507472   -5.507472 (VIOLATED)
_32183_/A1                              6.000000   11.507469   -5.507469 (VIOLATED)
_32165_/A1                              6.000000   11.507452   -5.507452 (VIOLATED)
_32208_/A1                              6.000000   11.507428   -5.507429 (VIOLATED)
_32276_/A1                              6.000000   11.507428   -5.507429 (VIOLATED)
_32818_/B                               6.000000   11.507423   -5.507424 (VIOLATED)
_32236_/A1                              6.000000   11.507413   -5.507413 (VIOLATED)
_32768_/B                               6.000000   11.507399   -5.507399 (VIOLATED)
_33421_/B                               6.000000   11.507394   -5.507394 (VIOLATED)
_33465_/B                               6.000000   11.507394   -5.507394 (VIOLATED)
_32169_/A1                              6.000000   11.507378   -5.507378 (VIOLATED)
_32262_/A1                              6.000000   11.507342   -5.507342 (VIOLATED)
_32811_/B                               6.000000   11.507341   -5.507341 (VIOLATED)
_33157_/B                               6.000000   11.507321   -5.507322 (VIOLATED)
_33459_/B                               6.000000   11.507319   -5.507319 (VIOLATED)
_33791_/B                               6.000000   11.507304   -5.507304 (VIOLATED)
_34396_/B                               6.000000   11.507301   -5.507301 (VIOLATED)
_34403_/B                               6.000000   11.507304   -5.507304 (VIOLATED)
_34647_/B                               6.000000   11.507303   -5.507303 (VIOLATED)
_34653_/B                               6.000000   11.507303   -5.507303 (VIOLATED)
_34659_/B                               6.000000   11.507300   -5.507300 (VIOLATED)
_34665_/B                               6.000000   11.507302   -5.507302 (VIOLATED)
_32247_/A1                              6.000000   11.507287   -5.507287 (VIOLATED)
_33151_/B                               6.000000   11.507286   -5.507287 (VIOLATED)
_34641_/B                               6.000000   11.507292   -5.507292 (VIOLATED)
_34671_/B                               6.000000   11.507297   -5.507297 (VIOLATED)
_33315_/B                               6.000000   11.507285   -5.507286 (VIOLATED)
_33453_/B                               6.000000   11.507280   -5.507280 (VIOLATED)
_33832_/B                               6.000000   11.507281   -5.507282 (VIOLATED)
_33840_/B                               6.000000   11.507278   -5.507278 (VIOLATED)
_33872_/B                               6.000000   11.507279   -5.507279 (VIOLATED)
_34056_/B                               6.000000   11.507278   -5.507278 (VIOLATED)
_34061_/B                               6.000000   11.507282   -5.507283 (VIOLATED)
_34066_/B                               6.000000   11.507281   -5.507282 (VIOLATED)
_34071_/B                               6.000000   11.507285   -5.507286 (VIOLATED)
_34076_/B                               6.000000   11.507279   -5.507279 (VIOLATED)
_34081_/B                               6.000000   11.507283   -5.507284 (VIOLATED)
_17865_/ZN                              6.000000   11.507262   -5.507262 (VIOLATED)
_32159_/A1                              6.000000   11.507262   -5.507262 (VIOLATED)
_32195_/A1                              6.000000   11.507262   -5.507262 (VIOLATED)
_32221_/A1                              6.000000   11.507262   -5.507262 (VIOLATED)
_32571_/B                               6.000000   11.507262   -5.507262 (VIOLATED)
_32777_/B                               6.000000   11.507262   -5.507262 (VIOLATED)
_32784_/B                               6.000000   11.507262   -5.507262 (VIOLATED)
_32791_/B                               6.000000   11.507262   -5.507262 (VIOLATED)
_32798_/B                               6.000000   11.507262   -5.507262 (VIOLATED)
_32805_/B                               6.000000   11.507262   -5.507262 (VIOLATED)
_33205_/B                               6.000000   11.507262   -5.507262 (VIOLATED)
_33304_/B                               6.000000   11.507262   -5.507262 (VIOLATED)
_33429_/B                               6.000000   11.507262   -5.507262 (VIOLATED)
_33435_/B                               6.000000   11.507262   -5.507262 (VIOLATED)
_33441_/B                               6.000000   11.507262   -5.507262 (VIOLATED)
_33447_/B                               6.000000   11.507262   -5.507262 (VIOLATED)
_33848_/B                               6.000000   11.507262   -5.507262 (VIOLATED)
_33856_/B                               6.000000   11.507262   -5.507262 (VIOLATED)
_33864_/B                               6.000000   11.507262   -5.507262 (VIOLATED)
_34491_/B                               6.000000   11.473912   -5.473912 (VIOLATED)
_33879_/C                               6.000000   11.473889   -5.473890 (VIOLATED)
_34362_/B                               6.000000   11.473895   -5.473895 (VIOLATED)
_33878_/B                               6.000000   11.473884   -5.473884 (VIOLATED)
_34432_/B                               6.000000   11.473885   -5.473885 (VIOLATED)
_34433_/C                               6.000000   11.473885   -5.473885 (VIOLATED)
_34516_/C                               6.000000   11.473886   -5.473886 (VIOLATED)
_33820_/B                               6.000000   11.473874   -5.473874 (VIOLATED)
_30787_/A1                              6.000000   11.473824   -5.473824 (VIOLATED)
_32548_/B                               6.000000   11.473825   -5.473825 (VIOLATED)
_32158_/A2                              6.000000   11.473818   -5.473818 (VIOLATED)
_32181_/A1                              6.000000   11.473817   -5.473817 (VIOLATED)
_32182_/A1                              6.000000   11.473816   -5.473816 (VIOLATED)
_32280_/A1                              6.000000   11.473818   -5.473818 (VIOLATED)
_32281_/A1                              6.000000   11.473819   -5.473819 (VIOLATED)
_32611_/B                               6.000000   11.473822   -5.473822 (VIOLATED)
_33118_/B                               6.000000   11.473810   -5.473811 (VIOLATED)
_33186_/B                               6.000000   11.473798   -5.473798 (VIOLATED)
_33246_/B                               6.000000   11.473798   -5.473798 (VIOLATED)
_33789_/C                               6.000000   11.473766   -5.473766 (VIOLATED)
_34377_/C                               6.000000   11.473770   -5.473770 (VIOLATED)
_34401_/C                               6.000000   11.473771   -5.473771 (VIOLATED)
_34451_/B                               6.000000   11.473769   -5.473769 (VIOLATED)
_34394_/C                               6.000000   11.473761   -5.473761 (VIOLATED)
_34459_/B                               6.000000   11.473765   -5.473765 (VIOLATED)
_34467_/B                               6.000000   11.473763   -5.473763 (VIOLATED)
_34475_/B                               6.000000   11.473765   -5.473765 (VIOLATED)
_34483_/B                               6.000000   11.473759   -5.473759 (VIOLATED)
_32602_/B                               6.000000   11.473746   -5.473746 (VIOLATED)
_33155_/C                               6.000000   11.473742   -5.473742 (VIOLATED)
_34443_/B                               6.000000   11.473746   -5.473746 (VIOLATED)
_33236_/B                               6.000000   11.473737   -5.473737 (VIOLATED)
_33838_/B                               6.000000   11.473731   -5.473731 (VIOLATED)
_33846_/B                               6.000000   11.473731   -5.473731 (VIOLATED)
_33829_/C                               6.000000   11.473722   -5.473723 (VIOLATED)
_33854_/B                               6.000000   11.473721   -5.473720 (VIOLATED)
_33828_/B                               6.000000   11.473710   -5.473711 (VIOLATED)
_33839_/C                               6.000000   11.473715   -5.473715 (VIOLATED)
_33862_/B                               6.000000   11.473715   -5.473715 (VIOLATED)
_33870_/B                               6.000000   11.473720   -5.473720 (VIOLATED)
_33871_/C                               6.000000   11.473719   -5.473719 (VIOLATED)
_33911_/C                               6.000000   11.473720   -5.473720 (VIOLATED)
_33917_/C                               6.000000   11.473714   -5.473714 (VIOLATED)
_33149_/C                               6.000000   11.473696   -5.473696 (VIOLATED)
_33782_/C                               6.000000   11.473697   -5.473697 (VIOLATED)
_33847_/C                               6.000000   11.473696   -5.473696 (VIOLATED)
_33863_/C                               6.000000   11.473697   -5.473697 (VIOLATED)
_33923_/C                               6.000000   11.473697   -5.473697 (VIOLATED)
_33230_/B                               6.000000   11.473689   -5.473689 (VIOLATED)
_33314_/C                               6.000000   11.473692   -5.473692 (VIOLATED)
_33855_/C                               6.000000   11.473681   -5.473682 (VIOLATED)
_33929_/C                               6.000000   11.473681   -5.473682 (VIOLATED)
_32154_/A2                              6.000000   11.473673   -5.473673 (VIOLATED)
_32212_/A1                              6.000000   11.473673   -5.473673 (VIOLATED)
_32213_/A1                              6.000000   11.473673   -5.473673 (VIOLATED)
_32266_/A1                              6.000000   11.473673   -5.473673 (VIOLATED)
_32267_/A1                              6.000000   11.473673   -5.473673 (VIOLATED)
_33203_/B                               6.000000   11.473668   -5.473668 (VIOLATED)
_33204_/C                               6.000000   11.473672   -5.473672 (VIOLATED)
_32251_/A1                              6.000000   11.473659   -5.473659 (VIOLATED)
_32252_/A1                              6.000000   11.473659   -5.473659 (VIOLATED)
_32594_/B                               6.000000   11.473659   -5.473659 (VIOLATED)
_17870_/ZN                              6.000000   11.473623   -5.473623 (VIOLATED)
_32199_/A1                              6.000000   11.473623   -5.473623 (VIOLATED)
_32200_/A1                              6.000000   11.473623   -5.473623 (VIOLATED)
_32225_/A1                              6.000000   11.473623   -5.473623 (VIOLATED)
_32226_/A1                              6.000000   11.473623   -5.473623 (VIOLATED)
_32240_/A1                              6.000000   11.473623   -5.473623 (VIOLATED)
_32241_/A1                              6.000000   11.473623   -5.473623 (VIOLATED)
_32561_/B                               6.000000   11.473623   -5.473623 (VIOLATED)
_32569_/B                               6.000000   11.473623   -5.473623 (VIOLATED)
_32570_/C                               6.000000   11.473623   -5.473623 (VIOLATED)
_32577_/B                               6.000000   11.473623   -5.473623 (VIOLATED)
_32585_/B                               6.000000   11.473623   -5.473623 (VIOLATED)
_33136_/C                               6.000000   11.473623   -5.473623 (VIOLATED)
_33142_/C                               6.000000   11.473623   -5.473623 (VIOLATED)
_33196_/B                               6.000000   11.473623   -5.473623 (VIOLATED)
_33213_/B                               6.000000   11.473623   -5.473623 (VIOLATED)
_33221_/B                               6.000000   11.473623   -5.473623 (VIOLATED)
_33303_/C                               6.000000   11.473623   -5.473623 (VIOLATED)
_33371_/B                               6.000000   11.473623   -5.473623 (VIOLATED)
_17950_/ZN                              6.000000   11.428473   -5.428473 (VIOLATED)
_18084_/A2                              6.000000   11.428473   -5.428473 (VIOLATED)
_18108_/C                               6.000000   11.428473   -5.428473 (VIOLATED)
_18158_/B                               6.000000   11.428473   -5.428473 (VIOLATED)
_18159_/C                               6.000000   11.428473   -5.428473 (VIOLATED)
_18193_/B                               6.000000   11.428473   -5.428473 (VIOLATED)
_18194_/A2                              6.000000   11.428473   -5.428473 (VIOLATED)
_18475_/B                               6.000000   11.428473   -5.428473 (VIOLATED)
_18476_/C                               6.000000   11.428473   -5.428473 (VIOLATED)
_20843_/A2                              6.000000   11.428473   -5.428473 (VIOLATED)
_20863_/A2                              6.000000   11.428473   -5.428473 (VIOLATED)
_20895_/A2                              6.000000   11.428473   -5.428473 (VIOLATED)
_20931_/A2                              6.000000   11.428473   -5.428473 (VIOLATED)
_20958_/A2                              6.000000   11.428473   -5.428473 (VIOLATED)
_21018_/A2                              6.000000   11.428473   -5.428473 (VIOLATED)
_21166_/B1                              6.000000   11.428473   -5.428473 (VIOLATED)
_21226_/B1                              6.000000   11.428473   -5.428473 (VIOLATED)
_23302_/C                               6.000000   11.428473   -5.428473 (VIOLATED)
_23324_/C                               6.000000   11.428473   -5.428473 (VIOLATED)
_23354_/C                               6.000000   11.428473   -5.428473 (VIOLATED)
_23422_/A1                              6.000000   11.428473   -5.428473 (VIOLATED)
_23424_/A2                              6.000000   11.428473   -5.428473 (VIOLATED)
_23425_/A1                              6.000000   11.428473   -5.428473 (VIOLATED)
_23483_/C                               6.000000   11.428473   -5.428473 (VIOLATED)
_23682_/C                               6.000000   11.428473   -5.428473 (VIOLATED)
_23683_/A2                              6.000000   11.428473   -5.428473 (VIOLATED)
_25111_/A1                              6.000000   11.428473   -5.428473 (VIOLATED)
_25217_/A2                              6.000000   11.428473   -5.428473 (VIOLATED)
_25355_/A2                              6.000000   11.428473   -5.428473 (VIOLATED)
_25568_/A2                              6.000000   11.428473   -5.428473 (VIOLATED)
_25953_/A2                              6.000000   11.428473   -5.428473 (VIOLATED)
_30739_/ZN                              6.000000   11.364998   -5.364998 (VIOLATED)
_30740_/A2                              6.000000   11.364998   -5.364998 (VIOLATED)
_17963_/A2                              6.000000   11.357457   -5.357458 (VIOLATED)
_17989_/A2                              6.000000   11.357462   -5.357462 (VIOLATED)
_23500_/A2                              6.000000   11.357460   -5.357460 (VIOLATED)
_24290_/A2                              6.000000   11.357461   -5.357461 (VIOLATED)
_24298_/B1                              6.000000   11.357462   -5.357462 (VIOLATED)
_25131_/A1                              6.000000   11.357456   -5.357457 (VIOLATED)
_17936_/A2                              6.000000   11.357450   -5.357450 (VIOLATED)
_17938_/A2                              6.000000   11.357454   -5.357454 (VIOLATED)
_25147_/A1                              6.000000   11.357449   -5.357449 (VIOLATED)
_25465_/A2                              6.000000   11.357450   -5.357450 (VIOLATED)
_25683_/A1                              6.000000   11.357448   -5.357448 (VIOLATED)
_21802_/A1                              6.000000   11.357441   -5.357441 (VIOLATED)
_23408_/B1                              6.000000   11.357440   -5.357440 (VIOLATED)
_24241_/A2                              6.000000   11.357439   -5.357439 (VIOLATED)
_24257_/A2                              6.000000   11.357441   -5.357441 (VIOLATED)
_25700_/A1                              6.000000   11.357443   -5.357443 (VIOLATED)
_33979_/A1                              6.000000   11.357444   -5.357444 (VIOLATED)
_17935_/ZN                              6.000000   11.357402   -5.357402 (VIOLATED)
_17993_/A1                              6.000000   11.357402   -5.357402 (VIOLATED)
_17994_/C1                              6.000000   11.357402   -5.357402 (VIOLATED)
_18099_/A2                              6.000000   11.357402   -5.357402 (VIOLATED)
_18275_/B1                              6.000000   11.357402   -5.357402 (VIOLATED)
_18492_/A2                              6.000000   11.357402   -5.357402 (VIOLATED)
_18549_/A2                              6.000000   11.357402   -5.357402 (VIOLATED)
_19078_/B1                              6.000000   11.357402   -5.357402 (VIOLATED)
_19085_/A2                              6.000000   11.357402   -5.357402 (VIOLATED)
_19109_/A2                              6.000000   11.357402   -5.357402 (VIOLATED)
_19137_/A2                              6.000000   11.357402   -5.357402 (VIOLATED)
_19206_/A2                              6.000000   11.357402   -5.357402 (VIOLATED)
_19426_/A2                              6.000000   11.357402   -5.357402 (VIOLATED)
_19959_/A2                              6.000000   11.357402   -5.357402 (VIOLATED)
_19974_/A2                              6.000000   11.357402   -5.357402 (VIOLATED)
_19975_/B1                              6.000000   11.357402   -5.357402 (VIOLATED)
_19999_/A2                              6.000000   11.357402   -5.357402 (VIOLATED)
_20000_/A2                              6.000000   11.357402   -5.357402 (VIOLATED)
_20026_/A2                              6.000000   11.357402   -5.357402 (VIOLATED)
_20290_/B1                              6.000000   11.357402   -5.357402 (VIOLATED)
_20333_/B1                              6.000000   11.357402   -5.357402 (VIOLATED)
_20874_/A2                              6.000000   11.357402   -5.357402 (VIOLATED)
_20937_/A2                              6.000000   11.357402   -5.357402 (VIOLATED)
_20948_/B1                              6.000000   11.357402   -5.357402 (VIOLATED)
_21012_/A2                              6.000000   11.357402   -5.357402 (VIOLATED)
_21029_/A2                              6.000000   11.357402   -5.357402 (VIOLATED)
_21177_/B1                              6.000000   11.357402   -5.357402 (VIOLATED)
_21238_/A2                              6.000000   11.357402   -5.357402 (VIOLATED)
_21762_/B1                              6.000000   11.357402   -5.357402 (VIOLATED)
_21826_/A2                              6.000000   11.357402   -5.357402 (VIOLATED)
_21838_/A2                              6.000000   11.357402   -5.357402 (VIOLATED)
_21978_/B1                              6.000000   11.357402   -5.357402 (VIOLATED)
_22022_/A2                              6.000000   11.357402   -5.357402 (VIOLATED)
_22519_/B1                              6.000000   11.357402   -5.357402 (VIOLATED)
_22571_/A2                              6.000000   11.357402   -5.357402 (VIOLATED)
_22616_/A2                              6.000000   11.357402   -5.357402 (VIOLATED)
_22757_/A2                              6.000000   11.357402   -5.357402 (VIOLATED)
_22800_/B1                              6.000000   11.357402   -5.357402 (VIOLATED)
_23318_/B1                              6.000000   11.357402   -5.357402 (VIOLATED)
_23341_/A2                              6.000000   11.357402   -5.357402 (VIOLATED)
_23642_/B1                              6.000000   11.357402   -5.357402 (VIOLATED)
_23699_/B1                              6.000000   11.357402   -5.357402 (VIOLATED)
_24211_/A2                              6.000000   11.357402   -5.357402 (VIOLATED)
_24229_/A2                              6.000000   11.357402   -5.357402 (VIOLATED)
_24427_/C1                              6.000000   11.357402   -5.357402 (VIOLATED)
_24469_/A2                              6.000000   11.357402   -5.357402 (VIOLATED)
_25140_/A1                              6.000000   11.357402   -5.357402 (VIOLATED)
_25143_/A2                              6.000000   11.357402   -5.357402 (VIOLATED)
_25281_/A2                              6.000000   11.357402   -5.357402 (VIOLATED)
_25590_/A2                              6.000000   11.357402   -5.357402 (VIOLATED)
_25977_/A2                              6.000000   11.357402   -5.357402 (VIOLATED)
_25979_/A2                              6.000000   11.357402   -5.357402 (VIOLATED)
_27135_/A2                              6.000000   11.333621   -5.333621 (VIOLATED)
_27136_/A3                              6.000000   11.333621   -5.333621 (VIOLATED)
_27228_/A2                              6.000000   11.333620   -5.333620 (VIOLATED)
_27230_/A2                              6.000000   11.333619   -5.333619 (VIOLATED)
_27313_/A2                              6.000000   11.333618   -5.333618 (VIOLATED)
_27326_/A2                              6.000000   11.333616   -5.333616 (VIOLATED)
_27328_/A2                              6.000000   11.333619   -5.333619 (VIOLATED)
_27393_/A2                              6.000000   11.333614   -5.333615 (VIOLATED)
_27397_/A2                              6.000000   11.333613   -5.333614 (VIOLATED)
_27529_/A2                              6.000000   11.333612   -5.333613 (VIOLATED)
_27636_/A2                              6.000000   11.333611   -5.333611 (VIOLATED)
_27640_/A2                              6.000000   11.333611   -5.333611 (VIOLATED)
_27767_/A2                              6.000000   11.333610   -5.333610 (VIOLATED)
_27772_/A2                              6.000000   11.333611   -5.333611 (VIOLATED)
_27911_/A2                              6.000000   11.333611   -5.333612 (VIOLATED)
_27916_/A2                              6.000000   11.333612   -5.333613 (VIOLATED)
_28048_/A2                              6.000000   11.333612   -5.333613 (VIOLATED)
_28053_/A2                              6.000000   11.333612   -5.333613 (VIOLATED)
_28148_/A2                              6.000000   11.333609   -5.333609 (VIOLATED)
_28153_/A2                              6.000000   11.333609   -5.333609 (VIOLATED)
_28269_/A2                              6.000000   11.333609   -5.333609 (VIOLATED)
_28274_/A2                              6.000000   11.333609   -5.333608 (VIOLATED)
_28350_/A2                              6.000000   11.333608   -5.333608 (VIOLATED)
_28354_/A2                              6.000000   11.333608   -5.333608 (VIOLATED)
_28459_/A2                              6.000000   11.333605   -5.333605 (VIOLATED)
_28464_/A2                              6.000000   11.333604   -5.333604 (VIOLATED)
_28594_/A2                              6.000000   11.333603   -5.333603 (VIOLATED)
_28599_/A2                              6.000000   11.333601   -5.333601 (VIOLATED)
_28712_/A2                              6.000000   11.333598   -5.333599 (VIOLATED)
_28717_/A2                              6.000000   11.333598   -5.333599 (VIOLATED)
_28810_/A2                              6.000000   11.333597   -5.333598 (VIOLATED)
_28815_/A2                              6.000000   11.333593   -5.333593 (VIOLATED)
_28881_/A2                              6.000000   11.333585   -5.333585 (VIOLATED)
_28886_/A2                              6.000000   11.333583   -5.333583 (VIOLATED)
_28980_/A2                              6.000000   11.333573   -5.333574 (VIOLATED)
_28985_/A2                              6.000000   11.333574   -5.333575 (VIOLATED)
_29043_/A2                              6.000000   11.333569   -5.333569 (VIOLATED)
_29047_/A2                              6.000000   11.333564   -5.333564 (VIOLATED)
_27134_/ZN                              6.000000   11.333528   -5.333528 (VIOLATED)
_29121_/A2                              6.000000   11.333528   -5.333528 (VIOLATED)
_29126_/A2                              6.000000   11.333528   -5.333528 (VIOLATED)
_29211_/A2                              6.000000   11.333528   -5.333528 (VIOLATED)
_29216_/A2                              6.000000   11.333528   -5.333528 (VIOLATED)
_29256_/A2                              6.000000   11.333528   -5.333528 (VIOLATED)
_29261_/A2                              6.000000   11.333528   -5.333528 (VIOLATED)
_29317_/A2                              6.000000   11.333528   -5.333528 (VIOLATED)
_29321_/A2                              6.000000   11.333528   -5.333528 (VIOLATED)
_29378_/A1                              6.000000   11.333528   -5.333528 (VIOLATED)
_29379_/A1                              6.000000   11.333528   -5.333528 (VIOLATED)
_27903_/A2                              6.000000   11.306382   -5.306382 (VIOLATED)
_28034_/A2                              6.000000   11.306382   -5.306382 (VIOLATED)
_28038_/A2                              6.000000   11.306382   -5.306382 (VIOLATED)
_28167_/A2                              6.000000   11.306381   -5.306381 (VIOLATED)
_28171_/A2                              6.000000   11.306380   -5.306380 (VIOLATED)
_28287_/A2                              6.000000   11.306378   -5.306378 (VIOLATED)
_27756_/A2                              6.000000   11.306373   -5.306373 (VIOLATED)
_27763_/A2                              6.000000   11.306373   -5.306373 (VIOLATED)
_27901_/A2                              6.000000   11.306372   -5.306372 (VIOLATED)
_28291_/A2                              6.000000   11.306376   -5.306377 (VIOLATED)
_28369_/A2                              6.000000   11.306376   -5.306376 (VIOLATED)
_28373_/A2                              6.000000   11.306376   -5.306377 (VIOLATED)
_28478_/A2                              6.000000   11.306372   -5.306372 (VIOLATED)
_28482_/A2                              6.000000   11.306373   -5.306373 (VIOLATED)
_28612_/A2                              6.000000   11.306371   -5.306371 (VIOLATED)
_28616_/A2                              6.000000   11.306366   -5.306366 (VIOLATED)
_28699_/A2                              6.000000   11.306361   -5.306362 (VIOLATED)
_28703_/A2                              6.000000   11.306359   -5.306359 (VIOLATED)
_28796_/A2                              6.000000   11.306350   -5.306350 (VIOLATED)
_28800_/A2                              6.000000   11.306348   -5.306348 (VIOLATED)
_28899_/A2                              6.000000   11.306343   -5.306343 (VIOLATED)
_28903_/A2                              6.000000   11.306340   -5.306340 (VIOLATED)
_28967_/A2                              6.000000   11.306332   -5.306332 (VIOLATED)
_28971_/A2                              6.000000   11.306334   -5.306334 (VIOLATED)
_29061_/A2                              6.000000   11.306323   -5.306324 (VIOLATED)
_29065_/A2                              6.000000   11.306321   -5.306322 (VIOLATED)
_29143_/A2                              6.000000   11.306313   -5.306313 (VIOLATED)
_29139_/A2                              6.000000   11.306307   -5.306307 (VIOLATED)
_29201_/A2                              6.000000   11.306293   -5.306293 (VIOLATED)
_29197_/A2                              6.000000   11.306287   -5.306287 (VIOLATED)
_29274_/A2                              6.000000   11.306268   -5.306268 (VIOLATED)
_29278_/A2                              6.000000   11.306260   -5.306261 (VIOLATED)
_29335_/A2                              6.000000   11.306255   -5.306255 (VIOLATED)
_29339_/A2                              6.000000   11.306255   -5.306255 (VIOLATED)
_29392_/A2                              6.000000   11.306249   -5.306249 (VIOLATED)
_29396_/A2                              6.000000   11.306247   -5.306247 (VIOLATED)
_29443_/A2                              6.000000   11.306240   -5.306240 (VIOLATED)
_29447_/A2                              6.000000   11.306239   -5.306239 (VIOLATED)
_29482_/A2                              6.000000   11.306231   -5.306232 (VIOLATED)
_29486_/A2                              6.000000   11.306231   -5.306231 (VIOLATED)
_27755_/ZN                              6.000000   11.306190   -5.306190 (VIOLATED)
_29524_/A2                              6.000000   11.306190   -5.306190 (VIOLATED)
_29528_/A2                              6.000000   11.306190   -5.306190 (VIOLATED)
_29558_/A2                              6.000000   11.306190   -5.306190 (VIOLATED)
_29562_/A2                              6.000000   11.306190   -5.306190 (VIOLATED)
_29586_/A2                              6.000000   11.306190   -5.306190 (VIOLATED)
_29590_/A2                              6.000000   11.306190   -5.306190 (VIOLATED)
_29622_/A1                              6.000000   11.306190   -5.306190 (VIOLATED)
_29623_/A1                              6.000000   11.306190   -5.306190 (VIOLATED)
_18013_/ZN                              6.000000   10.878109   -4.878109 (VIOLATED)
_18019_/A2                              6.000000   10.878109   -4.878109 (VIOLATED)
_18053_/C2                              6.000000   10.878109   -4.878109 (VIOLATED)
_18131_/B1                              6.000000   10.878109   -4.878109 (VIOLATED)
_18241_/A2                              6.000000   10.878109   -4.878109 (VIOLATED)
_18308_/A2                              6.000000   10.878109   -4.878109 (VIOLATED)
_18373_/B1                              6.000000   10.878109   -4.878109 (VIOLATED)
_18394_/A2                              6.000000   10.878109   -4.878109 (VIOLATED)
_19052_/B2                              6.000000   10.878109   -4.878109 (VIOLATED)
_19088_/A2                              6.000000   10.878109   -4.878109 (VIOLATED)
_19114_/A2                              6.000000   10.878109   -4.878109 (VIOLATED)
_19157_/A2                              6.000000   10.878109   -4.878109 (VIOLATED)
_19174_/A2                              6.000000   10.878109   -4.878109 (VIOLATED)
_19211_/A2                              6.000000   10.878109   -4.878109 (VIOLATED)
_19256_/A2                              6.000000   10.878109   -4.878109 (VIOLATED)
_19273_/A2                              6.000000   10.878109   -4.878109 (VIOLATED)
_19939_/B2                              6.000000   10.878109   -4.878109 (VIOLATED)
_19978_/A2                              6.000000   10.878109   -4.878109 (VIOLATED)
_20005_/A2                              6.000000   10.878109   -4.878109 (VIOLATED)
_20060_/A2                              6.000000   10.878109   -4.878109 (VIOLATED)
_20079_/A2                              6.000000   10.878109   -4.878109 (VIOLATED)
_20113_/A2                              6.000000   10.878109   -4.878109 (VIOLATED)
_20161_/A2                              6.000000   10.878109   -4.878109 (VIOLATED)
_20182_/A2                              6.000000   10.878109   -4.878109 (VIOLATED)
_20200_/B                               6.000000   10.878109   -4.878109 (VIOLATED)
_20202_/A2                              6.000000   10.878109   -4.878109 (VIOLATED)
_24996_/A1                              6.000000   10.878109   -4.878109 (VIOLATED)
_24998_/A1                              6.000000   10.878109   -4.878109 (VIOLATED)
_29766_/S                               6.000000   10.723167   -4.723168 (VIOLATED)
_29769_/S                               6.000000   10.723166   -4.723166 (VIOLATED)
_29774_/S                               6.000000   10.723164   -4.723164 (VIOLATED)
_29806_/S1                              6.000000   10.723167   -4.723168 (VIOLATED)
_29821_/S1                              6.000000   10.723166   -4.723167 (VIOLATED)
_29913_/S1                              6.000000   10.723167   -4.723168 (VIOLATED)
_29777_/S                               6.000000   10.723162   -4.723162 (VIOLATED)
_29822_/S1                              6.000000   10.723163   -4.723163 (VIOLATED)
_29825_/S1                              6.000000   10.723163   -4.723163 (VIOLATED)
_29878_/S                               6.000000   10.723163   -4.723163 (VIOLATED)
_29886_/S                               6.000000   10.723166   -4.723167 (VIOLATED)
_29899_/S1                              6.000000   10.723166   -4.723167 (VIOLATED)
_29782_/S                               6.000000   10.723157   -4.723157 (VIOLATED)
_29826_/S1                              6.000000   10.723162   -4.723162 (VIOLATED)
_29903_/S1                              6.000000   10.723162   -4.723162 (VIOLATED)
_29904_/S1                              6.000000   10.723161   -4.723161 (VIOLATED)
_29785_/S                               6.000000   10.723152   -4.723153 (VIOLATED)
_29842_/S                               6.000000   10.723155   -4.723155 (VIOLATED)
_29879_/S                               6.000000   10.723160   -4.723160 (VIOLATED)
_29887_/S                               6.000000   10.723164   -4.723164 (VIOLATED)
_29900_/S1                              6.000000   10.723163   -4.723163 (VIOLATED)
_29838_/S1                              6.000000   10.723150   -4.723150 (VIOLATED)
_29834_/S1                              6.000000   10.723145   -4.723145 (VIOLATED)
_29844_/S                               6.000000   10.723148   -4.723148 (VIOLATED)
_29849_/S1                              6.000000   10.723150   -4.723151 (VIOLATED)
_29850_/S1                              6.000000   10.723150   -4.723150 (VIOLATED)
_29790_/S                               6.000000   10.723138   -4.723138 (VIOLATED)
_29744_/ZN                              6.000000   10.723101   -4.723101 (VIOLATED)
_29750_/S                               6.000000   10.723101   -4.723101 (VIOLATED)
_29753_/S                               6.000000   10.723101   -4.723101 (VIOLATED)
_29757_/S                               6.000000   10.723101   -4.723101 (VIOLATED)
_29760_/S                               6.000000   10.723101   -4.723101 (VIOLATED)
_29794_/A1                              6.000000   10.723101   -4.723101 (VIOLATED)
_29795_/A1                              6.000000   10.723101   -4.723101 (VIOLATED)
_29805_/S1                              6.000000   10.723101   -4.723101 (VIOLATED)
_29811_/S                               6.000000   10.723101   -4.723101 (VIOLATED)
_29814_/S                               6.000000   10.723101   -4.723101 (VIOLATED)
_29836_/S1                              6.000000   10.723101   -4.723101 (VIOLATED)
_29847_/S                               6.000000   10.723101   -4.723101 (VIOLATED)
_29853_/S1                              6.000000   10.723101   -4.723101 (VIOLATED)
_29863_/B2                              6.000000   10.723101   -4.723101 (VIOLATED)
_29883_/S                               6.000000   10.723101   -4.723101 (VIOLATED)
_29884_/S                               6.000000   10.723101   -4.723101 (VIOLATED)
_29907_/S                               6.000000   10.723101   -4.723101 (VIOLATED)
_29909_/A1                              6.000000   10.723101   -4.723101 (VIOLATED)
_29910_/A1                              6.000000   10.723101   -4.723101 (VIOLATED)
_29912_/S1                              6.000000   10.723101   -4.723101 (VIOLATED)
_29952_/S                               6.000000   10.723101   -4.723101 (VIOLATED)
_29953_/S                               6.000000   10.723101   -4.723101 (VIOLATED)
_29989_/S                               6.000000   10.723101   -4.723101 (VIOLATED)
_29998_/S                               6.000000   10.723101   -4.723101 (VIOLATED)
_28656_/A1                              6.000000   10.694251   -4.694252 (VIOLATED)
_28657_/A1                              6.000000   10.694250   -4.694251 (VIOLATED)
_28551_/A2                              6.000000   10.694245   -4.694245 (VIOLATED)
_28555_/A2                              6.000000   10.694246   -4.694247 (VIOLATED)
_28506_/A2                              6.000000   10.694210   -4.694211 (VIOLATED)
_28510_/A2                              6.000000   10.694208   -4.694209 (VIOLATED)
_28399_/A2                              6.000000   10.694182   -4.694183 (VIOLATED)
_28227_/A2                              6.000000   10.694176   -4.694176 (VIOLATED)
_28106_/A2                              6.000000   10.694167   -4.694167 (VIOLATED)
_27989_/A2                              6.000000   10.694145   -4.694146 (VIOLATED)
_27849_/A2                              6.000000   10.694116   -4.694116 (VIOLATED)
_27731_/A2                              6.000000   10.694088   -4.694088 (VIOLATED)
_27618_/A2                              6.000000   10.694056   -4.694056 (VIOLATED)
_27512_/A2                              6.000000   10.694024   -4.694024 (VIOLATED)
_27454_/A2                              6.000000   10.693987   -4.693987 (VIOLATED)
_27353_/A2                              6.000000   10.693965   -4.693965 (VIOLATED)
_27255_/A2                              6.000000   10.693937   -4.693938 (VIOLATED)
_27156_/A2                              6.000000   10.693880   -4.693880 (VIOLATED)
_27073_/A2                              6.000000   10.693842   -4.693842 (VIOLATED)
_26974_/A2                              6.000000   10.693807   -4.693807 (VIOLATED)
_26907_/A2                              6.000000   10.693769   -4.693770 (VIOLATED)
_26841_/A2                              6.000000   10.693730   -4.693731 (VIOLATED)
_26796_/A2                              6.000000   10.693707   -4.693707 (VIOLATED)
_26718_/A2                              6.000000   10.693670   -4.693670 (VIOLATED)
_26680_/A2                              6.000000   10.693624   -4.693625 (VIOLATED)
_26589_/A2                              6.000000   10.693599   -4.693599 (VIOLATED)
_26590_/A3                              6.000000   10.693601   -4.693601 (VIOLATED)
_26591_/A3                              6.000000   10.693601   -4.693601 (VIOLATED)
_26626_/A2                              6.000000   10.693599   -4.693599 (VIOLATED)
_26588_/ZN                              6.000000   10.693070   -4.693071 (VIOLATED)
_28127_/A2                              6.000000   10.672700   -4.672700 (VIOLATED)
_28248_/A2                              6.000000   10.672702   -4.672702 (VIOLATED)
_28009_/A2                              6.000000   10.672693   -4.672693 (VIOLATED)
_27869_/A2                              6.000000   10.672688   -4.672688 (VIOLATED)
_27786_/A2                              6.000000   10.672681   -4.672681 (VIOLATED)
_27664_/A2                              6.000000   10.672672   -4.672672 (VIOLATED)
_27556_/A2                              6.000000   10.672655   -4.672655 (VIOLATED)
_27413_/A2                              6.000000   10.672646   -4.672646 (VIOLATED)
_27296_/A2                              6.000000   10.672590   -4.672590 (VIOLATED)
_27202_/A2                              6.000000   10.672571   -4.672572 (VIOLATED)
_27111_/A2                              6.000000   10.672561   -4.672561 (VIOLATED)
_27033_/A2                              6.000000   10.672552   -4.672552 (VIOLATED)
_27035_/B1                              6.000000   10.672545   -4.672546 (VIOLATED)
_26990_/A2                              6.000000   10.672533   -4.672534 (VIOLATED)
_26921_/A2                              6.000000   10.672514   -4.672514 (VIOLATED)
_26923_/B1                              6.000000   10.672505   -4.672505 (VIOLATED)
_26864_/A2                              6.000000   10.672498   -4.672498 (VIOLATED)
_26865_/A2                              6.000000   10.672485   -4.672486 (VIOLATED)
_28329_/A2                              6.000000   10.672476   -4.672476 (VIOLATED)
_28438_/A2                              6.000000   10.672475   -4.672475 (VIOLATED)
_28573_/A2                              6.000000   10.672468   -4.672469 (VIOLATED)
_28672_/A2                              6.000000   10.672463   -4.672463 (VIOLATED)
_28769_/A2                              6.000000   10.672462   -4.672462 (VIOLATED)
_28860_/A2                              6.000000   10.672446   -4.672447 (VIOLATED)
_28943_/A3                              6.000000   10.672441   -4.672441 (VIOLATED)
_29025_/A2                              6.000000   10.672442   -4.672443 (VIOLATED)
_29113_/A1                              6.000000   10.672433   -4.672433 (VIOLATED)
_29173_/B2                              6.000000   10.672429   -4.672430 (VIOLATED)
_26863_/ZN                              6.000000   10.671893   -4.671893 (VIOLATED)
_21889_/A2                              6.000000   10.610354   -4.610355 (VIOLATED)
_23545_/A2                              6.000000   10.610350   -4.610350 (VIOLATED)
_24278_/A2                              6.000000   10.610349   -4.610349 (VIOLATED)
_24337_/A2                              6.000000   10.610353   -4.610353 (VIOLATED)
_24343_/A2                              6.000000   10.610353   -4.610354 (VIOLATED)
_24350_/A2                              6.000000   10.610354   -4.610355 (VIOLATED)
_23451_/A2                              6.000000   10.610335   -4.610335 (VIOLATED)
_19168_/A2                              6.000000   10.610330   -4.610330 (VIOLATED)
_23540_/A2                              6.000000   10.610318   -4.610319 (VIOLATED)
_23554_/A2                              6.000000   10.610322   -4.610322 (VIOLATED)
_20073_/A2                              6.000000   10.610308   -4.610308 (VIOLATED)
_20216_/A2                              6.000000   10.610309   -4.610309 (VIOLATED)
_22667_/A2                              6.000000   10.610304   -4.610304 (VIOLATED)
_25441_/A2                              6.000000   10.610308   -4.610308 (VIOLATED)
_25767_/A2                              6.000000   10.610294   -4.610294 (VIOLATED)
_19287_/A2                              6.000000   10.610288   -4.610288 (VIOLATED)
_25808_/A2                              6.000000   10.610290   -4.610290 (VIOLATED)
_18407_/A2                              6.000000   10.610283   -4.610283 (VIOLATED)
_20193_/A2                              6.000000   10.610285   -4.610285 (VIOLATED)
_20984_/A1                              6.000000   10.610288   -4.610288 (VIOLATED)
_20985_/A2                              6.000000   10.610288   -4.610288 (VIOLATED)
_21073_/A2                              6.000000   10.610289   -4.610289 (VIOLATED)
_21079_/A2                              6.000000   10.610288   -4.610288 (VIOLATED)
_21812_/A2                              6.000000   10.610287   -4.610287 (VIOLATED)
_21875_/A2                              6.000000   10.610288   -4.610288 (VIOLATED)
_21879_/A1                              6.000000   10.610287   -4.610287 (VIOLATED)
_21880_/A2                              6.000000   10.610287   -4.610287 (VIOLATED)
_21041_/A2                              6.000000   10.610278   -4.610279 (VIOLATED)
_18322_/A2                              6.000000   10.610273   -4.610273 (VIOLATED)
_20091_/A2                              6.000000   10.610273   -4.610273 (VIOLATED)
_20173_/A2                              6.000000   10.610274   -4.610275 (VIOLATED)
_21833_/A2                              6.000000   10.610276   -4.610277 (VIOLATED)
_22612_/A2                              6.000000   10.610278   -4.610279 (VIOLATED)
_25646_/A2                              6.000000   10.610275   -4.610276 (VIOLATED)
_19225_/A2                              6.000000   10.610266   -4.610266 (VIOLATED)
_22653_/A2                              6.000000   10.610271   -4.610271 (VIOLATED)
_22659_/A2                              6.000000   10.610268   -4.610268 (VIOLATED)
_22598_/A2                              6.000000   10.610261   -4.610261 (VIOLATED)
_21819_/A2                              6.000000   10.610249   -4.610249 (VIOLATED)
_18000_/A1                              6.000000   10.610244   -4.610244 (VIOLATED)
_18032_/A1                              6.000000   10.610243   -4.610243 (VIOLATED)
_18035_/A1                              6.000000   10.610236   -4.610237 (VIOLATED)
_24284_/A2                              6.000000   10.610240   -4.610240 (VIOLATED)
_25207_/A2                              6.000000   10.610245   -4.610245 (VIOLATED)
_21738_/C2                              6.000000   10.610235   -4.610235 (VIOLATED)
_22515_/A1                              6.000000   10.610227   -4.610227 (VIOLATED)
_22550_/A2                              6.000000   10.610231   -4.610231 (VIOLATED)
_20886_/A2                              6.000000   10.610221   -4.610221 (VIOLATED)
_23457_/A2                              6.000000   10.610223   -4.610223 (VIOLATED)
_23508_/A2                              6.000000   10.610224   -4.610224 (VIOLATED)
_20918_/A2                              6.000000   10.610209   -4.610210 (VIOLATED)
_25345_/A2                              6.000000   10.610212   -4.610213 (VIOLATED)
_17983_/ZN                              6.000000   10.610172   -4.610173 (VIOLATED)
_17985_/B2                              6.000000   10.610172   -4.610173 (VIOLATED)
_18043_/A2                              6.000000   10.610172   -4.610173 (VIOLATED)
_19128_/A2                              6.000000   10.610172   -4.610173 (VIOLATED)
_20019_/A2                              6.000000   10.610172   -4.610173 (VIOLATED)
_21770_/A2                              6.000000   10.610172   -4.610173 (VIOLATED)
_23297_/A1                              6.000000   10.610172   -4.610173 (VIOLATED)
_23347_/A2                              6.000000   10.610172   -4.610173 (VIOLATED)
_23378_/A2                              6.000000   10.610172   -4.610173 (VIOLATED)
_24222_/A1                              6.000000   10.610172   -4.610173 (VIOLATED)
_24247_/A2                              6.000000   10.610172   -4.610173 (VIOLATED)
_21887_/B1                              6.000000   10.562805   -4.562805 (VIOLATED)
_24276_/A2                              6.000000   10.562800   -4.562801 (VIOLATED)
_24335_/A2                              6.000000   10.562803   -4.562804 (VIOLATED)
_24341_/A2                              6.000000   10.562804   -4.562805 (VIOLATED)
_24349_/B1                              6.000000   10.562805   -4.562805 (VIOLATED)
_17978_/ZN                              6.000000   10.562760   -4.562761 (VIOLATED)
_18005_/A3                              6.000000   10.562760   -4.562761 (VIOLATED)
_18009_/A3                              6.000000   10.562760   -4.562761 (VIOLATED)
_18073_/C2                              6.000000   10.562760   -4.562761 (VIOLATED)
_18372_/A2                              6.000000   10.562760   -4.562761 (VIOLATED)
_18405_/B2                              6.000000   10.562760   -4.562761 (VIOLATED)
_19070_/B2                              6.000000   10.562760   -4.562761 (VIOLATED)
_19312_/A2                              6.000000   10.562760   -4.562761 (VIOLATED)
_20159_/A2                              6.000000   10.562760   -4.562761 (VIOLATED)
_20835_/C2                              6.000000   10.562760   -4.562761 (VIOLATED)
_20991_/A2                              6.000000   10.562760   -4.562761 (VIOLATED)
_21039_/A2                              6.000000   10.562760   -4.562761 (VIOLATED)
_21736_/A1                              6.000000   10.562760   -4.562761 (VIOLATED)
_22596_/A2                              6.000000   10.562760   -4.562761 (VIOLATED)
_22651_/A2                              6.000000   10.562760   -4.562761 (VIOLATED)
_23296_/C2                              6.000000   10.562760   -4.562761 (VIOLATED)
_24215_/A2                              6.000000   10.562760   -4.562761 (VIOLATED)
_24221_/C2                              6.000000   10.562760   -4.562761 (VIOLATED)
_24245_/A2                              6.000000   10.562760   -4.562761 (VIOLATED)
_25078_/B2                              6.000000   10.562760   -4.562761 (VIOLATED)
_25439_/B2                              6.000000   10.562760   -4.562761 (VIOLATED)
_25560_/A2                              6.000000   10.562760   -4.562761 (VIOLATED)
_25806_/B2                              6.000000   10.562760   -4.562761 (VIOLATED)
_25849_/B2                              6.000000   10.562760   -4.562761 (VIOLATED)
_31621_/A2                              6.000000   10.558489   -4.558489 (VIOLATED)
_31625_/A2                              6.000000   10.558492   -4.558492 (VIOLATED)
_31629_/A2                              6.000000   10.558492   -4.558492 (VIOLATED)
_31633_/A2                              6.000000   10.558492   -4.558492 (VIOLATED)
_31613_/A2                              6.000000   10.558483   -4.558484 (VIOLATED)
_31617_/A2                              6.000000   10.558488   -4.558488 (VIOLATED)
_31609_/A2                              6.000000   10.558475   -4.558475 (VIOLATED)
_31601_/A2                              6.000000   10.558459   -4.558459 (VIOLATED)
_31605_/A2                              6.000000   10.558464   -4.558464 (VIOLATED)
_31597_/A2                              6.000000   10.558441   -4.558442 (VIOLATED)
_31593_/A2                              6.000000   10.558436   -4.558436 (VIOLATED)
_31585_/A2                              6.000000   10.558417   -4.558418 (VIOLATED)
_31578_/A2                              6.000000   10.558408   -4.558408 (VIOLATED)
_31581_/A2                              6.000000   10.558409   -4.558409 (VIOLATED)
_31589_/A2                              6.000000   10.558405   -4.558405 (VIOLATED)
_31664_/A2                              6.000000   10.558409   -4.558409 (VIOLATED)
_31947_/A2                              6.000000   10.558405   -4.558405 (VIOLATED)
_31577_/A2                              6.000000   10.558393   -4.558393 (VIOLATED)
_31736_/A2                              6.000000   10.558391   -4.558391 (VIOLATED)
_31806_/A2                              6.000000   10.558391   -4.558391 (VIOLATED)
_32087_/A2                              6.000000   10.558390   -4.558390 (VIOLATED)
_31876_/A2                              6.000000   10.558379   -4.558380 (VIOLATED)
_31574_/A2                              6.000000   10.558372   -4.558372 (VIOLATED)
_32017_/A2                              6.000000   10.558370   -4.558370 (VIOLATED)
_31570_/A2                              6.000000   10.558364   -4.558364 (VIOLATED)
_31566_/A2                              6.000000   10.558357   -4.558357 (VIOLATED)
_31781_/A1                              6.000000   10.558341   -4.558342 (VIOLATED)
_31851_/A1                              6.000000   10.558341   -4.558342 (VIOLATED)
_31992_/A1                              6.000000   10.558341   -4.558342 (VIOLATED)
_32062_/A1                              6.000000   10.558338   -4.558339 (VIOLATED)
_31710_/B                               6.000000   10.558324   -4.558324 (VIOLATED)
_31543_/B                               6.000000   10.558315   -4.558316 (VIOLATED)
_31638_/B                               6.000000   10.558298   -4.558298 (VIOLATED)
_31550_/A2                              6.000000   10.558265   -4.558265 (VIOLATED)
_31554_/A2                              6.000000   10.558266   -4.558266 (VIOLATED)
_31546_/A2                              6.000000   10.558252   -4.558252 (VIOLATED)
_31562_/A2                              6.000000   10.558242   -4.558242 (VIOLATED)
_31558_/A2                              6.000000   10.558229   -4.558229 (VIOLATED)
_17916_/A1                              6.000000   10.558146   -4.558147 (VIOLATED)
_25204_/B                               6.000000   10.558095   -4.558095 (VIOLATED)
_25342_/C                               6.000000   10.558097   -4.558097 (VIOLATED)
_25599_/C                               6.000000   10.558098   -4.558098 (VIOLATED)
_25697_/B                               6.000000   10.558091   -4.558091 (VIOLATED)
_25516_/C                               6.000000   10.558080   -4.558080 (VIOLATED)
_25163_/C                               6.000000   10.557994   -4.557994 (VIOLATED)
_25249_/B                               6.000000   10.557995   -4.557995 (VIOLATED)
_25298_/B                               6.000000   10.557998   -4.557998 (VIOLATED)
_25558_/B                               6.000000   10.557986   -4.557986 (VIOLATED)
_25642_/B                               6.000000   10.557989   -4.557990 (VIOLATED)
_25805_/C                               6.000000   10.557989   -4.557990 (VIOLATED)
_25847_/C                               6.000000   10.557990   -4.557991 (VIOLATED)
_25989_/A1                              6.000000   10.557976   -4.557976 (VIOLATED)
_25388_/B                               6.000000   10.557967   -4.557968 (VIOLATED)
_34754_/A1                              6.000000   10.557933   -4.557933 (VIOLATED)
_34756_/C                               6.000000   10.557934   -4.557934 (VIOLATED)
_17692_/I                               6.000000   10.557899   -4.557900 (VIOLATED)
_29691_/A4                              6.000000   10.557899   -4.557900 (VIOLATED)
_31510_/A3                              6.000000   10.557899   -4.557900 (VIOLATED)
_34748_/A1                              6.000000   10.557899   -4.557900 (VIOLATED)
_36338_/Q                               6.000000   10.557899   -4.557900 (VIOLATED)
_30469_/A2                              6.000000   10.512263   -4.512264 (VIOLATED)
_30470_/A2                              6.000000   10.512262   -4.512263 (VIOLATED)
_30452_/A2                              6.000000   10.512258   -4.512258 (VIOLATED)
_30453_/A2                              6.000000   10.512257   -4.512257 (VIOLATED)
_30456_/A2                              6.000000   10.512259   -4.512260 (VIOLATED)
_30458_/B                               6.000000   10.512258   -4.512258 (VIOLATED)
_30465_/A2                              6.000000   10.512259   -4.512259 (VIOLATED)
_30472_/B                               6.000000   10.512260   -4.512261 (VIOLATED)
_30480_/A2                              6.000000   10.512263   -4.512264 (VIOLATED)
_30483_/A2                              6.000000   10.512264   -4.512264 (VIOLATED)
_30485_/A2                              6.000000   10.512263   -4.512264 (VIOLATED)
_30496_/B                               6.000000   10.512264   -4.512264 (VIOLATED)
_30381_/A2                              6.000000   10.512250   -4.512250 (VIOLATED)
_30394_/A2                              6.000000   10.512250   -4.512250 (VIOLATED)
_30400_/A2                              6.000000   10.512248   -4.512249 (VIOLATED)
_30401_/B                               6.000000   10.512250   -4.512250 (VIOLATED)
_30407_/A2                              6.000000   10.512248   -4.512249 (VIOLATED)
_30412_/A2                              6.000000   10.512248   -4.512249 (VIOLATED)
_30414_/B                               6.000000   10.512249   -4.512249 (VIOLATED)
_30424_/A2                              6.000000   10.512245   -4.512245 (VIOLATED)
_30425_/A2                              6.000000   10.512246   -4.512247 (VIOLATED)
_30503_/A2                              6.000000   10.512249   -4.512249 (VIOLATED)
_30504_/A2                              6.000000   10.512249   -4.512249 (VIOLATED)
_30507_/A2                              6.000000   10.512247   -4.512248 (VIOLATED)
_30508_/A2                              6.000000   10.512247   -4.512248 (VIOLATED)
_30510_/B                               6.000000   10.512249   -4.512249 (VIOLATED)
_30518_/A2                              6.000000   10.512248   -4.512249 (VIOLATED)
_30519_/A2                              6.000000   10.512248   -4.512249 (VIOLATED)
_30524_/A2                              6.000000   10.512245   -4.512246 (VIOLATED)
_30411_/A2                              6.000000   10.512239   -4.512239 (VIOLATED)
_30422_/A2                              6.000000   10.512239   -4.512239 (VIOLATED)
_30423_/A2                              6.000000   10.512242   -4.512242 (VIOLATED)
_30529_/A2                              6.000000   10.512243   -4.512243 (VIOLATED)
_30530_/A2                              6.000000   10.512244   -4.512244 (VIOLATED)
_30532_/A2                              6.000000   10.512243   -4.512243 (VIOLATED)
_30534_/A1                              6.000000   10.512240   -4.512240 (VIOLATED)
_30535_/A1                              6.000000   10.512241   -4.512241 (VIOLATED)
_30538_/A2                              6.000000   10.512241   -4.512241 (VIOLATED)
_30266_/Z                               6.000000   10.512206   -4.512206 (VIOLATED)
_30268_/A2                              6.000000   10.512206   -4.512206 (VIOLATED)
_30273_/A2                              6.000000   10.512206   -4.512206 (VIOLATED)
_30274_/A2                              6.000000   10.512206   -4.512206 (VIOLATED)
_30278_/A2                              6.000000   10.512206   -4.512206 (VIOLATED)
_30279_/A2                              6.000000   10.512206   -4.512206 (VIOLATED)
_30281_/B                               6.000000   10.512206   -4.512206 (VIOLATED)
_30290_/A2                              6.000000   10.512206   -4.512206 (VIOLATED)
_30291_/A2                              6.000000   10.512206   -4.512206 (VIOLATED)
_30294_/A2                              6.000000   10.512206   -4.512206 (VIOLATED)
_30295_/A2                              6.000000   10.512206   -4.512206 (VIOLATED)
_30303_/A2                              6.000000   10.512206   -4.512206 (VIOLATED)
_30304_/A2                              6.000000   10.512206   -4.512206 (VIOLATED)
_30317_/A2                              6.000000   10.512206   -4.512206 (VIOLATED)
_30318_/A2                              6.000000   10.512206   -4.512206 (VIOLATED)
_30324_/B                               6.000000   10.512206   -4.512206 (VIOLATED)
_30328_/A2                              6.000000   10.512206   -4.512206 (VIOLATED)
_30329_/A2                              6.000000   10.512206   -4.512206 (VIOLATED)
_30334_/A2                              6.000000   10.512206   -4.512206 (VIOLATED)
_30335_/A2                              6.000000   10.512206   -4.512206 (VIOLATED)
_30341_/B                               6.000000   10.512206   -4.512206 (VIOLATED)
_30347_/A2                              6.000000   10.512206   -4.512206 (VIOLATED)
_30351_/A2                              6.000000   10.512206   -4.512206 (VIOLATED)
_30355_/B                               6.000000   10.512206   -4.512206 (VIOLATED)
_30362_/A2                              6.000000   10.512206   -4.512206 (VIOLATED)
_30363_/A2                              6.000000   10.512206   -4.512206 (VIOLATED)
_30364_/A2                              6.000000   10.512206   -4.512206 (VIOLATED)
_30365_/A2                              6.000000   10.512206   -4.512206 (VIOLATED)
_30369_/A2                              6.000000   10.512206   -4.512206 (VIOLATED)
_30370_/B                               6.000000   10.512206   -4.512206 (VIOLATED)
_30377_/A2                              6.000000   10.512206   -4.512206 (VIOLATED)
_30378_/A2                              6.000000   10.512206   -4.512206 (VIOLATED)
_30385_/B                               6.000000   10.512206   -4.512206 (VIOLATED)
_30431_/A2                              6.000000   10.512206   -4.512206 (VIOLATED)
_30443_/B                               6.000000   10.512206   -4.512206 (VIOLATED)
_30468_/A1                              6.000000   10.479650   -4.479650 (VIOLATED)
_30477_/S                               6.000000   10.479653   -4.479653 (VIOLATED)
_30482_/S                               6.000000   10.479654   -4.479654 (VIOLATED)
_30391_/A1                              6.000000   10.479642   -4.479641 (VIOLATED)
_30397_/A1                              6.000000   10.479642   -4.479642 (VIOLATED)
_30398_/A1                              6.000000   10.479642   -4.479642 (VIOLATED)
_30404_/A1                              6.000000   10.479642   -4.479642 (VIOLATED)
_30405_/A1                              6.000000   10.479642   -4.479641 (VIOLATED)
_30408_/A1                              6.000000   10.479641   -4.479641 (VIOLATED)
_30410_/A1                              6.000000   10.479641   -4.479641 (VIOLATED)
_30450_/A1                              6.000000   10.479645   -4.479645 (VIOLATED)
_30451_/A1                              6.000000   10.479645   -4.479645 (VIOLATED)
_30455_/S                               6.000000   10.479648   -4.479648 (VIOLATED)
_30462_/B                               6.000000   10.479652   -4.479652 (VIOLATED)
_30463_/A1                              6.000000   10.479652   -4.479652 (VIOLATED)
_30467_/A1                              6.000000   10.479650   -4.479650 (VIOLATED)
_30487_/S                               6.000000   10.479646   -4.479646 (VIOLATED)
_30491_/A1                              6.000000   10.479646   -4.479646 (VIOLATED)
_30492_/A1                              6.000000   10.479646   -4.479646 (VIOLATED)
_30493_/A1                              6.000000   10.479645   -4.479645 (VIOLATED)
_30502_/A1                              6.000000   10.479645   -4.479645 (VIOLATED)
_30421_/S                               6.000000   10.479640   -4.479640 (VIOLATED)
_30506_/S                               6.000000   10.479643   -4.479643 (VIOLATED)
_30427_/A1                              6.000000   10.479637   -4.479637 (VIOLATED)
_30428_/A1                              6.000000   10.479638   -4.479638 (VIOLATED)
_30513_/A1                              6.000000   10.479638   -4.479638 (VIOLATED)
_30514_/B                               6.000000   10.479640   -4.479640 (VIOLATED)
_30521_/S                               6.000000   10.479640   -4.479640 (VIOLATED)
_30429_/A1                              6.000000   10.479630   -4.479631 (VIOLATED)
_30435_/A1                              6.000000   10.479630   -4.479631 (VIOLATED)
_30436_/A1                              6.000000   10.479631   -4.479632 (VIOLATED)
_30440_/A1                              6.000000   10.479632   -4.479633 (VIOLATED)
_30527_/S                               6.000000   10.479634   -4.479635 (VIOLATED)
_30531_/S                               6.000000   10.479630   -4.479631 (VIOLATED)
_30534_/B                               6.000000   10.479626   -4.479626 (VIOLATED)
_30308_/A1                              6.000000   10.479589   -4.479589 (VIOLATED)
_30309_/A1                              6.000000   10.479590   -4.479591 (VIOLATED)
_30314_/A1                              6.000000   10.479586   -4.479586 (VIOLATED)
_30315_/A1                              6.000000   10.479586   -4.479586 (VIOLATED)
_30271_/A1                              6.000000   10.479579   -4.479579 (VIOLATED)
_30272_/A1                              6.000000   10.479579   -4.479579 (VIOLATED)
_30276_/A1                              6.000000   10.479579   -4.479579 (VIOLATED)
_30277_/A1                              6.000000   10.479579   -4.479579 (VIOLATED)
_30288_/A1                              6.000000   10.479578   -4.479578 (VIOLATED)
_30293_/A1                              6.000000   10.479578   -4.479578 (VIOLATED)
_30360_/A1                              6.000000   10.479574   -4.479574 (VIOLATED)
_30361_/A1                              6.000000   10.479574   -4.479574 (VIOLATED)
_30367_/A1                              6.000000   10.479574   -4.479574 (VIOLATED)
_30368_/A1                              6.000000   10.479575   -4.479575 (VIOLATED)
_30374_/A1                              6.000000   10.479575   -4.479575 (VIOLATED)
_30375_/A1                              6.000000   10.479575   -4.479575 (VIOLATED)
_30376_/A1                              6.000000   10.479576   -4.479576 (VIOLATED)
_30380_/A1                              6.000000   10.479576   -4.479576 (VIOLATED)
_17895_/I                               6.000000   10.479542   -4.479542 (VIOLATED)
_30227_/A1                              6.000000   10.479542   -4.479542 (VIOLATED)
_30228_/A1                              6.000000   10.479542   -4.479542 (VIOLATED)
_30239_/A1                              6.000000   10.479542   -4.479542 (VIOLATED)
_30240_/A1                              6.000000   10.479542   -4.479542 (VIOLATED)
_30245_/A1                              6.000000   10.479542   -4.479542 (VIOLATED)
_30246_/A1                              6.000000   10.479542   -4.479542 (VIOLATED)
_30251_/A1                              6.000000   10.479542   -4.479542 (VIOLATED)
_30252_/A1                              6.000000   10.479542   -4.479542 (VIOLATED)
_30257_/A1                              6.000000   10.479542   -4.479542 (VIOLATED)
_30258_/A1                              6.000000   10.479542   -4.479542 (VIOLATED)
_30285_/A1                              6.000000   10.479542   -4.479542 (VIOLATED)
_30300_/A1                              6.000000   10.479542   -4.479542 (VIOLATED)
_30316_/A1                              6.000000   10.479542   -4.479542 (VIOLATED)
_30320_/A1                              6.000000   10.479542   -4.479542 (VIOLATED)
_30321_/A1                              6.000000   10.479542   -4.479542 (VIOLATED)
_30338_/A1                              6.000000   10.479542   -4.479542 (VIOLATED)
_30339_/A1                              6.000000   10.479542   -4.479542 (VIOLATED)
_36564_/Q                               6.000000   10.479542   -4.479542 (VIOLATED)
_28400_/A2                              6.000000   10.448995   -4.448995 (VIOLATED)
_27990_/A2                              6.000000   10.448987   -4.448987 (VIOLATED)
_28107_/A2                              6.000000   10.448990   -4.448990 (VIOLATED)
_28228_/A2                              6.000000   10.448992   -4.448992 (VIOLATED)
_27732_/A2                              6.000000   10.448971   -4.448971 (VIOLATED)
_27850_/A2                              6.000000   10.448974   -4.448974 (VIOLATED)
_27619_/A2                              6.000000   10.448957   -4.448958 (VIOLATED)
_27513_/A2                              6.000000   10.448931   -4.448931 (VIOLATED)
_27455_/A2                              6.000000   10.448914   -4.448914 (VIOLATED)
_27354_/A2                              6.000000   10.448899   -4.448899 (VIOLATED)
_27256_/A2                              6.000000   10.448888   -4.448888 (VIOLATED)
_27157_/A2                              6.000000   10.448852   -4.448852 (VIOLATED)
_27074_/A2                              6.000000   10.448825   -4.448825 (VIOLATED)
_26975_/A2                              6.000000   10.448806   -4.448806 (VIOLATED)
_26908_/A2                              6.000000   10.448773   -4.448774 (VIOLATED)
_26842_/A2                              6.000000   10.448750   -4.448751 (VIOLATED)
_26797_/A2                              6.000000   10.448729   -4.448729 (VIOLATED)
_26719_/A2                              6.000000   10.448703   -4.448703 (VIOLATED)
_26721_/B1                              6.000000   10.448695   -4.448696 (VIOLATED)
_26691_/A2                              6.000000   10.448674   -4.448675 (VIOLATED)
_26693_/B1                              6.000000   10.448662   -4.448662 (VIOLATED)
_28507_/A2                              6.000000   10.448655   -4.448656 (VIOLATED)
_28552_/A2                              6.000000   10.448653   -4.448653 (VIOLATED)
_28654_/A2                              6.000000   10.448654   -4.448654 (VIOLATED)
_28753_/A1                              6.000000   10.448649   -4.448649 (VIOLATED)
_28930_/B                               6.000000   10.448649   -4.448649 (VIOLATED)
_26692_/A2                              6.000000   10.448642   -4.448642 (VIOLATED)
_26690_/ZN                              6.000000   10.448057   -4.448057 (VIOLATED)
_17912_/ZN                              6.000000   10.386844   -4.386844 (VIOLATED)
_17913_/A2                              6.000000   10.386844   -4.386844 (VIOLATED)
_32162_/A1                              6.000000   10.386844   -4.386844 (VIOLATED)
_36377_/RN                              6.000000   10.386844   -4.386844 (VIOLATED)
_34441_/ZN                              6.000000   10.244846   -4.244846 (VIOLATED)
_34449_/S                               6.000000   10.244846   -4.244846 (VIOLATED)
_34457_/S                               6.000000   10.244846   -4.244846 (VIOLATED)
_34465_/S                               6.000000   10.244846   -4.244846 (VIOLATED)
_34473_/S                               6.000000   10.244846   -4.244846 (VIOLATED)
_34481_/S                               6.000000   10.244846   -4.244846 (VIOLATED)
_34489_/S                               6.000000   10.244846   -4.244846 (VIOLATED)
_34497_/S                               6.000000   10.244846   -4.244846 (VIOLATED)
_18402_/S                               6.000000   10.071345   -4.071345 (VIOLATED)
_18232_/A2                              6.000000   10.071341   -4.071341 (VIOLATED)
_18382_/C                               6.000000   10.071344   -4.071344 (VIOLATED)
_18383_/A2                              6.000000   10.071345   -4.071345 (VIOLATED)
_18363_/B                               6.000000   10.071340   -4.071340 (VIOLATED)
_18364_/A2                              6.000000   10.071341   -4.071341 (VIOLATED)
_19164_/A1                              6.000000   10.071341   -4.071341 (VIOLATED)
_19165_/A2                              6.000000   10.071341   -4.071341 (VIOLATED)
_19264_/C                               6.000000   10.071342   -4.071342 (VIOLATED)
_19265_/A2                              6.000000   10.071342   -4.071342 (VIOLATED)
_20068_/A2                              6.000000   10.071329   -4.071329 (VIOLATED)
_20169_/C                               6.000000   10.071332   -4.071332 (VIOLATED)
_20170_/A2                              6.000000   10.071333   -4.071333 (VIOLATED)
_20189_/A2                              6.000000   10.071333   -4.071333 (VIOLATED)
_20211_/A2                              6.000000   10.071331   -4.071331 (VIOLATED)
_20121_/A1                              6.000000   10.071323   -4.071324 (VIOLATED)
_20122_/A2                              6.000000   10.071322   -4.071323 (VIOLATED)
_18317_/A2                              6.000000   10.071312   -4.071312 (VIOLATED)
_20086_/B                               6.000000   10.071309   -4.071310 (VIOLATED)
_20087_/A2                              6.000000   10.071309   -4.071310 (VIOLATED)
_25070_/A1                              6.000000   10.071306   -4.071306 (VIOLATED)
_18037_/C                               6.000000   10.071294   -4.071294 (VIOLATED)
_18038_/A2                              6.000000   10.071294   -4.071294 (VIOLATED)
_19123_/A2                              6.000000   10.071291   -4.071291 (VIOLATED)
_19985_/B                               6.000000   10.071293   -4.071293 (VIOLATED)
_19986_/A2                              6.000000   10.071293   -4.071293 (VIOLATED)
_20015_/C                               6.000000   10.071294   -4.071294 (VIOLATED)
_20016_/A2                              6.000000   10.071294   -4.071294 (VIOLATED)
_25066_/A1                              6.000000   10.071293   -4.071293 (VIOLATED)
_25071_/A1                              6.000000   10.071288   -4.071288 (VIOLATED)
_25074_/A1                              6.000000   10.071284   -4.071285 (VIOLATED)
_19949_/C                               6.000000   10.071278   -4.071278 (VIOLATED)
_18036_/ZN                              6.000000   10.071244   -4.071245 (VIOLATED)
_18067_/C                               6.000000   10.071244   -4.071245 (VIOLATED)
_19065_/A1                              6.000000   10.071244   -4.071245 (VIOLATED)
_19184_/C                               6.000000   10.071244   -4.071245 (VIOLATED)
_19185_/A2                              6.000000   10.071244   -4.071245 (VIOLATED)
_19219_/A1                              6.000000   10.071244   -4.071245 (VIOLATED)
_19220_/A2                              6.000000   10.071244   -4.071245 (VIOLATED)
_19282_/A1                              6.000000   10.071244   -4.071245 (VIOLATED)
_19283_/A2                              6.000000   10.071244   -4.071245 (VIOLATED)
_19308_/B                               6.000000   10.071244   -4.071245 (VIOLATED)
_19309_/A2                              6.000000   10.071244   -4.071245 (VIOLATED)
_18041_/B1                              6.000000   10.063071   -4.063072 (VIOLATED)
_18146_/B1                              6.000000   10.063072   -4.063073 (VIOLATED)
_18234_/B1                              6.000000   10.063074   -4.063075 (VIOLATED)
_19101_/B1                              6.000000   10.063073   -4.063074 (VIOLATED)
_19126_/B1                              6.000000   10.063073   -4.063074 (VIOLATED)
_20983_/B1                              6.000000   10.063075   -4.063076 (VIOLATED)
_21077_/B1                              6.000000   10.063075   -4.063076 (VIOLATED)
_21877_/A3                              6.000000   10.063073   -4.063074 (VIOLATED)
_21878_/B1                              6.000000   10.063074   -4.063075 (VIOLATED)
_18254_/B1                              6.000000   10.063066   -4.063066 (VIOLATED)
_18366_/B1                              6.000000   10.063069   -4.063070 (VIOLATED)
_19187_/B1                              6.000000   10.063069   -4.063069 (VIOLATED)
_18320_/B1                              6.000000   10.063058   -4.063058 (VIOLATED)
_20089_/B1                              6.000000   10.063061   -4.063061 (VIOLATED)
_20191_/B1                              6.000000   10.063064   -4.063064 (VIOLATED)
_21817_/B1                              6.000000   10.063065   -4.063065 (VIOLATED)
_20124_/B1                              6.000000   10.063027   -4.063027 (VIOLATED)
_20071_/B1                              6.000000   10.063021   -4.063021 (VIOLATED)
_19285_/B1                              6.000000   10.063000   -4.063000 (VIOLATED)
_18073_/B2                              6.000000   10.062980   -4.062980 (VIOLATED)
_22514_/A2                              6.000000   10.062981   -4.062981 (VIOLATED)
_17986_/ZN                              6.000000   10.062945   -4.062946 (VIOLATED)
_17988_/B2                              6.000000   10.062945   -4.062946 (VIOLATED)
_18021_/A1                              6.000000   10.062945   -4.062946 (VIOLATED)
_18026_/A1                              6.000000   10.062945   -4.062946 (VIOLATED)
_18029_/A1                              6.000000   10.062945   -4.062946 (VIOLATED)
_18039_/A2                              6.000000   10.062945   -4.062946 (VIOLATED)
_19988_/B1                              6.000000   10.062945   -4.062946 (VIOLATED)
_23296_/B2                              6.000000   10.062945   -4.062946 (VIOLATED)
_24221_/B2                              6.000000   10.062945   -4.062946 (VIOLATED)
_34691_/A2                              6.000000    9.736434   -3.736434 (VIOLATED)
_34694_/A2                              6.000000    9.736435   -3.736435 (VIOLATED)
_34702_/A2                              6.000000    9.736436   -3.736436 (VIOLATED)
_34335_/A2                              6.000000    9.736427   -3.736427 (VIOLATED)
_34336_/A2                              6.000000    9.736428   -3.736428 (VIOLATED)
_34346_/A2                              6.000000    9.736428   -3.736428 (VIOLATED)
_34421_/A2                              6.000000    9.736430   -3.736431 (VIOLATED)
_34422_/B1                              6.000000    9.736429   -3.736429 (VIOLATED)
_34508_/B1                              6.000000    9.736424   -3.736425 (VIOLATED)
_34577_/B1                              6.000000    9.736422   -3.736422 (VIOLATED)
_34146_/A2                              6.000000    9.736417   -3.736418 (VIOLATED)
_34625_/B1                              6.000000    9.736421   -3.736421 (VIOLATED)
_34298_/A2                              6.000000    9.736413   -3.736413 (VIOLATED)
_34576_/A2                              6.000000    9.736417   -3.736417 (VIOLATED)
_34299_/B1                              6.000000    9.736412   -3.736412 (VIOLATED)
_34159_/A2                              6.000000    9.736397   -3.736397 (VIOLATED)
_34227_/A2                              6.000000    9.736352   -3.736352 (VIOLATED)
_34228_/B1                              6.000000    9.736352   -3.736352 (VIOLATED)
_34036_/A2                              6.000000    9.736234   -3.736234 (VIOLATED)
_33809_/B1                              6.000000    9.736222   -3.736222 (VIOLATED)
_33894_/B1                              6.000000    9.736202   -3.736202 (VIOLATED)
_33604_/A2                              6.000000    9.736169   -3.736169 (VIOLATED)
_33723_/A2                              6.000000    9.736171   -3.736171 (VIOLATED)
_33736_/A2                              6.000000    9.736171   -3.736171 (VIOLATED)
_33957_/A2                              6.000000    9.736170   -3.736170 (VIOLATED)
_33536_/B1                              6.000000    9.736159   -3.736160 (VIOLATED)
_32703_/A2                              6.000000    9.736144   -3.736144 (VIOLATED)
_32133_/B1                              6.000000    9.736127   -3.736127 (VIOLATED)
_32442_/B1                              6.000000    9.736121   -3.736122 (VIOLATED)
_32308_/A2                              6.000000    9.736090   -3.736090 (VIOLATED)
_32630_/B1                              6.000000    9.736081   -3.736081 (VIOLATED)
_32759_/B1                              6.000000    9.736080   -3.736080 (VIOLATED)
_32834_/B1                              6.000000    9.736068   -3.736068 (VIOLATED)
_32140_/A2                              6.000000    9.736051   -3.736051 (VIOLATED)
_32444_/A2                              6.000000    9.736052   -3.736052 (VIOLATED)
_33958_/A2                              6.000000    9.736053   -3.736053 (VIOLATED)
_32292_/A2                              6.000000    9.736046   -3.736046 (VIOLATED)
_32629_/A2                              6.000000    9.736048   -3.736048 (VIOLATED)
_32833_/A2                              6.000000    9.736045   -3.736045 (VIOLATED)
_32520_/A2                              6.000000    9.736037   -3.736037 (VIOLATED)
_32535_/A2                              6.000000    9.736041   -3.736041 (VIOLATED)
_33173_/A2                              6.000000    9.735993   -3.735994 (VIOLATED)
_32950_/A2                              6.000000    9.735984   -3.735984 (VIOLATED)
_32963_/A2                              6.000000    9.735984   -3.735984 (VIOLATED)
_30820_/A1                              6.000000    9.735978   -3.735979 (VIOLATED)
_32893_/A2                              6.000000    9.735978   -3.735979 (VIOLATED)
_33030_/A2                              6.000000    9.735978   -3.735979 (VIOLATED)
_33044_/A2                              6.000000    9.735979   -3.735980 (VIOLATED)
_33087_/A2                              6.000000    9.735978   -3.735979 (VIOLATED)
_33103_/A2                              6.000000    9.735979   -3.735980 (VIOLATED)
_33255_/A2                              6.000000    9.735977   -3.735977 (VIOLATED)
_33271_/A2                              6.000000    9.735977   -3.735978 (VIOLATED)
_33333_/A2                              6.000000    9.735978   -3.735979 (VIOLATED)
_33344_/B1                              6.000000    9.735978   -3.735979 (VIOLATED)
_33392_/A2                              6.000000    9.735978   -3.735979 (VIOLATED)
_33408_/A2                              6.000000    9.735979   -3.735980 (VIOLATED)
_33470_/A2                              6.000000    9.735977   -3.735977 (VIOLATED)
_33477_/A2                              6.000000    9.735977   -3.735977 (VIOLATED)
_32897_/A2                              6.000000    9.735972   -3.735973 (VIOLATED)
_17873_/ZN                              6.000000    9.735931   -3.735932 (VIOLATED)
_33535_/A2                              6.000000    9.735931   -3.735932 (VIOLATED)
_33589_/A2                              6.000000    9.735931   -3.735932 (VIOLATED)
_33681_/A2                              6.000000    9.735931   -3.735932 (VIOLATED)
_33684_/A2                              6.000000    9.735931   -3.735932 (VIOLATED)
_33808_/A2                              6.000000    9.735931   -3.735932 (VIOLATED)
_33893_/A2                              6.000000    9.735931   -3.735932 (VIOLATED)
_19283_/C                               6.000000    9.717469   -3.717469 (VIOLATED)
_19309_/C                               6.000000    9.717471   -3.717471 (VIOLATED)
_23312_/C                               6.000000    9.717467   -3.717467 (VIOLATED)
_23693_/C                               6.000000    9.717464   -3.717465 (VIOLATED)
_18543_/C                               6.000000    9.717459   -3.717459 (VIOLATED)
_23335_/C                               6.000000    9.717453   -3.717453 (VIOLATED)
_21232_/C                               6.000000    9.717443   -3.717443 (VIOLATED)
_18403_/A1                              6.000000    9.717425   -3.717426 (VIOLATED)
_19165_/C                               6.000000    9.717429   -3.717429 (VIOLATED)
_17971_/A1                              6.000000    9.717421   -3.717421 (VIOLATED)
_18094_/C                               6.000000    9.717422   -3.717423 (VIOLATED)
_18232_/C                               6.000000    9.717423   -3.717424 (VIOLATED)
_18383_/C                               6.000000    9.717426   -3.717427 (VIOLATED)
_18364_/C                               6.000000    9.717422   -3.717422 (VIOLATED)
_19265_/C                               6.000000    9.717422   -3.717422 (VIOLATED)
_20851_/C                               6.000000    9.717423   -3.717424 (VIOLATED)
_21087_/A1                              6.000000    9.717425   -3.717426 (VIOLATED)
_18487_/A1                              6.000000    9.717418   -3.717417 (VIOLATED)
_20873_/C                               6.000000    9.717417   -3.717417 (VIOLATED)
_21172_/C                               6.000000    9.717417   -3.717417 (VIOLATED)
_23636_/C                               6.000000    9.717420   -3.717420 (VIOLATED)
_20170_/C                               6.000000    9.717409   -3.717410 (VIOLATED)
_20189_/C                               6.000000    9.717409   -3.717410 (VIOLATED)
_20211_/B                               6.000000    9.717393   -3.717393 (VIOLATED)
_20069_/C                               6.000000    9.717378   -3.717378 (VIOLATED)
_20122_/C                               6.000000    9.717315   -3.717314 (VIOLATED)
_18119_/C                               6.000000    9.717310   -3.717310 (VIOLATED)
_20906_/C                               6.000000    9.717251   -3.717252 (VIOLATED)
_19220_/C                               6.000000    9.717174   -3.717174 (VIOLATED)
_23365_/C                               6.000000    9.717147   -3.717147 (VIOLATED)
_19185_/C                               6.000000    9.717130   -3.717130 (VIOLATED)
_23402_/C                               6.000000    9.717102   -3.717102 (VIOLATED)
_20972_/C                               6.000000    9.717024   -3.717024 (VIOLATED)
_19951_/A1                              6.000000    9.717013   -3.717013 (VIOLATED)
_18070_/C                               6.000000    9.716979   -3.716979 (VIOLATED)
_18318_/C                               6.000000    9.716981   -3.716981 (VIOLATED)
_20087_/C                               6.000000    9.716979   -3.716980 (VIOLATED)
_20942_/C                               6.000000    9.716980   -3.716981 (VIOLATED)
_18171_/C                               6.000000    9.716975   -3.716975 (VIOLATED)
_18251_/C                               6.000000    9.716977   -3.716977 (VIOLATED)
_19067_/A1                              6.000000    9.716978   -3.716978 (VIOLATED)
_19124_/C                               6.000000    9.716966   -3.716965 (VIOLATED)
_18148_/A1                              6.000000    9.716955   -3.716956 (VIOLATED)
_19098_/C                               6.000000    9.716958   -3.716958 (VIOLATED)
_18038_/C                               6.000000    9.716951   -3.716951 (VIOLATED)
_20016_/C                               6.000000    9.716954   -3.716955 (VIOLATED)
_21008_/C                               6.000000    9.716953   -3.716954 (VIOLATED)
_18213_/A1                              6.000000    9.716949   -3.716949 (VIOLATED)
_19986_/C                               6.000000    9.716945   -3.716945 (VIOLATED)
_18269_/C                               6.000000    9.716851   -3.716852 (VIOLATED)
_18144_/A1                              6.000000    9.716821   -3.716821 (VIOLATED)
_21028_/C                               6.000000    9.716821   -3.716821 (VIOLATED)
_18297_/C                               6.000000    9.716814   -3.716815 (VIOLATED)
_23494_/C                               6.000000    9.716791   -3.716791 (VIOLATED)
_23380_/A1                              6.000000    9.716647   -3.716648 (VIOLATED)
_23438_/B                               6.000000    9.716604   -3.716604 (VIOLATED)
_23470_/C                               6.000000    9.716604   -3.716604 (VIOLATED)
_30637_/A1                              6.000000    9.716589   -3.716589 (VIOLATED)
_34742_/B                               6.000000    9.716575   -3.716575 (VIOLATED)
_30636_/A1                              6.000000    9.716530   -3.716530 (VIOLATED)
_29676_/A1                              6.000000    9.716482   -3.716482 (VIOLATED)
_29691_/A1                              6.000000    9.716482   -3.716482 (VIOLATED)
_31510_/A1                              6.000000    9.716482   -3.716482 (VIOLATED)
_34748_/B                               6.000000    9.716482   -3.716482 (VIOLATED)
_36342_/Q                               6.000000    9.716482   -3.716482 (VIOLATED)
_18384_/A1                              6.000000    9.677281   -3.677282 (VIOLATED)
_18405_/A1                              6.000000    9.677283   -3.677284 (VIOLATED)
_19267_/A1                              6.000000    9.677283   -3.677284 (VIOLATED)
_20171_/A1                              6.000000    9.677279   -3.677280 (VIOLATED)
_21810_/B                               6.000000    9.677283   -3.677284 (VIOLATED)
_22589_/A1                              6.000000    9.677277   -3.677277 (VIOLATED)
_22650_/A1                              6.000000    9.677274   -3.677274 (VIOLATED)
_19223_/B                               6.000000    9.677268   -3.677268 (VIOLATED)
_22657_/A1                              6.000000    9.677272   -3.677272 (VIOLATED)
_22595_/A1                              6.000000    9.677267   -3.677268 (VIOLATED)
_20990_/A1                              6.000000    9.677257   -3.677257 (VIOLATED)
_22548_/A1                              6.000000    9.677250   -3.677250 (VIOLATED)
_20884_/B                               6.000000    9.677238   -3.677237 (VIOLATED)
_21768_/A1                              6.000000    9.677229   -3.677229 (VIOLATED)
_20916_/B                               6.000000    9.677217   -3.677217 (VIOLATED)
_25644_/A1                              6.000000    9.677219   -3.677220 (VIOLATED)
_25806_/A1                              6.000000    9.677220   -3.677220 (VIOLATED)
_21752_/A1                              6.000000    9.677215   -3.677215 (VIOLATED)
_21753_/A1                              6.000000    9.677215   -3.677215 (VIOLATED)
_22532_/A1                              6.000000    9.677190   -3.677190 (VIOLATED)
_19313_/A1                              6.000000    9.677135   -3.677136 (VIOLATED)
_21085_/A2                              6.000000    9.677137   -3.677138 (VIOLATED)
_21873_/A1                              6.000000    9.677137   -3.677138 (VIOLATED)
_23449_/A1                              6.000000    9.677124   -3.677125 (VIOLATED)
_23543_/A1                              6.000000    9.677116   -3.677116 (VIOLATED)
_24275_/A1                              6.000000    9.677120   -3.677120 (VIOLATED)
_24334_/A1                              6.000000    9.677112   -3.677112 (VIOLATED)
_24340_/A1                              6.000000    9.677106   -3.677106 (VIOLATED)
_21887_/A2                              6.000000    9.677099   -3.677100 (VIOLATED)
_22513_/A1                              6.000000    9.677101   -3.677101 (VIOLATED)
_19167_/C2                              6.000000    9.677095   -3.677095 (VIOLATED)
_21038_/A1                              6.000000    9.677095   -3.677095 (VIOLATED)
_21071_/C2                              6.000000    9.677097   -3.677098 (VIOLATED)
_25439_/A1                              6.000000    9.677094   -3.677094 (VIOLATED)
_25559_/A1                              6.000000    9.677091   -3.677091 (VIOLATED)
_23506_/A1                              6.000000    9.677085   -3.677085 (VIOLATED)
_23552_/A1                              6.000000    9.677087   -3.677087 (VIOLATED)
_23538_/A1                              6.000000    9.677078   -3.677078 (VIOLATED)
_24282_/A1                              6.000000    9.677079   -3.677079 (VIOLATED)
_24302_/A1                              6.000000    9.677075   -3.677076 (VIOLATED)
_20214_/A1                              6.000000    9.677071   -3.677071 (VIOLATED)
_25765_/A1                              6.000000    9.677074   -3.677075 (VIOLATED)
_25849_/A1                              6.000000    9.677072   -3.677072 (VIOLATED)
_22665_/A2                              6.000000    9.677064   -3.677064 (VIOLATED)
_21831_/B                               6.000000    9.677052   -3.677052 (VIOLATED)
_22610_/A1                              6.000000    9.677055   -3.677055 (VIOLATED)
_25343_/A1                              6.000000    9.677044   -3.677044 (VIOLATED)
_18013_/A2                              6.000000    9.677027   -3.677027 (VIOLATED)
_18010_/A2                              6.000000    9.677019   -3.677020 (VIOLATED)
_25205_/A1                              6.000000    9.676984   -3.676984 (VIOLATED)
_17672_/I                               6.000000    9.676950   -3.676950 (VIOLATED)
_17973_/A2                              6.000000    9.676950   -3.676950 (VIOLATED)
_17978_/A2                              6.000000    9.676950   -3.676950 (VIOLATED)
_17979_/A2                              6.000000    9.676950   -3.676950 (VIOLATED)
_17983_/A2                              6.000000    9.676950   -3.676950 (VIOLATED)
_17987_/A2                              6.000000    9.676950   -3.676950 (VIOLATED)
_19954_/C2                              6.000000    9.676950   -3.676950 (VIOLATED)
_20017_/A1                              6.000000    9.676950   -3.676950 (VIOLATED)
_23345_/A1                              6.000000    9.676950   -3.676950 (VIOLATED)
_24214_/A1                              6.000000    9.676950   -3.676950 (VIOLATED)
_24244_/A1                              6.000000    9.676950   -3.676950 (VIOLATED)
_36284_/Q                               6.000000    9.676950   -3.676950 (VIOLATED)
_33909_/ZN                              6.000000    9.592390   -3.592391 (VIOLATED)
_33915_/S                               6.000000    9.592390   -3.592391 (VIOLATED)
_33921_/S                               6.000000    9.592390   -3.592391 (VIOLATED)
_33927_/S                               6.000000    9.592390   -3.592391 (VIOLATED)
_33933_/S                               6.000000    9.592390   -3.592391 (VIOLATED)
_33939_/S                               6.000000    9.592390   -3.592391 (VIOLATED)
_33945_/S                               6.000000    9.592390   -3.592391 (VIOLATED)
_33951_/S                               6.000000    9.592390   -3.592391 (VIOLATED)
_34530_/S                               6.000000    9.437883   -3.437884 (VIOLATED)
_34542_/S                               6.000000    9.437869   -3.437870 (VIOLATED)
_34548_/S                               6.000000    9.437867   -3.437867 (VIOLATED)
_34560_/S                               6.000000    9.437864   -3.437864 (VIOLATED)
_34554_/S                               6.000000    9.437856   -3.437856 (VIOLATED)
_34536_/S                               6.000000    9.437844   -3.437845 (VIOLATED)
_34566_/S                               6.000000    9.437731   -3.437731 (VIOLATED)
_34524_/ZN                              6.000000    9.437663   -3.437664 (VIOLATED)
_33827_/ZN                              6.000000    9.398091   -3.398092 (VIOLATED)
_33835_/S                               6.000000    9.398091   -3.398092 (VIOLATED)
_33843_/S                               6.000000    9.398091   -3.398092 (VIOLATED)
_33851_/S                               6.000000    9.398091   -3.398092 (VIOLATED)
_33859_/S                               6.000000    9.398091   -3.398092 (VIOLATED)
_33867_/S                               6.000000    9.398091   -3.398092 (VIOLATED)
_33875_/S                               6.000000    9.398091   -3.398092 (VIOLATED)
_33883_/S                               6.000000    9.398091   -3.398092 (VIOLATED)
_34748_/ZN                              6.000000    9.389103   -3.389103 (VIOLATED)
_34749_/I                               6.000000    9.389103   -3.389103 (VIOLATED)
_34753_/A1                              6.000000    9.389103   -3.389103 (VIOLATED)
_34754_/A3                              6.000000    9.389103   -3.389103 (VIOLATED)
_34755_/A2                              6.000000    9.389103   -3.389103 (VIOLATED)
_34756_/B                               6.000000    9.389103   -3.389103 (VIOLATED)
_34757_/A2                              6.000000    9.389103   -3.389103 (VIOLATED)
_18004_/ZN                              6.000000    9.351760   -3.351760 (VIOLATED)
_18131_/A2                              6.000000    9.351760   -3.351760 (VIOLATED)
_18224_/A2                              6.000000    9.351760   -3.351760 (VIOLATED)
_18240_/A2                              6.000000    9.351760   -3.351760 (VIOLATED)
_18307_/A2                              6.000000    9.351760   -3.351760 (VIOLATED)
_18354_/C                               6.000000    9.351760   -3.351760 (VIOLATED)
_18373_/A2                              6.000000    9.351760   -3.351760 (VIOLATED)
_18392_/A2                              6.000000    9.351760   -3.351760 (VIOLATED)
_19045_/A2                              6.000000    9.351760   -3.351760 (VIOLATED)
_19113_/A2                              6.000000    9.351760   -3.351760 (VIOLATED)
_19154_/A2                              6.000000    9.351760   -3.351760 (VIOLATED)
_19175_/A2                              6.000000    9.351760   -3.351760 (VIOLATED)
_19209_/A2                              6.000000    9.351760   -3.351760 (VIOLATED)
_19255_/A2                              6.000000    9.351760   -3.351760 (VIOLATED)
_19275_/A2                              6.000000    9.351760   -3.351760 (VIOLATED)
_19296_/A2                              6.000000    9.351760   -3.351760 (VIOLATED)
_19933_/C                               6.000000    9.351760   -3.351760 (VIOLATED)
_19934_/A2                              6.000000    9.351760   -3.351760 (VIOLATED)
_20004_/A2                              6.000000    9.351760   -3.351760 (VIOLATED)
_20077_/A2                              6.000000    9.351760   -3.351760 (VIOLATED)
_20160_/A2                              6.000000    9.351760   -3.351760 (VIOLATED)
_20178_/A2                              6.000000    9.351760   -3.351760 (VIOLATED)
_20179_/A1                              6.000000    9.351760   -3.351760 (VIOLATED)
_20201_/A2                              6.000000    9.351760   -3.351760 (VIOLATED)
_24983_/A1                              6.000000    9.351760   -3.351760 (VIOLATED)
_25772_/A2                              6.000000    9.351760   -3.351760 (VIOLATED)
_34341_/A2                              6.000000    9.298990   -3.298990 (VIOLATED)
_34342_/A2                              6.000000    9.298990   -3.298990 (VIOLATED)
_34571_/A2                              6.000000    9.298986   -3.298987 (VIOLATED)
_34572_/B1                              6.000000    9.298986   -3.298987 (VIOLATED)
_34688_/A2                              6.000000    9.298989   -3.298990 (VIOLATED)
_34689_/A2                              6.000000    9.298989   -3.298990 (VIOLATED)
_34416_/A2                              6.000000    9.298976   -3.298976 (VIOLATED)
_34417_/B1                              6.000000    9.298976   -3.298976 (VIOLATED)
_34502_/A2                              6.000000    9.298975   -3.298975 (VIOLATED)
_34503_/B1                              6.000000    9.298975   -3.298975 (VIOLATED)
_34620_/A2                              6.000000    9.298977   -3.298977 (VIOLATED)
_34621_/B1                              6.000000    9.298977   -3.298977 (VIOLATED)
_34293_/A2                              6.000000    9.298971   -3.298972 (VIOLATED)
_34294_/B1                              6.000000    9.298968   -3.298968 (VIOLATED)
_34222_/A2                              6.000000    9.298944   -3.298944 (VIOLATED)
_34223_/A2                              6.000000    9.298944   -3.298944 (VIOLATED)
_34092_/A2                              6.000000    9.298906   -3.298907 (VIOLATED)
_34093_/B1                              6.000000    9.298906   -3.298907 (VIOLATED)
_34024_/A2                              6.000000    9.298899   -3.298899 (VIOLATED)
_33803_/A2                              6.000000    9.298889   -3.298889 (VIOLATED)
_33804_/A2                              6.000000    9.298889   -3.298889 (VIOLATED)
_33887_/A2                              6.000000    9.298891   -3.298891 (VIOLATED)
_17877_/ZN                              6.000000    9.298855   -3.298855 (VIOLATED)
_30812_/A1                              6.000000    9.298855   -3.298855 (VIOLATED)
_32134_/A2                              6.000000    9.298855   -3.298855 (VIOLATED)
_32135_/A2                              6.000000    9.298855   -3.298855 (VIOLATED)
_32293_/A2                              6.000000    9.298855   -3.298855 (VIOLATED)
_32299_/A2                              6.000000    9.298855   -3.298855 (VIOLATED)
_32388_/A2                              6.000000    9.298855   -3.298855 (VIOLATED)
_32393_/A2                              6.000000    9.298855   -3.298855 (VIOLATED)
_32394_/A2                              6.000000    9.298855   -3.298855 (VIOLATED)
_32521_/A2                              6.000000    9.298855   -3.298855 (VIOLATED)
_32623_/A2                              6.000000    9.298855   -3.298855 (VIOLATED)
_32624_/A2                              6.000000    9.298855   -3.298855 (VIOLATED)
_32701_/A2                              6.000000    9.298855   -3.298855 (VIOLATED)
_32753_/A2                              6.000000    9.298855   -3.298855 (VIOLATED)
_32754_/B1                              6.000000    9.298855   -3.298855 (VIOLATED)
_32828_/A2                              6.000000    9.298855   -3.298855 (VIOLATED)
_32829_/B1                              6.000000    9.298855   -3.298855 (VIOLATED)
_32885_/A2                              6.000000    9.298855   -3.298855 (VIOLATED)
_32886_/A2                              6.000000    9.298855   -3.298855 (VIOLATED)
_32887_/A2                              6.000000    9.298855   -3.298855 (VIOLATED)
_32956_/A2                              6.000000    9.298855   -3.298855 (VIOLATED)
_32957_/A2                              6.000000    9.298855   -3.298855 (VIOLATED)
_32958_/A2                              6.000000    9.298855   -3.298855 (VIOLATED)
_33031_/A2                              6.000000    9.298855   -3.298855 (VIOLATED)
_33040_/A2                              6.000000    9.298855   -3.298855 (VIOLATED)
_33088_/A2                              6.000000    9.298855   -3.298855 (VIOLATED)
_33094_/A2                              6.000000    9.298855   -3.298855 (VIOLATED)
_33168_/A2                              6.000000    9.298855   -3.298855 (VIOLATED)
_33169_/A2                              6.000000    9.298855   -3.298855 (VIOLATED)
_33256_/A2                              6.000000    9.298855   -3.298855 (VIOLATED)
_33262_/A2                              6.000000    9.298855   -3.298855 (VIOLATED)
_33339_/A2                              6.000000    9.298855   -3.298855 (VIOLATED)
_33340_/A2                              6.000000    9.298855   -3.298855 (VIOLATED)
_33393_/A2                              6.000000    9.298855   -3.298855 (VIOLATED)
_33472_/A2                              6.000000    9.298855   -3.298855 (VIOLATED)
_33473_/B1                              6.000000    9.298855   -3.298855 (VIOLATED)
_33530_/A2                              6.000000    9.298855   -3.298855 (VIOLATED)
_33531_/A2                              6.000000    9.298855   -3.298855 (VIOLATED)
_33590_/A2                              6.000000    9.298855   -3.298855 (VIOLATED)
_33675_/A2                              6.000000    9.298855   -3.298855 (VIOLATED)
_33676_/A2                              6.000000    9.298855   -3.298855 (VIOLATED)
_33683_/B1                              6.000000    9.298855   -3.298855 (VIOLATED)
_33730_/A2                              6.000000    9.298855   -3.298855 (VIOLATED)
_33731_/A2                              6.000000    9.298855   -3.298855 (VIOLATED)
_33964_/A2                              6.000000    9.298855   -3.298855 (VIOLATED)
_33965_/A2                              6.000000    9.298855   -3.298855 (VIOLATED)
_27405_/B                               6.000000    9.035923   -3.035923 (VIOLATED)
_27406_/A2                              6.000000    9.035922   -3.035922 (VIOLATED)
_27543_/B                               6.000000    9.035923   -3.035923 (VIOLATED)
_27544_/A2                              6.000000    9.035922   -3.035923 (VIOLATED)
_27651_/C                               6.000000    9.035923   -3.035923 (VIOLATED)
_27752_/C                               6.000000    9.035924   -3.035924 (VIOLATED)
_27898_/C                               6.000000    9.035924   -3.035924 (VIOLATED)
_27652_/A2                              6.000000    9.035917   -3.035917 (VIOLATED)
_27899_/A2                              6.000000    9.035920   -3.035920 (VIOLATED)
_27321_/B                               6.000000    9.035908   -3.035908 (VIOLATED)
_27322_/A2                              6.000000    9.035909   -3.035908 (VIOLATED)
_27130_/B                               6.000000    9.035900   -3.035901 (VIOLATED)
_27000_/B                               6.000000    9.035886   -3.035886 (VIOLATED)
_27001_/A2                              6.000000    9.035887   -3.035887 (VIOLATED)
_26931_/B                               6.000000    9.035878   -3.035878 (VIOLATED)
_26932_/A2                              6.000000    9.035879   -3.035879 (VIOLATED)
_27224_/C                               6.000000    9.035881   -3.035881 (VIOLATED)
_26773_/B                               6.000000    9.035869   -3.035869 (VIOLATED)
_26774_/A2                              6.000000    9.035870   -3.035869 (VIOLATED)
_26748_/B                               6.000000    9.035855   -3.035855 (VIOLATED)
_26749_/A2                              6.000000    9.035857   -3.035858 (VIOLATED)
_26621_/B                               6.000000    9.035849   -3.035849 (VIOLATED)
_26622_/A2                              6.000000    9.035849   -3.035849 (VIOLATED)
_26491_/B                               6.000000    9.035831   -3.035831 (VIOLATED)
_26492_/A2                              6.000000    9.035833   -3.035834 (VIOLATED)
_26545_/B                               6.000000    9.035815   -3.035815 (VIOLATED)
_26546_/A2                              6.000000    9.035817   -3.035817 (VIOLATED)
_25109_/ZN                              6.000000    9.035743   -3.035743 (VIOLATED)
_25148_/A2                              6.000000    9.035743   -3.035743 (VIOLATED)
_25210_/A2                              6.000000    9.035743   -3.035743 (VIOLATED)
_34742_/A1                              6.000000    9.035743   -3.035743 (VIOLATED)
_17952_/ZN                              6.000000    8.883550   -2.883550 (VIOLATED)
_17954_/A2                              6.000000    8.883550   -2.883550 (VIOLATED)
_18081_/A2                              6.000000    8.883550   -2.883550 (VIOLATED)
_18107_/A2                              6.000000    8.883550   -2.883550 (VIOLATED)
_18108_/A2                              6.000000    8.883550   -2.883550 (VIOLATED)
_18158_/A2                              6.000000    8.883550   -2.883550 (VIOLATED)
_18159_/A2                              6.000000    8.883550   -2.883550 (VIOLATED)
_18193_/A2                              6.000000    8.883550   -2.883550 (VIOLATED)
_18475_/A2                              6.000000    8.883550   -2.883550 (VIOLATED)
_18476_/A2                              6.000000    8.883550   -2.883550 (VIOLATED)
_18532_/A2                              6.000000    8.883550   -2.883550 (VIOLATED)
_20843_/B1                              6.000000    8.883550   -2.883550 (VIOLATED)
_20863_/B1                              6.000000    8.883550   -2.883550 (VIOLATED)
_20897_/B1                              6.000000    8.883550   -2.883550 (VIOLATED)
_20958_/B1                              6.000000    8.883550   -2.883550 (VIOLATED)
_21018_/B1                              6.000000    8.883550   -2.883550 (VIOLATED)
_21223_/A2                              6.000000    8.883550   -2.883550 (VIOLATED)
_23302_/A2                              6.000000    8.883550   -2.883550 (VIOLATED)
_23324_/A2                              6.000000    8.883550   -2.883550 (VIOLATED)
_23354_/A2                              6.000000    8.883550   -2.883550 (VIOLATED)
_23483_/A2                              6.000000    8.883550   -2.883550 (VIOLATED)
_23682_/A2                              6.000000    8.883550   -2.883550 (VIOLATED)
_29770_/S                               6.000000    8.797014   -2.797014 (VIOLATED)
_29827_/S                               6.000000    8.797013   -2.797013 (VIOLATED)
_29869_/S                               6.000000    8.797013   -2.797013 (VIOLATED)
_29888_/S                               6.000000    8.797013   -2.797013 (VIOLATED)
_29901_/S                               6.000000    8.797013   -2.797013 (VIOLATED)
_29933_/S                               6.000000    8.797014   -2.797014 (VIOLATED)
_29778_/S                               6.000000    8.797009   -2.797010 (VIOLATED)
_29905_/S                               6.000000    8.797010   -2.797011 (VIOLATED)
_29934_/S                               6.000000    8.797010   -2.797011 (VIOLATED)
_29946_/S                               6.000000    8.797012   -2.797013 (VIOLATED)
_29786_/S                               6.000000    8.797007   -2.797007 (VIOLATED)
_29865_/S                               6.000000    8.797009   -2.797010 (VIOLATED)
_29880_/S                               6.000000    8.797009   -2.797009 (VIOLATED)
_29761_/S                               6.000000    8.796999   -2.796999 (VIOLATED)
_29807_/S                               6.000000    8.796999   -2.796999 (VIOLATED)
_29845_/A1                              6.000000    8.797002   -2.797002 (VIOLATED)
_29851_/S                               6.000000    8.797005   -2.797004 (VIOLATED)
_29856_/A1                              6.000000    8.797003   -2.797003 (VIOLATED)
_29823_/S                               6.000000    8.796998   -2.796998 (VIOLATED)
_29894_/S                               6.000000    8.797000   -2.797000 (VIOLATED)
_29840_/A1                              6.000000    8.796995   -2.796996 (VIOLATED)
_29848_/A1                              6.000000    8.796998   -2.796998 (VIOLATED)
_29854_/A1                              6.000000    8.796998   -2.796998 (VIOLATED)
_29868_/S                               6.000000    8.796998   -2.796998 (VIOLATED)
_29938_/S                               6.000000    8.796998   -2.796998 (VIOLATED)
_29841_/A1                              6.000000    8.796993   -2.796994 (VIOLATED)
_29885_/S                               6.000000    8.796995   -2.796996 (VIOLATED)
_29914_/S                               6.000000    8.796993   -2.796994 (VIOLATED)
_29922_/S                               6.000000    8.796996   -2.796997 (VIOLATED)
_29742_/ZN                              6.000000    8.796967   -2.796967 (VIOLATED)
_29754_/S                               6.000000    8.796967   -2.796967 (VIOLATED)
_29796_/S                               6.000000    8.796967   -2.796967 (VIOLATED)
_29815_/S                               6.000000    8.796967   -2.796967 (VIOLATED)
_29837_/A1                              6.000000    8.796967   -2.796967 (VIOLATED)
_29863_/A1                              6.000000    8.796967   -2.796967 (VIOLATED)
_29954_/S                               6.000000    8.796967   -2.796967 (VIOLATED)
_29963_/A1                              6.000000    8.796967   -2.796967 (VIOLATED)
_29964_/A1                              6.000000    8.796967   -2.796967 (VIOLATED)
_29993_/A1                              6.000000    8.796967   -2.796967 (VIOLATED)
_29999_/A1                              6.000000    8.796967   -2.796967 (VIOLATED)
_33061_/ZN                              6.000000    8.651319   -2.651318 (VIOLATED)
_33064_/S                               6.000000    8.651319   -2.651318 (VIOLATED)
_33067_/S                               6.000000    8.651319   -2.651318 (VIOLATED)
_33070_/S                               6.000000    8.651319   -2.651318 (VIOLATED)
_33073_/S                               6.000000    8.651319   -2.651318 (VIOLATED)
_33076_/S                               6.000000    8.651319   -2.651318 (VIOLATED)
_33079_/S                               6.000000    8.651319   -2.651318 (VIOLATED)
_33082_/S                               6.000000    8.651319   -2.651318 (VIOLATED)
_34420_/A2                              6.000000    8.597075   -2.597075 (VIOLATED)
_34297_/A2                              6.000000    8.597072   -2.597072 (VIOLATED)
_34506_/A2                              6.000000    8.597074   -2.597074 (VIOLATED)
_34623_/A2                              6.000000    8.597074   -2.597074 (VIOLATED)
_34691_/B1                              6.000000    8.597063   -2.597063 (VIOLATED)
_34695_/A2                              6.000000    8.597063   -2.597063 (VIOLATED)
_34336_/B1                              6.000000    8.597059   -2.597059 (VIOLATED)
_34344_/A2                              6.000000    8.597060   -2.597060 (VIOLATED)
_34346_/B1                              6.000000    8.597059   -2.597059 (VIOLATED)
_34421_/B1                              6.000000    8.597060   -2.597060 (VIOLATED)
_34576_/B1                              6.000000    8.597055   -2.597056 (VIOLATED)
_34298_/B1                              6.000000    8.597054   -2.597053 (VIOLATED)
_34227_/B1                              6.000000    8.597002   -2.597003 (VIOLATED)
_33723_/B1                              6.000000    8.596875   -2.596876 (VIOLATED)
_33733_/A2                              6.000000    8.596872   -2.596873 (VIOLATED)
_32140_/B1                              6.000000    8.596845   -2.596845 (VIOLATED)
_32444_/B1                              6.000000    8.596844   -2.596844 (VIOLATED)
_33891_/A2                              6.000000    8.596834   -2.596834 (VIOLATED)
_33893_/B1                              6.000000    8.596834   -2.596834 (VIOLATED)
_34023_/A2                              6.000000    8.596834   -2.596834 (VIOLATED)
_34032_/A2                              6.000000    8.596834   -2.596835 (VIOLATED)
_34096_/A2                              6.000000    8.596835   -2.596836 (VIOLATED)
_33808_/B1                              6.000000    8.596829   -2.596829 (VIOLATED)
_32629_/B1                              6.000000    8.596827   -2.596827 (VIOLATED)
_32292_/B1                              6.000000    8.596822   -2.596823 (VIOLATED)
_32302_/A2                              6.000000    8.596821   -2.596822 (VIOLATED)
_33598_/A2                              6.000000    8.596818   -2.596818 (VIOLATED)
_33684_/B1                              6.000000    8.596819   -2.596819 (VIOLATED)
_32696_/A2                              6.000000    8.596814   -2.596814 (VIOLATED)
_33589_/B1                              6.000000    8.596814   -2.596814 (VIOLATED)
_33958_/B1                              6.000000    8.596814   -2.596814 (VIOLATED)
_33959_/A2                              6.000000    8.596813   -2.596813 (VIOLATED)
_32520_/B1                              6.000000    8.596809   -2.596810 (VIOLATED)
_32833_/B1                              6.000000    8.596810   -2.596811 (VIOLATED)
_32529_/A2                              6.000000    8.596807   -2.596806 (VIOLATED)
_33681_/B1                              6.000000    8.596807   -2.596808 (VIOLATED)
_32138_/A2                              6.000000    8.596798   -2.596798 (VIOLATED)
_32627_/A2                              6.000000    8.596789   -2.596790 (VIOLATED)
_32757_/A2                              6.000000    8.596782   -2.596782 (VIOLATED)
_32832_/A2                              6.000000    8.596782   -2.596782 (VIOLATED)
_32897_/B1                              6.000000    8.596730   -2.596730 (VIOLATED)
_32950_/B1                              6.000000    8.596730   -2.596730 (VIOLATED)
_32959_/A2                              6.000000    8.596730   -2.596730 (VIOLATED)
_33030_/B1                              6.000000    8.596727   -2.596727 (VIOLATED)
_33047_/A2                              6.000000    8.596727   -2.596727 (VIOLATED)
_33087_/B1                              6.000000    8.596728   -2.596728 (VIOLATED)
_33097_/A2                              6.000000    8.596728   -2.596728 (VIOLATED)
_33255_/B1                              6.000000    8.596729   -2.596729 (VIOLATED)
_33265_/A2                              6.000000    8.596729   -2.596729 (VIOLATED)
_33392_/B1                              6.000000    8.596727   -2.596727 (VIOLATED)
_33477_/B1                              6.000000    8.596729   -2.596729 (VIOLATED)
_33041_/A2                              6.000000    8.596725   -2.596725 (VIOLATED)
_33402_/A2                              6.000000    8.596720   -2.596720 (VIOLATED)
_33342_/A2                              6.000000    8.596718   -2.596718 (VIOLATED)
_17874_/ZN                              6.000000    8.596691   -2.596691 (VIOLATED)
_33334_/A2                              6.000000    8.596691   -2.596691 (VIOLATED)
_33476_/A2                              6.000000    8.596691   -2.596691 (VIOLATED)
_34337_/A2                              6.000000    8.584272   -2.584272 (VIOLATED)
_34338_/A2                              6.000000    8.584272   -2.584272 (VIOLATED)
_34339_/A2                              6.000000    8.584272   -2.584272 (VIOLATED)
_34574_/A2                              6.000000    8.584269   -2.584269 (VIOLATED)
_34149_/A2                              6.000000    8.584266   -2.584266 (VIOLATED)
_34150_/A2                              6.000000    8.584266   -2.584266 (VIOLATED)
_34570_/A2                              6.000000    8.584266   -2.584266 (VIOLATED)
_34418_/A2                              6.000000    8.584246   -2.584246 (VIOLATED)
_34501_/A2                              6.000000    8.584245   -2.584245 (VIOLATED)
_34504_/A2                              6.000000    8.584246   -2.584246 (VIOLATED)
_34623_/B1                              6.000000    8.584244   -2.584244 (VIOLATED)
_34292_/A2                              6.000000    8.584240   -2.584240 (VIOLATED)
_34295_/A2                              6.000000    8.584237   -2.584237 (VIOLATED)
_34225_/A2                              6.000000    8.584192   -2.584193 (VIOLATED)
_34095_/A2                              6.000000    8.584107   -2.584107 (VIOLATED)
_34096_/B1                              6.000000    8.584105   -2.584105 (VIOLATED)
_34025_/A2                              6.000000    8.584094   -2.584094 (VIOLATED)
_34026_/A2                              6.000000    8.584091   -2.584091 (VIOLATED)
_33806_/A2                              6.000000    8.584072   -2.584073 (VIOLATED)
_33890_/A2                              6.000000    8.584051   -2.584051 (VIOLATED)
_33891_/B1                              6.000000    8.584045   -2.584046 (VIOLATED)
_33527_/A2                              6.000000    8.584023   -2.584023 (VIOLATED)
_33528_/A2                              6.000000    8.584024   -2.584025 (VIOLATED)
_33593_/A2                              6.000000    8.583990   -2.583990 (VIOLATED)
_33591_/A2                              6.000000    8.583986   -2.583987 (VIOLATED)
_33592_/A2                              6.000000    8.583979   -2.583979 (VIOLATED)
_33679_/A2                              6.000000    8.583954   -2.583955 (VIOLATED)
_33961_/A2                              6.000000    8.583946   -2.583946 (VIOLATED)
_33962_/A2                              6.000000    8.583946   -2.583946 (VIOLATED)
_32138_/B1                              6.000000    8.583922   -2.583922 (VIOLATED)
_32137_/A2                              6.000000    8.583917   -2.583917 (VIOLATED)
_32626_/A2                              6.000000    8.583898   -2.583898 (VIOLATED)
_32627_/B1                              6.000000    8.583897   -2.583897 (VIOLATED)
_32752_/A2                              6.000000    8.583879   -2.583879 (VIOLATED)
_32755_/A2                              6.000000    8.583880   -2.583881 (VIOLATED)
_32830_/A2                              6.000000    8.583861   -2.583861 (VIOLATED)
_32827_/A2                              6.000000    8.583856   -2.583856 (VIOLATED)
_33725_/A2                              6.000000    8.583855   -2.583855 (VIOLATED)
_33728_/A2                              6.000000    8.583855   -2.583855 (VIOLATED)
_33734_/A2                              6.000000    8.583855   -2.583855 (VIOLATED)
_32446_/A2                              6.000000    8.583852   -2.583852 (VIOLATED)
_32453_/A2                              6.000000    8.583852   -2.583852 (VIOLATED)
_32294_/A2                              6.000000    8.583847   -2.583847 (VIOLATED)
_32295_/A2                              6.000000    8.583846   -2.583846 (VIOLATED)
_32296_/A2                              6.000000    8.583847   -2.583847 (VIOLATED)
_32522_/A2                              6.000000    8.583843   -2.583843 (VIOLATED)
_32523_/A2                              6.000000    8.583843   -2.583843 (VIOLATED)
_32524_/A2                              6.000000    8.583843   -2.583843 (VIOLATED)
_33166_/A2                              6.000000    8.583796   -2.583796 (VIOLATED)
_33171_/A2                              6.000000    8.583792   -2.583792 (VIOLATED)
_32954_/A2                              6.000000    8.583777   -2.583778 (VIOLATED)
_32960_/A2                              6.000000    8.583779   -2.583780 (VIOLATED)
_32951_/A2                              6.000000    8.583772   -2.583771 (VIOLATED)
_30816_/A1                              6.000000    8.583762   -2.583763 (VIOLATED)
_32880_/A2                              6.000000    8.583753   -2.583753 (VIOLATED)
_32883_/A2                              6.000000    8.583753   -2.583753 (VIOLATED)
_32888_/A2                              6.000000    8.583753   -2.583753 (VIOLATED)
_33089_/A2                              6.000000    8.583753   -2.583753 (VIOLATED)
_33090_/A2                              6.000000    8.583753   -2.583753 (VIOLATED)
_33091_/A2                              6.000000    8.583753   -2.583753 (VIOLATED)
_33259_/A2                              6.000000    8.583751   -2.583751 (VIOLATED)
_33260_/A2                              6.000000    8.583751   -2.583751 (VIOLATED)
_33257_/A2                              6.000000    8.583748   -2.583748 (VIOLATED)
_17875_/ZN                              6.000000    8.583716   -2.583716 (VIOLATED)
_33394_/A2                              6.000000    8.583716   -2.583716 (VIOLATED)
_33395_/A2                              6.000000    8.583716   -2.583716 (VIOLATED)
_33471_/A2                              6.000000    8.583716   -2.583716 (VIOLATED)
_33474_/A2                              6.000000    8.583716   -2.583716 (VIOLATED)
_18400_/A2                              6.000000    8.579830   -2.579831 (VIOLATED)
_18230_/A2                              6.000000    8.579827   -2.579828 (VIOLATED)
_18362_/A2                              6.000000    8.579829   -2.579830 (VIOLATED)
_20066_/A2                              6.000000    8.579827   -2.579827 (VIOLATED)
_20166_/C                               6.000000    8.579827   -2.579827 (VIOLATED)
_20187_/A2                              6.000000    8.579825   -2.579825 (VIOLATED)
_18248_/A2                              6.000000    8.579820   -2.579820 (VIOLATED)
_18315_/A2                              6.000000    8.579822   -2.579822 (VIOLATED)
_20084_/A2                              6.000000    8.579818   -2.579818 (VIOLATED)
_25055_/A1                              6.000000    8.579816   -2.579816 (VIOLATED)
_18000_/ZN                              6.000000    8.579786   -2.579786 (VIOLATED)
_18034_/A2                              6.000000    8.579786   -2.579786 (VIOLATED)
_18140_/A2                              6.000000    8.579786   -2.579786 (VIOLATED)
_18379_/C                               6.000000    8.579786   -2.579786 (VIOLATED)
_19095_/A2                              6.000000    8.579786   -2.579786 (VIOLATED)
_19121_/A2                              6.000000    8.579786   -2.579786 (VIOLATED)
_19181_/C                               6.000000    8.579786   -2.579786 (VIOLATED)
_19261_/C                               6.000000    8.579786   -2.579786 (VIOLATED)
_19278_/C                               6.000000    8.579786   -2.579786 (VIOLATED)
_19306_/A2                              6.000000    8.579786   -2.579786 (VIOLATED)
_19946_/A1                              6.000000    8.579786   -2.579786 (VIOLATED)
_19982_/C                               6.000000    8.579786   -2.579786 (VIOLATED)
_20012_/C                               6.000000    8.579786   -2.579786 (VIOLATED)
_20208_/B                               6.000000    8.579786   -2.579786 (VIOLATED)
_20209_/A2                              6.000000    8.579786   -2.579786 (VIOLATED)
_25049_/A1                              6.000000    8.579786   -2.579786 (VIOLATED)
_25053_/A1                              6.000000    8.579786   -2.579786 (VIOLATED)
_34581_/A2                              6.000000    8.545794   -2.545794 (VIOLATED)
_34182_/A2                              6.000000    8.545791   -2.545791 (VIOLATED)
_34305_/A2                              6.000000    8.545791   -2.545791 (VIOLATED)
_34359_/A2                              6.000000    8.545793   -2.545793 (VIOLATED)
_34429_/A2                              6.000000    8.545793   -2.545793 (VIOLATED)
_34630_/A2                              6.000000    8.545793   -2.545793 (VIOLATED)
_34707_/A2                              6.000000    8.545794   -2.545794 (VIOLATED)
_34235_/A2                              6.000000    8.545782   -2.545782 (VIOLATED)
_34512_/A2                              6.000000    8.545769   -2.545769 (VIOLATED)
_32169_/ZN                              6.000000    8.545741   -2.545742 (VIOLATED)
_32174_/A2                              6.000000    8.545741   -2.545742 (VIOLATED)
_32318_/A2                              6.000000    8.545741   -2.545742 (VIOLATED)
_32409_/A2                              6.000000    8.545741   -2.545742 (VIOLATED)
_32467_/A2                              6.000000    8.545741   -2.545742 (VIOLATED)
_32544_/A2                              6.000000    8.545741   -2.545742 (VIOLATED)
_32715_/A2                              6.000000    8.545741   -2.545742 (VIOLATED)
_32823_/A2                              6.000000    8.545741   -2.545742 (VIOLATED)
_32904_/A2                              6.000000    8.545741   -2.545742 (VIOLATED)
_32971_/A2                              6.000000    8.545741   -2.545742 (VIOLATED)
_33053_/A2                              6.000000    8.545741   -2.545742 (VIOLATED)
_33181_/A2                              6.000000    8.545741   -2.545742 (VIOLATED)
_33280_/A2                              6.000000    8.545741   -2.545742 (VIOLATED)
_33351_/A2                              6.000000    8.545741   -2.545742 (VIOLATED)
_33416_/A2                              6.000000    8.545741   -2.545742 (VIOLATED)
_33486_/A2                              6.000000    8.545741   -2.545742 (VIOLATED)
_33547_/A2                              6.000000    8.545741   -2.545742 (VIOLATED)
_33612_/A2                              6.000000    8.545741   -2.545742 (VIOLATED)
_33814_/A2                              6.000000    8.545741   -2.545742 (VIOLATED)
_33981_/A2                              6.000000    8.545741   -2.545742 (VIOLATED)
_34104_/A2                              6.000000    8.545741   -2.545742 (VIOLATED)
_18381_/A2                              6.000000    8.533274   -2.533274 (VIOLATED)
_18400_/B                               6.000000    8.533274   -2.533274 (VIOLATED)
_18401_/A2                              6.000000    8.533274   -2.533274 (VIOLATED)
_18362_/C                               6.000000    8.533271   -2.533272 (VIOLATED)
_19263_/A2                              6.000000    8.533272   -2.533272 (VIOLATED)
_18230_/B1                              6.000000    8.533266   -2.533266 (VIOLATED)
_20066_/B                               6.000000    8.533264   -2.533264 (VIOLATED)
_20067_/A2                              6.000000    8.533264   -2.533264 (VIOLATED)
_20168_/A2                              6.000000    8.533264   -2.533264 (VIOLATED)
_20187_/B1                              6.000000    8.533261   -2.533262 (VIOLATED)
_20210_/A2                              6.000000    8.533263   -2.533263 (VIOLATED)
_18140_/B                               6.000000    8.533251   -2.533251 (VIOLATED)
_18141_/A2                              6.000000    8.533251   -2.533251 (VIOLATED)
_18315_/B                               6.000000    8.533252   -2.533252 (VIOLATED)
_18316_/A2                              6.000000    8.533252   -2.533252 (VIOLATED)
_19095_/B                               6.000000    8.533252   -2.533252 (VIOLATED)
_19096_/A2                              6.000000    8.533252   -2.533252 (VIOLATED)
_20014_/A2                              6.000000    8.533252   -2.533252 (VIOLATED)
_20084_/B                               6.000000    8.533251   -2.533251 (VIOLATED)
_18248_/B                               6.000000    8.533248   -2.533248 (VIOLATED)
_18249_/A2                              6.000000    8.533248   -2.533248 (VIOLATED)
_19121_/B                               6.000000    8.533250   -2.533250 (VIOLATED)
_19122_/A2                              6.000000    8.533250   -2.533250 (VIOLATED)
_25064_/A1                              6.000000    8.533248   -2.533248 (VIOLATED)
_25058_/A1                              6.000000    8.533234   -2.533234 (VIOLATED)
_25061_/A1                              6.000000    8.533230   -2.533230 (VIOLATED)
_18032_/ZN                              6.000000    8.533193   -2.533192 (VIOLATED)
_19183_/A2                              6.000000    8.533193   -2.533192 (VIOLATED)
_19281_/A2                              6.000000    8.533193   -2.533192 (VIOLATED)
_19306_/C                               6.000000    8.533193   -2.533192 (VIOLATED)
_28392_/A1                              6.000000    8.503677   -2.503677 (VIOLATED)
_28393_/A1                              6.000000    8.503677   -2.503677 (VIOLATED)
_28095_/A2                              6.000000    8.503675   -2.503675 (VIOLATED)
_28214_/A2                              6.000000    8.503675   -2.503675 (VIOLATED)
_28219_/A2                              6.000000    8.503676   -2.503676 (VIOLATED)
_27978_/A2                              6.000000    8.503672   -2.503672 (VIOLATED)
_27838_/A2                              6.000000    8.503667   -2.503668 (VIOLATED)
_27607_/A2                              6.000000    8.503659   -2.503659 (VIOLATED)
_27720_/A2                              6.000000    8.503661   -2.503661 (VIOLATED)
_27501_/A2                              6.000000    8.503655   -2.503656 (VIOLATED)
_27443_/A2                              6.000000    8.503653   -2.503653 (VIOLATED)
_27342_/A2                              6.000000    8.503648   -2.503648 (VIOLATED)
_27244_/A2                              6.000000    8.503641   -2.503641 (VIOLATED)
_27145_/A2                              6.000000    8.503637   -2.503637 (VIOLATED)
_27062_/A2                              6.000000    8.503632   -2.503632 (VIOLATED)
_26963_/A2                              6.000000    8.503622   -2.503622 (VIOLATED)
_26514_/ZN                              6.000000    8.503586   -2.503586 (VIOLATED)
_26515_/A2                              6.000000    8.503586   -2.503586 (VIOLATED)
_26517_/A2                              6.000000    8.503586   -2.503586 (VIOLATED)
_26534_/A2                              6.000000    8.503586   -2.503586 (VIOLATED)
_26572_/A2                              6.000000    8.503586   -2.503586 (VIOLATED)
_26599_/A2                              6.000000    8.503586   -2.503586 (VIOLATED)
_26632_/A2                              6.000000    8.503586   -2.503586 (VIOLATED)
_26672_/A2                              6.000000    8.503586   -2.503586 (VIOLATED)
_26732_/A2                              6.000000    8.503586   -2.503586 (VIOLATED)
_26787_/A2                              6.000000    8.503586   -2.503586 (VIOLATED)
_26832_/A2                              6.000000    8.503586   -2.503586 (VIOLATED)
_26895_/A2                              6.000000    8.503586   -2.503586 (VIOLATED)
_27671_/A2                              6.000000    8.483826   -2.483826 (VIOLATED)
_27793_/A2                              6.000000    8.483826   -2.483826 (VIOLATED)
_27876_/A2                              6.000000    8.483826   -2.483826 (VIOLATED)
_28016_/A2                              6.000000    8.483826   -2.483826 (VIOLATED)
_28134_/A2                              6.000000    8.483825   -2.483825 (VIOLATED)
_28255_/A2                              6.000000    8.483824   -2.483824 (VIOLATED)
_27046_/ZN                              6.000000    8.483799   -2.483799 (VIOLATED)
_27047_/A2                              6.000000    8.483799   -2.483799 (VIOLATED)
_27048_/A2                              6.000000    8.483799   -2.483799 (VIOLATED)
_27117_/A2                              6.000000    8.483799   -2.483799 (VIOLATED)
_27208_/A2                              6.000000    8.483799   -2.483799 (VIOLATED)
_27302_/A2                              6.000000    8.483799   -2.483799 (VIOLATED)
_27420_/A2                              6.000000    8.483799   -2.483799 (VIOLATED)
_27563_/A2                              6.000000    8.483799   -2.483799 (VIOLATED)
_28336_/A2                              6.000000    8.483799   -2.483799 (VIOLATED)
_28445_/A2                              6.000000    8.483799   -2.483799 (VIOLATED)
_28580_/A2                              6.000000    8.483799   -2.483799 (VIOLATED)
_28679_/A2                              6.000000    8.483799   -2.483799 (VIOLATED)
_28776_/A2                              6.000000    8.483799   -2.483799 (VIOLATED)
_28867_/A2                              6.000000    8.483799   -2.483799 (VIOLATED)
_28947_/A2                              6.000000    8.483799   -2.483799 (VIOLATED)
_29029_/A2                              6.000000    8.483799   -2.483799 (VIOLATED)
_29107_/A2                              6.000000    8.483799   -2.483799 (VIOLATED)
_29176_/A3                              6.000000    8.483799   -2.483799 (VIOLATED)
_29244_/A2                              6.000000    8.483799   -2.483799 (VIOLATED)
_29309_/A1                              6.000000    8.483799   -2.483799 (VIOLATED)
_29311_/A1                              6.000000    8.483799   -2.483799 (VIOLATED)
_32642_/ZN                              6.000000    8.480603   -2.480603 (VIOLATED)
_32648_/S                               6.000000    8.480603   -2.480603 (VIOLATED)
_32654_/S                               6.000000    8.480603   -2.480603 (VIOLATED)
_32660_/S                               6.000000    8.480603   -2.480603 (VIOLATED)
_32666_/S                               6.000000    8.480603   -2.480603 (VIOLATED)
_32672_/S                               6.000000    8.480603   -2.480603 (VIOLATED)
_32678_/S                               6.000000    8.480603   -2.480603 (VIOLATED)
_32684_/S                               6.000000    8.480603   -2.480603 (VIOLATED)
_29738_/ZN                              6.000000    8.457867   -2.457867 (VIOLATED)
_29762_/S                               6.000000    8.457867   -2.457867 (VIOLATED)
_29771_/A1                              6.000000    8.457867   -2.457867 (VIOLATED)
_29787_/A1                              6.000000    8.457867   -2.457867 (VIOLATED)
_29808_/A1                              6.000000    8.457867   -2.457867 (VIOLATED)
_29817_/A1                              6.000000    8.457867   -2.457867 (VIOLATED)
_29824_/A1                              6.000000    8.457867   -2.457867 (VIOLATED)
_29866_/A1                              6.000000    8.457867   -2.457867 (VIOLATED)
_29867_/A1                              6.000000    8.457867   -2.457867 (VIOLATED)
_29870_/S                               6.000000    8.457867   -2.457867 (VIOLATED)
_29873_/A1                              6.000000    8.457867   -2.457867 (VIOLATED)
_29875_/S                               6.000000    8.457867   -2.457867 (VIOLATED)
_29881_/A1                              6.000000    8.457867   -2.457867 (VIOLATED)
_29882_/A1                              6.000000    8.457867   -2.457867 (VIOLATED)
_29889_/S                               6.000000    8.457867   -2.457867 (VIOLATED)
_29892_/A1                              6.000000    8.457867   -2.457867 (VIOLATED)
_29902_/A1                              6.000000    8.457867   -2.457867 (VIOLATED)
_29915_/S                               6.000000    8.457867   -2.457867 (VIOLATED)
_29919_/A1                              6.000000    8.457867   -2.457867 (VIOLATED)
_29920_/A1                              6.000000    8.457867   -2.457867 (VIOLATED)
_29924_/S                               6.000000    8.457867   -2.457867 (VIOLATED)
_29926_/A1                              6.000000    8.457867   -2.457867 (VIOLATED)
_29927_/A1                              6.000000    8.457867   -2.457867 (VIOLATED)
_29935_/S                               6.000000    8.457867   -2.457867 (VIOLATED)
_29940_/A1                              6.000000    8.457867   -2.457867 (VIOLATED)
_29943_/A1                              6.000000    8.457867   -2.457867 (VIOLATED)
_29944_/A1                              6.000000    8.457867   -2.457867 (VIOLATED)
_29947_/S                               6.000000    8.457867   -2.457867 (VIOLATED)
_29955_/A1                              6.000000    8.457867   -2.457867 (VIOLATED)
_29961_/A1                              6.000000    8.457867   -2.457867 (VIOLATED)
_29968_/A1                              6.000000    8.457867   -2.457867 (VIOLATED)
_29974_/A1                              6.000000    8.457867   -2.457867 (VIOLATED)
_29976_/S                               6.000000    8.457867   -2.457867 (VIOLATED)
_29979_/A1                              6.000000    8.457867   -2.457867 (VIOLATED)
_29980_/A1                              6.000000    8.457867   -2.457867 (VIOLATED)
_29987_/A2                              6.000000    8.457867   -2.457867 (VIOLATED)
_29991_/A1                              6.000000    8.457867   -2.457867 (VIOLATED)
_29995_/A1                              6.000000    8.457867   -2.457867 (VIOLATED)
_30005_/A1                              6.000000    8.457867   -2.457867 (VIOLATED)
_30007_/A1                              6.000000    8.457867   -2.457867 (VIOLATED)
_30009_/A1                              6.000000    8.457867   -2.457867 (VIOLATED)
_30013_/A1                              6.000000    8.457867   -2.457867 (VIOLATED)
_30019_/A1                              6.000000    8.457867   -2.457867 (VIOLATED)
_30024_/A1                              6.000000    8.457867   -2.457867 (VIOLATED)
_30027_/A1                              6.000000    8.457867   -2.457867 (VIOLATED)
_30030_/A1                              6.000000    8.457867   -2.457867 (VIOLATED)
_30031_/A1                              6.000000    8.457867   -2.457867 (VIOLATED)
_30038_/A1                              6.000000    8.457867   -2.457867 (VIOLATED)
_30039_/A1                              6.000000    8.457867   -2.457867 (VIOLATED)
_19427_/B1                              6.000000    8.311742   -2.311742 (VIOLATED)
_21238_/C1                              6.000000    8.311743   -2.311743 (VIOLATED)
_19975_/C1                              6.000000    8.311735   -2.311736 (VIOLATED)
_19085_/C1                              6.000000    8.311733   -2.311733 (VIOLATED)
_21177_/C1                              6.000000    8.311729   -2.311729 (VIOLATED)
_21761_/A2                              6.000000    8.311730   -2.311730 (VIOLATED)
_21978_/C1                              6.000000    8.311729   -2.311729 (VIOLATED)
_23341_/C1                              6.000000    8.311730   -2.311730 (VIOLATED)
_19078_/C1                              6.000000    8.311724   -2.311724 (VIOLATED)
_22520_/B1                              6.000000    8.311725   -2.311725 (VIOLATED)
_22757_/C1                              6.000000    8.311727   -2.311727 (VIOLATED)
_20332_/A2                              6.000000    8.311721   -2.311722 (VIOLATED)
_22799_/A2                              6.000000    8.311722   -2.311723 (VIOLATED)
_23699_/C1                              6.000000    8.311723   -2.311723 (VIOLATED)
_24211_/B1                              6.000000    8.311724   -2.311724 (VIOLATED)
_24470_/B1                              6.000000    8.311724   -2.311724 (VIOLATED)
_23317_/A2                              6.000000    8.311721   -2.311721 (VIOLATED)
_22536_/C1                              6.000000    8.311718   -2.311718 (VIOLATED)
_23641_/A2                              6.000000    8.311714   -2.311714 (VIOLATED)
_22570_/B1                              6.000000    8.311708   -2.311708 (VIOLATED)
_19110_/B1                              6.000000    8.311705   -2.311705 (VIOLATED)
_19384_/B1                              6.000000    8.311697   -2.311697 (VIOLATED)
_20948_/C1                              6.000000    8.311699   -2.311699 (VIOLATED)
_21790_/C1                              6.000000    8.311695   -2.311695 (VIOLATED)
_19137_/C1                              6.000000    8.311685   -2.311685 (VIOLATED)
_21013_/C1                              6.000000    8.311673   -2.311674 (VIOLATED)
_20001_/C1                              6.000000    8.311669   -2.311670 (VIOLATED)
_21839_/C1                              6.000000    8.311668   -2.311668 (VIOLATED)
_22552_/C1                              6.000000    8.311668   -2.311668 (VIOLATED)
_21826_/C1                              6.000000    8.311661   -2.311661 (VIOLATED)
_17950_/A3                              6.000000    8.311651   -2.311651 (VIOLATED)
_18274_/B1                              6.000000    8.311653   -2.311653 (VIOLATED)
_21778_/A2                              6.000000    8.311652   -2.311652 (VIOLATED)
_23627_/A4                              6.000000    8.311651   -2.311651 (VIOLATED)
_19206_/C1                              6.000000    8.311644   -2.311644 (VIOLATED)
_24241_/C1                              6.000000    8.311644   -2.311643 (VIOLATED)
_25095_/A1                              6.000000    8.311636   -2.311636 (VIOLATED)
_23408_/C1                              6.000000    8.311633   -2.311634 (VIOLATED)
_24257_/C1                              6.000000    8.311627   -2.311627 (VIOLATED)
_22582_/A1                              6.000000    8.311618   -2.311619 (VIOLATED)
_17952_/A3                              6.000000    8.311600   -2.311600 (VIOLATED)
_25666_/A1                              6.000000    8.311575   -2.311575 (VIOLATED)
_32465_/A1                              6.000000    8.311571   -2.311571 (VIOLATED)
_32713_/A1                              6.000000    8.311571   -2.311571 (VIOLATED)
_23421_/A4                              6.000000    8.311556   -2.311556 (VIOLATED)
_17949_/Z                               6.000000    8.311526   -2.311526 (VIOLATED)
_17980_/A2                              6.000000    8.311526   -2.311526 (VIOLATED)
_24290_/C1                              6.000000    8.311526   -2.311526 (VIOLATED)
_24298_/C1                              6.000000    8.311526   -2.311526 (VIOLATED)
_28498_/A3                              6.000000    8.266436   -2.266436 (VIOLATED)
_28645_/A3                              6.000000    8.266437   -2.266437 (VIOLATED)
_28547_/A1                              6.000000    8.266433   -2.266433 (VIOLATED)
_28563_/A1                              6.000000    8.266434   -2.266434 (VIOLATED)
_28389_/A2                              6.000000    8.266430   -2.266430 (VIOLATED)
_28215_/A2                              6.000000    8.266425   -2.266425 (VIOLATED)
_28096_/A2                              6.000000    8.266418   -2.266419 (VIOLATED)
_27979_/A2                              6.000000    8.266415   -2.266415 (VIOLATED)
_27839_/A2                              6.000000    8.266408   -2.266408 (VIOLATED)
_27721_/A2                              6.000000    8.266394   -2.266394 (VIOLATED)
_27608_/A2                              6.000000    8.266387   -2.266387 (VIOLATED)
_27502_/A2                              6.000000    8.266380   -2.266381 (VIOLATED)
_27444_/A2                              6.000000    8.266375   -2.266375 (VIOLATED)
_27343_/A2                              6.000000    8.266367   -2.266367 (VIOLATED)
_27245_/A2                              6.000000    8.266356   -2.266357 (VIOLATED)
_27146_/A2                              6.000000    8.266352   -2.266352 (VIOLATED)
_27063_/A2                              6.000000    8.266344   -2.266345 (VIOLATED)
_26964_/A2                              6.000000    8.266335   -2.266336 (VIOLATED)
_26529_/ZN                              6.000000    8.266302   -2.266303 (VIOLATED)
_26530_/A2                              6.000000    8.266302   -2.266303 (VIOLATED)
_26576_/B1                              6.000000    8.266302   -2.266303 (VIOLATED)
_26633_/A2                              6.000000    8.266302   -2.266303 (VIOLATED)
_26673_/A2                              6.000000    8.266302   -2.266303 (VIOLATED)
_26675_/B1                              6.000000    8.266302   -2.266303 (VIOLATED)
_26733_/A2                              6.000000    8.266302   -2.266303 (VIOLATED)
_26735_/B1                              6.000000    8.266302   -2.266303 (VIOLATED)
_26788_/A2                              6.000000    8.266302   -2.266303 (VIOLATED)
_26790_/B1                              6.000000    8.266302   -2.266303 (VIOLATED)
_26833_/A2                              6.000000    8.266302   -2.266303 (VIOLATED)
_26896_/A2                              6.000000    8.266302   -2.266303 (VIOLATED)
_28498_/A2                              6.000000    8.216758   -2.216758 (VIOLATED)
_28645_/A2                              6.000000    8.216759   -2.216759 (VIOLATED)
_28390_/A2                              6.000000    8.216756   -2.216756 (VIOLATED)
_28499_/A1                              6.000000    8.216754   -2.216754 (VIOLATED)
_28097_/A2                              6.000000    8.216746   -2.216747 (VIOLATED)
_28216_/A2                              6.000000    8.216744   -2.216744 (VIOLATED)
_27980_/A2                              6.000000    8.216740   -2.216740 (VIOLATED)
_27840_/A2                              6.000000    8.216733   -2.216733 (VIOLATED)
_27722_/A2                              6.000000    8.216723   -2.216724 (VIOLATED)
_27609_/A2                              6.000000    8.216712   -2.216712 (VIOLATED)
_27503_/A2                              6.000000    8.216705   -2.216706 (VIOLATED)
_27445_/A2                              6.000000    8.216701   -2.216701 (VIOLATED)
_27344_/A2                              6.000000    8.216693   -2.216693 (VIOLATED)
_27246_/A2                              6.000000    8.216682   -2.216683 (VIOLATED)
_27147_/A2                              6.000000    8.216679   -2.216678 (VIOLATED)
_27064_/A2                              6.000000    8.216673   -2.216673 (VIOLATED)
_26965_/A2                              6.000000    8.216666   -2.216666 (VIOLATED)
_26504_/ZN                              6.000000    8.216632   -2.216632 (VIOLATED)
_26574_/A2                              6.000000    8.216632   -2.216632 (VIOLATED)
_26576_/A2                              6.000000    8.216632   -2.216632 (VIOLATED)
_26635_/A2                              6.000000    8.216632   -2.216632 (VIOLATED)
_26674_/A2                              6.000000    8.216632   -2.216632 (VIOLATED)
_26675_/A2                              6.000000    8.216632   -2.216632 (VIOLATED)
_26734_/A2                              6.000000    8.216632   -2.216632 (VIOLATED)
_26735_/A2                              6.000000    8.216632   -2.216632 (VIOLATED)
_26789_/A2                              6.000000    8.216632   -2.216632 (VIOLATED)
_26790_/A2                              6.000000    8.216632   -2.216632 (VIOLATED)
_26834_/A2                              6.000000    8.216632   -2.216632 (VIOLATED)
_26897_/A2                              6.000000    8.216632   -2.216632 (VIOLATED)
_27754_/A2                              6.000000    8.146168   -2.146168 (VIOLATED)
_27972_/A1                              6.000000    8.146168   -2.146168 (VIOLATED)
_27973_/A2                              6.000000    8.146167   -2.146167 (VIOLATED)
_27133_/A2                              6.000000    8.146162   -2.146163 (VIOLATED)
_26862_/A2                              6.000000    8.146158   -2.146158 (VIOLATED)
_26863_/A1                              6.000000    8.146158   -2.146159 (VIOLATED)
_26689_/A2                              6.000000    8.146152   -2.146152 (VIOLATED)
_26690_/A1                              6.000000    8.146152   -2.146153 (VIOLATED)
_26587_/A2                              6.000000    8.146143   -2.146143 (VIOLATED)
_26588_/A1                              6.000000    8.146142   -2.146142 (VIOLATED)
_26512_/A1                              6.000000    8.146121   -2.146122 (VIOLATED)
_26513_/A2                              6.000000    8.146119   -2.146120 (VIOLATED)
_27044_/A1                              6.000000    8.146119   -2.146120 (VIOLATED)
_27045_/A2                              6.000000    8.146119   -2.146120 (VIOLATED)
_25163_/A2                              6.000000    8.146110   -2.146110 (VIOLATED)
_25249_/A3                              6.000000    8.146110   -2.146110 (VIOLATED)
_25298_/A3                              6.000000    8.146107   -2.146107 (VIOLATED)
_25979_/A3                              6.000000    8.146106   -2.146106 (VIOLATED)
_25988_/A3                              6.000000    8.146106   -2.146106 (VIOLATED)
_25388_/A3                              6.000000    8.146096   -2.146097 (VIOLATED)
_25599_/A2                              6.000000    8.146095   -2.146096 (VIOLATED)
_25110_/ZN                              6.000000    8.146069   -2.146069 (VIOLATED)
_25129_/A2                              6.000000    8.146069   -2.146069 (VIOLATED)
_25147_/A2                              6.000000    8.146069   -2.146069 (VIOLATED)
_25209_/A2                              6.000000    8.146069   -2.146069 (VIOLATED)
_25516_/A2                              6.000000    8.146069   -2.146069 (VIOLATED)
_25676_/C1                              6.000000    8.146069   -2.146069 (VIOLATED)
_25697_/A2                              6.000000    8.146069   -2.146069 (VIOLATED)
_26503_/A2                              6.000000    8.146069   -2.146069 (VIOLATED)
_26504_/A1                              6.000000    8.146069   -2.146069 (VIOLATED)
_26505_/A1                              6.000000    8.146069   -2.146069 (VIOLATED)
_26516_/A1                              6.000000    8.146069   -2.146069 (VIOLATED)
_26528_/A2                              6.000000    8.146069   -2.146069 (VIOLATED)
_26529_/A1                              6.000000    8.146069   -2.146069 (VIOLATED)
_26531_/A1                              6.000000    8.146069   -2.146069 (VIOLATED)
_26573_/A1                              6.000000    8.146069   -2.146069 (VIOLATED)
_26634_/A1                              6.000000    8.146069   -2.146069 (VIOLATED)
_27225_/A2                              6.000000    8.146069   -2.146069 (VIOLATED)
_30638_/A1                              6.000000    8.146069   -2.146069 (VIOLATED)
_23311_/C                               6.000000    8.087112   -2.087113 (VIOLATED)
_23312_/A2                              6.000000    8.087112   -2.087113 (VIOLATED)
_18543_/A2                              6.000000    8.087110   -2.087110 (VIOLATED)
_23692_/C                               6.000000    8.087111   -2.087112 (VIOLATED)
_23693_/A2                              6.000000    8.087111   -2.087112 (VIOLATED)
_23335_/A2                              6.000000    8.087108   -2.087107 (VIOLATED)
_21232_/A2                              6.000000    8.087104   -2.087104 (VIOLATED)
_20851_/A2                              6.000000    8.087101   -2.087101 (VIOLATED)
_21156_/A1                              6.000000    8.087098   -2.087099 (VIOLATED)
_21172_/A2                              6.000000    8.087099   -2.087100 (VIOLATED)
_23635_/C                               6.000000    8.087100   -2.087100 (VIOLATED)
_23636_/A2                              6.000000    8.087100   -2.087100 (VIOLATED)
_17970_/B                               6.000000    8.087094   -2.087095 (VIOLATED)
_20904_/A1                              6.000000    8.087075   -2.087075 (VIOLATED)
_20906_/A2                              6.000000    8.087075   -2.087075 (VIOLATED)
_18119_/A2                              6.000000    8.087072   -2.087073 (VIOLATED)
_20872_/A2                              6.000000    8.087065   -2.087065 (VIOLATED)
_18171_/A2                              6.000000    8.087061   -2.087061 (VIOLATED)
_20942_/A2                              6.000000    8.087063   -2.087063 (VIOLATED)
_18169_/B                               6.000000    8.087055   -2.087055 (VIOLATED)
_23365_/A2                              6.000000    8.087038   -2.087038 (VIOLATED)
_23401_/A2                              6.000000    8.087037   -2.087037 (VIOLATED)
_20970_/C                               6.000000    8.087028   -2.087028 (VIOLATED)
_18211_/B                               6.000000    8.087010   -2.087011 (VIOLATED)
_17924_/ZN                              6.000000    8.086983   -2.086983 (VIOLATED)
_18268_/B                               6.000000    8.086983   -2.086983 (VIOLATED)
_18269_/A2                              6.000000    8.086983   -2.086983 (VIOLATED)
_18295_/B                               6.000000    8.086983   -2.086983 (VIOLATED)
_18297_/A2                              6.000000    8.086983   -2.086983 (VIOLATED)
_21028_/A2                              6.000000    8.086983   -2.086983 (VIOLATED)
_23438_/A1                              6.000000    8.086983   -2.086983 (VIOLATED)
_23439_/A1                              6.000000    8.086983   -2.086983 (VIOLATED)
_23469_/A1                              6.000000    8.086983   -2.086983 (VIOLATED)
_23470_/A2                              6.000000    8.086983   -2.086983 (VIOLATED)
_23493_/B                               6.000000    8.086983   -2.086983 (VIOLATED)
_23494_/A2                              6.000000    8.086983   -2.086983 (VIOLATED)
_25443_/A1                              6.000000    8.086983   -2.086983 (VIOLATED)
_25475_/A2                              6.000000    8.086983   -2.086983 (VIOLATED)
_31107_/A2                              6.000000    8.055319   -2.055319 (VIOLATED)
_31108_/A1                              6.000000    8.055319   -2.055319 (VIOLATED)
_31164_/A2                              6.000000    8.055319   -2.055319 (VIOLATED)
_31165_/A1                              6.000000    8.055319   -2.055319 (VIOLATED)
_31222_/A2                              6.000000    8.055319   -2.055319 (VIOLATED)
_31223_/A1                              6.000000    8.055319   -2.055319 (VIOLATED)
_31281_/A2                              6.000000    8.055319   -2.055319 (VIOLATED)
_31282_/A1                              6.000000    8.055319   -2.055319 (VIOLATED)
_31336_/A2                              6.000000    8.055318   -2.055318 (VIOLATED)
_31337_/A1                              6.000000    8.055319   -2.055319 (VIOLATED)
_31393_/A2                              6.000000    8.055318   -2.055318 (VIOLATED)
_31449_/A2                              6.000000    8.055314   -2.055314 (VIOLATED)
_31450_/A1                              6.000000    8.055314   -2.055314 (VIOLATED)
_31508_/A2                              6.000000    8.055315   -2.055315 (VIOLATED)
_31509_/A1                              6.000000    8.055315   -2.055315 (VIOLATED)
_31002_/ZN                              6.000000    8.055311   -2.055311 (VIOLATED)
_31392_/C                               6.000000    8.055311   -2.055311 (VIOLATED)
_21222_/B                               6.000000    8.028614   -2.028615 (VIOLATED)
_23307_/C                               6.000000    8.028615   -2.028615 (VIOLATED)
_23622_/B                               6.000000    8.028615   -2.028615 (VIOLATED)
_23631_/A2                              6.000000    8.028615   -2.028615 (VIOLATED)
_23681_/B                               6.000000    8.028615   -2.028615 (VIOLATED)
_23688_/A2                              6.000000    8.028615   -2.028615 (VIOLATED)
_20840_/B                               6.000000    8.028612   -2.028612 (VIOLATED)
_20846_/A2                              6.000000    8.028611   -2.028611 (VIOLATED)
_20847_/A2                              6.000000    8.028611   -2.028611 (VIOLATED)
_21159_/B                               6.000000    8.028609   -2.028609 (VIOLATED)
_25229_/A1                              6.000000    8.028611   -2.028611 (VIOLATED)
_18473_/A2                              6.000000    8.028605   -2.028605 (VIOLATED)
_23330_/A2                              6.000000    8.028605   -2.028606 (VIOLATED)
_18078_/A2                              6.000000    8.028601   -2.028601 (VIOLATED)
_20861_/A2                              6.000000    8.028598   -2.028598 (VIOLATED)
_17938_/ZN                              6.000000    8.028571   -2.028571 (VIOLATED)
_18105_/A2                              6.000000    8.028571   -2.028571 (VIOLATED)
_18156_/A2                              6.000000    8.028571   -2.028571 (VIOLATED)
_18207_/A1                              6.000000    8.028571   -2.028571 (VIOLATED)
_18261_/B                               6.000000    8.028571   -2.028571 (VIOLATED)
_18281_/A2                              6.000000    8.028571   -2.028571 (VIOLATED)
_20892_/A2                              6.000000    8.028571   -2.028571 (VIOLATED)
_20997_/A2                              6.000000    8.028571   -2.028571 (VIOLATED)
_20998_/B                               6.000000    8.028571   -2.028571 (VIOLATED)
_21022_/A2                              6.000000    8.028571   -2.028571 (VIOLATED)
_23360_/A2                              6.000000    8.028571   -2.028571 (VIOLATED)
_23386_/A2                              6.000000    8.028571   -2.028571 (VIOLATED)
_23431_/A2                              6.000000    8.028571   -2.028571 (VIOLATED)
_23464_/A2                              6.000000    8.028571   -2.028571 (VIOLATED)
_23481_/A2                              6.000000    8.028571   -2.028571 (VIOLATED)
_17960_/ZN                              6.000000    8.019206   -2.019206 (VIOLATED)
_17965_/A2                              6.000000    8.019206   -2.019206 (VIOLATED)
_18086_/A2                              6.000000    8.019206   -2.019206 (VIOLATED)
_18113_/A2                              6.000000    8.019206   -2.019206 (VIOLATED)
_18163_/A2                              6.000000    8.019206   -2.019206 (VIOLATED)
_18191_/B                               6.000000    8.019206   -2.019206 (VIOLATED)
_18262_/B                               6.000000    8.019206   -2.019206 (VIOLATED)
_18289_/A2                              6.000000    8.019206   -2.019206 (VIOLATED)
_18480_/A2                              6.000000    8.019206   -2.019206 (VIOLATED)
_18538_/A2                              6.000000    8.019206   -2.019206 (VIOLATED)
_20866_/A2                              6.000000    8.019206   -2.019206 (VIOLATED)
_20899_/A2                              6.000000    8.019206   -2.019206 (VIOLATED)
_20962_/B                               6.000000    8.019206   -2.019206 (VIOLATED)
_20963_/A1                              6.000000    8.019206   -2.019206 (VIOLATED)
_21003_/A2                              6.000000    8.019206   -2.019206 (VIOLATED)
_21021_/A2                              6.000000    8.019206   -2.019206 (VIOLATED)
_21164_/B                               6.000000    8.019206   -2.019206 (VIOLATED)
_21224_/B                               6.000000    8.019206   -2.019206 (VIOLATED)
_23301_/B                               6.000000    8.019206   -2.019206 (VIOLATED)
_23306_/A2                              6.000000    8.019206   -2.019206 (VIOLATED)
_23329_/A2                              6.000000    8.019206   -2.019206 (VIOLATED)
_23358_/A2                              6.000000    8.019206   -2.019206 (VIOLATED)
_23396_/A2                              6.000000    8.019206   -2.019206 (VIOLATED)
_23429_/C                               6.000000    8.019206   -2.019206 (VIOLATED)
_23430_/A1                              6.000000    8.019206   -2.019206 (VIOLATED)
_23463_/A2                              6.000000    8.019206   -2.019206 (VIOLATED)
_23487_/A2                              6.000000    8.019206   -2.019206 (VIOLATED)
_23623_/B                               6.000000    8.019206   -2.019206 (VIOLATED)
_30985_/ZN                              6.000000    7.960318   -1.960318 (VIOLATED)
_31044_/A1                              6.000000    7.960318   -1.960318 (VIOLATED)
_31047_/A2                              6.000000    7.960318   -1.960318 (VIOLATED)
_31116_/A1                              6.000000    7.960318   -1.960318 (VIOLATED)
_31117_/A2                              6.000000    7.960318   -1.960318 (VIOLATED)
_31175_/C                               6.000000    7.960318   -1.960318 (VIOLATED)
_31176_/A2                              6.000000    7.960318   -1.960318 (VIOLATED)
_31233_/B                               6.000000    7.960318   -1.960318 (VIOLATED)
_31234_/A2                              6.000000    7.960318   -1.960318 (VIOLATED)
_31291_/A1                              6.000000    7.960318   -1.960318 (VIOLATED)
_31292_/A2                              6.000000    7.960318   -1.960318 (VIOLATED)
_31347_/C                               6.000000    7.960318   -1.960318 (VIOLATED)
_31348_/A2                              6.000000    7.960318   -1.960318 (VIOLATED)
_31401_/A1                              6.000000    7.960318   -1.960318 (VIOLATED)
_31402_/A2                              6.000000    7.960318   -1.960318 (VIOLATED)
_31460_/C                               6.000000    7.960318   -1.960318 (VIOLATED)
_31461_/A2                              6.000000    7.960318   -1.960318 (VIOLATED)
_32823_/A1                              6.000000    7.960318   -1.960318 (VIOLATED)
_34337_/B1                              6.000000    7.845286   -1.845287 (VIOLATED)
_34340_/A2                              6.000000    7.845286   -1.845287 (VIOLATED)
_34572_/A2                              6.000000    7.845284   -1.845284 (VIOLATED)
_34574_/B1                              6.000000    7.845284   -1.845284 (VIOLATED)
_34149_/B1                              6.000000    7.845277   -1.845277 (VIOLATED)
_34151_/A2                              6.000000    7.845276   -1.845276 (VIOLATED)
_34417_/A2                              6.000000    7.845272   -1.845272 (VIOLATED)
_34418_/B1                              6.000000    7.845272   -1.845272 (VIOLATED)
_34503_/A2                              6.000000    7.845271   -1.845271 (VIOLATED)
_34504_/B1                              6.000000    7.845271   -1.845271 (VIOLATED)
_34621_/A2                              6.000000    7.845272   -1.845272 (VIOLATED)
_34294_/A2                              6.000000    7.845265   -1.845265 (VIOLATED)
_34295_/B1                              6.000000    7.845264   -1.845264 (VIOLATED)
_34225_/B1                              6.000000    7.845220   -1.845220 (VIOLATED)
_34091_/A2                              6.000000    7.845135   -1.845136 (VIOLATED)
_34093_/A2                              6.000000    7.845135   -1.845136 (VIOLATED)
_34025_/B1                              6.000000    7.845121   -1.845121 (VIOLATED)
_34028_/A2                              6.000000    7.845123   -1.845123 (VIOLATED)
_33806_/B1                              6.000000    7.845101   -1.845101 (VIOLATED)
_33527_/B1                              6.000000    7.845058   -1.845058 (VIOLATED)
_33594_/A2                              6.000000    7.845032   -1.845032 (VIOLATED)
_33591_/B1                              6.000000    7.845029   -1.845029 (VIOLATED)
_33672_/A2                              6.000000    7.845011   -1.845011 (VIOLATED)
_32690_/A2                              6.000000    7.844992   -1.844992 (VIOLATED)
_32693_/A2                              6.000000    7.844993   -1.844994 (VIOLATED)
_32392_/A2                              6.000000    7.844985   -1.844985 (VIOLATED)
_33726_/A2                              6.000000    7.844985   -1.844986 (VIOLATED)
_33728_/B1                              6.000000    7.844985   -1.844986 (VIOLATED)
_32453_/B                               6.000000    7.844983   -1.844983 (VIOLATED)
_32137_/B1                              6.000000    7.844967   -1.844968 (VIOLATED)
_32626_/B1                              6.000000    7.844954   -1.844954 (VIOLATED)
_32754_/A2                              6.000000    7.844941   -1.844941 (VIOLATED)
_32755_/B1                              6.000000    7.844941   -1.844941 (VIOLATED)
_32294_/B1                              6.000000    7.844928   -1.844928 (VIOLATED)
_32297_/A2                              6.000000    7.844928   -1.844928 (VIOLATED)
_32522_/B1                              6.000000    7.844928   -1.844928 (VIOLATED)
_32525_/A2                              6.000000    7.844928   -1.844928 (VIOLATED)
_32829_/A2                              6.000000    7.844927   -1.844927 (VIOLATED)
_32830_/B1                              6.000000    7.844927   -1.844927 (VIOLATED)
_17876_/ZN                              6.000000    7.844867   -1.844867 (VIOLATED)
_30814_/A1                              6.000000    7.844867   -1.844867 (VIOLATED)
_32881_/A2                              6.000000    7.844867   -1.844867 (VIOLATED)
_32883_/B1                              6.000000    7.844867   -1.844867 (VIOLATED)
_32952_/A2                              6.000000    7.844867   -1.844867 (VIOLATED)
_32954_/B1                              6.000000    7.844867   -1.844867 (VIOLATED)
_33033_/A2                              6.000000    7.844867   -1.844867 (VIOLATED)
_33036_/A2                              6.000000    7.844867   -1.844867 (VIOLATED)
_33089_/B1                              6.000000    7.844867   -1.844867 (VIOLATED)
_33092_/A2                              6.000000    7.844867   -1.844867 (VIOLATED)
_33257_/B1                              6.000000    7.844867   -1.844867 (VIOLATED)
_33335_/A2                              6.000000    7.844867   -1.844867 (VIOLATED)
_33338_/A2                              6.000000    7.844867   -1.844867 (VIOLATED)
_33394_/B1                              6.000000    7.844867   -1.844867 (VIOLATED)
_33396_/A2                              6.000000    7.844867   -1.844867 (VIOLATED)
_33473_/A2                              6.000000    7.844867   -1.844867 (VIOLATED)
_33474_/B1                              6.000000    7.844867   -1.844867 (VIOLATED)
_29706_/Z                               6.000000    7.809215   -1.809215 (VIOLATED)
_29763_/A1                              6.000000    7.809215   -1.809215 (VIOLATED)
_29820_/A1                              6.000000    7.809215   -1.809215 (VIOLATED)
_29829_/A1                              6.000000    7.809215   -1.809215 (VIOLATED)
_29871_/A1                              6.000000    7.809215   -1.809215 (VIOLATED)
_29872_/A1                              6.000000    7.809215   -1.809215 (VIOLATED)
_29876_/A1                              6.000000    7.809215   -1.809215 (VIOLATED)
_29877_/A1                              6.000000    7.809215   -1.809215 (VIOLATED)
_29890_/A1                              6.000000    7.809215   -1.809215 (VIOLATED)
_29891_/A1                              6.000000    7.809215   -1.809215 (VIOLATED)
_29896_/A1                              6.000000    7.809215   -1.809215 (VIOLATED)
_29897_/A1                              6.000000    7.809215   -1.809215 (VIOLATED)
_29921_/A1                              6.000000    7.809215   -1.809215 (VIOLATED)
_29925_/A1                              6.000000    7.809215   -1.809215 (VIOLATED)
_29929_/A1                              6.000000    7.809215   -1.809215 (VIOLATED)
_29930_/A1                              6.000000    7.809215   -1.809215 (VIOLATED)
_29931_/A1                              6.000000    7.809215   -1.809215 (VIOLATED)
_29948_/A1                              6.000000    7.809215   -1.809215 (VIOLATED)
_29949_/A1                              6.000000    7.809215   -1.809215 (VIOLATED)
_29958_/A1                              6.000000    7.809215   -1.809215 (VIOLATED)
_29959_/A1                              6.000000    7.809215   -1.809215 (VIOLATED)
_29966_/A1                              6.000000    7.809215   -1.809215 (VIOLATED)
_29967_/A1                              6.000000    7.809215   -1.809215 (VIOLATED)
_29972_/A1                              6.000000    7.809215   -1.809215 (VIOLATED)
_29973_/A1                              6.000000    7.809215   -1.809215 (VIOLATED)
_29977_/A1                              6.000000    7.809215   -1.809215 (VIOLATED)
_29978_/A1                              6.000000    7.809215   -1.809215 (VIOLATED)
_29982_/A1                              6.000000    7.809215   -1.809215 (VIOLATED)
_29983_/A1                              6.000000    7.809215   -1.809215 (VIOLATED)
_29992_/S                               6.000000    7.809215   -1.809215 (VIOLATED)
_29996_/S                               6.000000    7.809215   -1.809215 (VIOLATED)
_30004_/A1                              6.000000    7.809215   -1.809215 (VIOLATED)
_30008_/S                               6.000000    7.809215   -1.809215 (VIOLATED)
_30010_/A1                              6.000000    7.809215   -1.809215 (VIOLATED)
_30011_/A1                              6.000000    7.809215   -1.809215 (VIOLATED)
_30014_/S                               6.000000    7.809215   -1.809215 (VIOLATED)
_30020_/S                               6.000000    7.809215   -1.809215 (VIOLATED)
_30023_/S                               6.000000    7.809215   -1.809215 (VIOLATED)
_30025_/S                               6.000000    7.809215   -1.809215 (VIOLATED)
_30028_/A1                              6.000000    7.809215   -1.809215 (VIOLATED)
_30029_/A1                              6.000000    7.809215   -1.809215 (VIOLATED)
_30032_/S                               6.000000    7.809215   -1.809215 (VIOLATED)
_30045_/A1                              6.000000    7.809215   -1.809215 (VIOLATED)
_30052_/B                               6.000000    7.809215   -1.809215 (VIOLATED)
_30061_/A1                              6.000000    7.809215   -1.809215 (VIOLATED)
_30073_/A1                              6.000000    7.809215   -1.809215 (VIOLATED)
_30079_/A1                              6.000000    7.809215   -1.809215 (VIOLATED)
_30096_/A1                              6.000000    7.809215   -1.809215 (VIOLATED)
_30102_/A1                              6.000000    7.809215   -1.809215 (VIOLATED)
_30108_/A1                              6.000000    7.809215   -1.809215 (VIOLATED)
_30115_/A1                              6.000000    7.809215   -1.809215 (VIOLATED)
_30120_/A1                              6.000000    7.809215   -1.809215 (VIOLATED)
_30127_/A1                              6.000000    7.809215   -1.809215 (VIOLATED)
_30133_/A1                              6.000000    7.809215   -1.809215 (VIOLATED)
_30138_/A1                              6.000000    7.809215   -1.809215 (VIOLATED)
_30150_/A1                              6.000000    7.809215   -1.809215 (VIOLATED)
_17945_/ZN                              6.000000    7.747788   -1.747789 (VIOLATED)
_17947_/A2                              6.000000    7.747788   -1.747789 (VIOLATED)
_18079_/A2                              6.000000    7.747788   -1.747789 (VIOLATED)
_18106_/A2                              6.000000    7.747788   -1.747789 (VIOLATED)
_18157_/A2                              6.000000    7.747788   -1.747789 (VIOLATED)
_18195_/A1                              6.000000    7.747788   -1.747789 (VIOLATED)
_18196_/A2                              6.000000    7.747788   -1.747789 (VIOLATED)
_18198_/A1                              6.000000    7.747788   -1.747789 (VIOLATED)
_18282_/A2                              6.000000    7.747788   -1.747789 (VIOLATED)
_18474_/A2                              6.000000    7.747788   -1.747789 (VIOLATED)
_18531_/A2                              6.000000    7.747788   -1.747789 (VIOLATED)
_20842_/A2                              6.000000    7.747788   -1.747789 (VIOLATED)
_20864_/A2                              6.000000    7.747788   -1.747789 (VIOLATED)
_20897_/A2                              6.000000    7.747788   -1.747789 (VIOLATED)
_20933_/A2                              6.000000    7.747788   -1.747789 (VIOLATED)
_20960_/A1                              6.000000    7.747788   -1.747789 (VIOLATED)
_20961_/A2                              6.000000    7.747788   -1.747789 (VIOLATED)
_21019_/A2                              6.000000    7.747788   -1.747789 (VIOLATED)
_21166_/A2                              6.000000    7.747788   -1.747789 (VIOLATED)
_21226_/A2                              6.000000    7.747788   -1.747789 (VIOLATED)
_23323_/A2                              6.000000    7.747788   -1.747789 (VIOLATED)
_23388_/A2                              6.000000    7.747788   -1.747789 (VIOLATED)
_23428_/A2                              6.000000    7.747788   -1.747789 (VIOLATED)
_23429_/B2                              6.000000    7.747788   -1.747789 (VIOLATED)
_23482_/A2                              6.000000    7.747788   -1.747789 (VIOLATED)
_23628_/A2                              6.000000    7.747788   -1.747789 (VIOLATED)
_25214_/A2                              6.000000    7.747788   -1.747789 (VIOLATED)
_18008_/ZN                              6.000000    7.706161   -1.706161 (VIOLATED)
_18011_/A2                              6.000000    7.706161   -1.706161 (VIOLATED)
_18224_/B1                              6.000000    7.706161   -1.706161 (VIOLATED)
_18240_/B1                              6.000000    7.706161   -1.706161 (VIOLATED)
_18307_/B1                              6.000000    7.706161   -1.706161 (VIOLATED)
_18354_/A2                              6.000000    7.706161   -1.706161 (VIOLATED)
_18371_/A2                              6.000000    7.706161   -1.706161 (VIOLATED)
_18392_/B1                              6.000000    7.706161   -1.706161 (VIOLATED)
_19043_/A2                              6.000000    7.706161   -1.706161 (VIOLATED)
_19113_/B1                              6.000000    7.706161   -1.706161 (VIOLATED)
_19154_/B1                              6.000000    7.706161   -1.706161 (VIOLATED)
_19175_/B1                              6.000000    7.706161   -1.706161 (VIOLATED)
_19209_/B1                              6.000000    7.706161   -1.706161 (VIOLATED)
_19255_/B1                              6.000000    7.706161   -1.706161 (VIOLATED)
_19295_/A2                              6.000000    7.706161   -1.706161 (VIOLATED)
_19933_/A2                              6.000000    7.706161   -1.706161 (VIOLATED)
_20004_/B1                              6.000000    7.706161   -1.706161 (VIOLATED)
_20055_/A2                              6.000000    7.706161   -1.706161 (VIOLATED)
_20077_/B1                              6.000000    7.706161   -1.706161 (VIOLATED)
_20160_/B1                              6.000000    7.706161   -1.706161 (VIOLATED)
_20200_/A2                              6.000000    7.706161   -1.706161 (VIOLATED)
_21222_/A2                              6.000000    7.664215   -1.664215 (VIOLATED)
_23307_/A2                              6.000000    7.664216   -1.664216 (VIOLATED)
_23622_/A2                              6.000000    7.664216   -1.664216 (VIOLATED)
_23681_/A2                              6.000000    7.664216   -1.664216 (VIOLATED)
_20840_/A2                              6.000000    7.664214   -1.664214 (VIOLATED)
_21159_/A2                              6.000000    7.664212   -1.664212 (VIOLATED)
_18480_/C                               6.000000    7.664209   -1.664209 (VIOLATED)
_18538_/B                               6.000000    7.664209   -1.664209 (VIOLATED)
_18539_/A2                              6.000000    7.664209   -1.664209 (VIOLATED)
_25142_/A1                              6.000000    7.664207   -1.664207 (VIOLATED)
_25233_/A1                              6.000000    7.664207   -1.664207 (VIOLATED)
_17965_/B                               6.000000    7.664206   -1.664206 (VIOLATED)
_17966_/A2                              6.000000    7.664205   -1.664205 (VIOLATED)
_20866_/B                               6.000000    7.664201   -1.664201 (VIOLATED)
_18113_/C                               6.000000    7.664194   -1.664194 (VIOLATED)
_20899_/B                               6.000000    7.664195   -1.664195 (VIOLATED)
_17963_/ZN                              6.000000    7.664168   -1.664168 (VIOLATED)
_18163_/C                               6.000000    7.664168   -1.664168 (VIOLATED)
_18261_/A2                              6.000000    7.664168   -1.664168 (VIOLATED)
_18289_/C                               6.000000    7.664168   -1.664168 (VIOLATED)
_20926_/A2                              6.000000    7.664168   -1.664168 (VIOLATED)
_20998_/A2                              6.000000    7.664168   -1.664168 (VIOLATED)
_21003_/B                               6.000000    7.664168   -1.664168 (VIOLATED)
_21021_/B                               6.000000    7.664168   -1.664168 (VIOLATED)
_23358_/B                               6.000000    7.664168   -1.664168 (VIOLATED)
_23396_/C                               6.000000    7.664168   -1.664168 (VIOLATED)
_23432_/A2                              6.000000    7.664168   -1.664168 (VIOLATED)
_23487_/C                               6.000000    7.664168   -1.664168 (VIOLATED)
_23632_/C                               6.000000    7.628100   -1.628100 (VIOLATED)
_23689_/C                               6.000000    7.628100   -1.628100 (VIOLATED)
_20848_/C                               6.000000    7.628098   -1.628099 (VIOLATED)
_21170_/C                               6.000000    7.628098   -1.628099 (VIOLATED)
_18541_/B1                              6.000000    7.628097   -1.628097 (VIOLATED)
_23333_/B1                              6.000000    7.628096   -1.628096 (VIOLATED)
_21230_/C                               6.000000    7.628093   -1.628093 (VIOLATED)
_18077_/A2                              6.000000    7.628091   -1.628091 (VIOLATED)
_18485_/B1                              6.000000    7.628091   -1.628091 (VIOLATED)
_20870_/A2                              6.000000    7.628091   -1.628091 (VIOLATED)
_17933_/A2                              6.000000    7.628086   -1.628086 (VIOLATED)
_18117_/B1                              6.000000    7.628075   -1.628075 (VIOLATED)
_20891_/A2                              6.000000    7.628067   -1.628067 (VIOLATED)
_20939_/C                               6.000000    7.628060   -1.628060 (VIOLATED)
_23363_/B1                              6.000000    7.628061   -1.628061 (VIOLATED)
_23385_/A2                              6.000000    7.628057   -1.628058 (VIOLATED)
_18154_/A2                              6.000000    7.628055   -1.628055 (VIOLATED)
_17931_/ZN                              6.000000    7.628026   -1.628027 (VIOLATED)
_18267_/C                               6.000000    7.628026   -1.628027 (VIOLATED)
_18279_/A2                              6.000000    7.628026   -1.628027 (VIOLATED)
_20967_/A1                              6.000000    7.628026   -1.628027 (VIOLATED)
_20996_/A2                              6.000000    7.628026   -1.628027 (VIOLATED)
_21026_/A2                              6.000000    7.628026   -1.628027 (VIOLATED)
_23479_/A2                              6.000000    7.628026   -1.628027 (VIOLATED)
_34682_/A2                              6.000000    7.559213   -1.559213 (VIOLATED)
_34333_/A2                              6.000000    7.559211   -1.559211 (VIOLATED)
_34348_/A2                              6.000000    7.559209   -1.559210 (VIOLATED)
_34424_/A2                              6.000000    7.559210   -1.559211 (VIOLATED)
_34499_/A2                              6.000000    7.559209   -1.559210 (VIOLATED)
_34509_/A2                              6.000000    7.559209   -1.559210 (VIOLATED)
_34355_/A2                              6.000000    7.559208   -1.559208 (VIOLATED)
_34617_/A2                              6.000000    7.559206   -1.559206 (VIOLATED)
_34567_/A2                              6.000000    7.559202   -1.559203 (VIOLATED)
_34579_/A2                              6.000000    7.559201   -1.559202 (VIOLATED)
_34145_/A2                              6.000000    7.559195   -1.559196 (VIOLATED)
_34161_/A2                              6.000000    7.559195   -1.559196 (VIOLATED)
_33811_/A2                              6.000000    7.559080   -1.559080 (VIOLATED)
_33801_/A2                              6.000000    7.559077   -1.559077 (VIOLATED)
_33524_/A2                              6.000000    7.559038   -1.559038 (VIOLATED)
_33525_/A2                              6.000000    7.559038   -1.559038 (VIOLATED)
_34020_/A2                              6.000000    7.559031   -1.559031 (VIOLATED)
_33953_/A2                              6.000000    7.559027   -1.559027 (VIOLATED)
_33954_/A2                              6.000000    7.559027   -1.559027 (VIOLATED)
_32686_/A2                              6.000000    7.559022   -1.559022 (VIOLATED)
_32709_/A2                              6.000000    7.559022   -1.559022 (VIOLATED)
_33666_/A2                              6.000000    7.559023   -1.559023 (VIOLATED)
_33671_/A2                              6.000000    7.559024   -1.559024 (VIOLATED)
_32382_/A2                              6.000000    7.559021   -1.559021 (VIOLATED)
_32383_/A2                              6.000000    7.559021   -1.559021 (VIOLATED)
_33719_/A2                              6.000000    7.559021   -1.559021 (VIOLATED)
_32131_/A2                              6.000000    7.559019   -1.559019 (VIOLATED)
_32132_/A2                              6.000000    7.559019   -1.559019 (VIOLATED)
_32398_/A2                              6.000000    7.559020   -1.559020 (VIOLATED)
_32405_/B1                              6.000000    7.559021   -1.559021 (VIOLATED)
_32141_/A2                              6.000000    7.559016   -1.559016 (VIOLATED)
_32440_/A2                              6.000000    7.559016   -1.559016 (VIOLATED)
_32289_/A2                              6.000000    7.559000   -1.559000 (VIOLATED)
_32517_/A2                              6.000000    7.559001   -1.559001 (VIOLATED)
_32534_/A2                              6.000000    7.559001   -1.559001 (VIOLATED)
_32749_/A2                              6.000000    7.558999   -1.558999 (VIOLATED)
_32760_/A2                              6.000000    7.559000   -1.559000 (VIOLATED)
_32824_/A2                              6.000000    7.558982   -1.558982 (VIOLATED)
_32875_/A2                              6.000000    7.558981   -1.558981 (VIOLATED)
_32876_/A2                              6.000000    7.558981   -1.558981 (VIOLATED)
_32891_/A2                              6.000000    7.558981   -1.558981 (VIOLATED)
_33469_/A2                              6.000000    7.558980   -1.558981 (VIOLATED)
_33480_/A2                              6.000000    7.558980   -1.558980 (VIOLATED)
_32944_/A2                              6.000000    7.558978   -1.558978 (VIOLATED)
_33331_/A2                              6.000000    7.558977   -1.558977 (VIOLATED)
_33332_/A2                              6.000000    7.558978   -1.558978 (VIOLATED)
_17871_/I                               6.000000    7.558920   -1.558920 (VIOLATED)
_32180_/A2                              6.000000    7.558920   -1.558920 (VIOLATED)
_35327_/Q                               6.000000    7.558920   -1.558920 (VIOLATED)
_18033_/ZN                              6.000000    7.515905   -1.515906 (VIOLATED)
_18037_/A2                              6.000000    7.515905   -1.515906 (VIOLATED)
_18067_/A1                              6.000000    7.515905   -1.515906 (VIOLATED)
_18353_/A2                              6.000000    7.515905   -1.515906 (VIOLATED)
_19061_/B                               6.000000    7.515905   -1.515906 (VIOLATED)
_19064_/B2                              6.000000    7.515905   -1.515906 (VIOLATED)
_19162_/B                               6.000000    7.515905   -1.515906 (VIOLATED)
_19163_/A2                              6.000000    7.515905   -1.515906 (VIOLATED)
_19217_/B                               6.000000    7.515905   -1.515906 (VIOLATED)
_19218_/A2                              6.000000    7.515905   -1.515906 (VIOLATED)
_19307_/A2                              6.000000    7.515905   -1.515906 (VIOLATED)
_19949_/A1                              6.000000    7.515905   -1.515906 (VIOLATED)
_19985_/A2                              6.000000    7.515905   -1.515906 (VIOLATED)
_20085_/A2                              6.000000    7.515905   -1.515906 (VIOLATED)
_20119_/B                               6.000000    7.515905   -1.515906 (VIOLATED)
_20120_/A2                              6.000000    7.515905   -1.515906 (VIOLATED)
_25057_/A1                              6.000000    7.515905   -1.515906 (VIOLATED)
_25060_/A1                              6.000000    7.515905   -1.515906 (VIOLATED)
_25063_/A1                              6.000000    7.515905   -1.515906 (VIOLATED)
_18016_/ZN                              6.000000    7.513233   -1.513233 (VIOLATED)
_18019_/B1                              6.000000    7.513233   -1.513233 (VIOLATED)
_18053_/B1                              6.000000    7.513233   -1.513233 (VIOLATED)
_18134_/A2                              6.000000    7.513233   -1.513233 (VIOLATED)
_18226_/A2                              6.000000    7.513233   -1.513233 (VIOLATED)
_18241_/B1                              6.000000    7.513233   -1.513233 (VIOLATED)
_18309_/A2                              6.000000    7.513233   -1.513233 (VIOLATED)
_18357_/A2                              6.000000    7.513233   -1.513233 (VIOLATED)
_18374_/A2                              6.000000    7.513233   -1.513233 (VIOLATED)
_18394_/B1                              6.000000    7.513233   -1.513233 (VIOLATED)
_19052_/A1                              6.000000    7.513233   -1.513233 (VIOLATED)
_19088_/C                               6.000000    7.513233   -1.513233 (VIOLATED)
_19115_/A2                              6.000000    7.513233   -1.513233 (VIOLATED)
_19157_/B1                              6.000000    7.513233   -1.513233 (VIOLATED)
_19178_/A2                              6.000000    7.513233   -1.513233 (VIOLATED)
_19210_/A2                              6.000000    7.513233   -1.513233 (VIOLATED)
_19256_/B1                              6.000000    7.513233   -1.513233 (VIOLATED)
_19273_/B1                              6.000000    7.513233   -1.513233 (VIOLATED)
_19939_/C2                              6.000000    7.513233   -1.513233 (VIOLATED)
_19978_/B                               6.000000    7.513233   -1.513233 (VIOLATED)
_20060_/B1                              6.000000    7.513233   -1.513233 (VIOLATED)
_20079_/B1                              6.000000    7.513233   -1.513233 (VIOLATED)
_20161_/B1                              6.000000    7.513233   -1.513233 (VIOLATED)
_20181_/A2                              6.000000    7.513233   -1.513233 (VIOLATED)
_20203_/A2                              6.000000    7.513233   -1.513233 (VIOLATED)
_25002_/A1                              6.000000    7.513233   -1.513233 (VIOLATED)
_25005_/A1                              6.000000    7.513233   -1.513233 (VIOLATED)
_25008_/A1                              6.000000    7.513233   -1.513233 (VIOLATED)
_18001_/ZN                              6.000000    7.456429   -1.456430 (VIOLATED)
_18067_/B2                              6.000000    7.456429   -1.456430 (VIOLATED)
_18380_/A2                              6.000000    7.456429   -1.456430 (VIOLATED)
_19061_/A1                              6.000000    7.456429   -1.456430 (VIOLATED)
_19162_/A2                              6.000000    7.456429   -1.456430 (VIOLATED)
_19182_/A2                              6.000000    7.456429   -1.456430 (VIOLATED)
_19217_/A2                              6.000000    7.456429   -1.456430 (VIOLATED)
_19262_/A2                              6.000000    7.456429   -1.456430 (VIOLATED)
_19280_/A2                              6.000000    7.456429   -1.456430 (VIOLATED)
_19944_/B                               6.000000    7.456429   -1.456430 (VIOLATED)
_19984_/A2                              6.000000    7.456429   -1.456430 (VIOLATED)
_20013_/A2                              6.000000    7.456429   -1.456430 (VIOLATED)
_20119_/A2                              6.000000    7.456429   -1.456430 (VIOLATED)
_20167_/A2                              6.000000    7.456429   -1.456430 (VIOLATED)
_25048_/A1                              6.000000    7.456429   -1.456430 (VIOLATED)
_25052_/A1                              6.000000    7.456429   -1.456430 (VIOLATED)
_25054_/A1                              6.000000    7.456429   -1.456430 (VIOLATED)
_34509_/B1                              6.000000    7.430814   -1.430815 (VIOLATED)
_34301_/A2                              6.000000    7.430812   -1.430812 (VIOLATED)
_34626_/A2                              6.000000    7.430813   -1.430813 (VIOLATED)
_34160_/A2                              6.000000    7.430809   -1.430809 (VIOLATED)
_34162_/A2                              6.000000    7.430809   -1.430809 (VIOLATED)
_34578_/A2                              6.000000    7.430810   -1.430811 (VIOLATED)
_34164_/A2                              6.000000    7.430809   -1.430809 (VIOLATED)
_34422_/A2                              6.000000    7.430802   -1.430802 (VIOLATED)
_34683_/A2                              6.000000    7.430802   -1.430803 (VIOLATED)
_34299_/A2                              6.000000    7.430799   -1.430799 (VIOLATED)
_34508_/A2                              6.000000    7.430800   -1.430801 (VIOLATED)
_34577_/A2                              6.000000    7.430798   -1.430798 (VIOLATED)
_34625_/A2                              6.000000    7.430795   -1.430796 (VIOLATED)
_34228_/A2                              6.000000    7.430734   -1.430734 (VIOLATED)
_34098_/A2                              6.000000    7.430638   -1.430638 (VIOLATED)
_33802_/A2                              6.000000    7.430610   -1.430610 (VIOLATED)
_33809_/A2                              6.000000    7.430610   -1.430610 (VIOLATED)
_33894_/A2                              6.000000    7.430595   -1.430595 (VIOLATED)
_33720_/A2                              6.000000    7.430571   -1.430571 (VIOLATED)
_33737_/A2                              6.000000    7.430570   -1.430570 (VIOLATED)
_33602_/A2                              6.000000    7.430557   -1.430557 (VIOLATED)
_33536_/A2                              6.000000    7.430545   -1.430545 (VIOLATED)
_33537_/A2                              6.000000    7.430542   -1.430542 (VIOLATED)
_33667_/A2                              6.000000    7.430540   -1.430540 (VIOLATED)
_32442_/A2                              6.000000    7.430511   -1.430512 (VIOLATED)
_32443_/A2                              6.000000    7.430511   -1.430512 (VIOLATED)
_32458_/A2                              6.000000    7.430511   -1.430511 (VIOLATED)
_32133_/A2                              6.000000    7.430506   -1.430506 (VIOLATED)
_32630_/A2                              6.000000    7.430480   -1.430481 (VIOLATED)
_32306_/A2                              6.000000    7.430473   -1.430473 (VIOLATED)
_32759_/A2                              6.000000    7.430461   -1.430461 (VIOLATED)
_32834_/A2                              6.000000    7.430449   -1.430449 (VIOLATED)
_32533_/B                               6.000000    7.430438   -1.430438 (VIOLATED)
_32946_/A2                              6.000000    7.430396   -1.430396 (VIOLATED)
_32947_/A2                              6.000000    7.430396   -1.430396 (VIOLATED)
_33344_/A2                              6.000000    7.430397   -1.430397 (VIOLATED)
_33027_/A2                              6.000000    7.430389   -1.430390 (VIOLATED)
_33101_/A2                              6.000000    7.430391   -1.430391 (VIOLATED)
_33269_/A2                              6.000000    7.430390   -1.430390 (VIOLATED)
_33406_/A2                              6.000000    7.430391   -1.430391 (VIOLATED)
_33479_/A2                              6.000000    7.430389   -1.430390 (VIOLATED)
_33481_/A2                              6.000000    7.430389   -1.430389 (VIOLATED)
_33346_/A2                              6.000000    7.430382   -1.430382 (VIOLATED)
_17872_/ZN                              6.000000    7.430339   -1.430339 (VIOLATED)
_30822_/A1                              6.000000    7.430339   -1.430339 (VIOLATED)
_33896_/B1                              6.000000    7.430339   -1.430339 (VIOLATED)
_34230_/A2                              6.000000    7.430339   -1.430339 (VIOLATED)
_18077_/B                               6.000000    7.395343   -1.395343 (VIOLATED)
_18092_/A2                              6.000000    7.395343   -1.395343 (VIOLATED)
_18485_/A2                              6.000000    7.395343   -1.395343 (VIOLATED)
_20870_/B                               6.000000    7.395343   -1.395343 (VIOLATED)
_20871_/A2                              6.000000    7.395343   -1.395343 (VIOLATED)
_18541_/A2                              6.000000    7.395339   -1.395339 (VIOLATED)
_20839_/A2                              6.000000    7.395340   -1.395340 (VIOLATED)
_21155_/A2                              6.000000    7.395338   -1.395338 (VIOLATED)
_21219_/A2                              6.000000    7.395338   -1.395338 (VIOLATED)
_23333_/A2                              6.000000    7.395339   -1.395339 (VIOLATED)
_23634_/A2                              6.000000    7.395339   -1.395339 (VIOLATED)
_23691_/A2                              6.000000    7.395339   -1.395340 (VIOLATED)
_17933_/B                               6.000000    7.395333   -1.395333 (VIOLATED)
_18117_/A2                              6.000000    7.395325   -1.395325 (VIOLATED)
_17927_/ZN                              6.000000    7.395293   -1.395293 (VIOLATED)
_18189_/A1                              6.000000    7.395293   -1.395293 (VIOLATED)
_18258_/A2                              6.000000    7.395293   -1.395293 (VIOLATED)
_20903_/A2                              6.000000    7.395293   -1.395293 (VIOLATED)
_20925_/A2                              6.000000    7.395293   -1.395293 (VIOLATED)
_20996_/B                               6.000000    7.395293   -1.395293 (VIOLATED)
_21006_/A2                              6.000000    7.395293   -1.395293 (VIOLATED)
_21025_/A2                              6.000000    7.395293   -1.395293 (VIOLATED)
_23363_/A2                              6.000000    7.395293   -1.395293 (VIOLATED)
_23385_/B                               6.000000    7.395293   -1.395293 (VIOLATED)
_25142_/A2                              6.000000    7.376063   -1.376063 (VIOLATED)
_25233_/A2                              6.000000    7.376063   -1.376063 (VIOLATED)
_25286_/A2                              6.000000    7.376063   -1.376064 (VIOLATED)
_25296_/A2                              6.000000    7.376064   -1.376064 (VIOLATED)
_25978_/A2                              6.000000    7.376062   -1.376062 (VIOLATED)
_25212_/A2                              6.000000    7.376060   -1.376060 (VIOLATED)
_25216_/A2                              6.000000    7.376056   -1.376057 (VIOLATED)
_25265_/A2                              6.000000    7.376057   -1.376058 (VIOLATED)
_25952_/A2                              6.000000    7.376057   -1.376057 (VIOLATED)
_25085_/ZN                              6.000000    7.376034   -1.376034 (VIOLATED)
_25104_/A2                              6.000000    7.376034   -1.376034 (VIOLATED)
_25110_/A2                              6.000000    7.376034   -1.376034 (VIOLATED)
_25111_/A2                              6.000000    7.376034   -1.376034 (VIOLATED)
_25367_/A2                              6.000000    7.376034   -1.376034 (VIOLATED)
_25466_/A2                              6.000000    7.376034   -1.376034 (VIOLATED)
_25474_/A2                              6.000000    7.376034   -1.376034 (VIOLATED)
_25484_/A2                              6.000000    7.376034   -1.376034 (VIOLATED)
_25487_/A2                              6.000000    7.376034   -1.376034 (VIOLATED)
_25489_/A2                              6.000000    7.376034   -1.376034 (VIOLATED)
_25507_/A2                              6.000000    7.376034   -1.376034 (VIOLATED)
_25515_/A2                              6.000000    7.376034   -1.376034 (VIOLATED)
_25565_/A2                              6.000000    7.376034   -1.376034 (VIOLATED)
_25598_/A2                              6.000000    7.376034   -1.376034 (VIOLATED)
_25675_/A2                              6.000000    7.376034   -1.376034 (VIOLATED)
_25695_/A2                              6.000000    7.376034   -1.376034 (VIOLATED)
_25483_/A2                              6.000000    7.256184   -1.256184 (VIOLATED)
_25653_/A2                              6.000000    7.256184   -1.256184 (VIOLATED)
_25710_/A1                              6.000000    7.256184   -1.256184 (VIOLATED)
_25711_/A1                              6.000000    7.256184   -1.256184 (VIOLATED)
_25904_/A2                              6.000000    7.256184   -1.256184 (VIOLATED)
_25932_/A2                              6.000000    7.256184   -1.256184 (VIOLATED)
_26050_/A1                              6.000000    7.256183   -1.256183 (VIOLATED)
_26260_/A2                              6.000000    7.256184   -1.256184 (VIOLATED)
_26052_/A1                              6.000000    7.256182   -1.256182 (VIOLATED)
_26089_/A1                              6.000000    7.256182   -1.256182 (VIOLATED)
_26091_/A1                              6.000000    7.256182   -1.256182 (VIOLATED)
_25482_/ZN                              6.000000    7.256177   -1.256177 (VIOLATED)
_34681_/A2                              6.000000    7.195519   -1.195519 (VIOLATED)
_34698_/A2                              6.000000    7.195519   -1.195519 (VIOLATED)
_34349_/A2                              6.000000    7.195515   -1.195515 (VIOLATED)
_34412_/A2                              6.000000    7.195512   -1.195512 (VIOLATED)
_34413_/A2                              6.000000    7.195511   -1.195512 (VIOLATED)
_34498_/A2                              6.000000    7.195510   -1.195510 (VIOLATED)
_34618_/A2                              6.000000    7.195504   -1.195505 (VIOLATED)
_34568_/A2                              6.000000    7.195500   -1.195501 (VIOLATED)
_34289_/A2                              6.000000    7.195498   -1.195499 (VIOLATED)
_34290_/A2                              6.000000    7.195498   -1.195498 (VIOLATED)
_34219_/A2                              6.000000    7.195451   -1.195451 (VIOLATED)
_34220_/A2                              6.000000    7.195450   -1.195450 (VIOLATED)
_34231_/A3                              6.000000    7.195449   -1.195449 (VIOLATED)
_34089_/A2                              6.000000    7.195370   -1.195371 (VIOLATED)
_34101_/A2                              6.000000    7.195369   -1.195370 (VIOLATED)
_33800_/A2                              6.000000    7.195362   -1.195363 (VIOLATED)
_33884_/A2                              6.000000    7.195349   -1.195349 (VIOLATED)
_33896_/A2                              6.000000    7.195349   -1.195349 (VIOLATED)
_33897_/A2                              6.000000    7.195349   -1.195349 (VIOLATED)
_33885_/A2                              6.000000    7.195343   -1.195343 (VIOLATED)
_34018_/A2                              6.000000    7.195318   -1.195319 (VIOLATED)
_34019_/A2                              6.000000    7.195318   -1.195319 (VIOLATED)
_33585_/A2                              6.000000    7.195315   -1.195315 (VIOLATED)
_33586_/A2                              6.000000    7.195315   -1.195315 (VIOLATED)
_33668_/A2                              6.000000    7.195314   -1.195314 (VIOLATED)
_33718_/A2                              6.000000    7.195315   -1.195315 (VIOLATED)
_33952_/A2                              6.000000    7.195314   -1.195315 (VIOLATED)
_32381_/A2                              6.000000    7.195312   -1.195313 (VIOLATED)
_32685_/A2                              6.000000    7.195312   -1.195313 (VIOLATED)
_32704_/A2                              6.000000    7.195313   -1.195314 (VIOLATED)
_32439_/A2                              6.000000    7.195309   -1.195309 (VIOLATED)
_32288_/A2                              6.000000    7.195298   -1.195298 (VIOLATED)
_32516_/A2                              6.000000    7.195294   -1.195294 (VIOLATED)
_32533_/A2                              6.000000    7.195290   -1.195290 (VIOLATED)
_32750_/A2                              6.000000    7.195284   -1.195285 (VIOLATED)
_32619_/A2                              6.000000    7.195283   -1.195283 (VIOLATED)
_32621_/A2                              6.000000    7.195283   -1.195283 (VIOLATED)
_32825_/A2                              6.000000    7.195273   -1.195273 (VIOLATED)
_33024_/A2                              6.000000    7.195261   -1.195261 (VIOLATED)
_33025_/A2                              6.000000    7.195261   -1.195261 (VIOLATED)
_33083_/A2                              6.000000    7.195260   -1.195260 (VIOLATED)
_33084_/A2                              6.000000    7.195260   -1.195260 (VIOLATED)
_33388_/A2                              6.000000    7.195260   -1.195260 (VIOLATED)
_33389_/A2                              6.000000    7.195260   -1.195260 (VIOLATED)
_33251_/A2                              6.000000    7.195259   -1.195259 (VIOLATED)
_33252_/A2                              6.000000    7.195259   -1.195259 (VIOLATED)
_32943_/A2                              6.000000    7.195256   -1.195256 (VIOLATED)
_32945_/A2                              6.000000    7.195256   -1.195256 (VIOLATED)
_33175_/A2                              6.000000    7.195257   -1.195257 (VIOLATED)
_33177_/A2                              6.000000    7.195257   -1.195257 (VIOLATED)
_33330_/A2                              6.000000    7.195252   -1.195253 (VIOLATED)
_17871_/ZN                              6.000000    7.195230   -1.195230 (VIOLATED)
_30824_/A1                              6.000000    7.195230   -1.195230 (VIOLATED)
_25158_/A2                              6.000000    6.873786   -0.873786 (VIOLATED)
_25159_/A2                              6.000000    6.873786   -0.873786 (VIOLATED)
_25984_/A2                              6.000000    6.873785   -0.873785 (VIOLATED)
_25282_/A2                              6.000000    6.873781   -0.873782 (VIOLATED)
_25372_/A2                              6.000000    6.873778   -0.873778 (VIOLATED)
_25567_/A2                              6.000000    6.873779   -0.873779 (VIOLATED)
_25137_/A2                              6.000000    6.873775   -0.873776 (VIOLATED)
_25138_/A2                              6.000000    6.873775   -0.873776 (VIOLATED)
_25273_/A2                              6.000000    6.873775   -0.873775 (VIOLATED)
_25973_/A2                              6.000000    6.873774   -0.873774 (VIOLATED)
_25964_/A2                              6.000000    6.873773   -0.873773 (VIOLATED)
_25124_/A2                              6.000000    6.873769   -0.873770 (VIOLATED)
_25365_/A2                              6.000000    6.873766   -0.873766 (VIOLATED)
_25580_/A2                              6.000000    6.873755   -0.873756 (VIOLATED)
_25691_/A2                              6.000000    6.873751   -0.873751 (VIOLATED)
_25083_/ZN                              6.000000    6.873729   -0.873729 (VIOLATED)
_25099_/A2                              6.000000    6.873729   -0.873729 (VIOLATED)
_25456_/A2                              6.000000    6.873729   -0.873729 (VIOLATED)
_25497_/A2                              6.000000    6.873729   -0.873729 (VIOLATED)
_25505_/A2                              6.000000    6.873729   -0.873729 (VIOLATED)
_25658_/A2                              6.000000    6.873729   -0.873729 (VIOLATED)
_33416_/ZN                              6.000000    6.808847   -0.808848 (VIOLATED)
_33418_/A2                              6.000000    6.808847   -0.808848 (VIOLATED)
_34522_/ZN                              6.000000    6.770195   -0.770195 (VIOLATED)
_34524_/A2                              6.000000    6.770195   -0.770195 (VIOLATED)
_17669_/ZN                              6.000000    6.704330   -0.704330 (VIOLATED)
_19079_/A1                              6.000000    6.704330   -0.704330 (VIOLATED)
_19086_/C                               6.000000    6.704330   -0.704330 (VIOLATED)
_19148_/C                               6.000000    6.704330   -0.704330 (VIOLATED)
_19976_/C                               6.000000    6.704330   -0.704330 (VIOLATED)
_20098_/C                               6.000000    6.704330   -0.704330 (VIOLATED)
_20974_/C                               6.000000    6.704330   -0.704330 (VIOLATED)
_21755_/C                               6.000000    6.704330   -0.704330 (VIOLATED)
_21791_/A1                              6.000000    6.704330   -0.704330 (VIOLATED)
_21874_/B                               6.000000    6.704330   -0.704330 (VIOLATED)
_23342_/A1                              6.000000    6.704330   -0.704330 (VIOLATED)
_23346_/B                               6.000000    6.704330   -0.704330 (VIOLATED)
_23442_/C                               6.000000    6.704330   -0.704330 (VIOLATED)
_24258_/A1                              6.000000    6.704330   -0.704330 (VIOLATED)
_25076_/B                               6.000000    6.704330   -0.704330 (VIOLATED)
_34341_/B1                              6.000000    6.689191   -0.689191 (VIOLATED)
_34350_/A2                              6.000000    6.689191   -0.689191 (VIOLATED)
_34688_/B1                              6.000000    6.689188   -0.689189 (VIOLATED)
_34702_/B1                              6.000000    6.689189   -0.689189 (VIOLATED)
_34571_/B1                              6.000000    6.689184   -0.689184 (VIOLATED)
_34620_/B                               6.000000    6.689168   -0.689168 (VIOLATED)
_34416_/B1                              6.000000    6.689166   -0.689166 (VIOLATED)
_34502_/B1                              6.000000    6.689165   -0.689165 (VIOLATED)
_34293_/B1                              6.000000    6.689160   -0.689160 (VIOLATED)
_34223_/B                               6.000000    6.689121   -0.689121 (VIOLATED)
_34092_/B1                              6.000000    6.689059   -0.689059 (VIOLATED)
_33804_/B                               6.000000    6.689034   -0.689034 (VIOLATED)
_33887_/B1                              6.000000    6.689028   -0.689028 (VIOLATED)
_33531_/B                               6.000000    6.689006   -0.689006 (VIOLATED)
_33597_/A2                              6.000000    6.688981   -0.688981 (VIOLATED)
_33676_/B1                              6.000000    6.688970   -0.688970 (VIOLATED)
_33683_/C1                              6.000000    6.688965   -0.688965 (VIOLATED)
_32135_/B                               6.000000    6.688936   -0.688936 (VIOLATED)
_33964_/B1                              6.000000    6.688931   -0.688932 (VIOLATED)
_33974_/A2                              6.000000    6.688931   -0.688932 (VIOLATED)
_33732_/A2                              6.000000    6.688930   -0.688930 (VIOLATED)
_33741_/A2                              6.000000    6.688930   -0.688930 (VIOLATED)
_32393_/B1                              6.000000    6.688927   -0.688927 (VIOLATED)
_32403_/A2                              6.000000    6.688927   -0.688927 (VIOLATED)
_32460_/A2                              6.000000    6.688926   -0.688926 (VIOLATED)
_32624_/B                               6.000000    6.688925   -0.688925 (VIOLATED)
_32301_/A2                              6.000000    6.688919   -0.688919 (VIOLATED)
_32312_/A2                              6.000000    6.688919   -0.688919 (VIOLATED)
_32539_/A2                              6.000000    6.688915   -0.688915 (VIOLATED)
_32753_/B1                              6.000000    6.688914   -0.688914 (VIOLATED)
_32528_/A2                              6.000000    6.688913   -0.688913 (VIOLATED)
_32828_/B1                              6.000000    6.688901   -0.688901 (VIOLATED)
_17878_/ZN                              6.000000    6.688832   -0.688832 (VIOLATED)
_30810_/A1                              6.000000    6.688832   -0.688832 (VIOLATED)
_32897_/C1                              6.000000    6.688832   -0.688832 (VIOLATED)
_33038_/A2                              6.000000    6.688832   -0.688832 (VIOLATED)
_33047_/B1                              6.000000    6.688832   -0.688832 (VIOLATED)
_33096_/A2                              6.000000    6.688832   -0.688832 (VIOLATED)
_33107_/A2                              6.000000    6.688832   -0.688832 (VIOLATED)
_33169_/B1                              6.000000    6.688832   -0.688832 (VIOLATED)
_33264_/A2                              6.000000    6.688832   -0.688832 (VIOLATED)
_33275_/A2                              6.000000    6.688832   -0.688832 (VIOLATED)
_33340_/B                               6.000000    6.688832   -0.688832 (VIOLATED)
_33472_/B1                              6.000000    6.688832   -0.688832 (VIOLATED)
_32904_/ZN                              6.000000    6.675273   -0.675273 (VIOLATED)
_32907_/A2                              6.000000    6.675273   -0.675273 (VIOLATED)
_18028_/ZN                              6.000000    6.665315   -0.665315 (VIOLATED)
_18030_/B                               6.000000    6.665315   -0.665315 (VIOLATED)
_18031_/A2                              6.000000    6.665315   -0.665315 (VIOLATED)
_18060_/C                               6.000000    6.665315   -0.665315 (VIOLATED)
_18063_/A1                              6.000000    6.665315   -0.665315 (VIOLATED)
_18228_/B                               6.000000    6.665315   -0.665315 (VIOLATED)
_18379_/A2                              6.000000    6.665315   -0.665315 (VIOLATED)
_19057_/C                               6.000000    6.665315   -0.665315 (VIOLATED)
_19058_/A1                              6.000000    6.665315   -0.665315 (VIOLATED)
_19181_/A2                              6.000000    6.665315   -0.665315 (VIOLATED)
_19261_/A2                              6.000000    6.665315   -0.665315 (VIOLATED)
_19278_/B1                              6.000000    6.665315   -0.665315 (VIOLATED)
_19305_/A2                              6.000000    6.665315   -0.665315 (VIOLATED)
_19982_/B1                              6.000000    6.665315   -0.665315 (VIOLATED)
_20012_/A2                              6.000000    6.665315   -0.665315 (VIOLATED)
_20082_/B                               6.000000    6.665315   -0.665315 (VIOLATED)
_20083_/A2                              6.000000    6.665315   -0.665315 (VIOLATED)
_20166_/A2                              6.000000    6.665315   -0.665315 (VIOLATED)
_20186_/A2                              6.000000    6.665315   -0.665315 (VIOLATED)
_20208_/A2                              6.000000    6.665315   -0.665315 (VIOLATED)
_25040_/A1                              6.000000    6.665315   -0.665315 (VIOLATED)
_25043_/A1                              6.000000    6.665315   -0.665315 (VIOLATED)
_25046_/A1                              6.000000    6.665315   -0.665315 (VIOLATED)
_31544_/ZN                              6.000000    6.658521   -0.658521 (VIOLATED)
_31548_/S                               6.000000    6.658521   -0.658521 (VIOLATED)
_31552_/S                               6.000000    6.658521   -0.658521 (VIOLATED)
_31556_/A2                              6.000000    6.658521   -0.658521 (VIOLATED)
_31560_/S                               6.000000    6.658521   -0.658521 (VIOLATED)
_31564_/S                               6.000000    6.658521   -0.658521 (VIOLATED)
_31568_/S                               6.000000    6.658521   -0.658521 (VIOLATED)
_31572_/S                               6.000000    6.658521   -0.658521 (VIOLATED)
_31576_/S                               6.000000    6.658521   -0.658521 (VIOLATED)
_31579_/S                               6.000000    6.658521   -0.658521 (VIOLATED)
_31583_/S                               6.000000    6.658521   -0.658521 (VIOLATED)
_31587_/S                               6.000000    6.658521   -0.658521 (VIOLATED)
_31591_/S                               6.000000    6.658521   -0.658521 (VIOLATED)
_31595_/S                               6.000000    6.658521   -0.658521 (VIOLATED)
_31599_/A2                              6.000000    6.658521   -0.658521 (VIOLATED)
_31603_/S                               6.000000    6.658521   -0.658521 (VIOLATED)
_31607_/S                               6.000000    6.658521   -0.658521 (VIOLATED)
_31611_/S                               6.000000    6.658521   -0.658521 (VIOLATED)
_31615_/S                               6.000000    6.658521   -0.658521 (VIOLATED)
_31619_/S                               6.000000    6.658521   -0.658521 (VIOLATED)
_31623_/S                               6.000000    6.658521   -0.658521 (VIOLATED)
_31627_/S                               6.000000    6.658521   -0.658521 (VIOLATED)
_31631_/S                               6.000000    6.658521   -0.658521 (VIOLATED)
_31635_/S                               6.000000    6.658521   -0.658521 (VIOLATED)
_34599_/A1                              6.000000    6.648502   -0.648503 (VIOLATED)
_34201_/A1                              6.000000    6.648501   -0.648502 (VIOLATED)
_34386_/A1                              6.000000    6.648502   -0.648502 (VIOLATED)
_34260_/A1                              6.000000    6.648501   -0.648501 (VIOLATED)
_34319_/A1                              6.000000    6.648501   -0.648501 (VIOLATED)
_33774_/A1                              6.000000    6.648488   -0.648488 (VIOLATED)
_32228_/ZN                              6.000000    6.648462   -0.648463 (VIOLATED)
_32231_/A1                              6.000000    6.648462   -0.648463 (VIOLATED)
_32425_/A1                              6.000000    6.648462   -0.648463 (VIOLATED)
_32493_/A1                              6.000000    6.648462   -0.648463 (VIOLATED)
_32731_/A1                              6.000000    6.648462   -0.648463 (VIOLATED)
_32925_/A1                              6.000000    6.648462   -0.648463 (VIOLATED)
_33069_/A1                              6.000000    6.648462   -0.648463 (VIOLATED)
_33369_/A1                              6.000000    6.648462   -0.648463 (VIOLATED)
_33565_/A1                              6.000000    6.648462   -0.648463 (VIOLATED)
_33704_/A1                              6.000000    6.648462   -0.648463 (VIOLATED)
_34000_/A1                              6.000000    6.648462   -0.648463 (VIOLATED)
_17936_/ZN                              6.000000    6.643172   -0.643172 (VIOLATED)
_18156_/B                               6.000000    6.643172   -0.643172 (VIOLATED)
_18166_/A2                              6.000000    6.643172   -0.643172 (VIOLATED)
_18210_/A1                              6.000000    6.643172   -0.643172 (VIOLATED)
_18267_/A2                              6.000000    6.643172   -0.643172 (VIOLATED)
_18281_/B                               6.000000    6.643172   -0.643172 (VIOLATED)
_18292_/A2                              6.000000    6.643172   -0.643172 (VIOLATED)
_18473_/B                               6.000000    6.643172   -0.643172 (VIOLATED)
_20846_/B                               6.000000    6.643172   -0.643172 (VIOLATED)
_20848_/A2                              6.000000    6.643172   -0.643172 (VIOLATED)
_20939_/A2                              6.000000    6.643172   -0.643172 (VIOLATED)
_20997_/B                               6.000000    6.643172   -0.643172 (VIOLATED)
_21170_/A2                              6.000000    6.643172   -0.643172 (VIOLATED)
_21230_/A2                              6.000000    6.643172   -0.643172 (VIOLATED)
_23308_/A2                              6.000000    6.643172   -0.643172 (VIOLATED)
_23386_/B                               6.000000    6.643172   -0.643172 (VIOLATED)
_23434_/C                               6.000000    6.643172   -0.643172 (VIOLATED)
_23435_/A1                              6.000000    6.643172   -0.643172 (VIOLATED)
_23464_/B                               6.000000    6.643172   -0.643172 (VIOLATED)
_23481_/B                               6.000000    6.643172   -0.643172 (VIOLATED)
_23490_/A2                              6.000000    6.643172   -0.643172 (VIOLATED)
_23632_/A2                              6.000000    6.643172   -0.643172 (VIOLATED)
_23689_/A2                              6.000000    6.643172   -0.643172 (VIOLATED)
_25461_/A1                              6.000000    6.643172   -0.643172 (VIOLATED)
_33486_/ZN                              6.000000    6.633341   -0.633341 (VIOLATED)
_33488_/A2                              6.000000    6.633341   -0.633341 (VIOLATED)
_29764_/S                               6.000000    6.595630   -0.595630 (VIOLATED)
_29765_/S                               6.000000    6.595631   -0.595631 (VIOLATED)
_29768_/S                               6.000000    6.595630   -0.595630 (VIOLATED)
_29767_/S                               6.000000    6.595629   -0.595629 (VIOLATED)
_29772_/S                               6.000000    6.595627   -0.595627 (VIOLATED)
_29773_/S                               6.000000    6.595627   -0.595628 (VIOLATED)
_29776_/S                               6.000000    6.595625   -0.595626 (VIOLATED)
_29775_/S                               6.000000    6.595624   -0.595624 (VIOLATED)
_29781_/S                               6.000000    6.595623   -0.595623 (VIOLATED)
_29780_/S                               6.000000    6.595621   -0.595621 (VIOLATED)
_29784_/S                               6.000000    6.595618   -0.595618 (VIOLATED)
_29783_/S                               6.000000    6.595615   -0.595616 (VIOLATED)
_29789_/S                               6.000000    6.595611   -0.595611 (VIOLATED)
_29788_/S                               6.000000    6.595606   -0.595606 (VIOLATED)
_29746_/ZN                              6.000000    6.595585   -0.595585 (VIOLATED)
_29747_/S                               6.000000    6.595585   -0.595585 (VIOLATED)
_29748_/A2                              6.000000    6.595585   -0.595585 (VIOLATED)
_29749_/A2                              6.000000    6.595585   -0.595585 (VIOLATED)
_29751_/S                               6.000000    6.595585   -0.595585 (VIOLATED)
_29752_/S                               6.000000    6.595585   -0.595585 (VIOLATED)
_29755_/S                               6.000000    6.595585   -0.595585 (VIOLATED)
_29756_/S                               6.000000    6.595585   -0.595585 (VIOLATED)
_29758_/S                               6.000000    6.595585   -0.595585 (VIOLATED)
_29759_/S                               6.000000    6.595585   -0.595585 (VIOLATED)
_29791_/A2                              6.000000    6.595585   -0.595585 (VIOLATED)
_29793_/S                               6.000000    6.595585   -0.595585 (VIOLATED)
_29804_/A2                              6.000000    6.595585   -0.595585 (VIOLATED)
_31723_/S                               6.000000    6.594868   -0.594868 (VIOLATED)
_31717_/S                               6.000000    6.594867   -0.594867 (VIOLATED)
_31714_/S                               6.000000    6.594865   -0.594866 (VIOLATED)
_31726_/S                               6.000000    6.594864   -0.594865 (VIOLATED)
_31720_/S                               6.000000    6.594862   -0.594862 (VIOLATED)
_31729_/A2                              6.000000    6.594853   -0.594853 (VIOLATED)
_31732_/S                               6.000000    6.594846   -0.594846 (VIOLATED)
_31735_/S                               6.000000    6.594842   -0.594843 (VIOLATED)
_31737_/S                               6.000000    6.594836   -0.594837 (VIOLATED)
_31740_/S                               6.000000    6.594825   -0.594825 (VIOLATED)
_31743_/A2                              6.000000    6.594824   -0.594824 (VIOLATED)
_31746_/S                               6.000000    6.594819   -0.594819 (VIOLATED)
_31749_/S                               6.000000    6.594810   -0.594810 (VIOLATED)
_31752_/S                               6.000000    6.594803   -0.594803 (VIOLATED)
_31755_/S                               6.000000    6.594797   -0.594797 (VIOLATED)
_31758_/S                               6.000000    6.594790   -0.594791 (VIOLATED)
_31711_/ZN                              6.000000    6.594765   -0.594765 (VIOLATED)
_31761_/S                               6.000000    6.594765   -0.594765 (VIOLATED)
_31764_/S                               6.000000    6.594765   -0.594765 (VIOLATED)
_31767_/S                               6.000000    6.594765   -0.594765 (VIOLATED)
_31770_/S                               6.000000    6.594765   -0.594765 (VIOLATED)
_31773_/S                               6.000000    6.594765   -0.594765 (VIOLATED)
_31776_/S                               6.000000    6.594765   -0.594765 (VIOLATED)
_31779_/A2                              6.000000    6.594765   -0.594765 (VIOLATED)
_32715_/ZN                              6.000000    6.558255   -0.558255 (VIOLATED)
_32717_/A2                              6.000000    6.558255   -0.558255 (VIOLATED)
_34558_/B                               6.000000    6.557067   -0.557067 (VIOLATED)
_34735_/B                               6.000000    6.557067   -0.557067 (VIOLATED)
_34487_/B                               6.000000    6.557066   -0.557066 (VIOLATED)
_34672_/A1                              6.000000    6.557065   -0.557065 (VIOLATED)
_34082_/A1                              6.000000    6.557053   -0.557053 (VIOLATED)
_34136_/B                               6.000000    6.557050   -0.557050 (VIOLATED)
_33943_/B                               6.000000    6.557045   -0.557046 (VIOLATED)
_33873_/A1                              6.000000    6.557044   -0.557044 (VIOLATED)
_32270_/B                               6.000000    6.556991   -0.556991 (VIOLATED)
_32263_/ZN                              6.000000    6.556958   -0.556958 (VIOLATED)
_32604_/B                               6.000000    6.556958   -0.556958 (VIOLATED)
_32676_/B                               6.000000    6.556958   -0.556958 (VIOLATED)
_32812_/A1                              6.000000    6.556958   -0.556958 (VIOLATED)
_32867_/B                               6.000000    6.556958   -0.556958 (VIOLATED)
_33158_/A1                              6.000000    6.556958   -0.556958 (VIOLATED)
_33240_/B                               6.000000    6.556958   -0.556958 (VIOLATED)
_33321_/B                               6.000000    6.556958   -0.556958 (VIOLATED)
_33460_/A1                              6.000000    6.556958   -0.556958 (VIOLATED)
_33517_/B                               6.000000    6.556958   -0.556958 (VIOLATED)
_24197_/S                               6.000000    6.550098   -0.550099 (VIOLATED)
_24201_/A2                              6.000000    6.550097   -0.550098 (VIOLATED)
_24177_/A1                              6.000000    6.550095   -0.550096 (VIOLATED)
_24178_/A2                              6.000000    6.550095   -0.550096 (VIOLATED)
_24173_/A2                              6.000000    6.550094   -0.550094 (VIOLATED)
_24175_/A1                              6.000000    6.550094   -0.550094 (VIOLATED)
_24169_/S                               6.000000    6.550092   -0.550092 (VIOLATED)
_24161_/A2                              6.000000    6.550089   -0.550089 (VIOLATED)
_24163_/A1                              6.000000    6.550089   -0.550089 (VIOLATED)
_24065_/ZN                              6.000000    6.550049   -0.550049 (VIOLATED)
_24134_/A2                              6.000000    6.550049   -0.550049 (VIOLATED)
_24136_/A1                              6.000000    6.550049   -0.550049 (VIOLATED)
_24137_/A2                              6.000000    6.550049   -0.550049 (VIOLATED)
_24139_/A1                              6.000000    6.550049   -0.550049 (VIOLATED)
_24141_/S                               6.000000    6.550049   -0.550049 (VIOLATED)
_24144_/S                               6.000000    6.550049   -0.550049 (VIOLATED)
_24148_/A2                              6.000000    6.550049   -0.550049 (VIOLATED)
_24150_/A1                              6.000000    6.550049   -0.550049 (VIOLATED)
_24154_/A2                              6.000000    6.550049   -0.550049 (VIOLATED)
_24157_/A1                              6.000000    6.550049   -0.550049 (VIOLATED)
_24205_/A1                              6.000000    6.550049   -0.550049 (VIOLATED)
_18022_/ZN                              6.000000    6.527708   -0.527708 (VIOLATED)
_18132_/A2                              6.000000    6.527708   -0.527708 (VIOLATED)
_18226_/B1                              6.000000    6.527708   -0.527708 (VIOLATED)
_18243_/A2                              6.000000    6.527708   -0.527708 (VIOLATED)
_18309_/B1                              6.000000    6.527708   -0.527708 (VIOLATED)
_18358_/A2                              6.000000    6.527708   -0.527708 (VIOLATED)
_18376_/B1                              6.000000    6.527708   -0.527708 (VIOLATED)
_18393_/A2                              6.000000    6.527708   -0.527708 (VIOLATED)
_19047_/A1                              6.000000    6.527708   -0.527708 (VIOLATED)
_19090_/A2                              6.000000    6.527708   -0.527708 (VIOLATED)
_19115_/B1                              6.000000    6.527708   -0.527708 (VIOLATED)
_19155_/A2                              6.000000    6.527708   -0.527708 (VIOLATED)
_19178_/B1                              6.000000    6.527708   -0.527708 (VIOLATED)
_19212_/A2                              6.000000    6.527708   -0.527708 (VIOLATED)
_19258_/B1                              6.000000    6.527708   -0.527708 (VIOLATED)
_20008_/A2                              6.000000    6.527708   -0.527708 (VIOLATED)
_20059_/A2                              6.000000    6.527708   -0.527708 (VIOLATED)
_20078_/A2                              6.000000    6.527708   -0.527708 (VIOLATED)
_20113_/B1                              6.000000    6.527708   -0.527708 (VIOLATED)
_20163_/B1                              6.000000    6.527708   -0.527708 (VIOLATED)
_20182_/B1                              6.000000    6.527708   -0.527708 (VIOLATED)
_20203_/B                               6.000000    6.527708   -0.527708 (VIOLATED)
_25011_/A1                              6.000000    6.527708   -0.527708 (VIOLATED)
_25014_/A1                              6.000000    6.527708   -0.527708 (VIOLATED)
_25017_/A1                              6.000000    6.527708   -0.527708 (VIOLATED)
_34723_/B                               6.000000    6.524494   -0.524494 (VIOLATED)
_34463_/B                               6.000000    6.524493   -0.524493 (VIOLATED)
_34540_/B                               6.000000    6.524493   -0.524493 (VIOLATED)
_34654_/A1                              6.000000    6.524493   -0.524493 (VIOLATED)
_34258_/A2                              6.000000    6.524491   -0.524491 (VIOLATED)
_34122_/B                               6.000000    6.524473   -0.524473 (VIOLATED)
_34067_/A1                              6.000000    6.524470   -0.524471 (VIOLATED)
_32222_/ZN                              6.000000    6.524447   -0.524448 (VIOLATED)
_32228_/B                               6.000000    6.524447   -0.524448 (VIOLATED)
_32579_/B                               6.000000    6.524447   -0.524448 (VIOLATED)
_32658_/B                               6.000000    6.524447   -0.524448 (VIOLATED)
_32792_/A1                              6.000000    6.524447   -0.524448 (VIOLATED)
_32855_/B                               6.000000    6.524447   -0.524448 (VIOLATED)
_33139_/B                               6.000000    6.524447   -0.524448 (VIOLATED)
_33215_/B                               6.000000    6.524447   -0.524448 (VIOLATED)
_33305_/A1                              6.000000    6.524447   -0.524448 (VIOLATED)
_33442_/A1                              6.000000    6.524447   -0.524448 (VIOLATED)
_33505_/B                               6.000000    6.524447   -0.524448 (VIOLATED)
_33849_/A1                              6.000000    6.524447   -0.524448 (VIOLATED)
_33925_/B                               6.000000    6.524447   -0.524448 (VIOLATED)
_33981_/ZN                              6.000000    6.522179   -0.522179 (VIOLATED)
_33983_/B                               6.000000    6.522179   -0.522179 (VIOLATED)
_32318_/ZN                              6.000000    6.502472   -0.502472 (VIOLATED)
_32320_/A2                              6.000000    6.502472   -0.502472 (VIOLATED)
_32823_/ZN                              6.000000    6.500023   -0.500024 (VIOLATED)
_32838_/B                               6.000000    6.500023   -0.500024 (VIOLATED)
_33769_/A1                              6.000000    6.493947   -0.493947 (VIOLATED)
_34596_/A1                              6.000000    6.493947   -0.493947 (VIOLATED)
_34197_/A1                              6.000000    6.493945   -0.493945 (VIOLATED)
_34316_/A1                              6.000000    6.493944   -0.493944 (VIOLATED)
_32215_/ZN                              6.000000    6.493915   -0.493915 (VIOLATED)
_32218_/A1                              6.000000    6.493915   -0.493915 (VIOLATED)
_32422_/A1                              6.000000    6.493915   -0.493915 (VIOLATED)
_32487_/A1                              6.000000    6.493915   -0.493915 (VIOLATED)
_32727_/A1                              6.000000    6.493915   -0.493915 (VIOLATED)
_32921_/A1                              6.000000    6.493915   -0.493915 (VIOLATED)
_33066_/A1                              6.000000    6.493915   -0.493915 (VIOLATED)
_33134_/A1                              6.000000    6.493915   -0.493915 (VIOLATED)
_33365_/A1                              6.000000    6.493915   -0.493915 (VIOLATED)
_33561_/A1                              6.000000    6.493915   -0.493915 (VIOLATED)
_33701_/A1                              6.000000    6.493915   -0.493915 (VIOLATED)
_33997_/A1                              6.000000    6.493915   -0.493915 (VIOLATED)
_31095_/ZN                              6.000000    6.486940   -0.486941 (VIOLATED)
_31156_/B                               6.000000    6.486940   -0.486941 (VIOLATED)
_31215_/B                               6.000000    6.486940   -0.486941 (VIOLATED)
_31329_/B                               6.000000    6.486940   -0.486941 (VIOLATED)
_31386_/B                               6.000000    6.486940   -0.486941 (VIOLATED)
_31441_/B                               6.000000    6.486940   -0.486941 (VIOLATED)
_31501_/B                               6.000000    6.486940   -0.486941 (VIOLATED)
_34512_/A1                              6.000000    6.486940   -0.486941 (VIOLATED)
_18485_/C                               6.000000    6.472977   -0.472977 (VIOLATED)
_18486_/A2                              6.000000    6.472977   -0.472977 (VIOLATED)
_20873_/A1                              6.000000    6.472978   -0.472978 (VIOLATED)
_18093_/A2                              6.000000    6.472976   -0.472976 (VIOLATED)
_18094_/A1                              6.000000    6.472976   -0.472976 (VIOLATED)
_17972_/A2                              6.000000    6.472972   -0.472973 (VIOLATED)
_20839_/B                               6.000000    6.472972   -0.472972 (VIOLATED)
_21219_/B                               6.000000    6.472967   -0.472967 (VIOLATED)
_17923_/ZN                              6.000000    6.472945   -0.472945 (VIOLATED)
_18117_/C                               6.000000    6.472945   -0.472945 (VIOLATED)
_18214_/A1                              6.000000    6.472945   -0.472945 (VIOLATED)
_18541_/C                               6.000000    6.472945   -0.472945 (VIOLATED)
_20925_/B                               6.000000    6.472945   -0.472945 (VIOLATED)
_21007_/A2                              6.000000    6.472945   -0.472945 (VIOLATED)
_21008_/A1                              6.000000    6.472945   -0.472945 (VIOLATED)
_21025_/B                               6.000000    6.472945   -0.472945 (VIOLATED)
_23333_/C                               6.000000    6.472945   -0.472945 (VIOLATED)
_23363_/C                               6.000000    6.472945   -0.472945 (VIOLATED)
_23402_/A1                              6.000000    6.472945   -0.472945 (VIOLATED)
_33351_/ZN                              6.000000    6.471055   -0.471055 (VIOLATED)
_33352_/A3                              6.000000    6.471055   -0.471055 (VIOLATED)
_31079_/ZN                              6.000000    6.455995   -0.455995 (VIOLATED)
_31081_/C                               6.000000    6.455995   -0.455995 (VIOLATED)
_31146_/A2                              6.000000    6.455995   -0.455995 (VIOLATED)
_31264_/A2                              6.000000    6.455995   -0.455995 (VIOLATED)
_31320_/A2                              6.000000    6.455995   -0.455995 (VIOLATED)
_31376_/A2                              6.000000    6.455995   -0.455995 (VIOLATED)
_31431_/A2                              6.000000    6.455995   -0.455995 (VIOLATED)
_31491_/A2                              6.000000    6.455995   -0.455995 (VIOLATED)
_31651_/S                               6.000000    6.452906   -0.452906 (VIOLATED)
_31648_/S                               6.000000    6.452904   -0.452904 (VIOLATED)
_31654_/S                               6.000000    6.452904   -0.452904 (VIOLATED)
_31645_/A2                              6.000000    6.452901   -0.452901 (VIOLATED)
_31642_/A2                              6.000000    6.452895   -0.452895 (VIOLATED)
_31663_/S                               6.000000    6.452883   -0.452884 (VIOLATED)
_31665_/S                               6.000000    6.452879   -0.452880 (VIOLATED)
_31674_/A2                              6.000000    6.452878   -0.452878 (VIOLATED)
_31657_/S                               6.000000    6.452876   -0.452876 (VIOLATED)
_31660_/S                               6.000000    6.452874   -0.452874 (VIOLATED)
_31671_/S                               6.000000    6.452870   -0.452871 (VIOLATED)
_31668_/S                               6.000000    6.452864   -0.452864 (VIOLATED)
_31677_/A2                              6.000000    6.452849   -0.452849 (VIOLATED)
_31680_/S                               6.000000    6.452844   -0.452844 (VIOLATED)
_31683_/A2                              6.000000    6.452825   -0.452825 (VIOLATED)
_31686_/S                               6.000000    6.452802   -0.452802 (VIOLATED)
_31689_/S                               6.000000    6.452792   -0.452792 (VIOLATED)
_31695_/S                               6.000000    6.452774   -0.452774 (VIOLATED)
_31704_/S                               6.000000    6.452774   -0.452774 (VIOLATED)
_31707_/S                               6.000000    6.452774   -0.452774 (VIOLATED)
_31698_/S                               6.000000    6.452773   -0.452773 (VIOLATED)
_31692_/S                               6.000000    6.452772   -0.452772 (VIOLATED)
_31639_/ZN                              6.000000    6.452750   -0.452750 (VIOLATED)
_31701_/A2                              6.000000    6.452750   -0.452750 (VIOLATED)
_33547_/ZN                              6.000000    6.452254   -0.452254 (VIOLATED)
_33548_/A2                              6.000000    6.452254   -0.452254 (VIOLATED)
_33612_/ZN                              6.000000    6.440382   -0.440382 (VIOLATED)
_33614_/A2                              6.000000    6.440382   -0.440382 (VIOLATED)
_32544_/ZN                              6.000000    6.440013   -0.440014 (VIOLATED)
_32546_/A2                              6.000000    6.440013   -0.440014 (VIOLATED)
_30975_/ZN                              6.000000    6.436998   -0.436998 (VIOLATED)
_31057_/C                               6.000000    6.436998   -0.436998 (VIOLATED)
_31058_/A2                              6.000000    6.436998   -0.436998 (VIOLATED)
_31125_/B                               6.000000    6.436998   -0.436998 (VIOLATED)
_31185_/B                               6.000000    6.436998   -0.436998 (VIOLATED)
_31186_/A2                              6.000000    6.436998   -0.436998 (VIOLATED)
_31242_/B                               6.000000    6.436998   -0.436998 (VIOLATED)
_31299_/B                               6.000000    6.436998   -0.436998 (VIOLATED)
_31300_/A2                              6.000000    6.436998   -0.436998 (VIOLATED)
_31354_/B                               6.000000    6.436998   -0.436998 (VIOLATED)
_31410_/B                               6.000000    6.436998   -0.436998 (VIOLATED)
_31469_/B                               6.000000    6.436998   -0.436998 (VIOLATED)
_33280_/A1                              6.000000    6.436998   -0.436998 (VIOLATED)
_34410_/A1                              6.000000    6.426683   -0.426683 (VIOLATED)
_34217_/A1                              6.000000    6.426682   -0.426683 (VIOLATED)
_34615_/A1                              6.000000    6.426682   -0.426682 (VIOLATED)
_34331_/A1                              6.000000    6.426681   -0.426681 (VIOLATED)
_32283_/ZN                              6.000000    6.426641   -0.426642 (VIOLATED)
_32286_/A1                              6.000000    6.426641   -0.426642 (VIOLATED)
_32437_/A1                              6.000000    6.426641   -0.426642 (VIOLATED)
_32514_/A1                              6.000000    6.426641   -0.426642 (VIOLATED)
_32746_/C                               6.000000    6.426641   -0.426642 (VIOLATED)
_32941_/A1                              6.000000    6.426641   -0.426642 (VIOLATED)
_33081_/A1                              6.000000    6.426641   -0.426642 (VIOLATED)
_33163_/A1                              6.000000    6.426641   -0.426642 (VIOLATED)
_33386_/A1                              6.000000    6.426641   -0.426642 (VIOLATED)
_33583_/A1                              6.000000    6.426641   -0.426642 (VIOLATED)
_33716_/A1                              6.000000    6.426641   -0.426642 (VIOLATED)
_33798_/A1                              6.000000    6.426641   -0.426642 (VIOLATED)
_34016_/A1                              6.000000    6.426641   -0.426642 (VIOLATED)
_32160_/ZN                              6.000000    6.425569   -0.425569 (VIOLATED)
_32161_/A2                              6.000000    6.425569   -0.425569 (VIOLATED)
_34513_/A1                              6.000000    6.425569   -0.425569 (VIOLATED)
_32174_/ZN                              6.000000    6.422211   -0.422211 (VIOLATED)
_32175_/A3                              6.000000    6.422211   -0.422211 (VIOLATED)
_33181_/ZN                              6.000000    6.419746   -0.419746 (VIOLATED)
_33182_/A2                              6.000000    6.419746   -0.419746 (VIOLATED)
_34182_/ZN                              6.000000    6.415164   -0.415165 (VIOLATED)
_34183_/A3                              6.000000    6.415164   -0.415165 (VIOLATED)
_34179_/ZN                              6.000000    6.412499   -0.412499 (VIOLATED)
_34180_/A2                              6.000000    6.412499   -0.412499 (VIOLATED)
_32409_/ZN                              6.000000    6.409994   -0.409994 (VIOLATED)
_32411_/A2                              6.000000    6.409994   -0.409994 (VIOLATED)
_34717_/S                               6.000000    6.397579   -0.397579 (VIOLATED)
_34737_/S                               6.000000    6.397577   -0.397578 (VIOLATED)
_34729_/S                               6.000000    6.397575   -0.397575 (VIOLATED)
_34733_/S                               6.000000    6.397571   -0.397571 (VIOLATED)
_34725_/S                               6.000000    6.397567   -0.397567 (VIOLATED)
_34721_/S                               6.000000    6.397566   -0.397566 (VIOLATED)
_34709_/ZN                              6.000000    6.397542   -0.397542 (VIOLATED)
_34713_/S                               6.000000    6.397542   -0.397542 (VIOLATED)
_34741_/S                               6.000000    6.397542   -0.397542 (VIOLATED)
_33688_/ZN                              6.000000    6.397168   -0.397168 (VIOLATED)
_33690_/B                               6.000000    6.397168   -0.397168 (VIOLATED)
_34267_/A1                              6.000000    6.382782   -0.382782 (VIOLATED)
_34322_/A1                              6.000000    6.382782   -0.382782 (VIOLATED)
_34391_/A1                              6.000000    6.382782   -0.382782 (VIOLATED)
_34602_/A1                              6.000000    6.382781   -0.382781 (VIOLATED)
_34205_/A1                              6.000000    6.382780   -0.382780 (VIOLATED)
_33779_/A1                              6.000000    6.382770   -0.382770 (VIOLATED)
_32243_/ZN                              6.000000    6.382746   -0.382746 (VIOLATED)
_32244_/A3                              6.000000    6.382746   -0.382746 (VIOLATED)
_32428_/A1                              6.000000    6.382746   -0.382746 (VIOLATED)
_32498_/A1                              6.000000    6.382746   -0.382746 (VIOLATED)
_32734_/A1                              6.000000    6.382746   -0.382746 (VIOLATED)
_32929_/A1                              6.000000    6.382746   -0.382746 (VIOLATED)
_33072_/A1                              6.000000    6.382746   -0.382746 (VIOLATED)
_33373_/A1                              6.000000    6.382746   -0.382746 (VIOLATED)
_33570_/A1                              6.000000    6.382746   -0.382746 (VIOLATED)
_33707_/A1                              6.000000    6.382746   -0.382746 (VIOLATED)
_34003_/A1                              6.000000    6.382746   -0.382746 (VIOLATED)
_31046_/ZN                              6.000000    6.378234   -0.378234 (VIOLATED)
_31047_/C                               6.000000    6.378234   -0.378234 (VIOLATED)
_31049_/A2                              6.000000    6.378234   -0.378234 (VIOLATED)
_31117_/B                               6.000000    6.378234   -0.378234 (VIOLATED)
_31177_/A1                              6.000000    6.378234   -0.378234 (VIOLATED)
_31234_/B                               6.000000    6.378234   -0.378234 (VIOLATED)
_31292_/B                               6.000000    6.378234   -0.378234 (VIOLATED)
_31293_/A2                              6.000000    6.378234   -0.378234 (VIOLATED)
_31348_/C                               6.000000    6.378234   -0.378234 (VIOLATED)
_31349_/A2                              6.000000    6.378234   -0.378234 (VIOLATED)
_31402_/B                               6.000000    6.378234   -0.378234 (VIOLATED)
_31462_/A1                              6.000000    6.378234   -0.378234 (VIOLATED)
_31463_/A2                              6.000000    6.378234   -0.378234 (VIOLATED)
_32904_/A1                              6.000000    6.378234   -0.378234 (VIOLATED)
_25090_/ZN                              6.000000    6.376425   -0.376426 (VIOLATED)
_25114_/B2                              6.000000    6.376425   -0.376426 (VIOLATED)
_25116_/A3                              6.000000    6.376425   -0.376426 (VIOLATED)
_25135_/A2                              6.000000    6.376425   -0.376426 (VIOLATED)
_25229_/A2                              6.000000    6.376425   -0.376426 (VIOLATED)
_25230_/A2                              6.000000    6.376425   -0.376426 (VIOLATED)
_25280_/A2                              6.000000    6.376425   -0.376426 (VIOLATED)
_25362_/A2                              6.000000    6.376425   -0.376426 (VIOLATED)
_25363_/A2                              6.000000    6.376425   -0.376426 (VIOLATED)
_25370_/A2                              6.000000    6.376425   -0.376426 (VIOLATED)
_25461_/B                               6.000000    6.376425   -0.376426 (VIOLATED)
_25485_/A2                              6.000000    6.376425   -0.376426 (VIOLATED)
_25502_/A2                              6.000000    6.376425   -0.376426 (VIOLATED)
_25510_/A2                              6.000000    6.376425   -0.376426 (VIOLATED)
_25575_/A2                              6.000000    6.376425   -0.376426 (VIOLATED)
_25585_/A2                              6.000000    6.376425   -0.376426 (VIOLATED)
_25687_/A2                              6.000000    6.376425   -0.376426 (VIOLATED)
_25959_/A2                              6.000000    6.376425   -0.376426 (VIOLATED)
_26494_/A4                              6.000000    6.376425   -0.376426 (VIOLATED)
_26519_/A4                              6.000000    6.376425   -0.376426 (VIOLATED)
_34104_/ZN                              6.000000    6.326345   -0.326345 (VIOLATED)
_34107_/A2                              6.000000    6.326345   -0.326345 (VIOLATED)
_19650_/A2                              6.000000    6.317307   -0.317307 (VIOLATED)
_19665_/A1                              6.000000    6.317307   -0.317307 (VIOLATED)
_19666_/A1                              6.000000    6.317307   -0.317307 (VIOLATED)
_19631_/A2                              6.000000    6.317306   -0.317306 (VIOLATED)
_19316_/A2                              6.000000    6.317306   -0.317306 (VIOLATED)
_19317_/A2                              6.000000    6.317306   -0.317306 (VIOLATED)
_19607_/A2                              6.000000    6.317306   -0.317306 (VIOLATED)
_19786_/A2                              6.000000    6.317306   -0.317306 (VIOLATED)
_19577_/A2                              6.000000    6.317305   -0.317305 (VIOLATED)
_19555_/A2                              6.000000    6.317304   -0.317304 (VIOLATED)
_19520_/A2                              6.000000    6.317303   -0.317304 (VIOLATED)
_19315_/ZN                              6.000000    6.317293   -0.317293 (VIOLATED)
_32467_/ZN                              6.000000    6.306388   -0.306389 (VIOLATED)
_32470_/A1                              6.000000    6.306388   -0.306389 (VIOLATED)
_34479_/B                               6.000000    6.245964   -0.245964 (VIOLATED)
_34552_/B                               6.000000    6.245964   -0.245964 (VIOLATED)
_34666_/A1                              6.000000    6.245964   -0.245964 (VIOLATED)
_34731_/B                               6.000000    6.245962   -0.245962 (VIOLATED)
_34077_/A1                              6.000000    6.245948   -0.245948 (VIOLATED)
_34131_/B                               6.000000    6.245946   -0.245947 (VIOLATED)
_33785_/B                               6.000000    6.245940   -0.245940 (VIOLATED)
_33865_/A1                              6.000000    6.245937   -0.245937 (VIOLATED)
_32248_/ZN                              6.000000    6.245917   -0.245918 (VIOLATED)
_32256_/A1                              6.000000    6.245917   -0.245918 (VIOLATED)
_32596_/B                               6.000000    6.245917   -0.245918 (VIOLATED)
_32670_/B                               6.000000    6.245917   -0.245918 (VIOLATED)
_32806_/A1                              6.000000    6.245917   -0.245918 (VIOLATED)
_32863_/B                               6.000000    6.245917   -0.245918 (VIOLATED)
_33152_/A1                              6.000000    6.245917   -0.245918 (VIOLATED)
_33232_/B                               6.000000    6.245917   -0.245918 (VIOLATED)
_33316_/A1                              6.000000    6.245917   -0.245918 (VIOLATED)
_33454_/A1                              6.000000    6.245917   -0.245918 (VIOLATED)
_33513_/B                               6.000000    6.245917   -0.245918 (VIOLATED)
_33937_/B                               6.000000    6.245917   -0.245918 (VIOLATED)
_34512_/ZN                              6.000000    6.232032   -0.232033 (VIOLATED)
_34513_/A2                              6.000000    6.232032   -0.232033 (VIOLATED)
_34514_/A3                              6.000000    6.232032   -0.232033 (VIOLATED)
_18699_/A1                              6.000000    6.216317   -0.216318 (VIOLATED)
_18756_/A1                              6.000000    6.216317   -0.216318 (VIOLATED)
_18698_/A1                              6.000000    6.216317   -0.216317 (VIOLATED)
_18666_/A1                              6.000000    6.216316   -0.216316 (VIOLATED)
_18595_/A1                              6.000000    6.216315   -0.216315 (VIOLATED)
_18596_/A1                              6.000000    6.216314   -0.216315 (VIOLATED)
_18498_/A1                              6.000000    6.216311   -0.216312 (VIOLATED)
_18046_/A1                              6.000000    6.216309   -0.216309 (VIOLATED)
_18183_/A1                              6.000000    6.216306   -0.216307 (VIOLATED)
_17997_/ZN                              6.000000    6.216244   -0.216244 (VIOLATED)
_34425_/A2                              6.000000    6.187293   -0.187293 (VIOLATED)
_34348_/B                               6.000000    6.187291   -0.187292 (VIOLATED)
_34334_/A2                              6.000000    6.187287   -0.187287 (VIOLATED)
_34684_/A2                              6.000000    6.187287   -0.187287 (VIOLATED)
_34021_/A2                              6.000000    6.187212   -0.187212 (VIOLATED)
_34037_/A2                              6.000000    6.187210   -0.187210 (VIOLATED)
_33721_/A2                              6.000000    6.187186   -0.187186 (VIOLATED)
_33587_/A2                              6.000000    6.187181   -0.187181 (VIOLATED)
_34099_/A2                              6.000000    6.187174   -0.187174 (VIOLATED)
_33955_/A2                              6.000000    6.187170   -0.187170 (VIOLATED)
_33972_/A1                              6.000000    6.187165   -0.187165 (VIOLATED)
_33670_/A2                              6.000000    6.187158   -0.187158 (VIOLATED)
_32686_/B1                              6.000000    6.187150   -0.187150 (VIOLATED)
_32687_/A2                              6.000000    6.187150   -0.187150 (VIOLATED)
_32384_/A2                              6.000000    6.187142   -0.187142 (VIOLATED)
_32398_/B1                              6.000000    6.187142   -0.187142 (VIOLATED)
_33085_/A2                              6.000000    6.187131   -0.187132 (VIOLATED)
_32141_/C1                              6.000000    6.187131   -0.187131 (VIOLATED)
_33390_/A2                              6.000000    6.187131   -0.187131 (VIOLATED)
_33028_/A2                              6.000000    6.187130   -0.187130 (VIOLATED)
_33253_/A2                              6.000000    6.187130   -0.187130 (VIOLATED)
_32891_/B                               6.000000    6.187129   -0.187129 (VIOLATED)
_32877_/A2                              6.000000    6.187126   -0.187126 (VIOLATED)
_33176_/A2                              6.000000    6.187119   -0.187120 (VIOLATED)
_33174_/A2                              6.000000    6.187118   -0.187118 (VIOLATED)
_32631_/A2                              6.000000    6.187105   -0.187105 (VIOLATED)
_32518_/A2                              6.000000    6.187103   -0.187103 (VIOLATED)
_32290_/A2                              6.000000    6.187101   -0.187101 (VIOLATED)
_32760_/B1                              6.000000    6.187086   -0.187086 (VIOLATED)
_32836_/A2                              6.000000    6.187021   -0.187022 (VIOLATED)
_32279_/A2                              6.000000    6.187002   -0.187002 (VIOLATED)
_17872_/I                               6.000000    6.186979   -0.186979 (VIOLATED)
_35326_/Q                               6.000000    6.186979   -0.186979 (VIOLATED)
_34193_/A1                              6.000000    6.182513   -0.182514 (VIOLATED)
_34374_/A1                              6.000000    6.182513   -0.182514 (VIOLATED)
_34591_/A1                              6.000000    6.182513   -0.182513 (VIOLATED)
_34313_/A1                              6.000000    6.182512   -0.182512 (VIOLATED)
_32202_/ZN                              6.000000    6.182492   -0.182492 (VIOLATED)
_32205_/A1                              6.000000    6.182492   -0.182492 (VIOLATED)
_32419_/A1                              6.000000    6.182492   -0.182492 (VIOLATED)
_32481_/A1                              6.000000    6.182492   -0.182492 (VIOLATED)
_32723_/A1                              6.000000    6.182492   -0.182492 (VIOLATED)
_32917_/A1                              6.000000    6.182492   -0.182492 (VIOLATED)
_33063_/A1                              6.000000    6.182492   -0.182492 (VIOLATED)
_33128_/A1                              6.000000    6.182492   -0.182492 (VIOLATED)
_33361_/A1                              6.000000    6.182492   -0.182492 (VIOLATED)
_33557_/A1                              6.000000    6.182492   -0.182492 (VIOLATED)
_33698_/A1                              6.000000    6.182492   -0.182492 (VIOLATED)
_33763_/A1                              6.000000    6.182492   -0.182492 (VIOLATED)
_33993_/A1                              6.000000    6.182492   -0.182492 (VIOLATED)
_34380_/B                               6.000000    6.173102   -0.173102 (VIOLATED)
_34455_/B                               6.000000    6.173102   -0.173102 (VIOLATED)
_34534_/B                               6.000000    6.173102   -0.173102 (VIOLATED)
_34648_/A1                              6.000000    6.173102   -0.173102 (VIOLATED)
_34719_/B                               6.000000    6.173100   -0.173101 (VIOLATED)
_34118_/B                               6.000000    6.173079   -0.173079 (VIOLATED)
_34062_/A1                              6.000000    6.173076   -0.173076 (VIOLATED)
_33841_/A1                              6.000000    6.173072   -0.173072 (VIOLATED)
_33919_/B                               6.000000    6.173071   -0.173071 (VIOLATED)
_32209_/ZN                              6.000000    6.173046   -0.173046 (VIOLATED)
_32215_/B                               6.000000    6.173046   -0.173046 (VIOLATED)
_32572_/A1                              6.000000    6.173046   -0.173046 (VIOLATED)
_32652_/B                               6.000000    6.173046   -0.173046 (VIOLATED)
_32785_/A1                              6.000000    6.173046   -0.173046 (VIOLATED)
_32851_/B                               6.000000    6.173046   -0.173046 (VIOLATED)
_33206_/A1                              6.000000    6.173046   -0.173046 (VIOLATED)
_33299_/B                               6.000000    6.173046   -0.173046 (VIOLATED)
_33436_/A1                              6.000000    6.173046   -0.173046 (VIOLATED)
_33501_/B                               6.000000    6.173046   -0.173046 (VIOLATED)
_34405_/A1                              6.000000    6.172064   -0.172064 (VIOLATED)
_34559_/A1                              6.000000    6.172064   -0.172064 (VIOLATED)
_33793_/A1                              6.000000    6.172063   -0.172064 (VIOLATED)
_34488_/A1                              6.000000    6.172063   -0.172064 (VIOLATED)
_34612_/A1                              6.000000    6.172063   -0.172063 (VIOLATED)
_34213_/B                               6.000000    6.172040   -0.172041 (VIOLATED)
_34736_/A1                              6.000000    6.172034   -0.172034 (VIOLATED)
_34328_/B                               6.000000    6.172033   -0.172033 (VIOLATED)
_34673_/A1                              6.000000    6.172032   -0.172032 (VIOLATED)
_34281_/B                               6.000000    6.172014   -0.172014 (VIOLATED)
_34083_/B2                              6.000000    6.171994   -0.171994 (VIOLATED)
_34137_/A1                              6.000000    6.171986   -0.171986 (VIOLATED)
_33944_/A1                              6.000000    6.171975   -0.171975 (VIOLATED)
_33874_/A1                              6.000000    6.171972   -0.171972 (VIOLATED)
_34013_/A1                              6.000000    6.171959   -0.171959 (VIOLATED)
_33713_/B                               6.000000    6.171951   -0.171951 (VIOLATED)
_33658_/B                               6.000000    6.171949   -0.171949 (VIOLATED)
_33579_/B                               6.000000    6.171930   -0.171930 (VIOLATED)
_32261_/ZN                              6.000000    6.171875   -0.171875 (VIOLATED)
_32273_/B                               6.000000    6.171875   -0.171875 (VIOLATED)
_32372_/B                               6.000000    6.171875   -0.171875 (VIOLATED)
_32434_/B                               6.000000    6.171875   -0.171875 (VIOLATED)
_32509_/B                               6.000000    6.171875   -0.171875 (VIOLATED)
_32605_/A1                              6.000000    6.171875   -0.171875 (VIOLATED)
_32677_/A1                              6.000000    6.171875   -0.171875 (VIOLATED)
_32813_/A1                              6.000000    6.171875   -0.171875 (VIOLATED)
_32868_/A1                              6.000000    6.171875   -0.171875 (VIOLATED)
_32937_/B                               6.000000    6.171875   -0.171875 (VIOLATED)
_33016_/B                               6.000000    6.171875   -0.171875 (VIOLATED)
_33078_/B                               6.000000    6.171875   -0.171875 (VIOLATED)
_33159_/B2                              6.000000    6.171875   -0.171875 (VIOLATED)
_33241_/A1                              6.000000    6.171875   -0.171875 (VIOLATED)
_33322_/A1                              6.000000    6.171875   -0.171875 (VIOLATED)
_33383_/A1                              6.000000    6.171875   -0.171875 (VIOLATED)
_33461_/A1                              6.000000    6.171875   -0.171875 (VIOLATED)
_33518_/A1                              6.000000    6.171875   -0.171875 (VIOLATED)
_34265_/A2                              6.000000    6.141534   -0.141534 (VIOLATED)
_34471_/B                               6.000000    6.141534   -0.141534 (VIOLATED)
_34660_/A1                              6.000000    6.141534   -0.141534 (VIOLATED)
_34546_/B                               6.000000    6.141533   -0.141533 (VIOLATED)
_34727_/B                               6.000000    6.141532   -0.141532 (VIOLATED)
_34126_/B                               6.000000    6.141521   -0.141521 (VIOLATED)
_34072_/A1                              6.000000    6.141519   -0.141519 (VIOLATED)
_32237_/ZN                              6.000000    6.141491   -0.141492 (VIOLATED)
_32243_/B                               6.000000    6.141491   -0.141492 (VIOLATED)
_32587_/B                               6.000000    6.141491   -0.141492 (VIOLATED)
_32664_/B                               6.000000    6.141491   -0.141492 (VIOLATED)
_32799_/A1                              6.000000    6.141491   -0.141492 (VIOLATED)
_32859_/B                               6.000000    6.141491   -0.141492 (VIOLATED)
_33145_/B                               6.000000    6.141491   -0.141492 (VIOLATED)
_33223_/B                               6.000000    6.141491   -0.141492 (VIOLATED)
_33310_/B                               6.000000    6.141491   -0.141492 (VIOLATED)
_33448_/A1                              6.000000    6.141491   -0.141492 (VIOLATED)
_33509_/B                               6.000000    6.141491   -0.141492 (VIOLATED)
_33857_/A1                              6.000000    6.141491   -0.141492 (VIOLATED)
_33931_/B                               6.000000    6.141491   -0.141492 (VIOLATED)
_33069_/B                               6.000000    6.118783   -0.118783 (VIOLATED)
_33369_/B                               6.000000    6.118783   -0.118783 (VIOLATED)
_32925_/B                               6.000000    6.118782   -0.118782 (VIOLATED)
_33506_/A1                              6.000000    6.118782   -0.118782 (VIOLATED)
_33443_/A1                              6.000000    6.118781   -0.118781 (VIOLATED)
_33140_/A1                              6.000000    6.118781   -0.118781 (VIOLATED)
_33306_/B2                              6.000000    6.118780   -0.118781 (VIOLATED)
_33216_/A1                              6.000000    6.118773   -0.118773 (VIOLATED)
_32998_/B                               6.000000    6.118761   -0.118761 (VIOLATED)
_32793_/A1                              6.000000    6.118754   -0.118755 (VIOLATED)
_32580_/A1                              6.000000    6.118752   -0.118753 (VIOLATED)
_32493_/B                               6.000000    6.118743   -0.118743 (VIOLATED)
_32351_/B                               6.000000    6.118741   -0.118741 (VIOLATED)
_32731_/B                               6.000000    6.118732   -0.118732 (VIOLATED)
_32231_/B                               6.000000    6.118729   -0.118729 (VIOLATED)
_32856_/A1                              6.000000    6.118709   -0.118709 (VIOLATED)
_32659_/A1                              6.000000    6.118708   -0.118708 (VIOLATED)
_33640_/B                               6.000000    6.118706   -0.118706 (VIOLATED)
_32425_/B                               6.000000    6.118705   -0.118705 (VIOLATED)
_33704_/B                               6.000000    6.118699   -0.118699 (VIOLATED)
_33565_/B                               6.000000    6.118689   -0.118689 (VIOLATED)
_34000_/B                               6.000000    6.118676   -0.118677 (VIOLATED)
_33926_/A1                              6.000000    6.118664   -0.118664 (VIOLATED)
_33850_/A1                              6.000000    6.118661   -0.118662 (VIOLATED)
_34068_/B2                              6.000000    6.118614   -0.118614 (VIOLATED)
_34123_/A1                              6.000000    6.118598   -0.118599 (VIOLATED)
_33774_/B                               6.000000    6.118581   -0.118582 (VIOLATED)
_34541_/A1                              6.000000    6.118577   -0.118577 (VIOLATED)
_34599_/B                               6.000000    6.118577   -0.118577 (VIOLATED)
_34655_/A1                              6.000000    6.118577   -0.118577 (VIOLATED)
_34386_/B                               6.000000    6.118577   -0.118577 (VIOLATED)
_34464_/A1                              6.000000    6.118577   -0.118577 (VIOLATED)
_34201_/B                               6.000000    6.118575   -0.118575 (VIOLATED)
_32220_/ZN                              6.000000    6.118556   -0.118557 (VIOLATED)
_34262_/B                               6.000000    6.118556   -0.118557 (VIOLATED)
_34319_/B                               6.000000    6.118556   -0.118557 (VIOLATED)
_34724_/A1                              6.000000    6.118556   -0.118557 (VIOLATED)
_19993_/A1                              6.000000    6.108665   -0.108665 (VIOLATED)
_20037_/A2                              6.000000    6.108665   -0.108665 (VIOLATED)
_20298_/A1                              6.000000    6.108665   -0.108665 (VIOLATED)
_20379_/A1                              6.000000    6.108663   -0.108663 (VIOLATED)
_20421_/B2                              6.000000    6.108662   -0.108662 (VIOLATED)
_20486_/A1                              6.000000    6.108660   -0.108660 (VIOLATED)
_20543_/A1                              6.000000    6.108660   -0.108660 (VIOLATED)
_20454_/A1                              6.000000    6.108659   -0.108659 (VIOLATED)
_20485_/A1                              6.000000    6.108659   -0.108659 (VIOLATED)
_19977_/ZN                              6.000000    6.108597   -0.108597 (VIOLATED)
_18025_/ZN                              6.000000    6.086366   -0.086366 (VIOLATED)
_18030_/A2                              6.000000    6.086366   -0.086366 (VIOLATED)
_18060_/B2                              6.000000    6.086366   -0.086366 (VIOLATED)
_18137_/A2                              6.000000    6.086366   -0.086366 (VIOLATED)
_18228_/A2                              6.000000    6.086366   -0.086366 (VIOLATED)
_18245_/A2                              6.000000    6.086366   -0.086366 (VIOLATED)
_18312_/A2                              6.000000    6.086366   -0.086366 (VIOLATED)
_18378_/A2                              6.000000    6.086366   -0.086366 (VIOLATED)
_18397_/A2                              6.000000    6.086366   -0.086366 (VIOLATED)
_19057_/B2                              6.000000    6.086366   -0.086366 (VIOLATED)
_19118_/A2                              6.000000    6.086366   -0.086366 (VIOLATED)
_19260_/A2                              6.000000    6.086366   -0.086366 (VIOLATED)
_19278_/A2                              6.000000    6.086366   -0.086366 (VIOLATED)
_19303_/A2                              6.000000    6.086366   -0.086366 (VIOLATED)
_19982_/A2                              6.000000    6.086366   -0.086366 (VIOLATED)
_20011_/A2                              6.000000    6.086366   -0.086366 (VIOLATED)
_20063_/A2                              6.000000    6.086366   -0.086366 (VIOLATED)
_20082_/A2                              6.000000    6.086366   -0.086366 (VIOLATED)
_20116_/A2                              6.000000    6.086366   -0.086366 (VIOLATED)
_20185_/A2                              6.000000    6.086366   -0.086366 (VIOLATED)
_25030_/A1                              6.000000    6.086366   -0.086366 (VIOLATED)
_25034_/A1                              6.000000    6.086366   -0.086366 (VIOLATED)
_25037_/A1                              6.000000    6.086366   -0.086366 (VIOLATED)
_29806_/S0                              6.000000    6.077901   -0.077902 (VIOLATED)
_29913_/S0                              6.000000    6.077901   -0.077901 (VIOLATED)
_29821_/S0                              6.000000    6.077899   -0.077900 (VIOLATED)
_29899_/S0                              6.000000    6.077899   -0.077899 (VIOLATED)
_29822_/S0                              6.000000    6.077897   -0.077897 (VIOLATED)
_29900_/S0                              6.000000    6.077895   -0.077895 (VIOLATED)
_29825_/S0                              6.000000    6.077894   -0.077894 (VIOLATED)
_29903_/S0                              6.000000    6.077892   -0.077892 (VIOLATED)
_29826_/S0                              6.000000    6.077889   -0.077890 (VIOLATED)
_29904_/S0                              6.000000    6.077887   -0.077887 (VIOLATED)
_29849_/S0                              6.000000    6.077884   -0.077884 (VIOLATED)
_29838_/S0                              6.000000    6.077880   -0.077880 (VIOLATED)
_29850_/S0                              6.000000    6.077876   -0.077876 (VIOLATED)
_29834_/S0                              6.000000    6.077869   -0.077869 (VIOLATED)
_29853_/S0                              6.000000    6.077862   -0.077862 (VIOLATED)
_29745_/Z                               6.000000    6.077838   -0.077839 (VIOLATED)
_29792_/A2                              6.000000    6.077838   -0.077839 (VIOLATED)
_29803_/A2                              6.000000    6.077838   -0.077839 (VIOLATED)
_29805_/S0                              6.000000    6.077838   -0.077839 (VIOLATED)
_29809_/S                               6.000000    6.077838   -0.077839 (VIOLATED)
_29810_/S                               6.000000    6.077838   -0.077839 (VIOLATED)
_29812_/S                               6.000000    6.077838   -0.077839 (VIOLATED)
_29813_/S                               6.000000    6.077838   -0.077839 (VIOLATED)
_29836_/S0                              6.000000    6.077838   -0.077839 (VIOLATED)
_29861_/A2                              6.000000    6.077838   -0.077839 (VIOLATED)
_29862_/A2                              6.000000    6.077838   -0.077839 (VIOLATED)
_29912_/S0                              6.000000    6.077838   -0.077839 (VIOLATED)
_27227_/A2                              6.000000    6.074682   -0.074682 (VIOLATED)
_27395_/A2                              6.000000    6.074681   -0.074682 (VIOLATED)
_27531_/A2                              6.000000    6.074681   -0.074682 (VIOLATED)
_28271_/A2                              6.000000    6.074681   -0.074682 (VIOLATED)
_27638_/A2                              6.000000    6.074681   -0.074681 (VIOLATED)
_28050_/A2                              6.000000    6.074681   -0.074681 (VIOLATED)
_28150_/A2                              6.000000    6.074681   -0.074681 (VIOLATED)
_27913_/A2                              6.000000    6.074680   -0.074681 (VIOLATED)
_27769_/A2                              6.000000    6.074679   -0.074680 (VIOLATED)
_27226_/ZN                              6.000000    6.074658   -0.074659 (VIOLATED)
_28352_/A2                              6.000000    6.074658   -0.074659 (VIOLATED)
_28461_/A2                              6.000000    6.074658   -0.074659 (VIOLATED)
_28596_/A2                              6.000000    6.074658   -0.074659 (VIOLATED)
_28714_/A2                              6.000000    6.074658   -0.074659 (VIOLATED)
_28812_/A2                              6.000000    6.074658   -0.074659 (VIOLATED)
_28883_/A2                              6.000000    6.074658   -0.074659 (VIOLATED)
_28982_/A2                              6.000000    6.074658   -0.074659 (VIOLATED)
_29045_/A2                              6.000000    6.074658   -0.074659 (VIOLATED)
_29123_/A2                              6.000000    6.074658   -0.074659 (VIOLATED)
_29213_/A2                              6.000000    6.074658   -0.074659 (VIOLATED)
_29258_/A2                              6.000000    6.074658   -0.074659 (VIOLATED)
_29319_/A2                              6.000000    6.074658   -0.074659 (VIOLATED)
_29375_/A2                              6.000000    6.074658   -0.074659 (VIOLATED)
_29428_/B                               6.000000    6.074658   -0.074659 (VIOLATED)
_31023_/ZN                              6.000000    6.045658   -0.045658 (VIOLATED)
_31052_/C                               6.000000    6.045658   -0.045658 (VIOLATED)
_31120_/C                               6.000000    6.045658   -0.045658 (VIOLATED)
_31180_/C                               6.000000    6.045658   -0.045658 (VIOLATED)
_31237_/C                               6.000000    6.045658   -0.045658 (VIOLATED)
_31294_/C                               6.000000    6.045658   -0.045658 (VIOLATED)
_31350_/C                               6.000000    6.045658   -0.045658 (VIOLATED)
_31405_/C                               6.000000    6.045658   -0.045658 (VIOLATED)
_31464_/C                               6.000000    6.045658   -0.045658 (VIOLATED)
_33053_/A1                              6.000000    6.045658   -0.045658 (VIOLATED)
_21725_/S                               6.000000    6.042868   -0.042868 (VIOLATED)
_21729_/A2                              6.000000    6.042868   -0.042868 (VIOLATED)
_21705_/A1                              6.000000    6.042868   -0.042868 (VIOLATED)
_21706_/A2                              6.000000    6.042867   -0.042867 (VIOLATED)
_21701_/A2                              6.000000    6.042865   -0.042866 (VIOLATED)
_21703_/A1                              6.000000    6.042865   -0.042866 (VIOLATED)
_21589_/ZN                              6.000000    6.042845   -0.042845 (VIOLATED)
_21591_/A2                              6.000000    6.042845   -0.042845 (VIOLATED)
_21662_/A1                              6.000000    6.042845   -0.042845 (VIOLATED)
_21665_/S                               6.000000    6.042845   -0.042845 (VIOLATED)
_21669_/A2                              6.000000    6.042845   -0.042845 (VIOLATED)
_21672_/A1                              6.000000    6.042845   -0.042845 (VIOLATED)
_21676_/A2                              6.000000    6.042845   -0.042845 (VIOLATED)
_21678_/A1                              6.000000    6.042845   -0.042845 (VIOLATED)
_21682_/A2                              6.000000    6.042845   -0.042845 (VIOLATED)
_21685_/A1                              6.000000    6.042845   -0.042845 (VIOLATED)
_21689_/A2                              6.000000    6.042845   -0.042845 (VIOLATED)
_21691_/A1                              6.000000    6.042845   -0.042845 (VIOLATED)
_21697_/S                               6.000000    6.042845   -0.042845 (VIOLATED)
_21733_/A1                              6.000000    6.042845   -0.042845 (VIOLATED)
_30861_/ZN                              6.000000    6.036149   -0.036149 (VIOLATED)
_30862_/S                               6.000000    6.036149   -0.036149 (VIOLATED)
_30863_/A2                              6.000000    6.036149   -0.036149 (VIOLATED)
_30864_/A2                              6.000000    6.036149   -0.036149 (VIOLATED)
_30865_/S                               6.000000    6.036149   -0.036149 (VIOLATED)
_30866_/A2                              6.000000    6.036149   -0.036149 (VIOLATED)
_30867_/A2                              6.000000    6.036149   -0.036149 (VIOLATED)
_30868_/A2                              6.000000    6.036149   -0.036149 (VIOLATED)
_30869_/A2                              6.000000    6.036149   -0.036149 (VIOLATED)
_30870_/S                               6.000000    6.036149   -0.036149 (VIOLATED)
_30871_/A2                              6.000000    6.036149   -0.036149 (VIOLATED)
_30872_/A2                              6.000000    6.036149   -0.036149 (VIOLATED)
_30873_/A2                              6.000000    6.036149   -0.036149 (VIOLATED)
_30874_/A2                              6.000000    6.036149   -0.036149 (VIOLATED)
_32147_/ZN                              6.000000    6.027805   -0.027806 (VIOLATED)
_32874_/A2                              6.000000    6.027805   -0.027806 (VIOLATED)
_33179_/C                               6.000000    6.027805   -0.027806 (VIOLATED)
_33540_/A2                              6.000000    6.027805   -0.027806 (VIOLATED)
_33541_/A2                              6.000000    6.027805   -0.027806 (VIOLATED)
_34169_/A2                              6.000000    6.027805   -0.027806 (VIOLATED)
_34170_/A2                              6.000000    6.027805   -0.027806 (VIOLATED)
_34233_/B                               6.000000    6.027805   -0.027806 (VIOLATED)
_34709_/A1                              6.000000    6.027805   -0.027806 (VIOLATED)
_23310_/C                               6.000000    6.008783   -0.008784 (VIOLATED)
_23311_/A2                              6.000000    6.008783   -0.008784 (VIOLATED)
_21157_/B                               6.000000    6.008781   -0.008781 (VIOLATED)
_17969_/A2                              6.000000    6.008781   -0.008781 (VIOLATED)
_21220_/B                               6.000000    6.008781   -0.008781 (VIOLATED)
_17928_/ZN                              6.000000    6.008762   -0.008762 (VIOLATED)
_18155_/A1                              6.000000    6.008762   -0.008762 (VIOLATED)
_18168_/A2                              6.000000    6.008762   -0.008762 (VIOLATED)
_18209_/B                               6.000000    6.008762   -0.008762 (VIOLATED)
_18259_/B                               6.000000    6.008762   -0.008762 (VIOLATED)
_18280_/A1                              6.000000    6.008762   -0.008762 (VIOLATED)
_18294_/A2                              6.000000    6.008762   -0.008762 (VIOLATED)
_20968_/A1                              6.000000    6.008762   -0.008762 (VIOLATED)
_20970_/A1                              6.000000    6.008762   -0.008762 (VIOLATED)
_23436_/B                               6.000000    6.008762   -0.008762 (VIOLATED)
_23437_/A1                              6.000000    6.008762   -0.008762 (VIOLATED)
_23467_/C                               6.000000    6.008762   -0.008762 (VIOLATED)
_23468_/A2                              6.000000    6.008762   -0.008762 (VIOLATED)
_23480_/A1                              6.000000    6.008762   -0.008762 (VIOLATED)
_23492_/A2                              6.000000    6.008762   -0.008762 (VIOLATED)
_25240_/A1                              6.000000    6.008762   -0.008762 (VIOLATED)
_25472_/A2                              6.000000    6.008762   -0.008762 (VIOLATED)
_31074_/ZN                              6.000000    6.003998   -0.003998 (VIOLATED)
_31075_/B                               6.000000    6.003998   -0.003998 (VIOLATED)
_31141_/C                               6.000000    6.003998   -0.003998 (VIOLATED)
_31201_/B                               6.000000    6.003998   -0.003998 (VIOLATED)
_31259_/B                               6.000000    6.003998   -0.003998 (VIOLATED)
_31315_/B                               6.000000    6.003998   -0.003998 (VIOLATED)
_31371_/B                               6.000000    6.003998   -0.003998 (VIOLATED)
_31426_/B                               6.000000    6.003998   -0.003998 (VIOLATED)
_31486_/B                               6.000000    6.003998   -0.003998 (VIOLATED)

max capacitance

Pin                                        Limit         Cap       Slack
------------------------------------------------------------------------
i_rst_n                                 0.350300    5.768063   -5.417763 (VIOLATED)
_17911_/ZN                              0.322300    2.148592   -1.826292 (VIOLATED)
_36341_/Q                               0.358400    1.821166   -1.462766 (VIOLATED)
_30955_/ZN                              0.182900    1.065434   -0.882534 (VIOLATED)
_17917_/ZN                              0.322300    1.204077   -0.881777 (VIOLATED)
_17692_/ZN                              0.349500    1.125663   -0.776163 (VIOLATED)
_32153_/ZN                              0.182900    0.839043   -0.656143 (VIOLATED)
_36339_/Q                               0.358400    0.926419   -0.568019 (VIOLATED)
_30965_/ZN                              0.182900    0.687073   -0.504173 (VIOLATED)
_30963_/ZN                              0.182900    0.671311   -0.488412 (VIOLATED)
_30970_/ZN                              0.182900    0.665170   -0.482270 (VIOLATED)
_35310_/Q                               0.358400    0.830312   -0.471912 (VIOLATED)
_30980_/ZN                              0.182900    0.642062   -0.459162 (VIOLATED)
_32159_/ZN                              0.322300    0.743527   -0.421227 (VIOLATED)
_17982_/ZN                              0.182900    0.537608   -0.354708 (VIOLATED)
_17977_/ZN                              0.179200    0.529522   -0.350322 (VIOLATED)
_17973_/ZN                              0.182900    0.524293   -0.341393 (VIOLATED)
_17980_/ZN                              0.179200    0.518294   -0.339094 (VIOLATED)
_17856_/ZN                              0.349500    0.684361   -0.334861 (VIOLATED)
_17854_/ZN                              0.349500    0.672365   -0.322865 (VIOLATED)
_17989_/ZN                              0.179200    0.468873   -0.289673 (VIOLATED)
_32187_/ZN                              0.322300    0.557147   -0.234847 (VIOLATED)
_17985_/ZN                              0.179200    0.411936   -0.232736 (VIOLATED)
_17920_/ZN                              0.322300    0.542673   -0.220373 (VIOLATED)
_36340_/Q                               0.358400    0.577972   -0.219572 (VIOLATED)
_17919_/ZN                              0.182900    0.386624   -0.203724 (VIOLATED)
_17918_/ZN                              0.349500    0.529203   -0.179703 (VIOLATED)
_17942_/ZN                              0.322300    0.492615   -0.170316 (VIOLATED)
_25120_/ZN                              0.091010    0.248938   -0.157928 (VIOLATED)
_35312_/Q                               0.358400    0.514626   -0.156226 (VIOLATED)
_17870_/ZN                              0.349500    0.505341   -0.155841 (VIOLATED)
_25098_/ZN                              0.091010    0.246251   -0.155241 (VIOLATED)
_27406_/ZN                              0.144900    0.293486   -0.148586 (VIOLATED)
_17988_/ZN                              0.241100    0.389628   -0.148528 (VIOLATED)
_26932_/ZN                              0.144900    0.288156   -0.143256 (VIOLATED)
_26749_/ZN                              0.144900    0.287609   -0.142709 (VIOLATED)
_17865_/ZN                              0.349500    0.487302   -0.137802 (VIOLATED)
_25093_/ZN                              0.122200    0.259852   -0.137652 (VIOLATED)
_17941_/ZN                              0.182900    0.318840   -0.135940 (VIOLATED)
_27973_/ZN                              0.180300    0.313127   -0.132827 (VIOLATED)
_17935_/ZN                              0.322300    0.451410   -0.129110 (VIOLATED)
_18039_/ZN                              0.182900    0.309912   -0.127012 (VIOLATED)
_25087_/ZN                              0.122200    0.244681   -0.122481 (VIOLATED)
_17934_/ZN                              0.182900    0.301812   -0.118912 (VIOLATED)
_25103_/ZN                              0.091010    0.206618   -0.115608 (VIOLATED)
_29744_/ZN                              0.322300    0.425742   -0.103442 (VIOLATED)
_17983_/ZN                              0.322300    0.422433   -0.100133 (VIOLATED)
_31922_/ZN                              0.181900    0.281853   -0.099953 (VIOLATED)
_31781_/ZN                              0.181500    0.280495   -0.098995 (VIOLATED)
_32062_/ZN                              0.181500    0.279624   -0.098124 (VIOLATED)
_25107_/ZN                              0.091010    0.188689   -0.097679 (VIOLATED)
_36338_/Q                               0.358400    0.454414   -0.096014 (VIOLATED)
_31992_/ZN                              0.181500    0.275518   -0.094018 (VIOLATED)
_31851_/ZN                              0.181500    0.275385   -0.093885 (VIOLATED)
_25134_/ZN                              0.122200    0.215648   -0.093448 (VIOLATED)
_30266_/Z                               0.357900    0.451340   -0.093440 (VIOLATED)
_36564_/Q                               0.358400    0.450884   -0.092484 (VIOLATED)
_26622_/ZN                              0.144900    0.234268   -0.089368 (VIOLATED)
_31514_/ZN                              0.181900    0.270516   -0.088616 (VIOLATED)
_17948_/ZN                              0.182900    0.269991   -0.087091 (VIOLATED)
_26774_/ZN                              0.144900    0.231372   -0.086472 (VIOLATED)
_27134_/ZN                              0.182900    0.257723   -0.074823 (VIOLATED)
_27755_/ZN                              0.182900    0.257130   -0.074230 (VIOLATED)
_17873_/ZN                              0.349500    0.420571   -0.071071 (VIOLATED)
_26492_/ZN                              0.144900    0.206521   -0.061621 (VIOLATED)
_25115_/ZN                              0.122200    0.183654   -0.061454 (VIOLATED)
_27001_/ZN                              0.144900    0.206314   -0.061414 (VIOLATED)
_26546_/ZN                              0.144900    0.205603   -0.060703 (VIOLATED)
_36342_/Q                               0.358400    0.418130   -0.059730 (VIOLATED)
_26588_/ZN                              0.181500    0.239900   -0.058400 (VIOLATED)
_26863_/ZN                              0.181500    0.239365   -0.057865 (VIOLATED)
_36284_/Q                               0.358400    0.416157   -0.057757 (VIOLATED)
_17978_/ZN                              0.182900    0.239822   -0.056922 (VIOLATED)
_27652_/ZN                              0.144900    0.200451   -0.055551 (VIOLATED)
_26690_/ZN                              0.181500    0.234243   -0.052743 (VIOLATED)
_27544_/ZN                              0.144900    0.197486   -0.052586 (VIOLATED)
_17877_/ZN                              0.349500    0.401378   -0.051878 (VIOLATED)
_27322_/ZN                              0.144900    0.193906   -0.049006 (VIOLATED)
_27899_/ZN                              0.144900    0.192016   -0.047116 (VIOLATED)
_17950_/ZN                              0.122200    0.168827   -0.046627 (VIOLATED)
_17986_/ZN                              0.182900    0.228334   -0.045434 (VIOLATED)
_17956_/ZN                              0.091010    0.135246   -0.044236 (VIOLATED)
_18013_/ZN                              0.122200    0.165583   -0.043383 (VIOLATED)
_18010_/ZN                              0.091010    0.130285   -0.039275 (VIOLATED)
_17984_/ZN                              0.241100    0.267337   -0.026237 (VIOLATED)
_29742_/ZN                              0.322300    0.348424   -0.026124 (VIOLATED)
_34441_/ZN                              0.091010    0.116073   -0.025063 (VIOLATED)
_25109_/ZN                              0.182900    0.204676   -0.021776 (VIOLATED)
_17874_/ZN                              0.349500    0.371134   -0.021634 (VIOLATED)
_17875_/ZN                              0.349500    0.370579   -0.021079 (VIOLATED)
_34524_/ZN                              0.122200    0.143278   -0.021078 (VIOLATED)
_18004_/ZN                              0.122200    0.141702   -0.019502 (VIOLATED)
_33909_/ZN                              0.091010    0.108361   -0.017351 (VIOLATED)
_33827_/ZN                              0.091010    0.106064   -0.015054 (VIOLATED)
_29738_/ZN                              0.278100    0.287270   -0.009170 (VIOLATED)
_17952_/ZN                              0.122200    0.129980   -0.007780 (VIOLATED)
_18000_/ZN                              0.182900    0.189452   -0.006552 (VIOLATED)
_33061_/ZN                              0.091010    0.097245   -0.006235 (VIOLATED)
_18032_/ZN                              0.182900    0.188237   -0.005337 (VIOLATED)
_32642_/ZN                              0.091010    0.095171   -0.004161 (VIOLATED)
_26529_/ZN                              0.181500    0.183605   -0.002105 (VIOLATED)
_26504_/ZN                              0.181500    0.182206   -0.000706 (VIOLATED)
_25110_/ZN                              0.322300    0.322437   -0.000137 (VIOLATED)



===========================================================================
report_parasitic_annotation -report_unannotated
============================================================================
Found 0 unannotated drivers.
Found 0 partially unannotated drivers.

===========================================================================
max slew violation count 8538
Writing metric design__max_slew_violation__count__corner:nom_tt_025C_3v30: 8538
max fanout violation count 0
Writing metric design__max_fanout_violation__count__corner:nom_tt_025C_3v30: 0
max cap violation count 103
Writing metric design__max_cap_violation__count__corner:nom_tt_025C_3v30: 103
============================================================================

===========================================================================
check_setup -verbose -unconstrained_endpoints -multiple_clock -no_clock -no_input_delay -loops -generated_clocks
===========================================================================
Warning: There is 1 input port missing set_input_delay.
  o_uart_tx_IN
Warning: There are 2 unconstrained endpoints.
  o_uart_tx_CS
  _36343_/D
