
==========================================================================
finish report_tns
--------------------------------------------------------------------------
tns max 0.00

==========================================================================
finish report_wns
--------------------------------------------------------------------------
wns max 0.00

==========================================================================
finish report_worst_slack
--------------------------------------------------------------------------
worst slack max 23.45

==========================================================================
finish report_clock_min_period
--------------------------------------------------------------------------
core_clock period_min = 16.55 fmax = 60.43
vclk_core_clock period_min = 0.00 fmax = inf

==========================================================================
finish report_clock_skew
--------------------------------------------------------------------------
Clock core_clock
   0.77 source latency integration_inst.reg_bank_inst._22131_/CLK ^
  -0.89 target latency integration_inst.mac_grid_inst.ROW_LOOP[1].COL_LOOP[0].mac_inst._2732_/CLK ^
   0.00 CRPR
--------------
  -0.12 setup skew

Clock vclk_core_clock
No launch/capture paths found.


==========================================================================
finish report_checks -path_delay min
--------------------------------------------------------------------------
Startpoint: integration_inst.reg_bank_inst._22034_
            (rising edge-triggered flip-flop clocked by core_clock)
Endpoint: integration_inst.quantizer_inst._13931_
          (removal check against rising-edge clock core_clock)
Path Group: asynchronous
Path Type: min

Fanout     Cap    Slew   Delay    Time   Description
-----------------------------------------------------------------------------
                          0.00    0.00   clock core_clock (rise edge)
                          0.00    0.00   clock source latency
     1    0.19    0.00    0.00    0.00 ^ i_clk (in)
                                         i_clk (net)
                  0.07    0.03    0.03 ^ clkbuf_0_i_clk/I (gf180mcu_fd_sc_mcu9t5v0__clkbuf_20)
     4    0.39    0.15    0.18    0.20 ^ clkbuf_0_i_clk/Z (gf180mcu_fd_sc_mcu9t5v0__clkbuf_20)
                                         clknet_0_i_clk (net)
                  0.16    0.01    0.22 ^ clkbuf_2_1_0_i_clk/I (gf180mcu_fd_sc_mcu9t5v0__clkbuf_20)
    11    1.10    0.40    0.33    0.55 ^ clkbuf_2_1_0_i_clk/Z (gf180mcu_fd_sc_mcu9t5v0__clkbuf_20)
                                         clknet_2_1_0_i_clk (net)
                  0.40    0.02    0.56 ^ clkbuf_leaf_33_i_clk/I (gf180mcu_fd_sc_mcu9t5v0__clkbuf_20)
    23    0.19    0.10    0.20    0.76 ^ clkbuf_leaf_33_i_clk/Z (gf180mcu_fd_sc_mcu9t5v0__clkbuf_20)
                                         clknet_leaf_33_i_clk (net)
                  0.10    0.01    0.77 ^ integration_inst.reg_bank_inst._22034_/CLK (gf180mcu_fd_sc_mcu9t5v0__dffrnq_1)
     6    0.06    0.48    0.64    1.41 ^ integration_inst.reg_bank_inst._22034_/Q (gf180mcu_fd_sc_mcu9t5v0__dffrnq_1)
                                         integration_inst.reg_bank_inst.current_state[0] (net)
                  0.48    0.00    1.41 ^ integration_inst.reg_bank_inst._11436_/A3 (gf180mcu_fd_sc_mcu9t5v0__nand3_4)
    25    0.57    1.14    0.68    2.10 v integration_inst.reg_bank_inst._11436_/ZN (gf180mcu_fd_sc_mcu9t5v0__nand3_4)
                                         integration_inst.reg_bank_inst._03441_ (net)
                  1.15    0.06    2.16 v integration_inst.reg_bank_inst._11437_/I (gf180mcu_fd_sc_mcu9t5v0__clkinv_12)
   160    1.91    1.10    0.82    2.98 ^ integration_inst.reg_bank_inst._11437_/ZN (gf180mcu_fd_sc_mcu9t5v0__clkinv_12)
                                         integration_inst.quant_ip_reset (net)
                  1.13    0.08    3.06 ^ integration_inst.quantizer_inst._13931_/RN (gf180mcu_fd_sc_mcu9t5v0__dffrnq_1)
                                  3.06   data arrival time

                          0.00    0.00   clock core_clock (rise edge)
                          0.00    0.00   clock source latency
     1    0.19    0.00    0.00    0.00 ^ i_clk (in)
                                         i_clk (net)
                  0.07    0.03    0.03 ^ clkbuf_0_i_clk/I (gf180mcu_fd_sc_mcu9t5v0__clkbuf_20)
     4    0.39    0.15    0.18    0.20 ^ clkbuf_0_i_clk/Z (gf180mcu_fd_sc_mcu9t5v0__clkbuf_20)
                                         clknet_0_i_clk (net)
                  0.16    0.01    0.22 ^ clkbuf_2_2_0_i_clk/I (gf180mcu_fd_sc_mcu9t5v0__clkbuf_20)
    14    1.07    0.39    0.32    0.54 ^ clkbuf_2_2_0_i_clk/Z (gf180mcu_fd_sc_mcu9t5v0__clkbuf_20)
                                         clknet_2_2_0_i_clk (net)
                  0.41    0.06    0.59 ^ clkbuf_leaf_27_i_clk/I (gf180mcu_fd_sc_mcu9t5v0__clkbuf_20)
    27    0.23    0.11    0.21    0.80 ^ clkbuf_leaf_27_i_clk/Z (gf180mcu_fd_sc_mcu9t5v0__clkbuf_20)
                                         clknet_leaf_27_i_clk (net)
                  0.11    0.01    0.81 ^ integration_inst.quantizer_inst._13931_/CLK (gf180mcu_fd_sc_mcu9t5v0__dffrnq_1)
                          0.00    0.81   clock reconvergence pessimism
                          0.43    1.24   library removal time
                                  1.24   data required time
-----------------------------------------------------------------------------
                                  1.24   data required time
                                 -3.06   data arrival time
-----------------------------------------------------------------------------
                                  1.83   slack (MET)


Startpoint: integration_inst.quantizer_inst._14053_
            (rising edge-triggered flip-flop clocked by core_clock)
Endpoint: integration_inst.quantizer_inst._13988_
          (rising edge-triggered flip-flop clocked by core_clock)
Path Group: core_clock
Path Type: min

Fanout     Cap    Slew   Delay    Time   Description
-----------------------------------------------------------------------------
                          0.00    0.00   clock core_clock (rise edge)
                          0.00    0.00   clock source latency
     1    0.19    0.00    0.00    0.00 ^ i_clk (in)
                                         i_clk (net)
                  0.07    0.03    0.03 ^ clkbuf_0_i_clk/I (gf180mcu_fd_sc_mcu9t5v0__clkbuf_20)
     4    0.39    0.15    0.18    0.20 ^ clkbuf_0_i_clk/Z (gf180mcu_fd_sc_mcu9t5v0__clkbuf_20)
                                         clknet_0_i_clk (net)
                  0.16    0.01    0.22 ^ clkbuf_2_2_0_i_clk/I (gf180mcu_fd_sc_mcu9t5v0__clkbuf_20)
    14    1.07    0.39    0.32    0.54 ^ clkbuf_2_2_0_i_clk/Z (gf180mcu_fd_sc_mcu9t5v0__clkbuf_20)
                                         clknet_2_2_0_i_clk (net)
                  0.39    0.02    0.56 ^ clkbuf_leaf_37_i_clk/I (gf180mcu_fd_sc_mcu9t5v0__clkbuf_20)
    26    0.25    0.11    0.21    0.77 ^ clkbuf_leaf_37_i_clk/Z (gf180mcu_fd_sc_mcu9t5v0__clkbuf_20)
                                         clknet_leaf_37_i_clk (net)
                  0.11    0.00    0.77 ^ integration_inst.quantizer_inst._14053_/CLK (gf180mcu_fd_sc_mcu9t5v0__dffrnq_1)
     1    0.01    0.07    0.39    1.16 v integration_inst.quantizer_inst._14053_/Q (gf180mcu_fd_sc_mcu9t5v0__dffrnq_1)
                                         integration_inst.quantizer_inst.zp_0[6] (net)
                  0.07    0.00    1.16 v integration_inst.quantizer_inst._13988_/D (gf180mcu_fd_sc_mcu9t5v0__dffrnq_1)
                                  1.16   data arrival time

                          0.00    0.00   clock core_clock (rise edge)
                          0.00    0.00   clock source latency
     1    0.19    0.00    0.00    0.00 ^ i_clk (in)
                                         i_clk (net)
                  0.07    0.03    0.03 ^ clkbuf_0_i_clk/I (gf180mcu_fd_sc_mcu9t5v0__clkbuf_20)
     4    0.39    0.15    0.18    0.20 ^ clkbuf_0_i_clk/Z (gf180mcu_fd_sc_mcu9t5v0__clkbuf_20)
                                         clknet_0_i_clk (net)
                  0.16    0.01    0.22 ^ clkbuf_2_2_0_i_clk/I (gf180mcu_fd_sc_mcu9t5v0__clkbuf_20)
    14    1.07    0.39    0.32    0.54 ^ clkbuf_2_2_0_i_clk/Z (gf180mcu_fd_sc_mcu9t5v0__clkbuf_20)
                                         clknet_2_2_0_i_clk (net)
                  0.40    0.04    0.58 ^ clkbuf_leaf_38_i_clk/I (gf180mcu_fd_sc_mcu9t5v0__clkbuf_20)
    28    0.24    0.11    0.21    0.79 ^ clkbuf_leaf_38_i_clk/Z (gf180mcu_fd_sc_mcu9t5v0__clkbuf_20)
                                         clknet_leaf_38_i_clk (net)
                  0.11    0.01    0.80 ^ integration_inst.quantizer_inst._13988_/CLK (gf180mcu_fd_sc_mcu9t5v0__dffrnq_1)
                          0.00    0.80   clock reconvergence pessimism
                          0.06    0.85   library hold time
                                  0.85   data required time
-----------------------------------------------------------------------------
                                  0.85   data required time
                                 -1.16   data arrival time
-----------------------------------------------------------------------------
                                  0.31   slack (MET)


Startpoint: uart_inst.ut._200_
            (rising edge-triggered flip-flop clocked by core_clock)
Endpoint: o_uart_tx (output port clocked by vclk_core_clock)
Path Group: vclk_core_clock
Path Type: min

Fanout     Cap    Slew   Delay    Time   Description
-----------------------------------------------------------------------------
                          0.00    0.00   clock core_clock (rise edge)
                          0.00    0.00   clock source latency
     1    0.19    0.00    0.00    0.00 ^ i_clk (in)
                                         i_clk (net)
                  0.07    0.03    0.03 ^ clkbuf_0_i_clk/I (gf180mcu_fd_sc_mcu9t5v0__clkbuf_20)
     4    0.39    0.15    0.18    0.20 ^ clkbuf_0_i_clk/Z (gf180mcu_fd_sc_mcu9t5v0__clkbuf_20)
                                         clknet_0_i_clk (net)
                  0.16    0.02    0.23 ^ clkbuf_2_0_0_i_clk/I (gf180mcu_fd_sc_mcu9t5v0__clkbuf_20)
    13    1.04    0.35    0.27    0.50 ^ clkbuf_2_0_0_i_clk/Z (gf180mcu_fd_sc_mcu9t5v0__clkbuf_20)
                                         clknet_2_0_0_i_clk (net)
                  0.44    0.10    0.59 ^ clkbuf_leaf_0_i_clk/I (gf180mcu_fd_sc_mcu9t5v0__clkbuf_20)
    26    0.26    0.12    0.22    0.81 ^ clkbuf_leaf_0_i_clk/Z (gf180mcu_fd_sc_mcu9t5v0__clkbuf_20)
                                         clknet_leaf_0_i_clk (net)
                  0.12    0.01    0.82 ^ uart_inst.ut._200_/CLK (gf180mcu_fd_sc_mcu9t5v0__dffsnq_1)
     1    0.01    0.08    0.36    1.18 ^ uart_inst.ut._200_/Q (gf180mcu_fd_sc_mcu9t5v0__dffsnq_1)
                                         net147 (net)
                  0.08    0.00    1.18 ^ output148/I (gf180mcu_fd_sc_mcu9t5v0__dlyb_2)
     1    0.07    0.28    0.70    1.89 ^ output148/Z (gf180mcu_fd_sc_mcu9t5v0__dlyb_2)
                                         o_uart_tx (net)
                  0.28    0.01    1.89 ^ o_uart_tx (out)
                                  1.89   data arrival time

                  0.00    0.00    0.00   clock vclk_core_clock (rise edge)
                          1.12    1.12   clock network delay (ideal)
                          0.00    1.12   clock reconvergence pessimism
                         -8.00   -6.88   output external delay
                                 -6.88   data required time
-----------------------------------------------------------------------------
                                 -6.88   data required time
                                 -1.89   data arrival time
-----------------------------------------------------------------------------
                                  8.77   slack (MET)



==========================================================================
finish report_checks -path_delay max
--------------------------------------------------------------------------
Startpoint: integration_inst.reg_bank_inst._22035_
            (rising edge-triggered flip-flop clocked by core_clock)
Endpoint: integration_inst.mac_grid_inst.ROW_LOOP[1].COL_LOOP[2].mac_inst._2746_
          (recovery check against rising-edge clock core_clock)
Path Group: asynchronous
Path Type: max

Fanout     Cap    Slew   Delay    Time   Description
-----------------------------------------------------------------------------
                          0.00    0.00   clock core_clock (rise edge)
                          0.00    0.00   clock source latency
     1    0.19    0.00    0.00    0.00 ^ i_clk (in)
                                         i_clk (net)
                  0.07    0.03    0.03 ^ clkbuf_0_i_clk/I (gf180mcu_fd_sc_mcu9t5v0__clkbuf_20)
     4    0.39    0.15    0.18    0.20 ^ clkbuf_0_i_clk/Z (gf180mcu_fd_sc_mcu9t5v0__clkbuf_20)
                                         clknet_0_i_clk (net)
                  0.16    0.01    0.22 ^ clkbuf_2_1_0_i_clk/I (gf180mcu_fd_sc_mcu9t5v0__clkbuf_20)
    11    1.10    0.40    0.33    0.55 ^ clkbuf_2_1_0_i_clk/Z (gf180mcu_fd_sc_mcu9t5v0__clkbuf_20)
                                         clknet_2_1_0_i_clk (net)
                  0.40    0.02    0.56 ^ clkbuf_leaf_33_i_clk/I (gf180mcu_fd_sc_mcu9t5v0__clkbuf_20)
    23    0.19    0.10    0.20    0.76 ^ clkbuf_leaf_33_i_clk/Z (gf180mcu_fd_sc_mcu9t5v0__clkbuf_20)
                                         clknet_leaf_33_i_clk (net)
                  0.10    0.01    0.77 ^ integration_inst.reg_bank_inst._22035_/CLK (gf180mcu_fd_sc_mcu9t5v0__dffrnq_1)
     7    0.06    0.49    0.64    1.41 ^ integration_inst.reg_bank_inst._22035_/Q (gf180mcu_fd_sc_mcu9t5v0__dffrnq_1)
                                         integration_inst.reg_bank_inst.current_state[1] (net)
                  0.49    0.00    1.41 ^ integration_inst.reg_bank_inst._11435_/I (gf180mcu_fd_sc_mcu9t5v0__clkinv_1)
     4    0.08    0.58    0.46    1.88 v integration_inst.reg_bank_inst._11435_/ZN (gf180mcu_fd_sc_mcu9t5v0__clkinv_1)
                                         integration_inst.reg_bank_inst._03440_ (net)
                  0.58    0.00    1.88 v integration_inst.reg_bank_inst._11436_/A1 (gf180mcu_fd_sc_mcu9t5v0__nand3_4)
    25    0.57    1.35    0.89    2.77 ^ integration_inst.reg_bank_inst._11436_/ZN (gf180mcu_fd_sc_mcu9t5v0__nand3_4)
                                         integration_inst.reg_bank_inst._03441_ (net)
                  1.36    0.07    2.84 ^ integration_inst.reg_bank_inst._11437_/I (gf180mcu_fd_sc_mcu9t5v0__clkinv_12)
   160    1.91    1.17    0.84    3.68 v integration_inst.reg_bank_inst._11437_/ZN (gf180mcu_fd_sc_mcu9t5v0__clkinv_12)
                                         integration_inst.quant_ip_reset (net)
                  1.20    0.07    3.75 v integration_inst.reg_bank_inst._13123_/A1 (gf180mcu_fd_sc_mcu9t5v0__nor2_4)
     1    0.06    0.40    0.45    4.20 ^ integration_inst.reg_bank_inst._13123_/ZN (gf180mcu_fd_sc_mcu9t5v0__nor2_4)
                                         integration_inst.mac_grid_inst.ROW_LOOP[0].COL_LOOP[0].mac_inst.i_rst_n (net)
                  0.40    0.00    4.20 ^ place821/I (gf180mcu_fd_sc_mcu9t5v0__buf_16)
   289    3.48    0.17    0.18    4.39 ^ place821/Z (gf180mcu_fd_sc_mcu9t5v0__buf_16)
                                         net820 (net)
                  4.62    1.89    6.28 ^ integration_inst.mac_grid_inst.ROW_LOOP[1].COL_LOOP[2].mac_inst._2746_/RN (gf180mcu_fd_sc_mcu9t5v0__dffrnq_1)
                                  6.28   data arrival time

                         40.00   40.00   clock core_clock (rise edge)
                          0.00   40.00   clock source latency
     1    0.19    0.00    0.00   40.00 ^ i_clk (in)
                                         i_clk (net)
                  0.07    0.03   40.03 ^ clkbuf_0_i_clk/I (gf180mcu_fd_sc_mcu9t5v0__clkbuf_20)
     4    0.39    0.15    0.18   40.20 ^ clkbuf_0_i_clk/Z (gf180mcu_fd_sc_mcu9t5v0__clkbuf_20)
                                         clknet_0_i_clk (net)
                  0.16    0.01   40.22 ^ clkbuf_2_2_0_i_clk/I (gf180mcu_fd_sc_mcu9t5v0__clkbuf_20)
    14    1.07    0.39    0.32   40.54 ^ clkbuf_2_2_0_i_clk/Z (gf180mcu_fd_sc_mcu9t5v0__clkbuf_20)
                                         clknet_2_2_0_i_clk (net)
                  0.39    0.02   40.56 ^ clkbuf_leaf_34_i_clk/I (gf180mcu_fd_sc_mcu9t5v0__clkbuf_20)
    17    0.22    0.11    0.21   40.77 ^ clkbuf_leaf_34_i_clk/Z (gf180mcu_fd_sc_mcu9t5v0__clkbuf_20)
                                         clknet_leaf_34_i_clk (net)
                  0.11    0.00   40.77 ^ integration_inst.mac_grid_inst.ROW_LOOP[1].COL_LOOP[2].mac_inst._2746_/CLK (gf180mcu_fd_sc_mcu9t5v0__dffrnq_1)
                          0.00   40.77   clock reconvergence pessimism
                         -1.78   38.99   library recovery time
                                 38.99   data required time
-----------------------------------------------------------------------------
                                 38.99   data required time
                                 -6.28   data arrival time
-----------------------------------------------------------------------------
                                 32.71   slack (MET)


Startpoint: integration_inst.reg_bank_inst._21607_
            (rising edge-triggered flip-flop clocked by core_clock)
Endpoint: integration_inst.quantizer_inst._14035_
          (rising edge-triggered flip-flop clocked by core_clock)
Path Group: core_clock
Path Type: max

Fanout     Cap    Slew   Delay    Time   Description
-----------------------------------------------------------------------------
                          0.00    0.00   clock core_clock (rise edge)
                          0.00    0.00   clock source latency
     1    0.19    0.00    0.00    0.00 ^ i_clk (in)
                                         i_clk (net)
                  0.07    0.03    0.03 ^ clkbuf_0_i_clk/I (gf180mcu_fd_sc_mcu9t5v0__clkbuf_20)
     4    0.39    0.15    0.18    0.20 ^ clkbuf_0_i_clk/Z (gf180mcu_fd_sc_mcu9t5v0__clkbuf_20)
                                         clknet_0_i_clk (net)
                  0.16    0.02    0.22 ^ clkbuf_2_3_0_i_clk/I (gf180mcu_fd_sc_mcu9t5v0__clkbuf_20)
    19    1.34    0.47    0.35    0.57 ^ clkbuf_2_3_0_i_clk/Z (gf180mcu_fd_sc_mcu9t5v0__clkbuf_20)
                                         clknet_2_3_0_i_clk (net)
                  0.50    0.07    0.63 ^ clkbuf_leaf_11_i_clk/I (gf180mcu_fd_sc_mcu9t5v0__clkbuf_20)
    21    0.27    0.13    0.23    0.86 ^ clkbuf_leaf_11_i_clk/Z (gf180mcu_fd_sc_mcu9t5v0__clkbuf_20)
                                         clknet_leaf_11_i_clk (net)
                  0.13    0.00    0.86 ^ integration_inst.reg_bank_inst._21607_/CLK (gf180mcu_fd_sc_mcu9t5v0__dffrnq_1)
    11    0.08    0.62    0.72    1.59 ^ integration_inst.reg_bank_inst._21607_/Q (gf180mcu_fd_sc_mcu9t5v0__dffrnq_1)
                                         integration_inst.reg_bank_inst.cols_a[1] (net)
                  0.62    0.00    1.59 ^ integration_inst.reg_bank_inst._10714_/I (gf180mcu_fd_sc_mcu9t5v0__clkinv_1)
     9    0.07    0.57    0.47    2.06 v integration_inst.reg_bank_inst._10714_/ZN (gf180mcu_fd_sc_mcu9t5v0__clkinv_1)
                                         integration_inst.reg_bank_inst._02738_ (net)
                  0.57    0.00    2.06 v integration_inst.reg_bank_inst._10909_/A1 (gf180mcu_fd_sc_mcu9t5v0__nand2_1)
     1    0.02    0.25    0.25    2.32 ^ integration_inst.reg_bank_inst._10909_/ZN (gf180mcu_fd_sc_mcu9t5v0__nand2_1)
                                         integration_inst.reg_bank_inst._02933_ (net)
                  0.25    0.00    2.32 ^ place931/I (gf180mcu_fd_sc_mcu9t5v0__buf_4)
    18    0.28    0.52    0.39    2.71 ^ place931/Z (gf180mcu_fd_sc_mcu9t5v0__buf_4)
                                         net930 (net)
                  0.52    0.00    2.71 ^ integration_inst.reg_bank_inst._11029_/I (gf180mcu_fd_sc_mcu9t5v0__clkinv_1)
     9    0.12    0.87    0.65    3.36 v integration_inst.reg_bank_inst._11029_/ZN (gf180mcu_fd_sc_mcu9t5v0__clkinv_1)
                                         integration_inst.reg_bank_inst._03052_ (net)
                  0.87    0.00    3.36 v integration_inst.reg_bank_inst._11451_/A1 (gf180mcu_fd_sc_mcu9t5v0__nand2_1)
     1    0.01    0.24    0.26    3.62 ^ integration_inst.reg_bank_inst._11451_/ZN (gf180mcu_fd_sc_mcu9t5v0__nand2_1)
                                         integration_inst.reg_bank_inst._03455_ (net)
                  0.24    0.00    3.62 ^ integration_inst.reg_bank_inst._11452_/I (gf180mcu_fd_sc_mcu9t5v0__clkinv_1)
    23    0.24    1.77    1.14    4.77 v integration_inst.reg_bank_inst._11452_/ZN (gf180mcu_fd_sc_mcu9t5v0__clkinv_1)
                                         integration_inst.reg_bank_inst._03456_ (net)
                  1.77    0.01    4.77 v integration_inst.reg_bank_inst._11590_/A1 (gf180mcu_fd_sc_mcu9t5v0__aoi21_1)
     1    0.01    0.42    0.54    5.31 ^ integration_inst.reg_bank_inst._11590_/ZN (gf180mcu_fd_sc_mcu9t5v0__aoi21_1)
                                         integration_inst.reg_bank_inst._03581_ (net)
                  0.42    0.00    5.31 ^ integration_inst.reg_bank_inst._11591_/A1 (gf180mcu_fd_sc_mcu9t5v0__nand4_1)
     1    0.01    0.21    0.12    5.44 v integration_inst.reg_bank_inst._11591_/ZN (gf180mcu_fd_sc_mcu9t5v0__nand4_1)
                                         integration_inst.reg_bank_inst._03582_ (net)
                  0.21    0.00    5.44 v integration_inst.reg_bank_inst._11592_/C (gf180mcu_fd_sc_mcu9t5v0__aoi221_1)
     1    0.01    0.40    0.29    5.73 ^ integration_inst.reg_bank_inst._11592_/ZN (gf180mcu_fd_sc_mcu9t5v0__aoi221_1)
                                         integration_inst.reg_bank_inst._03583_ (net)
                  0.40    0.00    5.73 ^ integration_inst.reg_bank_inst._11593_/A1 (gf180mcu_fd_sc_mcu9t5v0__aoi21_1)
     1    0.04    0.60    0.22    5.94 v integration_inst.reg_bank_inst._11593_/ZN (gf180mcu_fd_sc_mcu9t5v0__aoi21_1)
                                         integration_inst.quant_ip_data[8] (net)
                  0.60    0.00    5.95 v place718/I (gf180mcu_fd_sc_mcu9t5v0__buf_4)
    12    0.22    0.24    0.37    6.32 v place718/Z (gf180mcu_fd_sc_mcu9t5v0__buf_4)
                                         net717 (net)
                  0.25    0.03    6.35 v integration_inst.quantizer_inst._07962_/I (gf180mcu_fd_sc_mcu9t5v0__clkinv_1)
    25    0.26    1.88    1.17    7.52 ^ integration_inst.quantizer_inst._07962_/ZN (gf180mcu_fd_sc_mcu9t5v0__clkinv_1)
                                         integration_inst.quantizer_inst._00427_ (net)
                  1.88    0.00    7.52 ^ integration_inst.quantizer_inst._11247_/A2 (gf180mcu_fd_sc_mcu9t5v0__nor2_1)
     2    0.01    0.52    0.15    7.67 v integration_inst.quantizer_inst._11247_/ZN (gf180mcu_fd_sc_mcu9t5v0__nor2_1)
                                         integration_inst.quantizer_inst._03844_ (net)
                  0.52    0.00    7.67 v integration_inst.quantizer_inst._11248_/I (gf180mcu_fd_sc_mcu9t5v0__clkinv_1)
     2    0.01    0.21    0.18    7.85 ^ integration_inst.quantizer_inst._11248_/ZN (gf180mcu_fd_sc_mcu9t5v0__clkinv_1)
                                         integration_inst.quantizer_inst._03845_ (net)
                  0.21    0.00    7.85 ^ integration_inst.quantizer_inst._11251_/B (gf180mcu_fd_sc_mcu9t5v0__aoi21_1)
     2    0.01    0.18    0.14    7.99 v integration_inst.quantizer_inst._11251_/ZN (gf180mcu_fd_sc_mcu9t5v0__aoi21_1)
                                         integration_inst.quantizer_inst._03849_ (net)
                  0.18    0.00    7.99 v integration_inst.quantizer_inst._11252_/A1 (gf180mcu_fd_sc_mcu9t5v0__nor2_1)
     3    0.02    0.34    0.24    8.23 ^ integration_inst.quantizer_inst._11252_/ZN (gf180mcu_fd_sc_mcu9t5v0__nor2_1)
                                         integration_inst.quantizer_inst._03850_ (net)
                  0.34    0.00    8.24 ^ integration_inst.quantizer_inst._11270_/A1 (gf180mcu_fd_sc_mcu9t5v0__nand2_1)
     4    0.03    0.24    0.18    8.42 v integration_inst.quantizer_inst._11270_/ZN (gf180mcu_fd_sc_mcu9t5v0__nand2_1)
                                         integration_inst.quantizer_inst._03870_ (net)
                  0.24    0.00    8.42 v integration_inst.quantizer_inst._11417_/I (gf180mcu_fd_sc_mcu9t5v0__clkinv_1)
     2    0.01    0.16    0.14    8.56 ^ integration_inst.quantizer_inst._11417_/ZN (gf180mcu_fd_sc_mcu9t5v0__clkinv_1)
                                         integration_inst.quantizer_inst._04031_ (net)
                  0.16    0.00    8.56 ^ integration_inst.quantizer_inst._11418_/A1 (gf180mcu_fd_sc_mcu9t5v0__oai21_1)
     3    0.03    0.22    0.15    8.71 v integration_inst.quantizer_inst._11418_/ZN (gf180mcu_fd_sc_mcu9t5v0__oai21_1)
                                         integration_inst.quantizer_inst._04032_ (net)
                  0.22    0.00    8.71 v integration_inst.quantizer_inst._11438_/B (gf180mcu_fd_sc_mcu9t5v0__oai211_1)
     2    0.02    0.32    0.23    8.94 ^ integration_inst.quantizer_inst._11438_/ZN (gf180mcu_fd_sc_mcu9t5v0__oai211_1)
                                         integration_inst.quantizer_inst._04054_ (net)
                  0.32    0.00    8.94 ^ integration_inst.quantizer_inst._11563_/A1 (gf180mcu_fd_sc_mcu9t5v0__nand3_1)
     4    0.03    0.33    0.24    9.18 v integration_inst.quantizer_inst._11563_/ZN (gf180mcu_fd_sc_mcu9t5v0__nand3_1)
                                         integration_inst.quantizer_inst._04192_ (net)
                  0.33    0.00    9.18 v integration_inst.quantizer_inst._11567_/A2 (gf180mcu_fd_sc_mcu9t5v0__nand3_1)
     4    0.03    0.37    0.31    9.49 ^ integration_inst.quantizer_inst._11567_/ZN (gf180mcu_fd_sc_mcu9t5v0__nand3_1)
                                         integration_inst.quantizer_inst._04196_ (net)
                  0.37    0.00    9.49 ^ integration_inst.quantizer_inst._11717_/I (gf180mcu_fd_sc_mcu9t5v0__clkinv_1)
     2    0.02    0.20    0.17    9.66 v integration_inst.quantizer_inst._11717_/ZN (gf180mcu_fd_sc_mcu9t5v0__clkinv_1)
                                         integration_inst.quantizer_inst._04361_ (net)
                  0.20    0.00    9.66 v integration_inst.quantizer_inst._11719_/A1 (gf180mcu_fd_sc_mcu9t5v0__oai21_1)
     3    0.03    0.39    0.28    9.94 ^ integration_inst.quantizer_inst._11719_/ZN (gf180mcu_fd_sc_mcu9t5v0__oai21_1)
                                         integration_inst.quantizer_inst._04363_ (net)
                  0.39    0.00    9.94 ^ integration_inst.quantizer_inst._11730_/A1 (gf180mcu_fd_sc_mcu9t5v0__nand3_1)
     3    0.02    0.27    0.20   10.13 v integration_inst.quantizer_inst._11730_/ZN (gf180mcu_fd_sc_mcu9t5v0__nand3_1)
                                         integration_inst.quantizer_inst._04376_ (net)
                  0.27    0.00   10.14 v integration_inst.quantizer_inst._11734_/A2 (gf180mcu_fd_sc_mcu9t5v0__aoi21_1)
     3    0.02    0.39    0.30   10.43 ^ integration_inst.quantizer_inst._11734_/ZN (gf180mcu_fd_sc_mcu9t5v0__aoi21_1)
                                         integration_inst.quantizer_inst._04380_ (net)
                  0.39    0.00   10.43 ^ integration_inst.quantizer_inst._11735_/A1 (gf180mcu_fd_sc_mcu9t5v0__nor2_1)
     3    0.02    0.24    0.16   10.59 v integration_inst.quantizer_inst._11735_/ZN (gf180mcu_fd_sc_mcu9t5v0__nor2_1)
                                         integration_inst.quantizer_inst._04381_ (net)
                  0.24    0.00   10.59 v integration_inst.quantizer_inst._11864_/A1 (gf180mcu_fd_sc_mcu9t5v0__nor3_1)
     2    0.02    0.41    0.28   10.88 ^ integration_inst.quantizer_inst._11864_/ZN (gf180mcu_fd_sc_mcu9t5v0__nor3_1)
                                         integration_inst.quantizer_inst._04523_ (net)
                  0.41    0.00   10.88 ^ integration_inst.quantizer_inst._11866_/A1 (gf180mcu_fd_sc_mcu9t5v0__nor3_1)
     2    0.01    0.23    0.15   11.02 v integration_inst.quantizer_inst._11866_/ZN (gf180mcu_fd_sc_mcu9t5v0__nor3_1)
                                         integration_inst.quantizer_inst._04525_ (net)
                  0.23    0.00   11.02 v integration_inst.quantizer_inst._11870_/A1 (gf180mcu_fd_sc_mcu9t5v0__nor3_1)
     2    0.01    0.35    0.25   11.27 ^ integration_inst.quantizer_inst._11870_/ZN (gf180mcu_fd_sc_mcu9t5v0__nor3_1)
                                         integration_inst.quantizer_inst._04530_ (net)
                  0.35    0.00   11.27 ^ integration_inst.quantizer_inst._12373_/A2 (gf180mcu_fd_sc_mcu9t5v0__or2_1)
     2    0.01    0.14    0.20   11.47 ^ integration_inst.quantizer_inst._12373_/Z (gf180mcu_fd_sc_mcu9t5v0__or2_1)
                                         integration_inst.quantizer_inst._05082_ (net)
                  0.14    0.00   11.47 ^ integration_inst.quantizer_inst._12395_/B (gf180mcu_fd_sc_mcu9t5v0__oai21_1)
     2    0.02    0.24    0.14   11.61 v integration_inst.quantizer_inst._12395_/ZN (gf180mcu_fd_sc_mcu9t5v0__oai21_1)
                                         integration_inst.quantizer_inst._05106_ (net)
                  0.24    0.00   11.61 v integration_inst.quantizer_inst._12396_/A1 (gf180mcu_fd_sc_mcu9t5v0__aoi21_1)
     2    0.02    0.35    0.24   11.85 ^ integration_inst.quantizer_inst._12396_/ZN (gf180mcu_fd_sc_mcu9t5v0__aoi21_1)
                                         integration_inst.quantizer_inst._05107_ (net)
                  0.35    0.00   11.85 ^ integration_inst.quantizer_inst._12397_/A1 (gf180mcu_fd_sc_mcu9t5v0__oai21_1)
     2    0.02    0.24    0.15   12.01 v integration_inst.quantizer_inst._12397_/ZN (gf180mcu_fd_sc_mcu9t5v0__oai21_1)
                                         integration_inst.quantizer_inst._05108_ (net)
                  0.24    0.00   12.01 v integration_inst.quantizer_inst._12398_/A1 (gf180mcu_fd_sc_mcu9t5v0__aoi21_1)
     2    0.02    0.37    0.26   12.27 ^ integration_inst.quantizer_inst._12398_/ZN (gf180mcu_fd_sc_mcu9t5v0__aoi21_1)
                                         integration_inst.quantizer_inst._05109_ (net)
                  0.37    0.00   12.27 ^ integration_inst.quantizer_inst._12399_/A1 (gf180mcu_fd_sc_mcu9t5v0__oai21_1)
     2    0.02    0.26    0.15   12.42 v integration_inst.quantizer_inst._12399_/ZN (gf180mcu_fd_sc_mcu9t5v0__oai21_1)
                                         integration_inst.quantizer_inst._05110_ (net)
                  0.26    0.00   12.42 v integration_inst.quantizer_inst._12400_/A1 (gf180mcu_fd_sc_mcu9t5v0__aoi21_1)
     2    0.02    0.36    0.26   12.68 ^ integration_inst.quantizer_inst._12400_/ZN (gf180mcu_fd_sc_mcu9t5v0__aoi21_1)
                                         integration_inst.quantizer_inst._05112_ (net)
                  0.36    0.00   12.68 ^ integration_inst.quantizer_inst._12401_/A1 (gf180mcu_fd_sc_mcu9t5v0__oai21_1)
     2    0.02    0.24    0.14   12.82 v integration_inst.quantizer_inst._12401_/ZN (gf180mcu_fd_sc_mcu9t5v0__oai21_1)
                                         integration_inst.quantizer_inst._05113_ (net)
                  0.24    0.00   12.82 v integration_inst.quantizer_inst._12402_/A1 (gf180mcu_fd_sc_mcu9t5v0__aoi21_1)
     2    0.02    0.31    0.22   13.04 ^ integration_inst.quantizer_inst._12402_/ZN (gf180mcu_fd_sc_mcu9t5v0__aoi21_1)
                                         integration_inst.quantizer_inst._05114_ (net)
                  0.31    0.00   13.04 ^ integration_inst.quantizer_inst._12403_/A1 (gf180mcu_fd_sc_mcu9t5v0__oai21_1)
     2    0.02    0.26    0.14   13.18 v integration_inst.quantizer_inst._12403_/ZN (gf180mcu_fd_sc_mcu9t5v0__oai21_1)
                                         integration_inst.quantizer_inst._05115_ (net)
                  0.26    0.00   13.18 v integration_inst.quantizer_inst._12404_/A1 (gf180mcu_fd_sc_mcu9t5v0__aoi21_1)
     2    0.02    0.33    0.24   13.41 ^ integration_inst.quantizer_inst._12404_/ZN (gf180mcu_fd_sc_mcu9t5v0__aoi21_1)
                                         integration_inst.quantizer_inst._05116_ (net)
                  0.33    0.00   13.41 ^ integration_inst.quantizer_inst._12432_/A1 (gf180mcu_fd_sc_mcu9t5v0__oai21_1)
     2    0.02    0.18    0.13   13.55 v integration_inst.quantizer_inst._12432_/ZN (gf180mcu_fd_sc_mcu9t5v0__oai21_1)
                                         integration_inst.quantizer_inst._05145_ (net)
                  0.18    0.00   13.55 v integration_inst.quantizer_inst._12433_/A1 (gf180mcu_fd_sc_mcu9t5v0__aoi21_1)
     2    0.02    0.34    0.22   13.77 ^ integration_inst.quantizer_inst._12433_/ZN (gf180mcu_fd_sc_mcu9t5v0__aoi21_1)
                                         integration_inst.quantizer_inst._05146_ (net)
                  0.34    0.00   13.77 ^ integration_inst.quantizer_inst._12434_/A1 (gf180mcu_fd_sc_mcu9t5v0__oai21_1)
     2    0.02    0.18    0.13   13.90 v integration_inst.quantizer_inst._12434_/ZN (gf180mcu_fd_sc_mcu9t5v0__oai21_1)
                                         integration_inst.quantizer_inst._05147_ (net)
                  0.18    0.00   13.90 v integration_inst.quantizer_inst._12435_/A1 (gf180mcu_fd_sc_mcu9t5v0__aoi21_1)
     2    0.02    0.30    0.20   14.10 ^ integration_inst.quantizer_inst._12435_/ZN (gf180mcu_fd_sc_mcu9t5v0__aoi21_1)
                                         integration_inst.quantizer_inst._05148_ (net)
                  0.30    0.00   14.10 ^ integration_inst.quantizer_inst._12436_/A1 (gf180mcu_fd_sc_mcu9t5v0__oai21_1)
     2    0.02    0.22    0.13   14.23 v integration_inst.quantizer_inst._12436_/ZN (gf180mcu_fd_sc_mcu9t5v0__oai21_1)
                                         integration_inst.quantizer_inst._05149_ (net)
                  0.22    0.00   14.23 v integration_inst.quantizer_inst._12437_/A1 (gf180mcu_fd_sc_mcu9t5v0__aoi21_1)
     2    0.02    0.32    0.21   14.44 ^ integration_inst.quantizer_inst._12437_/ZN (gf180mcu_fd_sc_mcu9t5v0__aoi21_1)
                                         integration_inst.quantizer_inst._05150_ (net)
                  0.32    0.00   14.44 ^ integration_inst.quantizer_inst._12438_/A1 (gf180mcu_fd_sc_mcu9t5v0__oai21_1)
     2    0.02    0.22    0.12   14.57 v integration_inst.quantizer_inst._12438_/ZN (gf180mcu_fd_sc_mcu9t5v0__oai21_1)
                                         integration_inst.quantizer_inst._05151_ (net)
                  0.22    0.00   14.57 v integration_inst.quantizer_inst._12439_/A1 (gf180mcu_fd_sc_mcu9t5v0__aoi21_1)
     2    0.02    0.33    0.22   14.78 ^ integration_inst.quantizer_inst._12439_/ZN (gf180mcu_fd_sc_mcu9t5v0__aoi21_1)
                                         integration_inst.quantizer_inst._05152_ (net)
                  0.33    0.00   14.78 ^ integration_inst.quantizer_inst._12440_/A1 (gf180mcu_fd_sc_mcu9t5v0__oai21_1)
     2    0.01    0.17    0.12   14.90 v integration_inst.quantizer_inst._12440_/ZN (gf180mcu_fd_sc_mcu9t5v0__oai21_1)
                                         integration_inst.quantizer_inst._05154_ (net)
                  0.17    0.00   14.90 v integration_inst.quantizer_inst._12441_/A1 (gf180mcu_fd_sc_mcu9t5v0__aoi21_1)
     2    0.02    0.31    0.20   15.10 ^ integration_inst.quantizer_inst._12441_/ZN (gf180mcu_fd_sc_mcu9t5v0__aoi21_1)
                                         integration_inst.quantizer_inst._05155_ (net)
                  0.31    0.00   15.10 ^ integration_inst.quantizer_inst._12442_/A1 (gf180mcu_fd_sc_mcu9t5v0__oai21_1)
     3    0.02    0.27    0.15   15.25 v integration_inst.quantizer_inst._12442_/ZN (gf180mcu_fd_sc_mcu9t5v0__oai21_1)
                                         integration_inst.quantizer_inst._05156_ (net)
                  0.27    0.00   15.25 v integration_inst.quantizer_inst._12443_/A1 (gf180mcu_fd_sc_mcu9t5v0__aoi21_1)
     2    0.02    0.33    0.23   15.48 ^ integration_inst.quantizer_inst._12443_/ZN (gf180mcu_fd_sc_mcu9t5v0__aoi21_1)
                                         integration_inst.quantizer_inst._05157_ (net)
                  0.33    0.00   15.48 ^ integration_inst.quantizer_inst._12444_/A1 (gf180mcu_fd_sc_mcu9t5v0__oai21_1)
     2    0.02    0.19    0.14   15.62 v integration_inst.quantizer_inst._12444_/ZN (gf180mcu_fd_sc_mcu9t5v0__oai21_1)
                                         integration_inst.quantizer_inst._05158_ (net)
                  0.19    0.00   15.62 v integration_inst.quantizer_inst._12445_/A1 (gf180mcu_fd_sc_mcu9t5v0__aoi21_1)
     3    0.03    0.45    0.29   15.91 ^ integration_inst.quantizer_inst._12445_/ZN (gf180mcu_fd_sc_mcu9t5v0__aoi21_1)
                                         integration_inst.quantizer_inst._05159_ (net)
                  0.45    0.00   15.91 ^ integration_inst.quantizer_inst._12446_/A1 (gf180mcu_fd_sc_mcu9t5v0__oai211_1)
     2    0.02    0.26    0.18   16.09 v integration_inst.quantizer_inst._12446_/ZN (gf180mcu_fd_sc_mcu9t5v0__oai211_1)
                                         integration_inst.quantizer_inst._05160_ (net)
                  0.26    0.00   16.09 v integration_inst.quantizer_inst._12447_/A1 (gf180mcu_fd_sc_mcu9t5v0__aoi211_1)
     2    0.02    0.46    0.29   16.38 ^ integration_inst.quantizer_inst._12447_/ZN (gf180mcu_fd_sc_mcu9t5v0__aoi211_1)
                                         integration_inst.quantizer_inst._05161_ (net)
                  0.46    0.00   16.38 ^ integration_inst.quantizer_inst._12450_/A1 (gf180mcu_fd_sc_mcu9t5v0__oai21_1)
     2    0.02    0.21    0.13   16.51 v integration_inst.quantizer_inst._12450_/ZN (gf180mcu_fd_sc_mcu9t5v0__oai21_1)
                                         integration_inst.quantizer_inst._05165_ (net)
                  0.21    0.00   16.51 v integration_inst.quantizer_inst._12451_/A1 (gf180mcu_fd_sc_mcu9t5v0__aoi21_1)
     2    0.02    0.32    0.22   16.72 ^ integration_inst.quantizer_inst._12451_/ZN (gf180mcu_fd_sc_mcu9t5v0__aoi21_1)
                                         integration_inst.quantizer_inst._05166_ (net)
                  0.32    0.00   16.72 ^ integration_inst.quantizer_inst._12452_/A1 (gf180mcu_fd_sc_mcu9t5v0__oai21_1)
     1    0.01    0.14    0.09   16.82 v integration_inst.quantizer_inst._12452_/ZN (gf180mcu_fd_sc_mcu9t5v0__oai21_1)
                                         integration_inst.quantizer_inst._05167_ (net)
                  0.14    0.00   16.82 v integration_inst.quantizer_inst._12453_/A1 (gf180mcu_fd_sc_mcu9t5v0__aoi21_1)
     2    0.02    0.33    0.21   17.02 ^ integration_inst.quantizer_inst._12453_/ZN (gf180mcu_fd_sc_mcu9t5v0__aoi21_1)
                                         integration_inst.quantizer_inst._05168_ (net)
                  0.33    0.00   17.03 ^ integration_inst.quantizer_inst._12454_/A1 (gf180mcu_fd_sc_mcu9t5v0__oai21_1)
     1    0.01    0.18    0.10   17.12 v integration_inst.quantizer_inst._12454_/ZN (gf180mcu_fd_sc_mcu9t5v0__oai21_1)
                                         integration_inst.quantizer_inst._05169_ (net)
                  0.18    0.00   17.12 v integration_inst.quantizer_inst._12457_/A1 (gf180mcu_fd_sc_mcu9t5v0__nand2_1)
     1    0.01    0.11    0.10   17.22 ^ integration_inst.quantizer_inst._12457_/ZN (gf180mcu_fd_sc_mcu9t5v0__nand2_1)
                                         integration_inst.quantizer_inst._06877_[44] (net)
                  0.11    0.00   17.22 ^ integration_inst.quantizer_inst._14035_/D (gf180mcu_fd_sc_mcu9t5v0__dffrnq_1)
                                 17.22   data arrival time

                         40.00   40.00   clock core_clock (rise edge)
                          0.00   40.00   clock source latency
     1    0.19    0.00    0.00   40.00 ^ i_clk (in)
                                         i_clk (net)
                  0.07    0.03   40.03 ^ clkbuf_0_i_clk/I (gf180mcu_fd_sc_mcu9t5v0__clkbuf_20)
     4    0.39    0.15    0.18   40.20 ^ clkbuf_0_i_clk/Z (gf180mcu_fd_sc_mcu9t5v0__clkbuf_20)
                                         clknet_0_i_clk (net)
                  0.16    0.01   40.22 ^ clkbuf_2_2_0_i_clk/I (gf180mcu_fd_sc_mcu9t5v0__clkbuf_20)
    14    1.07    0.39    0.32   40.54 ^ clkbuf_2_2_0_i_clk/Z (gf180mcu_fd_sc_mcu9t5v0__clkbuf_20)
                                         clknet_2_2_0_i_clk (net)
                  0.42    0.07   40.60 ^ clkbuf_leaf_42_i_clk/I (gf180mcu_fd_sc_mcu9t5v0__clkbuf_20)
    15    0.21    0.10    0.21   40.81 ^ clkbuf_leaf_42_i_clk/Z (gf180mcu_fd_sc_mcu9t5v0__clkbuf_20)
                                         clknet_leaf_42_i_clk (net)
                  0.10    0.00   40.81 ^ integration_inst.quantizer_inst._14035_/CLK (gf180mcu_fd_sc_mcu9t5v0__dffrnq_1)
                          0.00   40.81   clock reconvergence pessimism
                         -0.14   40.68   library setup time
                                 40.68   data required time
-----------------------------------------------------------------------------
                                 40.68   data required time
                                -17.22   data arrival time
-----------------------------------------------------------------------------
                                 23.45   slack (MET)


Startpoint: uart_inst.ut._200_
            (rising edge-triggered flip-flop clocked by core_clock)
Endpoint: o_uart_tx (output port clocked by vclk_core_clock)
Path Group: vclk_core_clock
Path Type: max

Fanout     Cap    Slew   Delay    Time   Description
-----------------------------------------------------------------------------
                          0.00    0.00   clock core_clock (rise edge)
                          0.00    0.00   clock source latency
     1    0.19    0.00    0.00    0.00 ^ i_clk (in)
                                         i_clk (net)
                  0.07    0.03    0.03 ^ clkbuf_0_i_clk/I (gf180mcu_fd_sc_mcu9t5v0__clkbuf_20)
     4    0.39    0.15    0.18    0.20 ^ clkbuf_0_i_clk/Z (gf180mcu_fd_sc_mcu9t5v0__clkbuf_20)
                                         clknet_0_i_clk (net)
                  0.16    0.02    0.23 ^ clkbuf_2_0_0_i_clk/I (gf180mcu_fd_sc_mcu9t5v0__clkbuf_20)
    13    1.04    0.35    0.27    0.50 ^ clkbuf_2_0_0_i_clk/Z (gf180mcu_fd_sc_mcu9t5v0__clkbuf_20)
                                         clknet_2_0_0_i_clk (net)
                  0.44    0.10    0.59 ^ clkbuf_leaf_0_i_clk/I (gf180mcu_fd_sc_mcu9t5v0__clkbuf_20)
    26    0.26    0.12    0.22    0.81 ^ clkbuf_leaf_0_i_clk/Z (gf180mcu_fd_sc_mcu9t5v0__clkbuf_20)
                                         clknet_leaf_0_i_clk (net)
                  0.12    0.01    0.82 ^ uart_inst.ut._200_/CLK (gf180mcu_fd_sc_mcu9t5v0__dffsnq_1)
     1    0.01    0.07    0.42    1.24 v uart_inst.ut._200_/Q (gf180mcu_fd_sc_mcu9t5v0__dffsnq_1)
                                         net147 (net)
                  0.07    0.00    1.24 v output148/I (gf180mcu_fd_sc_mcu9t5v0__dlyb_2)
     1    0.07    0.32    0.86    2.09 v output148/Z (gf180mcu_fd_sc_mcu9t5v0__dlyb_2)
                                         o_uart_tx (net)
                  0.32    0.01    2.10 v o_uart_tx (out)
                                  2.10   data arrival time

                  0.00   40.00   40.00   clock vclk_core_clock (rise edge)
                          1.12   41.12   clock network delay (ideal)
                          0.00   41.12   clock reconvergence pessimism
                         -8.00   33.12   output external delay
                                 33.12   data required time
-----------------------------------------------------------------------------
                                 33.12   data required time
                                 -2.10   data arrival time
-----------------------------------------------------------------------------
                                 31.02   slack (MET)



==========================================================================
finish report_checks -unconstrained
--------------------------------------------------------------------------
Startpoint: integration_inst.reg_bank_inst._22035_
            (rising edge-triggered flip-flop clocked by core_clock)
Endpoint: integration_inst.mac_grid_inst.ROW_LOOP[1].COL_LOOP[2].mac_inst._2746_
          (recovery check against rising-edge clock core_clock)
Path Group: asynchronous
Path Type: max

Fanout     Cap    Slew   Delay    Time   Description
-----------------------------------------------------------------------------
                          0.00    0.00   clock core_clock (rise edge)
                          0.00    0.00   clock source latency
     1    0.19    0.00    0.00    0.00 ^ i_clk (in)
                                         i_clk (net)
                  0.07    0.03    0.03 ^ clkbuf_0_i_clk/I (gf180mcu_fd_sc_mcu9t5v0__clkbuf_20)
     4    0.39    0.15    0.18    0.20 ^ clkbuf_0_i_clk/Z (gf180mcu_fd_sc_mcu9t5v0__clkbuf_20)
                                         clknet_0_i_clk (net)
                  0.16    0.01    0.22 ^ clkbuf_2_1_0_i_clk/I (gf180mcu_fd_sc_mcu9t5v0__clkbuf_20)
    11    1.10    0.40    0.33    0.55 ^ clkbuf_2_1_0_i_clk/Z (gf180mcu_fd_sc_mcu9t5v0__clkbuf_20)
                                         clknet_2_1_0_i_clk (net)
                  0.40    0.02    0.56 ^ clkbuf_leaf_33_i_clk/I (gf180mcu_fd_sc_mcu9t5v0__clkbuf_20)
    23    0.19    0.10    0.20    0.76 ^ clkbuf_leaf_33_i_clk/Z (gf180mcu_fd_sc_mcu9t5v0__clkbuf_20)
                                         clknet_leaf_33_i_clk (net)
                  0.10    0.01    0.77 ^ integration_inst.reg_bank_inst._22035_/CLK (gf180mcu_fd_sc_mcu9t5v0__dffrnq_1)
     7    0.06    0.49    0.64    1.41 ^ integration_inst.reg_bank_inst._22035_/Q (gf180mcu_fd_sc_mcu9t5v0__dffrnq_1)
                                         integration_inst.reg_bank_inst.current_state[1] (net)
                  0.49    0.00    1.41 ^ integration_inst.reg_bank_inst._11435_/I (gf180mcu_fd_sc_mcu9t5v0__clkinv_1)
     4    0.08    0.58    0.46    1.88 v integration_inst.reg_bank_inst._11435_/ZN (gf180mcu_fd_sc_mcu9t5v0__clkinv_1)
                                         integration_inst.reg_bank_inst._03440_ (net)
                  0.58    0.00    1.88 v integration_inst.reg_bank_inst._11436_/A1 (gf180mcu_fd_sc_mcu9t5v0__nand3_4)
    25    0.57    1.35    0.89    2.77 ^ integration_inst.reg_bank_inst._11436_/ZN (gf180mcu_fd_sc_mcu9t5v0__nand3_4)
                                         integration_inst.reg_bank_inst._03441_ (net)
                  1.36    0.07    2.84 ^ integration_inst.reg_bank_inst._11437_/I (gf180mcu_fd_sc_mcu9t5v0__clkinv_12)
   160    1.91    1.17    0.84    3.68 v integration_inst.reg_bank_inst._11437_/ZN (gf180mcu_fd_sc_mcu9t5v0__clkinv_12)
                                         integration_inst.quant_ip_reset (net)
                  1.20    0.07    3.75 v integration_inst.reg_bank_inst._13123_/A1 (gf180mcu_fd_sc_mcu9t5v0__nor2_4)
     1    0.06    0.40    0.45    4.20 ^ integration_inst.reg_bank_inst._13123_/ZN (gf180mcu_fd_sc_mcu9t5v0__nor2_4)
                                         integration_inst.mac_grid_inst.ROW_LOOP[0].COL_LOOP[0].mac_inst.i_rst_n (net)
                  0.40    0.00    4.20 ^ place821/I (gf180mcu_fd_sc_mcu9t5v0__buf_16)
   289    3.48    0.17    0.18    4.39 ^ place821/Z (gf180mcu_fd_sc_mcu9t5v0__buf_16)
                                         net820 (net)
                  4.62    1.89    6.28 ^ integration_inst.mac_grid_inst.ROW_LOOP[1].COL_LOOP[2].mac_inst._2746_/RN (gf180mcu_fd_sc_mcu9t5v0__dffrnq_1)
                                  6.28   data arrival time

                         40.00   40.00   clock core_clock (rise edge)
                          0.00   40.00   clock source latency
     1    0.19    0.00    0.00   40.00 ^ i_clk (in)
                                         i_clk (net)
                  0.07    0.03   40.03 ^ clkbuf_0_i_clk/I (gf180mcu_fd_sc_mcu9t5v0__clkbuf_20)
     4    0.39    0.15    0.18   40.20 ^ clkbuf_0_i_clk/Z (gf180mcu_fd_sc_mcu9t5v0__clkbuf_20)
                                         clknet_0_i_clk (net)
                  0.16    0.01   40.22 ^ clkbuf_2_2_0_i_clk/I (gf180mcu_fd_sc_mcu9t5v0__clkbuf_20)
    14    1.07    0.39    0.32   40.54 ^ clkbuf_2_2_0_i_clk/Z (gf180mcu_fd_sc_mcu9t5v0__clkbuf_20)
                                         clknet_2_2_0_i_clk (net)
                  0.39    0.02   40.56 ^ clkbuf_leaf_34_i_clk/I (gf180mcu_fd_sc_mcu9t5v0__clkbuf_20)
    17    0.22    0.11    0.21   40.77 ^ clkbuf_leaf_34_i_clk/Z (gf180mcu_fd_sc_mcu9t5v0__clkbuf_20)
                                         clknet_leaf_34_i_clk (net)
                  0.11    0.00   40.77 ^ integration_inst.mac_grid_inst.ROW_LOOP[1].COL_LOOP[2].mac_inst._2746_/CLK (gf180mcu_fd_sc_mcu9t5v0__dffrnq_1)
                          0.00   40.77   clock reconvergence pessimism
                         -1.78   38.99   library recovery time
                                 38.99   data required time
-----------------------------------------------------------------------------
                                 38.99   data required time
                                 -6.28   data arrival time
-----------------------------------------------------------------------------
                                 32.71   slack (MET)


Startpoint: integration_inst.reg_bank_inst._21607_
            (rising edge-triggered flip-flop clocked by core_clock)
Endpoint: integration_inst.quantizer_inst._14035_
          (rising edge-triggered flip-flop clocked by core_clock)
Path Group: core_clock
Path Type: max

Fanout     Cap    Slew   Delay    Time   Description
-----------------------------------------------------------------------------
                          0.00    0.00   clock core_clock (rise edge)
                          0.00    0.00   clock source latency
     1    0.19    0.00    0.00    0.00 ^ i_clk (in)
                                         i_clk (net)
                  0.07    0.03    0.03 ^ clkbuf_0_i_clk/I (gf180mcu_fd_sc_mcu9t5v0__clkbuf_20)
     4    0.39    0.15    0.18    0.20 ^ clkbuf_0_i_clk/Z (gf180mcu_fd_sc_mcu9t5v0__clkbuf_20)
                                         clknet_0_i_clk (net)
                  0.16    0.02    0.22 ^ clkbuf_2_3_0_i_clk/I (gf180mcu_fd_sc_mcu9t5v0__clkbuf_20)
    19    1.34    0.47    0.35    0.57 ^ clkbuf_2_3_0_i_clk/Z (gf180mcu_fd_sc_mcu9t5v0__clkbuf_20)
                                         clknet_2_3_0_i_clk (net)
                  0.50    0.07    0.63 ^ clkbuf_leaf_11_i_clk/I (gf180mcu_fd_sc_mcu9t5v0__clkbuf_20)
    21    0.27    0.13    0.23    0.86 ^ clkbuf_leaf_11_i_clk/Z (gf180mcu_fd_sc_mcu9t5v0__clkbuf_20)
                                         clknet_leaf_11_i_clk (net)
                  0.13    0.00    0.86 ^ integration_inst.reg_bank_inst._21607_/CLK (gf180mcu_fd_sc_mcu9t5v0__dffrnq_1)
    11    0.08    0.62    0.72    1.59 ^ integration_inst.reg_bank_inst._21607_/Q (gf180mcu_fd_sc_mcu9t5v0__dffrnq_1)
                                         integration_inst.reg_bank_inst.cols_a[1] (net)
                  0.62    0.00    1.59 ^ integration_inst.reg_bank_inst._10714_/I (gf180mcu_fd_sc_mcu9t5v0__clkinv_1)
     9    0.07    0.57    0.47    2.06 v integration_inst.reg_bank_inst._10714_/ZN (gf180mcu_fd_sc_mcu9t5v0__clkinv_1)
                                         integration_inst.reg_bank_inst._02738_ (net)
                  0.57    0.00    2.06 v integration_inst.reg_bank_inst._10909_/A1 (gf180mcu_fd_sc_mcu9t5v0__nand2_1)
     1    0.02    0.25    0.25    2.32 ^ integration_inst.reg_bank_inst._10909_/ZN (gf180mcu_fd_sc_mcu9t5v0__nand2_1)
                                         integration_inst.reg_bank_inst._02933_ (net)
                  0.25    0.00    2.32 ^ place931/I (gf180mcu_fd_sc_mcu9t5v0__buf_4)
    18    0.28    0.52    0.39    2.71 ^ place931/Z (gf180mcu_fd_sc_mcu9t5v0__buf_4)
                                         net930 (net)
                  0.52    0.00    2.71 ^ integration_inst.reg_bank_inst._11029_/I (gf180mcu_fd_sc_mcu9t5v0__clkinv_1)
     9    0.12    0.87    0.65    3.36 v integration_inst.reg_bank_inst._11029_/ZN (gf180mcu_fd_sc_mcu9t5v0__clkinv_1)
                                         integration_inst.reg_bank_inst._03052_ (net)
                  0.87    0.00    3.36 v integration_inst.reg_bank_inst._11451_/A1 (gf180mcu_fd_sc_mcu9t5v0__nand2_1)
     1    0.01    0.24    0.26    3.62 ^ integration_inst.reg_bank_inst._11451_/ZN (gf180mcu_fd_sc_mcu9t5v0__nand2_1)
                                         integration_inst.reg_bank_inst._03455_ (net)
                  0.24    0.00    3.62 ^ integration_inst.reg_bank_inst._11452_/I (gf180mcu_fd_sc_mcu9t5v0__clkinv_1)
    23    0.24    1.77    1.14    4.77 v integration_inst.reg_bank_inst._11452_/ZN (gf180mcu_fd_sc_mcu9t5v0__clkinv_1)
                                         integration_inst.reg_bank_inst._03456_ (net)
                  1.77    0.01    4.77 v integration_inst.reg_bank_inst._11590_/A1 (gf180mcu_fd_sc_mcu9t5v0__aoi21_1)
     1    0.01    0.42    0.54    5.31 ^ integration_inst.reg_bank_inst._11590_/ZN (gf180mcu_fd_sc_mcu9t5v0__aoi21_1)
                                         integration_inst.reg_bank_inst._03581_ (net)
                  0.42    0.00    5.31 ^ integration_inst.reg_bank_inst._11591_/A1 (gf180mcu_fd_sc_mcu9t5v0__nand4_1)
     1    0.01    0.21    0.12    5.44 v integration_inst.reg_bank_inst._11591_/ZN (gf180mcu_fd_sc_mcu9t5v0__nand4_1)
                                         integration_inst.reg_bank_inst._03582_ (net)
                  0.21    0.00    5.44 v integration_inst.reg_bank_inst._11592_/C (gf180mcu_fd_sc_mcu9t5v0__aoi221_1)
     1    0.01    0.40    0.29    5.73 ^ integration_inst.reg_bank_inst._11592_/ZN (gf180mcu_fd_sc_mcu9t5v0__aoi221_1)
                                         integration_inst.reg_bank_inst._03583_ (net)
                  0.40    0.00    5.73 ^ integration_inst.reg_bank_inst._11593_/A1 (gf180mcu_fd_sc_mcu9t5v0__aoi21_1)
     1    0.04    0.60    0.22    5.94 v integration_inst.reg_bank_inst._11593_/ZN (gf180mcu_fd_sc_mcu9t5v0__aoi21_1)
                                         integration_inst.quant_ip_data[8] (net)
                  0.60    0.00    5.95 v place718/I (gf180mcu_fd_sc_mcu9t5v0__buf_4)
    12    0.22    0.24    0.37    6.32 v place718/Z (gf180mcu_fd_sc_mcu9t5v0__buf_4)
                                         net717 (net)
                  0.25    0.03    6.35 v integration_inst.quantizer_inst._07962_/I (gf180mcu_fd_sc_mcu9t5v0__clkinv_1)
    25    0.26    1.88    1.17    7.52 ^ integration_inst.quantizer_inst._07962_/ZN (gf180mcu_fd_sc_mcu9t5v0__clkinv_1)
                                         integration_inst.quantizer_inst._00427_ (net)
                  1.88    0.00    7.52 ^ integration_inst.quantizer_inst._11247_/A2 (gf180mcu_fd_sc_mcu9t5v0__nor2_1)
     2    0.01    0.52    0.15    7.67 v integration_inst.quantizer_inst._11247_/ZN (gf180mcu_fd_sc_mcu9t5v0__nor2_1)
                                         integration_inst.quantizer_inst._03844_ (net)
                  0.52    0.00    7.67 v integration_inst.quantizer_inst._11248_/I (gf180mcu_fd_sc_mcu9t5v0__clkinv_1)
     2    0.01    0.21    0.18    7.85 ^ integration_inst.quantizer_inst._11248_/ZN (gf180mcu_fd_sc_mcu9t5v0__clkinv_1)
                                         integration_inst.quantizer_inst._03845_ (net)
                  0.21    0.00    7.85 ^ integration_inst.quantizer_inst._11251_/B (gf180mcu_fd_sc_mcu9t5v0__aoi21_1)
     2    0.01    0.18    0.14    7.99 v integration_inst.quantizer_inst._11251_/ZN (gf180mcu_fd_sc_mcu9t5v0__aoi21_1)
                                         integration_inst.quantizer_inst._03849_ (net)
                  0.18    0.00    7.99 v integration_inst.quantizer_inst._11252_/A1 (gf180mcu_fd_sc_mcu9t5v0__nor2_1)
     3    0.02    0.34    0.24    8.23 ^ integration_inst.quantizer_inst._11252_/ZN (gf180mcu_fd_sc_mcu9t5v0__nor2_1)
                                         integration_inst.quantizer_inst._03850_ (net)
                  0.34    0.00    8.24 ^ integration_inst.quantizer_inst._11270_/A1 (gf180mcu_fd_sc_mcu9t5v0__nand2_1)
     4    0.03    0.24    0.18    8.42 v integration_inst.quantizer_inst._11270_/ZN (gf180mcu_fd_sc_mcu9t5v0__nand2_1)
                                         integration_inst.quantizer_inst._03870_ (net)
                  0.24    0.00    8.42 v integration_inst.quantizer_inst._11417_/I (gf180mcu_fd_sc_mcu9t5v0__clkinv_1)
     2    0.01    0.16    0.14    8.56 ^ integration_inst.quantizer_inst._11417_/ZN (gf180mcu_fd_sc_mcu9t5v0__clkinv_1)
                                         integration_inst.quantizer_inst._04031_ (net)
                  0.16    0.00    8.56 ^ integration_inst.quantizer_inst._11418_/A1 (gf180mcu_fd_sc_mcu9t5v0__oai21_1)
     3    0.03    0.22    0.15    8.71 v integration_inst.quantizer_inst._11418_/ZN (gf180mcu_fd_sc_mcu9t5v0__oai21_1)
                                         integration_inst.quantizer_inst._04032_ (net)
                  0.22    0.00    8.71 v integration_inst.quantizer_inst._11438_/B (gf180mcu_fd_sc_mcu9t5v0__oai211_1)
     2    0.02    0.32    0.23    8.94 ^ integration_inst.quantizer_inst._11438_/ZN (gf180mcu_fd_sc_mcu9t5v0__oai211_1)
                                         integration_inst.quantizer_inst._04054_ (net)
                  0.32    0.00    8.94 ^ integration_inst.quantizer_inst._11563_/A1 (gf180mcu_fd_sc_mcu9t5v0__nand3_1)
     4    0.03    0.33    0.24    9.18 v integration_inst.quantizer_inst._11563_/ZN (gf180mcu_fd_sc_mcu9t5v0__nand3_1)
                                         integration_inst.quantizer_inst._04192_ (net)
                  0.33    0.00    9.18 v integration_inst.quantizer_inst._11567_/A2 (gf180mcu_fd_sc_mcu9t5v0__nand3_1)
     4    0.03    0.37    0.31    9.49 ^ integration_inst.quantizer_inst._11567_/ZN (gf180mcu_fd_sc_mcu9t5v0__nand3_1)
                                         integration_inst.quantizer_inst._04196_ (net)
                  0.37    0.00    9.49 ^ integration_inst.quantizer_inst._11717_/I (gf180mcu_fd_sc_mcu9t5v0__clkinv_1)
     2    0.02    0.20    0.17    9.66 v integration_inst.quantizer_inst._11717_/ZN (gf180mcu_fd_sc_mcu9t5v0__clkinv_1)
                                         integration_inst.quantizer_inst._04361_ (net)
                  0.20    0.00    9.66 v integration_inst.quantizer_inst._11719_/A1 (gf180mcu_fd_sc_mcu9t5v0__oai21_1)
     3    0.03    0.39    0.28    9.94 ^ integration_inst.quantizer_inst._11719_/ZN (gf180mcu_fd_sc_mcu9t5v0__oai21_1)
                                         integration_inst.quantizer_inst._04363_ (net)
                  0.39    0.00    9.94 ^ integration_inst.quantizer_inst._11730_/A1 (gf180mcu_fd_sc_mcu9t5v0__nand3_1)
     3    0.02    0.27    0.20   10.13 v integration_inst.quantizer_inst._11730_/ZN (gf180mcu_fd_sc_mcu9t5v0__nand3_1)
                                         integration_inst.quantizer_inst._04376_ (net)
                  0.27    0.00   10.14 v integration_inst.quantizer_inst._11734_/A2 (gf180mcu_fd_sc_mcu9t5v0__aoi21_1)
     3    0.02    0.39    0.30   10.43 ^ integration_inst.quantizer_inst._11734_/ZN (gf180mcu_fd_sc_mcu9t5v0__aoi21_1)
                                         integration_inst.quantizer_inst._04380_ (net)
                  0.39    0.00   10.43 ^ integration_inst.quantizer_inst._11735_/A1 (gf180mcu_fd_sc_mcu9t5v0__nor2_1)
     3    0.02    0.24    0.16   10.59 v integration_inst.quantizer_inst._11735_/ZN (gf180mcu_fd_sc_mcu9t5v0__nor2_1)
                                         integration_inst.quantizer_inst._04381_ (net)
                  0.24    0.00   10.59 v integration_inst.quantizer_inst._11864_/A1 (gf180mcu_fd_sc_mcu9t5v0__nor3_1)
     2    0.02    0.41    0.28   10.88 ^ integration_inst.quantizer_inst._11864_/ZN (gf180mcu_fd_sc_mcu9t5v0__nor3_1)
                                         integration_inst.quantizer_inst._04523_ (net)
                  0.41    0.00   10.88 ^ integration_inst.quantizer_inst._11866_/A1 (gf180mcu_fd_sc_mcu9t5v0__nor3_1)
     2    0.01    0.23    0.15   11.02 v integration_inst.quantizer_inst._11866_/ZN (gf180mcu_fd_sc_mcu9t5v0__nor3_1)
                                         integration_inst.quantizer_inst._04525_ (net)
                  0.23    0.00   11.02 v integration_inst.quantizer_inst._11870_/A1 (gf180mcu_fd_sc_mcu9t5v0__nor3_1)
     2    0.01    0.35    0.25   11.27 ^ integration_inst.quantizer_inst._11870_/ZN (gf180mcu_fd_sc_mcu9t5v0__nor3_1)
                                         integration_inst.quantizer_inst._04530_ (net)
                  0.35    0.00   11.27 ^ integration_inst.quantizer_inst._12373_/A2 (gf180mcu_fd_sc_mcu9t5v0__or2_1)
     2    0.01    0.14    0.20   11.47 ^ integration_inst.quantizer_inst._12373_/Z (gf180mcu_fd_sc_mcu9t5v0__or2_1)
                                         integration_inst.quantizer_inst._05082_ (net)
                  0.14    0.00   11.47 ^ integration_inst.quantizer_inst._12395_/B (gf180mcu_fd_sc_mcu9t5v0__oai21_1)
     2    0.02    0.24    0.14   11.61 v integration_inst.quantizer_inst._12395_/ZN (gf180mcu_fd_sc_mcu9t5v0__oai21_1)
                                         integration_inst.quantizer_inst._05106_ (net)
                  0.24    0.00   11.61 v integration_inst.quantizer_inst._12396_/A1 (gf180mcu_fd_sc_mcu9t5v0__aoi21_1)
     2    0.02    0.35    0.24   11.85 ^ integration_inst.quantizer_inst._12396_/ZN (gf180mcu_fd_sc_mcu9t5v0__aoi21_1)
                                         integration_inst.quantizer_inst._05107_ (net)
                  0.35    0.00   11.85 ^ integration_inst.quantizer_inst._12397_/A1 (gf180mcu_fd_sc_mcu9t5v0__oai21_1)
     2    0.02    0.24    0.15   12.01 v integration_inst.quantizer_inst._12397_/ZN (gf180mcu_fd_sc_mcu9t5v0__oai21_1)
                                         integration_inst.quantizer_inst._05108_ (net)
                  0.24    0.00   12.01 v integration_inst.quantizer_inst._12398_/A1 (gf180mcu_fd_sc_mcu9t5v0__aoi21_1)
     2    0.02    0.37    0.26   12.27 ^ integration_inst.quantizer_inst._12398_/ZN (gf180mcu_fd_sc_mcu9t5v0__aoi21_1)
                                         integration_inst.quantizer_inst._05109_ (net)
                  0.37    0.00   12.27 ^ integration_inst.quantizer_inst._12399_/A1 (gf180mcu_fd_sc_mcu9t5v0__oai21_1)
     2    0.02    0.26    0.15   12.42 v integration_inst.quantizer_inst._12399_/ZN (gf180mcu_fd_sc_mcu9t5v0__oai21_1)
                                         integration_inst.quantizer_inst._05110_ (net)
                  0.26    0.00   12.42 v integration_inst.quantizer_inst._12400_/A1 (gf180mcu_fd_sc_mcu9t5v0__aoi21_1)
     2    0.02    0.36    0.26   12.68 ^ integration_inst.quantizer_inst._12400_/ZN (gf180mcu_fd_sc_mcu9t5v0__aoi21_1)
                                         integration_inst.quantizer_inst._05112_ (net)
                  0.36    0.00   12.68 ^ integration_inst.quantizer_inst._12401_/A1 (gf180mcu_fd_sc_mcu9t5v0__oai21_1)
     2    0.02    0.24    0.14   12.82 v integration_inst.quantizer_inst._12401_/ZN (gf180mcu_fd_sc_mcu9t5v0__oai21_1)
                                         integration_inst.quantizer_inst._05113_ (net)
                  0.24    0.00   12.82 v integration_inst.quantizer_inst._12402_/A1 (gf180mcu_fd_sc_mcu9t5v0__aoi21_1)
     2    0.02    0.31    0.22   13.04 ^ integration_inst.quantizer_inst._12402_/ZN (gf180mcu_fd_sc_mcu9t5v0__aoi21_1)
                                         integration_inst.quantizer_inst._05114_ (net)
                  0.31    0.00   13.04 ^ integration_inst.quantizer_inst._12403_/A1 (gf180mcu_fd_sc_mcu9t5v0__oai21_1)
     2    0.02    0.26    0.14   13.18 v integration_inst.quantizer_inst._12403_/ZN (gf180mcu_fd_sc_mcu9t5v0__oai21_1)
                                         integration_inst.quantizer_inst._05115_ (net)
                  0.26    0.00   13.18 v integration_inst.quantizer_inst._12404_/A1 (gf180mcu_fd_sc_mcu9t5v0__aoi21_1)
     2    0.02    0.33    0.24   13.41 ^ integration_inst.quantizer_inst._12404_/ZN (gf180mcu_fd_sc_mcu9t5v0__aoi21_1)
                                         integration_inst.quantizer_inst._05116_ (net)
                  0.33    0.00   13.41 ^ integration_inst.quantizer_inst._12432_/A1 (gf180mcu_fd_sc_mcu9t5v0__oai21_1)
     2    0.02    0.18    0.13   13.55 v integration_inst.quantizer_inst._12432_/ZN (gf180mcu_fd_sc_mcu9t5v0__oai21_1)
                                         integration_inst.quantizer_inst._05145_ (net)
                  0.18    0.00   13.55 v integration_inst.quantizer_inst._12433_/A1 (gf180mcu_fd_sc_mcu9t5v0__aoi21_1)
     2    0.02    0.34    0.22   13.77 ^ integration_inst.quantizer_inst._12433_/ZN (gf180mcu_fd_sc_mcu9t5v0__aoi21_1)
                                         integration_inst.quantizer_inst._05146_ (net)
                  0.34    0.00   13.77 ^ integration_inst.quantizer_inst._12434_/A1 (gf180mcu_fd_sc_mcu9t5v0__oai21_1)
     2    0.02    0.18    0.13   13.90 v integration_inst.quantizer_inst._12434_/ZN (gf180mcu_fd_sc_mcu9t5v0__oai21_1)
                                         integration_inst.quantizer_inst._05147_ (net)
                  0.18    0.00   13.90 v integration_inst.quantizer_inst._12435_/A1 (gf180mcu_fd_sc_mcu9t5v0__aoi21_1)
     2    0.02    0.30    0.20   14.10 ^ integration_inst.quantizer_inst._12435_/ZN (gf180mcu_fd_sc_mcu9t5v0__aoi21_1)
                                         integration_inst.quantizer_inst._05148_ (net)
                  0.30    0.00   14.10 ^ integration_inst.quantizer_inst._12436_/A1 (gf180mcu_fd_sc_mcu9t5v0__oai21_1)
     2    0.02    0.22    0.13   14.23 v integration_inst.quantizer_inst._12436_/ZN (gf180mcu_fd_sc_mcu9t5v0__oai21_1)
                                         integration_inst.quantizer_inst._05149_ (net)
                  0.22    0.00   14.23 v integration_inst.quantizer_inst._12437_/A1 (gf180mcu_fd_sc_mcu9t5v0__aoi21_1)
     2    0.02    0.32    0.21   14.44 ^ integration_inst.quantizer_inst._12437_/ZN (gf180mcu_fd_sc_mcu9t5v0__aoi21_1)
                                         integration_inst.quantizer_inst._05150_ (net)
                  0.32    0.00   14.44 ^ integration_inst.quantizer_inst._12438_/A1 (gf180mcu_fd_sc_mcu9t5v0__oai21_1)
     2    0.02    0.22    0.12   14.57 v integration_inst.quantizer_inst._12438_/ZN (gf180mcu_fd_sc_mcu9t5v0__oai21_1)
                                         integration_inst.quantizer_inst._05151_ (net)
                  0.22    0.00   14.57 v integration_inst.quantizer_inst._12439_/A1 (gf180mcu_fd_sc_mcu9t5v0__aoi21_1)
     2    0.02    0.33    0.22   14.78 ^ integration_inst.quantizer_inst._12439_/ZN (gf180mcu_fd_sc_mcu9t5v0__aoi21_1)
                                         integration_inst.quantizer_inst._05152_ (net)
                  0.33    0.00   14.78 ^ integration_inst.quantizer_inst._12440_/A1 (gf180mcu_fd_sc_mcu9t5v0__oai21_1)
     2    0.01    0.17    0.12   14.90 v integration_inst.quantizer_inst._12440_/ZN (gf180mcu_fd_sc_mcu9t5v0__oai21_1)
                                         integration_inst.quantizer_inst._05154_ (net)
                  0.17    0.00   14.90 v integration_inst.quantizer_inst._12441_/A1 (gf180mcu_fd_sc_mcu9t5v0__aoi21_1)
     2    0.02    0.31    0.20   15.10 ^ integration_inst.quantizer_inst._12441_/ZN (gf180mcu_fd_sc_mcu9t5v0__aoi21_1)
                                         integration_inst.quantizer_inst._05155_ (net)
                  0.31    0.00   15.10 ^ integration_inst.quantizer_inst._12442_/A1 (gf180mcu_fd_sc_mcu9t5v0__oai21_1)
     3    0.02    0.27    0.15   15.25 v integration_inst.quantizer_inst._12442_/ZN (gf180mcu_fd_sc_mcu9t5v0__oai21_1)
                                         integration_inst.quantizer_inst._05156_ (net)
                  0.27    0.00   15.25 v integration_inst.quantizer_inst._12443_/A1 (gf180mcu_fd_sc_mcu9t5v0__aoi21_1)
     2    0.02    0.33    0.23   15.48 ^ integration_inst.quantizer_inst._12443_/ZN (gf180mcu_fd_sc_mcu9t5v0__aoi21_1)
                                         integration_inst.quantizer_inst._05157_ (net)
                  0.33    0.00   15.48 ^ integration_inst.quantizer_inst._12444_/A1 (gf180mcu_fd_sc_mcu9t5v0__oai21_1)
     2    0.02    0.19    0.14   15.62 v integration_inst.quantizer_inst._12444_/ZN (gf180mcu_fd_sc_mcu9t5v0__oai21_1)
                                         integration_inst.quantizer_inst._05158_ (net)
                  0.19    0.00   15.62 v integration_inst.quantizer_inst._12445_/A1 (gf180mcu_fd_sc_mcu9t5v0__aoi21_1)
     3    0.03    0.45    0.29   15.91 ^ integration_inst.quantizer_inst._12445_/ZN (gf180mcu_fd_sc_mcu9t5v0__aoi21_1)
                                         integration_inst.quantizer_inst._05159_ (net)
                  0.45    0.00   15.91 ^ integration_inst.quantizer_inst._12446_/A1 (gf180mcu_fd_sc_mcu9t5v0__oai211_1)
     2    0.02    0.26    0.18   16.09 v integration_inst.quantizer_inst._12446_/ZN (gf180mcu_fd_sc_mcu9t5v0__oai211_1)
                                         integration_inst.quantizer_inst._05160_ (net)
                  0.26    0.00   16.09 v integration_inst.quantizer_inst._12447_/A1 (gf180mcu_fd_sc_mcu9t5v0__aoi211_1)
     2    0.02    0.46    0.29   16.38 ^ integration_inst.quantizer_inst._12447_/ZN (gf180mcu_fd_sc_mcu9t5v0__aoi211_1)
                                         integration_inst.quantizer_inst._05161_ (net)
                  0.46    0.00   16.38 ^ integration_inst.quantizer_inst._12450_/A1 (gf180mcu_fd_sc_mcu9t5v0__oai21_1)
     2    0.02    0.21    0.13   16.51 v integration_inst.quantizer_inst._12450_/ZN (gf180mcu_fd_sc_mcu9t5v0__oai21_1)
                                         integration_inst.quantizer_inst._05165_ (net)
                  0.21    0.00   16.51 v integration_inst.quantizer_inst._12451_/A1 (gf180mcu_fd_sc_mcu9t5v0__aoi21_1)
     2    0.02    0.32    0.22   16.72 ^ integration_inst.quantizer_inst._12451_/ZN (gf180mcu_fd_sc_mcu9t5v0__aoi21_1)
                                         integration_inst.quantizer_inst._05166_ (net)
                  0.32    0.00   16.72 ^ integration_inst.quantizer_inst._12452_/A1 (gf180mcu_fd_sc_mcu9t5v0__oai21_1)
     1    0.01    0.14    0.09   16.82 v integration_inst.quantizer_inst._12452_/ZN (gf180mcu_fd_sc_mcu9t5v0__oai21_1)
                                         integration_inst.quantizer_inst._05167_ (net)
                  0.14    0.00   16.82 v integration_inst.quantizer_inst._12453_/A1 (gf180mcu_fd_sc_mcu9t5v0__aoi21_1)
     2    0.02    0.33    0.21   17.02 ^ integration_inst.quantizer_inst._12453_/ZN (gf180mcu_fd_sc_mcu9t5v0__aoi21_1)
                                         integration_inst.quantizer_inst._05168_ (net)
                  0.33    0.00   17.03 ^ integration_inst.quantizer_inst._12454_/A1 (gf180mcu_fd_sc_mcu9t5v0__oai21_1)
     1    0.01    0.18    0.10   17.12 v integration_inst.quantizer_inst._12454_/ZN (gf180mcu_fd_sc_mcu9t5v0__oai21_1)
                                         integration_inst.quantizer_inst._05169_ (net)
                  0.18    0.00   17.12 v integration_inst.quantizer_inst._12457_/A1 (gf180mcu_fd_sc_mcu9t5v0__nand2_1)
     1    0.01    0.11    0.10   17.22 ^ integration_inst.quantizer_inst._12457_/ZN (gf180mcu_fd_sc_mcu9t5v0__nand2_1)
                                         integration_inst.quantizer_inst._06877_[44] (net)
                  0.11    0.00   17.22 ^ integration_inst.quantizer_inst._14035_/D (gf180mcu_fd_sc_mcu9t5v0__dffrnq_1)
                                 17.22   data arrival time

                         40.00   40.00   clock core_clock (rise edge)
                          0.00   40.00   clock source latency
     1    0.19    0.00    0.00   40.00 ^ i_clk (in)
                                         i_clk (net)
                  0.07    0.03   40.03 ^ clkbuf_0_i_clk/I (gf180mcu_fd_sc_mcu9t5v0__clkbuf_20)
     4    0.39    0.15    0.18   40.20 ^ clkbuf_0_i_clk/Z (gf180mcu_fd_sc_mcu9t5v0__clkbuf_20)
                                         clknet_0_i_clk (net)
                  0.16    0.01   40.22 ^ clkbuf_2_2_0_i_clk/I (gf180mcu_fd_sc_mcu9t5v0__clkbuf_20)
    14    1.07    0.39    0.32   40.54 ^ clkbuf_2_2_0_i_clk/Z (gf180mcu_fd_sc_mcu9t5v0__clkbuf_20)
                                         clknet_2_2_0_i_clk (net)
                  0.42    0.07   40.60 ^ clkbuf_leaf_42_i_clk/I (gf180mcu_fd_sc_mcu9t5v0__clkbuf_20)
    15    0.21    0.10    0.21   40.81 ^ clkbuf_leaf_42_i_clk/Z (gf180mcu_fd_sc_mcu9t5v0__clkbuf_20)
                                         clknet_leaf_42_i_clk (net)
                  0.10    0.00   40.81 ^ integration_inst.quantizer_inst._14035_/CLK (gf180mcu_fd_sc_mcu9t5v0__dffrnq_1)
                          0.00   40.81   clock reconvergence pessimism
                         -0.14   40.68   library setup time
                                 40.68   data required time
-----------------------------------------------------------------------------
                                 40.68   data required time
                                -17.22   data arrival time
-----------------------------------------------------------------------------
                                 23.45   slack (MET)


Startpoint: uart_inst.ut._200_
            (rising edge-triggered flip-flop clocked by core_clock)
Endpoint: o_uart_tx (output port clocked by vclk_core_clock)
Path Group: vclk_core_clock
Path Type: max

Fanout     Cap    Slew   Delay    Time   Description
-----------------------------------------------------------------------------
                          0.00    0.00   clock core_clock (rise edge)
                          0.00    0.00   clock source latency
     1    0.19    0.00    0.00    0.00 ^ i_clk (in)
                                         i_clk (net)
                  0.07    0.03    0.03 ^ clkbuf_0_i_clk/I (gf180mcu_fd_sc_mcu9t5v0__clkbuf_20)
     4    0.39    0.15    0.18    0.20 ^ clkbuf_0_i_clk/Z (gf180mcu_fd_sc_mcu9t5v0__clkbuf_20)
                                         clknet_0_i_clk (net)
                  0.16    0.02    0.23 ^ clkbuf_2_0_0_i_clk/I (gf180mcu_fd_sc_mcu9t5v0__clkbuf_20)
    13    1.04    0.35    0.27    0.50 ^ clkbuf_2_0_0_i_clk/Z (gf180mcu_fd_sc_mcu9t5v0__clkbuf_20)
                                         clknet_2_0_0_i_clk (net)
                  0.44    0.10    0.59 ^ clkbuf_leaf_0_i_clk/I (gf180mcu_fd_sc_mcu9t5v0__clkbuf_20)
    26    0.26    0.12    0.22    0.81 ^ clkbuf_leaf_0_i_clk/Z (gf180mcu_fd_sc_mcu9t5v0__clkbuf_20)
                                         clknet_leaf_0_i_clk (net)
                  0.12    0.01    0.82 ^ uart_inst.ut._200_/CLK (gf180mcu_fd_sc_mcu9t5v0__dffsnq_1)
     1    0.01    0.07    0.42    1.24 v uart_inst.ut._200_/Q (gf180mcu_fd_sc_mcu9t5v0__dffsnq_1)
                                         net147 (net)
                  0.07    0.00    1.24 v output148/I (gf180mcu_fd_sc_mcu9t5v0__dlyb_2)
     1    0.07    0.32    0.86    2.09 v output148/Z (gf180mcu_fd_sc_mcu9t5v0__dlyb_2)
                                         o_uart_tx (net)
                  0.32    0.01    2.10 v o_uart_tx (out)
                                  2.10   data arrival time

                  0.00   40.00   40.00   clock vclk_core_clock (rise edge)
                          1.12   41.12   clock network delay (ideal)
                          0.00   41.12   clock reconvergence pessimism
                         -8.00   33.12   output external delay
                                 33.12   data required time
-----------------------------------------------------------------------------
                                 33.12   data required time
                                 -2.10   data arrival time
-----------------------------------------------------------------------------
                                 31.02   slack (MET)



==========================================================================
finish report_check_types -max_slew -max_cap -max_fanout -violators
--------------------------------------------------------------------------
max slew

Pin                                    Limit    Slew   Slack
------------------------------------------------------------
integration_inst.mac_grid_inst.ROW_LOOP[1].COL_LOOP[2].mac_inst._2736_/RN    2.80    4.64   -1.84 (VIOLATED)
integration_inst.mac_grid_inst.ROW_LOOP[1].COL_LOOP[2].mac_inst._2739_/RN    2.80    4.64   -1.84 (VIOLATED)
integration_inst.mac_grid_inst.ROW_LOOP[1].COL_LOOP[2].mac_inst._2737_/RN    2.80    4.64   -1.84 (VIOLATED)
integration_inst.mac_grid_inst.ROW_LOOP[1].COL_LOOP[2].mac_inst._2730_/RN    2.80    4.64   -1.84 (VIOLATED)
integration_inst.mac_grid_inst.ROW_LOOP[1].COL_LOOP[2].mac_inst._2733_/RN    2.80    4.64   -1.84 (VIOLATED)
integration_inst.mac_grid_inst.ROW_LOOP[1].COL_LOOP[2].mac_inst._2735_/RN    2.80    4.64   -1.84 (VIOLATED)
integration_inst.mac_grid_inst.ROW_LOOP[1].COL_LOOP[2].mac_inst._2747_/RN    2.80    4.64   -1.84 (VIOLATED)
integration_inst.mac_grid_inst.ROW_LOOP[1].COL_LOOP[2].mac_inst._2746_/RN    2.80    4.62   -1.82 (VIOLATED)
integration_inst.mac_grid_inst.ROW_LOOP[1].COL_LOOP[2].mac_inst._2745_/RN    2.80    4.62   -1.82 (VIOLATED)
integration_inst.mac_grid_inst.ROW_LOOP[1].COL_LOOP[1].mac_inst._2746_/RN    2.80    4.62   -1.82 (VIOLATED)
integration_inst.mac_grid_inst.ROW_LOOP[1].COL_LOOP[1].mac_inst._2730_/RN    2.80    4.62   -1.82 (VIOLATED)
integration_inst.mac_grid_inst.ROW_LOOP[1].COL_LOOP[1].mac_inst._2744_/RN    2.80    4.62   -1.82 (VIOLATED)
integration_inst.mac_grid_inst.ROW_LOOP[1].COL_LOOP[2].mac_inst._2740_/RN    2.80    4.62   -1.82 (VIOLATED)
integration_inst.mac_grid_inst.ROW_LOOP[1].COL_LOOP[1].mac_inst._2740_/RN    2.80    4.62   -1.82 (VIOLATED)
integration_inst.mac_grid_inst.ROW_LOOP[1].COL_LOOP[2].mac_inst._2734_/RN    2.80    4.61   -1.81 (VIOLATED)
integration_inst.mac_grid_inst.ROW_LOOP[1].COL_LOOP[2].mac_inst._2710_/RN    2.80    4.61   -1.81 (VIOLATED)
integration_inst.mac_grid_inst.ROW_LOOP[1].COL_LOOP[1].mac_inst._2745_/RN    2.80    4.61   -1.81 (VIOLATED)
integration_inst.mac_grid_inst.ROW_LOOP[1].COL_LOOP[2].mac_inst._2742_/RN    2.80    4.61   -1.81 (VIOLATED)
integration_inst.mac_grid_inst.ROW_LOOP[1].COL_LOOP[1].mac_inst._2734_/RN    2.80    4.61   -1.81 (VIOLATED)
integration_inst.mac_grid_inst.ROW_LOOP[1].COL_LOOP[1].mac_inst._2742_/RN    2.80    4.61   -1.81 (VIOLATED)
integration_inst.mac_grid_inst.ROW_LOOP[1].COL_LOOP[1].mac_inst._2747_/RN    2.80    4.61   -1.81 (VIOLATED)
integration_inst.mac_grid_inst.ROW_LOOP[1].COL_LOOP[1].mac_inst._2735_/RN    2.80    4.61   -1.81 (VIOLATED)
integration_inst.mac_grid_inst.ROW_LOOP[1].COL_LOOP[1].mac_inst._2737_/RN    2.80    4.61   -1.81 (VIOLATED)
integration_inst.mac_grid_inst.ROW_LOOP[1].COL_LOOP[1].mac_inst._2741_/RN    2.80    4.61   -1.81 (VIOLATED)
integration_inst.mac_grid_inst.ROW_LOOP[1].COL_LOOP[2].mac_inst._2744_/RN    2.80    4.61   -1.81 (VIOLATED)
integration_inst.mac_grid_inst.ROW_LOOP[1].COL_LOOP[2].mac_inst._2741_/RN    2.80    4.61   -1.81 (VIOLATED)
integration_inst.mac_grid_inst.ROW_LOOP[1].COL_LOOP[2].mac_inst._2731_/RN    2.80    4.61   -1.81 (VIOLATED)
integration_inst.mac_grid_inst.ROW_LOOP[1].COL_LOOP[2].mac_inst._2721_/RN    2.80    4.60   -1.80 (VIOLATED)
integration_inst.mac_grid_inst.ROW_LOOP[1].COL_LOOP[1].mac_inst._2720_/RN    2.80    4.60   -1.80 (VIOLATED)
integration_inst.mac_grid_inst.ROW_LOOP[1].COL_LOOP[2].mac_inst._2722_/RN    2.80    4.60   -1.80 (VIOLATED)
integration_inst.mac_grid_inst.ROW_LOOP[1].COL_LOOP[1].mac_inst._2726_/RN    2.80    4.60   -1.80 (VIOLATED)
integration_inst.mac_grid_inst.ROW_LOOP[1].COL_LOOP[1].mac_inst._2728_/RN    2.80    4.60   -1.80 (VIOLATED)
integration_inst.mac_grid_inst.ROW_LOOP[1].COL_LOOP[2].mac_inst._2707_/RN    2.80    4.60   -1.80 (VIOLATED)
integration_inst.mac_grid_inst.ROW_LOOP[1].COL_LOOP[1].mac_inst._2729_/RN    2.80    4.60   -1.80 (VIOLATED)
integration_inst.mac_grid_inst.ROW_LOOP[1].COL_LOOP[2].mac_inst._2723_/RN    2.80    4.60   -1.80 (VIOLATED)
integration_inst.mac_grid_inst.ROW_LOOP[1].COL_LOOP[2].mac_inst._2720_/RN    2.80    4.60   -1.80 (VIOLATED)
integration_inst.mac_grid_inst.ROW_LOOP[1].COL_LOOP[1].mac_inst._2749_/RN    2.80    4.60   -1.80 (VIOLATED)
integration_inst.mac_grid_inst.ROW_LOOP[1].COL_LOOP[1].mac_inst._2719_/RN    2.80    4.60   -1.80 (VIOLATED)
integration_inst.mac_grid_inst.ROW_LOOP[1].COL_LOOP[2].mac_inst._2717_/RN    2.80    4.60   -1.80 (VIOLATED)
integration_inst.mac_grid_inst.ROW_LOOP[1].COL_LOOP[2].mac_inst._2743_/RN    2.80    4.60   -1.80 (VIOLATED)
integration_inst.mac_grid_inst.ROW_LOOP[1].COL_LOOP[1].mac_inst._2716_/RN    2.80    4.60   -1.80 (VIOLATED)
integration_inst.mac_grid_inst.ROW_LOOP[1].COL_LOOP[2].mac_inst._2719_/RN    2.80    4.60   -1.80 (VIOLATED)
integration_inst.mac_grid_inst.ROW_LOOP[1].COL_LOOP[2].mac_inst._2732_/RN    2.80    4.60   -1.80 (VIOLATED)
integration_inst.mac_grid_inst.ROW_LOOP[1].COL_LOOP[1].mac_inst._2743_/RN    2.80    4.60   -1.80 (VIOLATED)
integration_inst.mac_grid_inst.ROW_LOOP[1].COL_LOOP[1].mac_inst._2739_/RN    2.80    4.60   -1.80 (VIOLATED)
integration_inst.mac_grid_inst.ROW_LOOP[1].COL_LOOP[2].mac_inst._2706_/RN    2.80    4.60   -1.80 (VIOLATED)
integration_inst.mac_grid_inst.ROW_LOOP[1].COL_LOOP[2].mac_inst._2708_/RN    2.80    4.60   -1.80 (VIOLATED)
integration_inst.mac_grid_inst.ROW_LOOP[1].COL_LOOP[2].mac_inst._2713_/RN    2.80    4.60   -1.80 (VIOLATED)
integration_inst.mac_grid_inst.ROW_LOOP[1].COL_LOOP[1].mac_inst._2717_/RN    2.80    4.59   -1.79 (VIOLATED)
integration_inst.mac_grid_inst.ROW_LOOP[1].COL_LOOP[1].mac_inst._2718_/RN    2.80    4.59   -1.79 (VIOLATED)
integration_inst.mac_grid_inst.ROW_LOOP[1].COL_LOOP[2].mac_inst._2714_/RN    2.80    4.59   -1.79 (VIOLATED)
integration_inst.mac_grid_inst.ROW_LOOP[1].COL_LOOP[2].mac_inst._2738_/RN    2.80    4.59   -1.79 (VIOLATED)
integration_inst.mac_grid_inst.ROW_LOOP[1].COL_LOOP[2].mac_inst._2712_/RN    2.80    4.59   -1.79 (VIOLATED)
integration_inst.mac_grid_inst.ROW_LOOP[1].COL_LOOP[2].mac_inst._2715_/RN    2.80    4.59   -1.79 (VIOLATED)
integration_inst.mac_grid_inst.ROW_LOOP[1].COL_LOOP[1].mac_inst._2721_/RN    2.80    4.58   -1.78 (VIOLATED)
integration_inst.mac_grid_inst.ROW_LOOP[1].COL_LOOP[1].mac_inst._2722_/RN    2.80    4.58   -1.78 (VIOLATED)
integration_inst.mac_grid_inst.ROW_LOOP[2].COL_LOOP[2].mac_inst._2743_/RN    2.80    4.58   -1.78 (VIOLATED)
integration_inst.mac_grid_inst.ROW_LOOP[2].COL_LOOP[2].mac_inst._2717_/RN    2.80    4.58   -1.78 (VIOLATED)
integration_inst.mac_grid_inst.ROW_LOOP[1].COL_LOOP[2].mac_inst._2718_/RN    2.80    4.58   -1.78 (VIOLATED)
integration_inst.mac_grid_inst.ROW_LOOP[1].COL_LOOP[1].mac_inst._2712_/RN    2.80    4.58   -1.78 (VIOLATED)
integration_inst.mac_grid_inst.ROW_LOOP[1].COL_LOOP[2].mac_inst._2716_/RN    2.80    4.58   -1.78 (VIOLATED)
integration_inst.mac_grid_inst.ROW_LOOP[1].COL_LOOP[1].mac_inst._2706_/RN    2.80    4.58   -1.78 (VIOLATED)
integration_inst.mac_grid_inst.ROW_LOOP[1].COL_LOOP[1].mac_inst._2715_/RN    2.80    4.57   -1.77 (VIOLATED)
integration_inst.mac_grid_inst.ROW_LOOP[1].COL_LOOP[1].mac_inst._2711_/RN    2.80    4.57   -1.77 (VIOLATED)
integration_inst.mac_grid_inst.ROW_LOOP[1].COL_LOOP[1].mac_inst._2714_/RN    2.80    4.57   -1.77 (VIOLATED)
integration_inst.mac_grid_inst.ROW_LOOP[1].COL_LOOP[1].mac_inst._2713_/RN    2.80    4.57   -1.77 (VIOLATED)
integration_inst.mac_grid_inst.ROW_LOOP[1].COL_LOOP[1].mac_inst._2708_/RN    2.80    4.56   -1.76 (VIOLATED)
integration_inst.mac_grid_inst.ROW_LOOP[1].COL_LOOP[1].mac_inst._2738_/RN    2.80    4.56   -1.76 (VIOLATED)
integration_inst.mac_grid_inst.ROW_LOOP[1].COL_LOOP[1].mac_inst._2707_/RN    2.80    4.53   -1.73 (VIOLATED)
integration_inst.mac_grid_inst.ROW_LOOP[1].COL_LOOP[1].mac_inst._2731_/RN    2.80    4.51   -1.71 (VIOLATED)
integration_inst.mac_grid_inst.ROW_LOOP[2].COL_LOOP[2].mac_inst._2749_/RN    2.80    4.50   -1.70 (VIOLATED)
integration_inst.mac_grid_inst.ROW_LOOP[2].COL_LOOP[2].mac_inst._2727_/RN    2.80    4.50   -1.70 (VIOLATED)
integration_inst.mac_grid_inst.ROW_LOOP[2].COL_LOOP[2].mac_inst._2728_/RN    2.80    4.50   -1.70 (VIOLATED)
integration_inst.mac_grid_inst.ROW_LOOP[2].COL_LOOP[2].mac_inst._2729_/RN    2.80    4.50   -1.70 (VIOLATED)
integration_inst.mac_grid_inst.ROW_LOOP[2].COL_LOOP[2].mac_inst._2726_/RN    2.80    4.50   -1.70 (VIOLATED)
integration_inst.mac_grid_inst.ROW_LOOP[2].COL_LOOP[2].mac_inst._2724_/RN    2.80    4.50   -1.70 (VIOLATED)
integration_inst.mac_grid_inst.ROW_LOOP[1].COL_LOOP[2].mac_inst._2728_/RN    2.80    4.50   -1.70 (VIOLATED)
integration_inst.mac_grid_inst.ROW_LOOP[2].COL_LOOP[2].mac_inst._2725_/RN    2.80    4.50   -1.70 (VIOLATED)
integration_inst.mac_grid_inst.ROW_LOOP[2].COL_LOOP[2].mac_inst._2723_/RN    2.80    4.50   -1.70 (VIOLATED)
integration_inst.mac_grid_inst.ROW_LOOP[1].COL_LOOP[1].mac_inst._2727_/RN    2.80    4.50   -1.70 (VIOLATED)
integration_inst.mac_grid_inst.ROW_LOOP[1].COL_LOOP[2].mac_inst._2726_/RN    2.80    4.50   -1.70 (VIOLATED)
integration_inst.mac_grid_inst.ROW_LOOP[1].COL_LOOP[2].mac_inst._2724_/RN    2.80    4.50   -1.70 (VIOLATED)
integration_inst.mac_grid_inst.ROW_LOOP[1].COL_LOOP[2].mac_inst._2749_/RN    2.80    4.50   -1.70 (VIOLATED)
integration_inst.mac_grid_inst.ROW_LOOP[1].COL_LOOP[2].mac_inst._2725_/RN    2.80    4.50   -1.70 (VIOLATED)
integration_inst.mac_grid_inst.ROW_LOOP[1].COL_LOOP[2].mac_inst._2727_/RN    2.80    4.50   -1.70 (VIOLATED)
integration_inst.mac_grid_inst.ROW_LOOP[1].COL_LOOP[2].mac_inst._2729_/RN    2.80    4.50   -1.70 (VIOLATED)
integration_inst.mac_grid_inst.ROW_LOOP[2].COL_LOOP[2].mac_inst._2747_/RN    2.80    4.50   -1.70 (VIOLATED)
integration_inst.mac_grid_inst.ROW_LOOP[1].COL_LOOP[1].mac_inst._2725_/RN    2.80    4.49   -1.69 (VIOLATED)
integration_inst.mac_grid_inst.ROW_LOOP[0].COL_LOOP[1].mac_inst._2719_/RN    2.80    4.49   -1.69 (VIOLATED)
integration_inst.mac_grid_inst.ROW_LOOP[0].COL_LOOP[1].mac_inst._2720_/RN    2.80    4.49   -1.69 (VIOLATED)
integration_inst.mac_grid_inst.ROW_LOOP[2].COL_LOOP[0].mac_inst._2716_/RN    2.80    4.49   -1.69 (VIOLATED)
integration_inst.mac_grid_inst.ROW_LOOP[2].COL_LOOP[2].mac_inst._2746_/RN    2.80    4.49   -1.69 (VIOLATED)
integration_inst.mac_grid_inst.ROW_LOOP[0].COL_LOOP[1].mac_inst._2740_/RN    2.80    4.49   -1.69 (VIOLATED)
integration_inst.mac_grid_inst.ROW_LOOP[0].COL_LOOP[1].mac_inst._2742_/RN    2.80    4.49   -1.69 (VIOLATED)
integration_inst.mac_grid_inst.ROW_LOOP[0].COL_LOOP[1].mac_inst._2747_/RN    2.80    4.49   -1.69 (VIOLATED)
integration_inst.mac_grid_inst.ROW_LOOP[2].COL_LOOP[0].mac_inst._2715_/RN    2.80    4.49   -1.69 (VIOLATED)
integration_inst.mac_grid_inst.ROW_LOOP[0].COL_LOOP[1].mac_inst._2745_/RN    2.80    4.49   -1.69 (VIOLATED)
integration_inst.mac_grid_inst.ROW_LOOP[0].COL_LOOP[1].mac_inst._2718_/RN    2.80    4.49   -1.69 (VIOLATED)
integration_inst.mac_grid_inst.ROW_LOOP[1].COL_LOOP[0].mac_inst._2711_/RN    2.80    4.49   -1.69 (VIOLATED)
integration_inst.mac_grid_inst.ROW_LOOP[0].COL_LOOP[1].mac_inst._2741_/RN    2.80    4.49   -1.69 (VIOLATED)
integration_inst.mac_grid_inst.ROW_LOOP[0].COL_LOOP[1].mac_inst._2744_/RN    2.80    4.49   -1.69 (VIOLATED)
integration_inst.mac_grid_inst.ROW_LOOP[2].COL_LOOP[0].mac_inst._2731_/RN    2.80    4.49   -1.69 (VIOLATED)
integration_inst.mac_grid_inst.ROW_LOOP[1].COL_LOOP[0].mac_inst._2713_/RN    2.80    4.49   -1.69 (VIOLATED)
integration_inst.mac_grid_inst.ROW_LOOP[1].COL_LOOP[0].mac_inst._2714_/RN    2.80    4.48   -1.68 (VIOLATED)
integration_inst.mac_grid_inst.ROW_LOOP[1].COL_LOOP[0].mac_inst._2738_/RN    2.80    4.48   -1.68 (VIOLATED)
integration_inst.mac_grid_inst.ROW_LOOP[2].COL_LOOP[0].mac_inst._2707_/RN    2.80    4.48   -1.68 (VIOLATED)
integration_inst.mac_grid_inst.ROW_LOOP[0].COL_LOOP[1].mac_inst._2746_/RN    2.80    4.48   -1.68 (VIOLATED)
integration_inst.mac_grid_inst.ROW_LOOP[2].COL_LOOP[2].mac_inst._2722_/RN    2.80    4.48   -1.68 (VIOLATED)
integration_inst.mac_grid_inst.ROW_LOOP[2].COL_LOOP[0].mac_inst._2708_/RN    2.80    4.48   -1.68 (VIOLATED)
integration_inst.mac_grid_inst.ROW_LOOP[1].COL_LOOP[1].mac_inst._2732_/RN    2.80    4.48   -1.68 (VIOLATED)
integration_inst.mac_grid_inst.ROW_LOOP[2].COL_LOOP[0].mac_inst._2714_/RN    2.80    4.48   -1.68 (VIOLATED)
integration_inst.mac_grid_inst.ROW_LOOP[2].COL_LOOP[2].mac_inst._2721_/RN    2.80    4.48   -1.68 (VIOLATED)
integration_inst.mac_grid_inst.ROW_LOOP[2].COL_LOOP[0].mac_inst._2706_/RN    2.80    4.48   -1.68 (VIOLATED)
integration_inst.mac_grid_inst.ROW_LOOP[2].COL_LOOP[0].mac_inst._2740_/RN    2.80    4.48   -1.68 (VIOLATED)
integration_inst.mac_grid_inst.ROW_LOOP[2].COL_LOOP[0].mac_inst._2733_/RN    2.80    4.48   -1.68 (VIOLATED)
integration_inst.mac_grid_inst.ROW_LOOP[2].COL_LOOP[0].mac_inst._2709_/RN    2.80    4.48   -1.68 (VIOLATED)
integration_inst.mac_grid_inst.ROW_LOOP[2].COL_LOOP[0].mac_inst._2741_/RN    2.80    4.48   -1.68 (VIOLATED)
integration_inst.mac_grid_inst.ROW_LOOP[2].COL_LOOP[0].mac_inst._2738_/RN    2.80    4.48   -1.68 (VIOLATED)
integration_inst.mac_grid_inst.ROW_LOOP[2].COL_LOOP[0].mac_inst._2732_/RN    2.80    4.48   -1.68 (VIOLATED)
integration_inst.mac_grid_inst.ROW_LOOP[2].COL_LOOP[0].mac_inst._2710_/RN    2.80    4.48   -1.68 (VIOLATED)
integration_inst.mac_grid_inst.ROW_LOOP[2].COL_LOOP[2].mac_inst._2745_/RN    2.80    4.48   -1.68 (VIOLATED)
integration_inst.mac_grid_inst.ROW_LOOP[1].COL_LOOP[1].mac_inst._2724_/RN    2.80    4.48   -1.68 (VIOLATED)
integration_inst.mac_grid_inst.ROW_LOOP[1].COL_LOOP[1].mac_inst._2723_/RN    2.80    4.48   -1.68 (VIOLATED)
integration_inst.mac_grid_inst.ROW_LOOP[2].COL_LOOP[0].mac_inst._2712_/RN    2.80    4.48   -1.68 (VIOLATED)
integration_inst.mac_grid_inst.ROW_LOOP[2].COL_LOOP[2].mac_inst._2744_/RN    2.80    4.47   -1.67 (VIOLATED)
integration_inst.mac_grid_inst.ROW_LOOP[1].COL_LOOP[2].mac_inst._2711_/RN    2.80    4.47   -1.67 (VIOLATED)
integration_inst.mac_grid_inst.ROW_LOOP[2].COL_LOOP[2].mac_inst._2720_/RN    2.80    4.47   -1.67 (VIOLATED)
integration_inst.mac_grid_inst.ROW_LOOP[2].COL_LOOP[0].mac_inst._2713_/RN    2.80    4.47   -1.67 (VIOLATED)
integration_inst.mac_grid_inst.ROW_LOOP[1].COL_LOOP[1].mac_inst._2736_/RN    2.80    4.47   -1.67 (VIOLATED)
integration_inst.mac_grid_inst.ROW_LOOP[1].COL_LOOP[2].mac_inst._2709_/RN    2.80    4.47   -1.67 (VIOLATED)
integration_inst.mac_grid_inst.ROW_LOOP[1].COL_LOOP[1].mac_inst._2733_/RN    2.80    4.46   -1.66 (VIOLATED)
integration_inst.mac_grid_inst.ROW_LOOP[2].COL_LOOP[2].mac_inst._2719_/RN    2.80    4.46   -1.66 (VIOLATED)
integration_inst.mac_grid_inst.ROW_LOOP[2].COL_LOOP[0].mac_inst._2711_/RN    2.80    4.46   -1.66 (VIOLATED)
integration_inst.mac_grid_inst.ROW_LOOP[2].COL_LOOP[2].mac_inst._2718_/RN    2.80    4.46   -1.66 (VIOLATED)
integration_inst.mac_grid_inst.ROW_LOOP[2].COL_LOOP[2].mac_inst._2742_/RN    2.80    4.46   -1.66 (VIOLATED)
integration_inst.mac_grid_inst.ROW_LOOP[2].COL_LOOP[0].mac_inst._2742_/RN    2.80    4.46   -1.66 (VIOLATED)
integration_inst.mac_grid_inst.ROW_LOOP[2].COL_LOOP[2].mac_inst._2716_/RN    2.80    4.45   -1.65 (VIOLATED)
integration_inst.mac_grid_inst.ROW_LOOP[2].COL_LOOP[0].mac_inst._2718_/RN    2.80    4.45   -1.65 (VIOLATED)
integration_inst.mac_grid_inst.ROW_LOOP[2].COL_LOOP[0].mac_inst._2719_/RN    2.80    4.45   -1.65 (VIOLATED)
integration_inst.mac_grid_inst.ROW_LOOP[2].COL_LOOP[0].mac_inst._2746_/RN    2.80    4.45   -1.65 (VIOLATED)
integration_inst.mac_grid_inst.ROW_LOOP[2].COL_LOOP[0].mac_inst._2743_/RN    2.80    4.44   -1.64 (VIOLATED)
integration_inst.mac_grid_inst.ROW_LOOP[1].COL_LOOP[1].mac_inst._2709_/RN    2.80    4.44   -1.64 (VIOLATED)
integration_inst.mac_grid_inst.ROW_LOOP[1].COL_LOOP[1].mac_inst._2710_/RN    2.80    4.44   -1.64 (VIOLATED)
integration_inst.mac_grid_inst.ROW_LOOP[2].COL_LOOP[0].mac_inst._2747_/RN    2.80    4.44   -1.64 (VIOLATED)
integration_inst.mac_grid_inst.ROW_LOOP[2].COL_LOOP[2].mac_inst._2715_/RN    2.80    4.44   -1.64 (VIOLATED)
integration_inst.mac_grid_inst.ROW_LOOP[2].COL_LOOP[0].mac_inst._2744_/RN    2.80    4.43   -1.63 (VIOLATED)
integration_inst.mac_grid_inst.ROW_LOOP[2].COL_LOOP[0].mac_inst._2723_/RN    2.80    4.43   -1.63 (VIOLATED)
integration_inst.mac_grid_inst.ROW_LOOP[2].COL_LOOP[0].mac_inst._2722_/RN    2.80    4.43   -1.63 (VIOLATED)
integration_inst.mac_grid_inst.ROW_LOOP[2].COL_LOOP[2].mac_inst._2714_/RN    2.80    4.43   -1.63 (VIOLATED)
integration_inst.mac_grid_inst.ROW_LOOP[2].COL_LOOP[2].mac_inst._2741_/RN    2.80    4.42   -1.62 (VIOLATED)
integration_inst.mac_grid_inst.ROW_LOOP[2].COL_LOOP[0].mac_inst._2745_/RN    2.80    4.42   -1.62 (VIOLATED)
integration_inst.mac_grid_inst.ROW_LOOP[2].COL_LOOP[0].mac_inst._2720_/RN    2.80    4.42   -1.62 (VIOLATED)
integration_inst.mac_grid_inst.ROW_LOOP[2].COL_LOOP[2].mac_inst._2739_/RN    2.80    4.42   -1.62 (VIOLATED)
integration_inst.mac_grid_inst.ROW_LOOP[2].COL_LOOP[0].mac_inst._2717_/RN    2.80    4.41   -1.61 (VIOLATED)
integration_inst.mac_grid_inst.ROW_LOOP[0].COL_LOOP[1].mac_inst._2722_/RN    2.80    4.41   -1.61 (VIOLATED)
integration_inst.mac_grid_inst.ROW_LOOP[2].COL_LOOP[2].mac_inst._2738_/RN    2.80    4.41   -1.61 (VIOLATED)
integration_inst.mac_grid_inst.ROW_LOOP[2].COL_LOOP[0].mac_inst._2721_/RN    2.80    4.40   -1.60 (VIOLATED)
integration_inst.mac_grid_inst.ROW_LOOP[2].COL_LOOP[0].mac_inst._2729_/RN    2.80    4.40   -1.60 (VIOLATED)
integration_inst.mac_grid_inst.ROW_LOOP[2].COL_LOOP[0].mac_inst._2749_/RN    2.80    4.40   -1.60 (VIOLATED)
integration_inst.mac_grid_inst.ROW_LOOP[2].COL_LOOP[2].mac_inst._2713_/RN    2.80    4.39   -1.59 (VIOLATED)
integration_inst.mac_grid_inst.ROW_LOOP[2].COL_LOOP[0].mac_inst._2727_/RN    2.80    4.39   -1.59 (VIOLATED)
integration_inst.mac_grid_inst.ROW_LOOP[0].COL_LOOP[1].mac_inst._2726_/RN    2.80    4.38   -1.58 (VIOLATED)
integration_inst.mac_grid_inst.ROW_LOOP[0].COL_LOOP[1].mac_inst._2749_/RN    2.80    4.37   -1.57 (VIOLATED)
integration_inst.mac_grid_inst.ROW_LOOP[2].COL_LOOP[0].mac_inst._2725_/RN    2.80    4.36   -1.56 (VIOLATED)
integration_inst.mac_grid_inst.ROW_LOOP[2].COL_LOOP[0].mac_inst._2724_/RN    2.80    4.36   -1.56 (VIOLATED)
integration_inst.mac_grid_inst.ROW_LOOP[2].COL_LOOP[0].mac_inst._2726_/RN    2.80    4.36   -1.56 (VIOLATED)
integration_inst.mac_grid_inst.ROW_LOOP[2].COL_LOOP[0].mac_inst._2728_/RN    2.80    4.36   -1.56 (VIOLATED)
integration_inst.mac_grid_inst.ROW_LOOP[0].COL_LOOP[1].mac_inst._2729_/RN    2.80    4.36   -1.56 (VIOLATED)
integration_inst.mac_grid_inst.ROW_LOOP[2].COL_LOOP[2].mac_inst._2740_/RN    2.80    4.36   -1.56 (VIOLATED)
integration_inst.mac_grid_inst.ROW_LOOP[0].COL_LOOP[1].mac_inst._2728_/RN    2.80    4.35   -1.55 (VIOLATED)
integration_inst.mac_grid_inst.ROW_LOOP[0].COL_LOOP[1].mac_inst._2727_/RN    2.80    4.35   -1.55 (VIOLATED)
integration_inst.mac_grid_inst.ROW_LOOP[0].COL_LOOP[2].mac_inst._2723_/RN    2.80    4.34   -1.54 (VIOLATED)
integration_inst.mac_grid_inst.ROW_LOOP[0].COL_LOOP[2].mac_inst._2749_/RN    2.80    4.34   -1.54 (VIOLATED)
integration_inst.mac_grid_inst.ROW_LOOP[0].COL_LOOP[2].mac_inst._2729_/RN    2.80    4.34   -1.54 (VIOLATED)
integration_inst.mac_grid_inst.ROW_LOOP[0].COL_LOOP[2].mac_inst._2725_/RN    2.80    4.34   -1.54 (VIOLATED)
integration_inst.mac_grid_inst.ROW_LOOP[1].COL_LOOP[0].mac_inst._2728_/RN    2.80    4.34   -1.54 (VIOLATED)
integration_inst.mac_grid_inst.ROW_LOOP[1].COL_LOOP[0].mac_inst._2729_/RN    2.80    4.34   -1.54 (VIOLATED)
integration_inst.mac_grid_inst.ROW_LOOP[2].COL_LOOP[2].mac_inst._2712_/RN    2.80    4.34   -1.54 (VIOLATED)
integration_inst.mac_grid_inst.ROW_LOOP[1].COL_LOOP[0].mac_inst._2727_/RN    2.80    4.34   -1.54 (VIOLATED)
integration_inst.mac_grid_inst.ROW_LOOP[1].COL_LOOP[0].mac_inst._2749_/RN    2.80    4.34   -1.54 (VIOLATED)
integration_inst.mac_grid_inst.ROW_LOOP[1].COL_LOOP[0].mac_inst._2724_/RN    2.80    4.34   -1.54 (VIOLATED)
integration_inst.mac_grid_inst.ROW_LOOP[1].COL_LOOP[0].mac_inst._2726_/RN    2.80    4.34   -1.54 (VIOLATED)
integration_inst.mac_grid_inst.ROW_LOOP[0].COL_LOOP[1].mac_inst._2725_/RN    2.80    4.33   -1.53 (VIOLATED)
integration_inst.mac_grid_inst.ROW_LOOP[0].COL_LOOP[1].mac_inst._2724_/RN    2.80    4.33   -1.53 (VIOLATED)
integration_inst.mac_grid_inst.ROW_LOOP[2].COL_LOOP[2].mac_inst._2711_/RN    2.80    4.33   -1.53 (VIOLATED)
integration_inst.mac_grid_inst.ROW_LOOP[0].COL_LOOP[1].mac_inst._2723_/RN    2.80    4.32   -1.52 (VIOLATED)
integration_inst.mac_grid_inst.ROW_LOOP[1].COL_LOOP[0].mac_inst._2722_/RN    2.80    4.31   -1.51 (VIOLATED)
integration_inst.mac_grid_inst.ROW_LOOP[0].COL_LOOP[1].mac_inst._2721_/RN    2.80    4.30   -1.50 (VIOLATED)
integration_inst.mac_grid_inst.ROW_LOOP[0].COL_LOOP[1].mac_inst._2717_/RN    2.80    4.29   -1.49 (VIOLATED)
integration_inst.mac_grid_inst.ROW_LOOP[0].COL_LOOP[1].mac_inst._2743_/RN    2.80    4.29   -1.49 (VIOLATED)
integration_inst.mac_grid_inst.ROW_LOOP[1].COL_LOOP[0].mac_inst._2716_/RN    2.80    4.29   -1.49 (VIOLATED)
integration_inst.mac_grid_inst.ROW_LOOP[2].COL_LOOP[2].mac_inst._2710_/RN    2.80    4.28   -1.48 (VIOLATED)
integration_inst.mac_grid_inst.ROW_LOOP[1].COL_LOOP[0].mac_inst._2717_/RN    2.80    4.27   -1.47 (VIOLATED)
integration_inst.reg_bank_inst._21686_/RN    2.80    4.26   -1.46 (VIOLATED)
integration_inst.reg_bank_inst._22021_/RN    2.80    4.26   -1.46 (VIOLATED)
integration_inst.reg_bank_inst._21687_/RN    2.80    4.26   -1.46 (VIOLATED)
integration_inst.reg_bank_inst._21690_/RN    2.80    4.26   -1.46 (VIOLATED)
integration_inst.reg_bank_inst._22025_/RN    2.80    4.26   -1.46 (VIOLATED)
integration_inst.reg_bank_inst._22022_/RN    2.80    4.25   -1.45 (VIOLATED)
integration_inst.reg_bank_inst._21685_/RN    2.80    4.25   -1.45 (VIOLATED)
integration_inst.reg_bank_inst._21684_/RN    2.80    4.25   -1.45 (VIOLATED)
integration_inst.reg_bank_inst._22020_/RN    2.80    4.25   -1.45 (VIOLATED)
integration_inst.reg_bank_inst._22019_/RN    2.80    4.25   -1.45 (VIOLATED)
integration_inst.reg_bank_inst._21683_/RN    2.80    4.25   -1.45 (VIOLATED)
integration_inst.reg_bank_inst._22018_/RN    2.80    4.25   -1.45 (VIOLATED)
integration_inst.reg_bank_inst._21681_/RN    2.80    4.25   -1.45 (VIOLATED)
integration_inst.reg_bank_inst._22016_/RN    2.80    4.25   -1.45 (VIOLATED)
integration_inst.reg_bank_inst._22013_/RN    2.80    4.24   -1.44 (VIOLATED)
integration_inst.mac_grid_inst.ROW_LOOP[2].COL_LOOP[2].mac_inst._2709_/RN    2.80    4.24   -1.44 (VIOLATED)
integration_inst.mac_grid_inst.ROW_LOOP[1].COL_LOOP[0].mac_inst._2725_/RN    2.80    4.24   -1.44 (VIOLATED)
integration_inst.mac_grid_inst.ROW_LOOP[1].COL_LOOP[0].mac_inst._2723_/RN    2.80    4.24   -1.44 (VIOLATED)
integration_inst.mac_grid_inst.ROW_LOOP[1].COL_LOOP[0].mac_inst._2721_/RN    2.80    4.24   -1.44 (VIOLATED)
integration_inst.mac_grid_inst.ROW_LOOP[1].COL_LOOP[0].mac_inst._2720_/RN    2.80    4.24   -1.44 (VIOLATED)
integration_inst.reg_bank_inst._21678_/RN    2.80    4.24   -1.44 (VIOLATED)
integration_inst.reg_bank_inst._21675_/RN    2.80    4.24   -1.44 (VIOLATED)
integration_inst.mac_grid_inst.ROW_LOOP[0].COL_LOOP[2].mac_inst._2744_/RN    2.80    4.24   -1.44 (VIOLATED)
integration_inst.reg_bank_inst._21680_/RN    2.80    4.24   -1.44 (VIOLATED)
integration_inst.reg_bank_inst._22015_/RN    2.80    4.24   -1.44 (VIOLATED)
integration_inst.reg_bank_inst._22012_/RN    2.80    4.23   -1.43 (VIOLATED)
integration_inst.reg_bank_inst._21677_/RN    2.80    4.23   -1.43 (VIOLATED)
integration_inst.reg_bank_inst._22010_/RN    2.80    4.23   -1.43 (VIOLATED)
integration_inst.reg_bank_inst._21673_/RN    2.80    4.23   -1.43 (VIOLATED)
integration_inst.reg_bank_inst._22008_/RN    2.80    4.23   -1.43 (VIOLATED)
integration_inst.mac_grid_inst.ROW_LOOP[0].COL_LOOP[2].mac_inst._2745_/RN    2.80    4.22   -1.42 (VIOLATED)
integration_inst.reg_bank_inst._22003_/RN    2.80    4.22   -1.42 (VIOLATED)
integration_inst.reg_bank_inst._22005_/RN    2.80    4.22   -1.42 (VIOLATED)
integration_inst.reg_bank_inst._21670_/RN    2.80    4.22   -1.42 (VIOLATED)
integration_inst.reg_bank_inst._21671_/RN    2.80    4.22   -1.42 (VIOLATED)
integration_inst.reg_bank_inst._22006_/RN    2.80    4.22   -1.42 (VIOLATED)
integration_inst.reg_bank_inst._21668_/RN    2.80    4.22   -1.42 (VIOLATED)
integration_inst.mac_grid_inst.ROW_LOOP[2].COL_LOOP[2].mac_inst._2706_/RN    2.80    4.21   -1.41 (VIOLATED)
integration_inst.mac_grid_inst.ROW_LOOP[0].COL_LOOP[2].mac_inst._2746_/RN    2.80    4.21   -1.41 (VIOLATED)
integration_inst.mac_grid_inst.ROW_LOOP[0].COL_LOOP[0].mac_inst._2718_/RN    2.80    4.21   -1.41 (VIOLATED)
integration_inst.mac_grid_inst.ROW_LOOP[0].COL_LOOP[0].mac_inst._2717_/RN    2.80    4.21   -1.41 (VIOLATED)
integration_inst.mac_grid_inst.ROW_LOOP[2].COL_LOOP[2].mac_inst._2734_/RN    2.80    4.21   -1.41 (VIOLATED)
integration_inst.mac_grid_inst.ROW_LOOP[2].COL_LOOP[2].mac_inst._2732_/RN    2.80    4.21   -1.41 (VIOLATED)
integration_inst.mac_grid_inst.ROW_LOOP[2].COL_LOOP[2].mac_inst._2735_/RN    2.80    4.21   -1.41 (VIOLATED)
integration_inst.mac_grid_inst.ROW_LOOP[0].COL_LOOP[2].mac_inst._2747_/RN    2.80    4.21   -1.41 (VIOLATED)
integration_inst.mac_grid_inst.ROW_LOOP[2].COL_LOOP[2].mac_inst._2731_/RN    2.80    4.21   -1.41 (VIOLATED)
integration_inst.mac_grid_inst.ROW_LOOP[2].COL_LOOP[2].mac_inst._2736_/RN    2.80    4.21   -1.41 (VIOLATED)
integration_inst.mac_grid_inst.ROW_LOOP[2].COL_LOOP[2].mac_inst._2733_/RN    2.80    4.21   -1.41 (VIOLATED)
integration_inst.mac_grid_inst.ROW_LOOP[2].COL_LOOP[2].mac_inst._2730_/RN    2.80    4.21   -1.41 (VIOLATED)
integration_inst.mac_grid_inst.ROW_LOOP[1].COL_LOOP[0].mac_inst._2719_/RN    2.80    4.21   -1.41 (VIOLATED)
integration_inst.mac_grid_inst.ROW_LOOP[2].COL_LOOP[2].mac_inst._2707_/RN    2.80    4.21   -1.41 (VIOLATED)
integration_inst.reg_bank_inst._21967_/RN    2.80    4.20   -1.40 (VIOLATED)
integration_inst.mac_grid_inst.ROW_LOOP[2].COL_LOOP[2].mac_inst._2737_/RN    2.80    4.19   -1.39 (VIOLATED)
integration_inst.mac_grid_inst.ROW_LOOP[1].COL_LOOP[0].mac_inst._2743_/RN    2.80    4.19   -1.39 (VIOLATED)
integration_inst.reg_bank_inst._22110_/RN    2.80    4.19   -1.39 (VIOLATED)
integration_inst.mac_grid_inst.ROW_LOOP[2].COL_LOOP[2].mac_inst._2708_/RN    2.80    4.19   -1.39 (VIOLATED)
integration_inst.reg_bank_inst._22114_/RN    2.80    4.18   -1.38 (VIOLATED)
integration_inst.reg_bank_inst._21969_/RN    2.80    4.18   -1.38 (VIOLATED)
integration_inst.mac_grid_inst.ROW_LOOP[0].COL_LOOP[1].mac_inst._2713_/RN    2.80    4.17   -1.37 (VIOLATED)
integration_inst.reg_bank_inst._22089_/RN    2.80    4.16   -1.36 (VIOLATED)
integration_inst.reg_bank_inst._22107_/RN    2.80    4.15   -1.35 (VIOLATED)
integration_inst.reg_bank_inst._21913_/RN    2.80    4.15   -1.35 (VIOLATED)
integration_inst.reg_bank_inst._22004_/RN    2.80    4.15   -1.35 (VIOLATED)
integration_inst.reg_bank_inst._22109_/RN    2.80    4.15   -1.35 (VIOLATED)
integration_inst.reg_bank_inst._22108_/RN    2.80    4.15   -1.35 (VIOLATED)
integration_inst.reg_bank_inst._21914_/RN    2.80    4.15   -1.35 (VIOLATED)
integration_inst.reg_bank_inst._22086_/RN    2.80    4.15   -1.35 (VIOLATED)
integration_inst.reg_bank_inst._22085_/RN    2.80    4.15   -1.35 (VIOLATED)
integration_inst.reg_bank_inst._21966_/RN    2.80    4.15   -1.35 (VIOLATED)
integration_inst.reg_bank_inst._22007_/RN    2.80    4.15   -1.35 (VIOLATED)
integration_inst.reg_bank_inst._22111_/RN    2.80    4.15   -1.35 (VIOLATED)
integration_inst.mac_grid_inst.ROW_LOOP[1].COL_LOOP[0].mac_inst._2718_/RN    2.80    4.15   -1.35 (VIOLATED)
integration_inst.reg_bank_inst._21917_/RN    2.80    4.15   -1.35 (VIOLATED)
integration_inst.reg_bank_inst._21676_/RN    2.80    4.15   -1.35 (VIOLATED)
integration_inst.reg_bank_inst._22088_/RN    2.80    4.14   -1.34 (VIOLATED)
integration_inst.mac_grid_inst.ROW_LOOP[0].COL_LOOP[1].mac_inst._2716_/RN    2.80    4.14   -1.34 (VIOLATED)
integration_inst.reg_bank_inst._21968_/RN    2.80    4.14   -1.34 (VIOLATED)
integration_inst.mac_grid_inst.ROW_LOOP[0].COL_LOOP[1].mac_inst._2715_/RN    2.80    4.14   -1.34 (VIOLATED)
integration_inst.reg_bank_inst._21975_/RN    2.80    4.14   -1.34 (VIOLATED)
integration_inst.reg_bank_inst._21923_/RN    2.80    4.14   -1.34 (VIOLATED)
integration_inst.reg_bank_inst._22116_/RN    2.80    4.14   -1.34 (VIOLATED)
integration_inst.reg_bank_inst._21971_/RN    2.80    4.14   -1.34 (VIOLATED)
integration_inst.reg_bank_inst._21974_/RN    2.80    4.14   -1.34 (VIOLATED)
integration_inst.reg_bank_inst._22117_/RN    2.80    4.14   -1.34 (VIOLATED)
integration_inst.reg_bank_inst._21973_/RN    2.80    4.14   -1.34 (VIOLATED)
integration_inst.reg_bank_inst._21920_/RN    2.80    4.14   -1.34 (VIOLATED)
integration_inst.reg_bank_inst._22011_/RN    2.80    4.14   -1.34 (VIOLATED)
integration_inst.reg_bank_inst._22087_/RN    2.80    4.13   -1.33 (VIOLATED)
integration_inst.reg_bank_inst._21912_/RN    2.80    4.13   -1.33 (VIOLATED)
integration_inst.reg_bank_inst._21669_/RN    2.80    4.13   -1.33 (VIOLATED)
integration_inst.reg_bank_inst._22090_/RN    2.80    4.13   -1.33 (VIOLATED)
integration_inst.reg_bank_inst._22084_/RN    2.80    4.13   -1.33 (VIOLATED)
integration_inst.reg_bank_inst._21672_/RN    2.80    4.13   -1.33 (VIOLATED)
integration_inst.reg_bank_inst._21964_/RN    2.80    4.13   -1.33 (VIOLATED)
integration_inst.reg_bank_inst._22115_/RN    2.80    4.13   -1.33 (VIOLATED)
integration_inst.reg_bank_inst._21674_/RN    2.80    4.13   -1.33 (VIOLATED)
integration_inst.mac_grid_inst.ROW_LOOP[0].COL_LOOP[1].mac_inst._2714_/RN    2.80    4.12   -1.32 (VIOLATED)
integration_inst.mac_grid_inst.ROW_LOOP[0].COL_LOOP[1].mac_inst._2712_/RN    2.80    4.12   -1.32 (VIOLATED)
integration_inst.reg_bank_inst._22009_/RN    2.80    4.12   -1.32 (VIOLATED)
integration_inst.reg_bank_inst._22113_/RN    2.80    4.11   -1.31 (VIOLATED)
integration_inst.mac_grid_inst.ROW_LOOP[0].COL_LOOP[1].mac_inst._2738_/RN    2.80    4.11   -1.31 (VIOLATED)
integration_inst.reg_bank_inst._21965_/RN    2.80    4.10   -1.30 (VIOLATED)
integration_inst.reg_bank_inst._21916_/RN    2.80    4.10   -1.30 (VIOLATED)
integration_inst.reg_bank_inst._21879_/RN    2.80    4.10   -1.30 (VIOLATED)
integration_inst.reg_bank_inst._22092_/RN    2.80    4.10   -1.30 (VIOLATED)
integration_inst.reg_bank_inst._22112_/RN    2.80    4.10   -1.30 (VIOLATED)
integration_inst.reg_bank_inst._21918_/RN    2.80    4.10   -1.30 (VIOLATED)
integration_inst.mac_grid_inst.ROW_LOOP[0].COL_LOOP[1].mac_inst._2706_/RN    2.80    4.10   -1.30 (VIOLATED)
integration_inst.mac_grid_inst.ROW_LOOP[1].COL_LOOP[0].mac_inst._2715_/RN    2.80    4.10   -1.30 (VIOLATED)
integration_inst.reg_bank_inst._21921_/RN    2.80    4.09   -1.29 (VIOLATED)
integration_inst.reg_bank_inst._21970_/RN    2.80    4.09   -1.29 (VIOLATED)
integration_inst.mac_grid_inst.ROW_LOOP[1].COL_LOOP[0].mac_inst._2712_/RN    2.80    4.08   -1.28 (VIOLATED)
integration_inst.reg_bank_inst._21618_/RN    2.80    4.08   -1.28 (VIOLATED)
integration_inst.reg_bank_inst._21619_/RN    2.80    4.08   -1.28 (VIOLATED)
integration_inst.reg_bank_inst._21972_/RN    2.80    4.08   -1.28 (VIOLATED)
integration_inst.reg_bank_inst._22093_/RN    2.80    4.08   -1.28 (VIOLATED)
integration_inst.reg_bank_inst._22094_/RN    2.80    4.08   -1.28 (VIOLATED)
integration_inst.reg_bank_inst._21919_/RN    2.80    4.08   -1.28 (VIOLATED)
integration_inst.mac_grid_inst.ROW_LOOP[0].COL_LOOP[1].mac_inst._2707_/RN    2.80    4.07   -1.27 (VIOLATED)
integration_inst.reg_bank_inst._21922_/RN    2.80    4.06   -1.26 (VIOLATED)
integration_inst.reg_bank_inst._22095_/RN    2.80    4.06   -1.26 (VIOLATED)
integration_inst.mac_grid_inst.ROW_LOOP[0].COL_LOOP[1].mac_inst._2731_/RN    2.80    4.06   -1.26 (VIOLATED)
integration_inst.reg_bank_inst._21884_/RN    2.80    4.05   -1.25 (VIOLATED)
integration_inst.reg_bank_inst._21623_/RN    2.80    4.05   -1.25 (VIOLATED)
integration_inst.mac_grid_inst.ROW_LOOP[0].COL_LOOP[1].mac_inst._2732_/RN    2.80    4.04   -1.24 (VIOLATED)
integration_inst.reg_bank_inst._22118_/RN    2.80    4.04   -1.24 (VIOLATED)
integration_inst.reg_bank_inst._21924_/RN    2.80    4.03   -1.23 (VIOLATED)
integration_inst.reg_bank_inst._22129_/RN    2.80    4.03   -1.23 (VIOLATED)
integration_inst.reg_bank_inst._22125_/RN    2.80    4.03   -1.23 (VIOLATED)
integration_inst.reg_bank_inst._22126_/RN    2.80    4.03   -1.23 (VIOLATED)
integration_inst.reg_bank_inst._21689_/RN    2.80    4.03   -1.23 (VIOLATED)
integration_inst.reg_bank_inst._22127_/RN    2.80    4.03   -1.23 (VIOLATED)
integration_inst.reg_bank_inst._22023_/RN    2.80    4.03   -1.23 (VIOLATED)
integration_inst.reg_bank_inst._22122_/RN    2.80    4.03   -1.23 (VIOLATED)
integration_inst.reg_bank_inst._21986_/RN    2.80    4.03   -1.23 (VIOLATED)
integration_inst.reg_bank_inst._21982_/RN    2.80    4.03   -1.23 (VIOLATED)
integration_inst.reg_bank_inst._21983_/RN    2.80    4.02   -1.22 (VIOLATED)
integration_inst.reg_bank_inst._21688_/RN    2.80    4.02   -1.22 (VIOLATED)
integration_inst.mac_grid_inst.ROW_LOOP[1].COL_LOOP[0].mac_inst._2709_/RN    2.80    4.02   -1.22 (VIOLATED)
integration_inst.reg_bank_inst._22024_/RN    2.80    4.02   -1.22 (VIOLATED)
integration_inst.mac_grid_inst.ROW_LOOP[0].COL_LOOP[1].mac_inst._2708_/RN    2.80    4.02   -1.22 (VIOLATED)
integration_inst.reg_bank_inst._22128_/RN    2.80    4.02   -1.22 (VIOLATED)
integration_inst.reg_bank_inst._21984_/RN    2.80    4.02   -1.22 (VIOLATED)
integration_inst.reg_bank_inst._21977_/RN    2.80    4.02   -1.22 (VIOLATED)
integration_inst.reg_bank_inst._22120_/RN    2.80    4.02   -1.22 (VIOLATED)
integration_inst.reg_bank_inst._22099_/RN    2.80    4.02   -1.22 (VIOLATED)
integration_inst.reg_bank_inst._22100_/RN    2.80    4.02   -1.22 (VIOLATED)
integration_inst.reg_bank_inst._22103_/RN    2.80    4.02   -1.22 (VIOLATED)
integration_inst.reg_bank_inst._21679_/RN    2.80    4.02   -1.22 (VIOLATED)
integration_inst.reg_bank_inst._21979_/RN    2.80    4.02   -1.22 (VIOLATED)
integration_inst.reg_bank_inst._22101_/RN    2.80    4.02   -1.22 (VIOLATED)
integration_inst.reg_bank_inst._22102_/RN    2.80    4.01   -1.21 (VIOLATED)
integration_inst.mac_grid_inst.ROW_LOOP[2].COL_LOOP[1].mac_inst._2736_/RN    2.80    4.01   -1.21 (VIOLATED)
integration_inst.mac_grid_inst.ROW_LOOP[0].COL_LOOP[2].mac_inst._2735_/RN    2.80    4.01   -1.21 (VIOLATED)
integration_inst.mac_grid_inst.ROW_LOOP[2].COL_LOOP[1].mac_inst._2730_/RN    2.80    4.01   -1.21 (VIOLATED)
integration_inst.mac_grid_inst.ROW_LOOP[0].COL_LOOP[1].mac_inst._2711_/RN    2.80    4.01   -1.21 (VIOLATED)
integration_inst.reg_bank_inst._21985_/RN    2.80    4.01   -1.21 (VIOLATED)
integration_inst.reg_bank_inst._22106_/RN    2.80    4.01   -1.21 (VIOLATED)
integration_inst.mac_grid_inst.ROW_LOOP[0].COL_LOOP[1].mac_inst._2710_/RN    2.80    4.01   -1.21 (VIOLATED)
integration_inst.mac_grid_inst.ROW_LOOP[0].COL_LOOP[1].mac_inst._2709_/RN    2.80    4.01   -1.21 (VIOLATED)
integration_inst.mac_grid_inst.ROW_LOOP[1].COL_LOOP[0].mac_inst._2747_/RN    2.80    4.01   -1.21 (VIOLATED)
integration_inst.mac_grid_inst.ROW_LOOP[0].COL_LOOP[1].mac_inst._2737_/RN    2.80    4.01   -1.21 (VIOLATED)
integration_inst.mac_grid_inst.ROW_LOOP[1].COL_LOOP[0].mac_inst._2706_/RN    2.80    4.01   -1.21 (VIOLATED)
integration_inst.reg_bank_inst._21980_/RN    2.80    4.01   -1.21 (VIOLATED)
integration_inst.reg_bank_inst._22123_/RN    2.80    4.01   -1.21 (VIOLATED)
integration_inst.reg_bank_inst._22105_/RN    2.80    4.01   -1.21 (VIOLATED)
integration_inst.reg_bank_inst._21981_/RN    2.80    4.00   -1.20 (VIOLATED)
integration_inst.reg_bank_inst._22124_/RN    2.80    4.00   -1.20 (VIOLATED)
integration_inst.mac_grid_inst.ROW_LOOP[1].COL_LOOP[0].mac_inst._2710_/RN    2.80    4.00   -1.20 (VIOLATED)
integration_inst.mac_grid_inst.ROW_LOOP[1].COL_LOOP[0].mac_inst._2733_/RN    2.80    4.00   -1.20 (VIOLATED)
integration_inst.mac_grid_inst.ROW_LOOP[1].COL_LOOP[0].mac_inst._2735_/RN    2.80    4.00   -1.20 (VIOLATED)
integration_inst.mac_grid_inst.ROW_LOOP[1].COL_LOOP[0].mac_inst._2736_/RN    2.80    4.00   -1.20 (VIOLATED)
integration_inst.mac_grid_inst.ROW_LOOP[0].COL_LOOP[1].mac_inst._2739_/RN    2.80    4.00   -1.20 (VIOLATED)
integration_inst.mac_grid_inst.ROW_LOOP[0].COL_LOOP[1].mac_inst._2730_/RN    2.80    4.00   -1.20 (VIOLATED)
integration_inst.mac_grid_inst.ROW_LOOP[1].COL_LOOP[0].mac_inst._2739_/RN    2.80    4.00   -1.20 (VIOLATED)
integration_inst.reg_bank_inst._22104_/RN    2.80    3.99   -1.19 (VIOLATED)
integration_inst.mac_grid_inst.ROW_LOOP[1].COL_LOOP[0].mac_inst._2732_/RN    2.80    3.99   -1.19 (VIOLATED)
integration_inst.mac_grid_inst.ROW_LOOP[1].COL_LOOP[0].mac_inst._2708_/RN    2.80    3.99   -1.19 (VIOLATED)
integration_inst.mac_grid_inst.ROW_LOOP[0].COL_LOOP[1].mac_inst._2733_/RN    2.80    3.99   -1.19 (VIOLATED)
integration_inst.mac_grid_inst.ROW_LOOP[0].COL_LOOP[1].mac_inst._2734_/RN    2.80    3.99   -1.19 (VIOLATED)
integration_inst.reg_bank_inst._21929_/RN    2.80    3.99   -1.19 (VIOLATED)
integration_inst.reg_bank_inst._22014_/RN    2.80    3.99   -1.19 (VIOLATED)
integration_inst.reg_bank_inst._22121_/RN    2.80    3.99   -1.19 (VIOLATED)
integration_inst.reg_bank_inst._22096_/RN    2.80    3.99   -1.19 (VIOLATED)
integration_inst.reg_bank_inst._21978_/RN    2.80    3.99   -1.19 (VIOLATED)
integration_inst.reg_bank_inst._21682_/RN    2.80    3.98   -1.18 (VIOLATED)
integration_inst.reg_bank_inst._22017_/RN    2.80    3.98   -1.18 (VIOLATED)
integration_inst.mac_grid_inst.ROW_LOOP[0].COL_LOOP[1].mac_inst._2736_/RN    2.80    3.98   -1.18 (VIOLATED)
integration_inst.reg_bank_inst._22119_/RN    2.80    3.97   -1.17 (VIOLATED)
integration_inst.reg_bank_inst._22098_/RN    2.80    3.97   -1.17 (VIOLATED)
integration_inst.reg_bank_inst._21926_/RN    2.80    3.97   -1.17 (VIOLATED)
integration_inst.mac_grid_inst.ROW_LOOP[0].COL_LOOP[1].mac_inst._2735_/RN    2.80    3.95   -1.15 (VIOLATED)
integration_inst.reg_bank_inst._21976_/RN    2.80    3.94   -1.14 (VIOLATED)
integration_inst.mac_grid_inst.ROW_LOOP[1].COL_LOOP[0].mac_inst._2731_/RN    2.80    3.94   -1.14 (VIOLATED)
integration_inst.mac_grid_inst.ROW_LOOP[0].COL_LOOP[2].mac_inst._2732_/RN    2.80    3.92   -1.12 (VIOLATED)
integration_inst.mac_grid_inst.ROW_LOOP[1].COL_LOOP[0].mac_inst._2707_/RN    2.80    3.92   -1.12 (VIOLATED)
integration_inst.reg_bank_inst._22097_/RN    2.80    3.92   -1.12 (VIOLATED)
integration_inst.mac_grid_inst.ROW_LOOP[0].COL_LOOP[2].mac_inst._2740_/RN    2.80    3.91   -1.11 (VIOLATED)
integration_inst.mac_grid_inst.ROW_LOOP[0].COL_LOOP[0].mac_inst._2746_/RN    2.80    3.90   -1.10 (VIOLATED)
integration_inst.reg_bank_inst._21925_/RN    2.80    3.88   -1.08 (VIOLATED)
place820/I                              2.80    3.87   -1.07 (VIOLATED)
integration_inst.reg_bank_inst._21930_/RN    2.80    3.86   -1.06 (VIOLATED)
integration_inst.reg_bank_inst._21933_/RN    2.80    3.86   -1.06 (VIOLATED)
integration_inst.reg_bank_inst._21932_/RN    2.80    3.86   -1.06 (VIOLATED)
integration_inst.reg_bank_inst._21890_/RN    2.80    3.86   -1.06 (VIOLATED)
integration_inst.reg_bank_inst._21894_/RN    2.80    3.86   -1.06 (VIOLATED)
integration_inst.reg_bank_inst._21934_/RN    2.80    3.86   -1.06 (VIOLATED)
integration_inst.reg_bank_inst._21892_/RN    2.80    3.86   -1.06 (VIOLATED)
integration_inst.reg_bank_inst._21891_/RN    2.80    3.86   -1.06 (VIOLATED)
integration_inst.reg_bank_inst._21931_/RN    2.80    3.86   -1.06 (VIOLATED)
integration_inst.reg_bank_inst._21895_/RN    2.80    3.86   -1.06 (VIOLATED)
integration_inst.reg_bank_inst._21893_/RN    2.80    3.85   -1.05 (VIOLATED)
integration_inst.reg_bank_inst._21632_/RN    2.80    3.85   -1.05 (VIOLATED)
integration_inst.reg_bank_inst._21634_/RN    2.80    3.85   -1.05 (VIOLATED)
integration_inst.reg_bank_inst._22067_/RN    2.80    3.85   -1.05 (VIOLATED)
integration_inst.reg_bank_inst._22065_/RN    2.80    3.85   -1.05 (VIOLATED)
integration_inst.reg_bank_inst._21889_/RN    2.80    3.85   -1.05 (VIOLATED)
integration_inst.reg_bank_inst._22064_/RN    2.80    3.85   -1.05 (VIOLATED)
integration_inst.reg_bank_inst._21629_/RN    2.80    3.85   -1.05 (VIOLATED)
integration_inst.reg_bank_inst._22063_/RN    2.80    3.85   -1.05 (VIOLATED)
integration_inst.reg_bank_inst._21631_/RN    2.80    3.85   -1.05 (VIOLATED)
integration_inst.reg_bank_inst._21633_/RN    2.80    3.85   -1.05 (VIOLATED)
integration_inst.mac_grid_inst.ROW_LOOP[0].COL_LOOP[0].mac_inst._2739_/RN    2.80    3.85   -1.05 (VIOLATED)
integration_inst.reg_bank_inst._21927_/RN    2.80    3.85   -1.05 (VIOLATED)
integration_inst.reg_bank_inst._21928_/RN    2.80    3.85   -1.05 (VIOLATED)
integration_inst.reg_bank_inst._21886_/RN    2.80    3.85   -1.05 (VIOLATED)
integration_inst.reg_bank_inst._21630_/RN    2.80    3.85   -1.05 (VIOLATED)
integration_inst.reg_bank_inst._21628_/RN    2.80    3.84   -1.04 (VIOLATED)
integration_inst.reg_bank_inst._22061_/RN    2.80    3.84   -1.04 (VIOLATED)
integration_inst.reg_bank_inst._22059_/RN    2.80    3.84   -1.04 (VIOLATED)
integration_inst.reg_bank_inst._22060_/RN    2.80    3.84   -1.04 (VIOLATED)
integration_inst.reg_bank_inst._21626_/RN    2.80    3.83   -1.03 (VIOLATED)
integration_inst.reg_bank_inst._21887_/RN    2.80    3.83   -1.03 (VIOLATED)
integration_inst.reg_bank_inst._21625_/RN    2.80    3.82   -1.02 (VIOLATED)
integration_inst.reg_bank_inst._21888_/RN    2.80    3.81   -1.01 (VIOLATED)
integration_inst.reg_bank_inst._22066_/RN    2.80    3.81   -1.01 (VIOLATED)
integration_inst.reg_bank_inst._21627_/RN    2.80    3.81   -1.01 (VIOLATED)
integration_inst.reg_bank_inst._22062_/RN    2.80    3.81   -1.01 (VIOLATED)
integration_inst.reg_bank_inst._22058_/RN    2.80    3.81   -1.01 (VIOLATED)
integration_inst.reg_bank_inst._21624_/RN    2.80    3.81   -1.01 (VIOLATED)
integration_inst.reg_bank_inst._22056_/RN    2.80    3.81   -1.01 (VIOLATED)
integration_inst.reg_bank_inst._21885_/RN    2.80    3.81   -1.01 (VIOLATED)
integration_inst.reg_bank_inst._22057_/RN    2.80    3.81   -1.01 (VIOLATED)
integration_inst.reg_bank_inst._21622_/RN    2.80    3.80   -1.00 (VIOLATED)
integration_inst.reg_bank_inst._22054_/RN    2.80    3.80   -1.00 (VIOLATED)
integration_inst.reg_bank_inst._21880_/RN    2.80    3.80   -1.00 (VIOLATED)
integration_inst.reg_bank_inst._21883_/RN    2.80    3.80   -1.00 (VIOLATED)
integration_inst.reg_bank_inst._22055_/RN    2.80    3.80   -1.00 (VIOLATED)
integration_inst.reg_bank_inst._22091_/RN    2.80    3.79   -0.99 (VIOLATED)
integration_inst.mac_grid_inst.ROW_LOOP[0].COL_LOOP[2].mac_inst._2730_/RN    2.80    3.78   -0.98 (VIOLATED)
integration_inst.reg_bank_inst._22052_/RN    2.80    3.76   -0.96 (VIOLATED)
integration_inst.mac_grid_inst.ROW_LOOP[0].COL_LOOP[0].mac_inst._2736_/RN    2.80    3.75   -0.95 (VIOLATED)
integration_inst.reg_bank_inst._21882_/RN    2.80    3.74   -0.94 (VIOLATED)
integration_inst.reg_bank_inst._21875_/RN    2.80    3.73   -0.93 (VIOLATED)
integration_inst.reg_bank_inst._21874_/RN    2.80    3.73   -0.93 (VIOLATED)
integration_inst.reg_bank_inst._21876_/RN    2.80    3.73   -0.93 (VIOLATED)
integration_inst.reg_bank_inst._21915_/RN    2.80    3.73   -0.93 (VIOLATED)
integration_inst.reg_bank_inst._22051_/RN    2.80    3.73   -0.93 (VIOLATED)
integration_inst.reg_bank_inst._21613_/RN    2.80    3.73   -0.93 (VIOLATED)
integration_inst.reg_bank_inst._21873_/RN    2.80    3.73   -0.93 (VIOLATED)
integration_inst.reg_bank_inst._22048_/RN    2.80    3.73   -0.93 (VIOLATED)
integration_inst.reg_bank_inst._21877_/RN    2.80    3.73   -0.93 (VIOLATED)
integration_inst.reg_bank_inst._22049_/RN    2.80    3.73   -0.93 (VIOLATED)
integration_inst.reg_bank_inst._21616_/RN    2.80    3.73   -0.93 (VIOLATED)
integration_inst.reg_bank_inst._21878_/RN    2.80    3.73   -0.93 (VIOLATED)
integration_inst.reg_bank_inst._21881_/RN    2.80    3.70   -0.90 (VIOLATED)
integration_inst.reg_bank_inst._22047_/RN    2.80    3.66   -0.86 (VIOLATED)
integration_inst.reg_bank_inst._22046_/RN    2.80    3.66   -0.86 (VIOLATED)
integration_inst.reg_bank_inst._21612_/RN    2.80    3.66   -0.86 (VIOLATED)
integration_inst.reg_bank_inst._22050_/RN    2.80    3.64   -0.84 (VIOLATED)
integration_inst.mac_grid_inst.ROW_LOOP[0].COL_LOOP[0].mac_inst._2747_/RN    2.80    3.60   -0.80 (VIOLATED)
integration_inst.reg_bank_inst._21621_/RN    2.80    3.59   -0.79 (VIOLATED)
integration_inst.mac_grid_inst.ROW_LOOP[0].COL_LOOP[0].mac_inst._2737_/RN    2.80    3.59   -0.79 (VIOLATED)
integration_inst.mac_grid_inst.ROW_LOOP[0].COL_LOOP[0].mac_inst._2745_/RN    2.80    3.59   -0.79 (VIOLATED)
integration_inst.mac_grid_inst.ROW_LOOP[0].COL_LOOP[0].mac_inst._2733_/RN    2.80    3.59   -0.79 (VIOLATED)
integration_inst.reg_bank_inst._22053_/RN    2.80    3.52   -0.72 (VIOLATED)
integration_inst.reg_bank_inst._21617_/RN    2.80    3.52   -0.72 (VIOLATED)
integration_inst.reg_bank_inst._21614_/RN    2.80    3.51   -0.71 (VIOLATED)
integration_inst.reg_bank_inst._22045_/RN    2.80    3.51   -0.71 (VIOLATED)
integration_inst.reg_bank_inst._21615_/RN    2.80    3.51   -0.71 (VIOLATED)
integration_inst.reg_bank_inst._21635_/RN    2.80    3.51   -0.71 (VIOLATED)
integration_inst.reg_bank_inst._21666_/RN    2.80    3.51   -0.71 (VIOLATED)
integration_inst.reg_bank_inst._21665_/RN    2.80    3.50   -0.70 (VIOLATED)
integration_inst.reg_bank_inst._21642_/RN    2.80    3.50   -0.70 (VIOLATED)
integration_inst.reg_bank_inst._21637_/RN    2.80    3.50   -0.70 (VIOLATED)
integration_inst.reg_bank_inst._21640_/RN    2.80    3.50   -0.70 (VIOLATED)
integration_inst.reg_bank_inst._21638_/RN    2.80    3.50   -0.70 (VIOLATED)
integration_inst.reg_bank_inst._21955_/RN    2.80    3.50   -0.70 (VIOLATED)
integration_inst.reg_bank_inst._21954_/RN    2.80    3.50   -0.70 (VIOLATED)
integration_inst.reg_bank_inst._21650_/RN    2.80    3.50   -0.70 (VIOLATED)
integration_inst.reg_bank_inst._21648_/RN    2.80    3.50   -0.70 (VIOLATED)
integration_inst.reg_bank_inst._21645_/RN    2.80    3.50   -0.70 (VIOLATED)
integration_inst.reg_bank_inst._21824_/RN    2.80    3.49   -0.69 (VIOLATED)
integration_inst.reg_bank_inst._21646_/RN    2.80    3.49   -0.69 (VIOLATED)
integration_inst.reg_bank_inst._21830_/RN    2.80    3.49   -0.69 (VIOLATED)
integration_inst.reg_bank_inst._21828_/RN    2.80    3.49   -0.69 (VIOLATED)
integration_inst.reg_bank_inst._21667_/RN    2.80    3.49   -0.69 (VIOLATED)
integration_inst.reg_bank_inst._21644_/RN    2.80    3.49   -0.69 (VIOLATED)
integration_inst.reg_bank_inst._21649_/RN    2.80    3.49   -0.69 (VIOLATED)
integration_inst.reg_bank_inst._21664_/RN    2.80    3.49   -0.69 (VIOLATED)
integration_inst.reg_bank_inst._21663_/RN    2.80    3.49   -0.69 (VIOLATED)
integration_inst.reg_bank_inst._21647_/RN    2.80    3.49   -0.69 (VIOLATED)
integration_inst.reg_bank_inst._21620_/RN    2.80    3.49   -0.69 (VIOLATED)
integration_inst.reg_bank_inst._21643_/RN    2.80    3.49   -0.69 (VIOLATED)
integration_inst.reg_bank_inst._21936_/RN    2.80    3.46   -0.66 (VIOLATED)
integration_inst.reg_bank_inst._21935_/RN    2.80    3.46   -0.66 (VIOLATED)
integration_inst.reg_bank_inst._22042_/RN    2.80    3.46   -0.66 (VIOLATED)
integration_inst.reg_bank_inst._22039_/RN    2.80    3.46   -0.66 (VIOLATED)
integration_inst.reg_bank_inst._22040_/RN    2.80    3.46   -0.66 (VIOLATED)
integration_inst.reg_bank_inst._22038_/RN    2.80    3.46   -0.66 (VIOLATED)
integration_inst.reg_bank_inst._22044_/RN    2.80    3.46   -0.66 (VIOLATED)
integration_inst.reg_bank_inst._22041_/RN    2.80    3.45   -0.65 (VIOLATED)
integration_inst.reg_bank_inst._22037_/RN    2.80    3.44   -0.64 (VIOLATED)
integration_inst.reg_bank_inst._22043_/RN    2.80    3.44   -0.64 (VIOLATED)
integration_inst.reg_bank_inst._21948_/RN    2.80    3.42   -0.62 (VIOLATED)
integration_inst.reg_bank_inst._21951_/RN    2.80    3.42   -0.62 (VIOLATED)
integration_inst.reg_bank_inst._21949_/RN    2.80    3.42   -0.62 (VIOLATED)
integration_inst.reg_bank_inst._21950_/RN    2.80    3.42   -0.62 (VIOLATED)
integration_inst.reg_bank_inst._21952_/RN    2.80    3.41   -0.61 (VIOLATED)
integration_inst.reg_bank_inst._21946_/RN    2.80    3.40   -0.60 (VIOLATED)
integration_inst.reg_bank_inst._21947_/RN    2.80    3.40   -0.60 (VIOLATED)
integration_inst.reg_bank_inst._21953_/RN    2.80    3.39   -0.59 (VIOLATED)
integration_inst.reg_bank_inst._21767_/RN    2.80    3.37   -0.57 (VIOLATED)
integration_inst.reg_bank_inst._21770_/RN    2.80    3.37   -0.57 (VIOLATED)
integration_inst.reg_bank_inst._21766_/RN    2.80    3.37   -0.57 (VIOLATED)
integration_inst.reg_bank_inst._21768_/RN    2.80    3.37   -0.57 (VIOLATED)
integration_inst.reg_bank_inst._21769_/RN    2.80    3.35   -0.55 (VIOLATED)
integration_inst.reg_bank_inst._21764_/RN    2.80    3.35   -0.55 (VIOLATED)
integration_inst.reg_bank_inst._21765_/RN    2.80    3.34   -0.54 (VIOLATED)
integration_inst.mac_grid_inst.ROW_LOOP[0].COL_LOOP[0].mac_inst._2744_/RN    2.80    3.33   -0.53 (VIOLATED)
integration_inst.reg_bank_inst._21771_/RN    2.80    3.32   -0.52 (VIOLATED)
integration_inst.reg_bank_inst._21730_/RN    2.80    3.26   -0.46 (VIOLATED)
integration_inst.reg_bank_inst._21731_/RN    2.80    3.26   -0.46 (VIOLATED)
integration_inst.reg_bank_inst._22001_/RN    2.80    3.26   -0.46 (VIOLATED)
integration_inst.reg_bank_inst._21996_/RN    2.80    3.26   -0.46 (VIOLATED)
integration_inst.reg_bank_inst._21998_/RN    2.80    3.25   -0.45 (VIOLATED)
integration_inst.reg_bank_inst._22002_/RN    2.80    3.25   -0.45 (VIOLATED)
integration_inst.reg_bank_inst._22000_/RN    2.80    3.25   -0.45 (VIOLATED)
integration_inst.reg_bank_inst._21999_/RN    2.80    3.24   -0.44 (VIOLATED)
integration_inst.reg_bank_inst._21995_/RN    2.80    3.24   -0.44 (VIOLATED)
integration_inst.reg_bank_inst._21997_/RN    2.80    3.24   -0.44 (VIOLATED)
integration_inst.reg_bank_inst._21725_/RN    2.80    3.23   -0.43 (VIOLATED)
integration_inst.reg_bank_inst._17296_/B    2.80    3.21   -0.41 (VIOLATED)
integration_inst.reg_bank_inst._17278_/A2    2.80    3.21   -0.41 (VIOLATED)
integration_inst.reg_bank_inst._17276_/A3    2.80    3.21   -0.41 (VIOLATED)
integration_inst.reg_bank_inst._17294_/A3    2.80    3.21   -0.41 (VIOLATED)
integration_inst.reg_bank_inst._21714_/RN    2.80    3.21   -0.41 (VIOLATED)
integration_inst.reg_bank_inst._17363_/B    2.80    3.21   -0.41 (VIOLATED)
integration_inst.reg_bank_inst._19812_/A2    2.80    3.21   -0.41 (VIOLATED)
integration_inst.reg_bank_inst._21712_/RN    2.80    3.21   -0.41 (VIOLATED)
integration_inst.reg_bank_inst._19811_/A3    2.80    3.21   -0.41 (VIOLATED)
integration_inst.reg_bank_inst._21711_/RN    2.80    3.21   -0.41 (VIOLATED)
integration_inst.reg_bank_inst._17361_/A3    2.80    3.21   -0.41 (VIOLATED)
integration_inst.reg_bank_inst._21727_/RN    2.80    3.21   -0.41 (VIOLATED)
integration_inst.reg_bank_inst._17326_/A3    2.80    3.21   -0.41 (VIOLATED)
integration_inst.reg_bank_inst._21729_/RN    2.80    3.21   -0.41 (VIOLATED)
integration_inst.reg_bank_inst._17328_/A2    2.80    3.21   -0.41 (VIOLATED)
integration_inst.mac_grid_inst.ROW_LOOP[1].COL_LOOP[0].mac_inst._2745_/RN    2.80    3.21   -0.41 (VIOLATED)
integration_inst.reg_bank_inst._17262_/B    2.80    3.21   -0.41 (VIOLATED)
integration_inst.reg_bank_inst._17344_/A3    2.80    3.21   -0.41 (VIOLATED)
integration_inst.reg_bank_inst._17346_/B    2.80    3.21   -0.41 (VIOLATED)
integration_inst.reg_bank_inst._21724_/RN    2.80    3.21   -0.41 (VIOLATED)
integration_inst.reg_bank_inst._21726_/RN    2.80    3.21   -0.41 (VIOLATED)
integration_inst.reg_bank_inst._21728_/RN    2.80    3.21   -0.41 (VIOLATED)
integration_inst.reg_bank_inst._21571_/A3    2.80    3.21   -0.41 (VIOLATED)
integration_inst.reg_bank_inst._21573_/A2    2.80    3.21   -0.41 (VIOLATED)
integration_inst.reg_bank_inst._21709_/RN    2.80    3.21   -0.41 (VIOLATED)
integration_inst.reg_bank_inst._17311_/A2    2.80    3.21   -0.41 (VIOLATED)
integration_inst.reg_bank_inst._17310_/A3    2.80    3.20   -0.40 (VIOLATED)
integration_inst.reg_bank_inst._17260_/A3    2.80    3.20   -0.40 (VIOLATED)
integration_inst.reg_bank_inst._20678_/A3    2.80    3.20   -0.40 (VIOLATED)
integration_inst.reg_bank_inst._20680_/A2    2.80    3.20   -0.40 (VIOLATED)
integration_inst.reg_bank_inst._16662_/A2    2.80    3.20   -0.40 (VIOLATED)
integration_inst.reg_bank_inst._16651_/A3    2.80    3.20   -0.40 (VIOLATED)
integration_inst.reg_bank_inst._16950_/A3    2.80    3.19   -0.39 (VIOLATED)
integration_inst.reg_bank_inst._21715_/RN    2.80    3.19   -0.39 (VIOLATED)
integration_inst.reg_bank_inst._16962_/B    2.80    3.19   -0.39 (VIOLATED)
integration_inst.reg_bank_inst._15792_/A2    2.80    3.19   -0.39 (VIOLATED)
integration_inst.reg_bank_inst._15772_/A3    2.80    3.19   -0.39 (VIOLATED)
integration_inst.reg_bank_inst._20532_/A3    2.80    3.18   -0.38 (VIOLATED)
integration_inst.reg_bank_inst._16624_/A3    2.80    3.18   -0.38 (VIOLATED)
integration_inst.reg_bank_inst._20534_/A2    2.80    3.18   -0.38 (VIOLATED)
integration_inst.reg_bank_inst._20480_/A3    2.80    3.18   -0.38 (VIOLATED)
integration_inst.reg_bank_inst._20550_/A3    2.80    3.18   -0.38 (VIOLATED)
integration_inst.reg_bank_inst._20515_/A3    2.80    3.18   -0.38 (VIOLATED)
integration_inst.reg_bank_inst._16636_/A2    2.80    3.18   -0.38 (VIOLATED)
integration_inst.reg_bank_inst._20552_/B    2.80    3.18   -0.38 (VIOLATED)
integration_inst.reg_bank_inst._20482_/B    2.80    3.18   -0.38 (VIOLATED)
integration_inst.reg_bank_inst._20446_/A3    2.80    3.18   -0.38 (VIOLATED)
integration_inst.reg_bank_inst._20462_/A3    2.80    3.18   -0.38 (VIOLATED)
integration_inst.reg_bank_inst._20498_/A3    2.80    3.18   -0.38 (VIOLATED)
integration_inst.reg_bank_inst._20500_/A2    2.80    3.18   -0.38 (VIOLATED)
integration_inst.reg_bank_inst._20517_/A2    2.80    3.18   -0.38 (VIOLATED)
integration_inst.reg_bank_inst._20448_/B    2.80    3.18   -0.38 (VIOLATED)
integration_inst.reg_bank_inst._16895_/A3    2.80    3.18   -0.38 (VIOLATED)
integration_inst.reg_bank_inst._20464_/A2    2.80    3.18   -0.38 (VIOLATED)
integration_inst.reg_bank_inst._16677_/A3    2.80    3.18   -0.38 (VIOLATED)
integration_inst.reg_bank_inst._16688_/A2    2.80    3.18   -0.38 (VIOLATED)
integration_inst.reg_bank_inst._21747_/RN    2.80    3.18   -0.38 (VIOLATED)
integration_inst.reg_bank_inst._21740_/RN    2.80    3.18   -0.38 (VIOLATED)
integration_inst.reg_bank_inst._21741_/RN    2.80    3.18   -0.38 (VIOLATED)
integration_inst.reg_bank_inst._21745_/RN    2.80    3.18   -0.38 (VIOLATED)
integration_inst.reg_bank_inst._21743_/RN    2.80    3.18   -0.38 (VIOLATED)
integration_inst.reg_bank_inst._21710_/RN    2.80    3.18   -0.38 (VIOLATED)
integration_inst.reg_bank_inst._21742_/RN    2.80    3.18   -0.38 (VIOLATED)
integration_inst.reg_bank_inst._21708_/RN    2.80    3.18   -0.38 (VIOLATED)
integration_inst.reg_bank_inst._21713_/RN    2.80    3.18   -0.38 (VIOLATED)
integration_inst.reg_bank_inst._21746_/RN    2.80    3.17   -0.37 (VIOLATED)
integration_inst.reg_bank_inst._16906_/A2    2.80    3.17   -0.37 (VIOLATED)
integration_inst.reg_bank_inst._16922_/A3    2.80    3.16   -0.36 (VIOLATED)
integration_inst.reg_bank_inst._16935_/B    2.80    3.16   -0.36 (VIOLATED)
integration_inst.reg_bank_inst._16597_/A3    2.80    3.16   -0.36 (VIOLATED)
integration_inst.reg_bank_inst._16609_/A2    2.80    3.16   -0.36 (VIOLATED)
integration_inst.reg_bank_inst._22070_/RN    2.80    3.15   -0.35 (VIOLATED)
integration_inst.reg_bank_inst._19079_/A2    2.80    3.15   -0.35 (VIOLATED)
integration_inst.reg_bank_inst._19077_/A3    2.80    3.15   -0.35 (VIOLATED)
integration_inst.reg_bank_inst._21483_/A2    2.80    3.15   -0.35 (VIOLATED)
integration_inst.reg_bank_inst._21592_/A2    2.80    3.14   -0.34 (VIOLATED)
integration_inst.reg_bank_inst._21590_/A3    2.80    3.14   -0.34 (VIOLATED)
integration_inst.reg_bank_inst._21553_/A3    2.80    3.14   -0.34 (VIOLATED)
integration_inst.reg_bank_inst._22071_/RN    2.80    3.14   -0.34 (VIOLATED)
integration_inst.reg_bank_inst._22068_/RN    2.80    3.14   -0.34 (VIOLATED)
integration_inst.reg_bank_inst._22073_/RN    2.80    3.14   -0.34 (VIOLATED)
integration_inst.reg_bank_inst._21555_/A2    2.80    3.13   -0.33 (VIOLATED)
integration_inst.reg_bank_inst._22075_/RN    2.80    3.13   -0.33 (VIOLATED)
integration_inst.reg_bank_inst._21535_/A3    2.80    3.12   -0.32 (VIOLATED)
integration_inst.reg_bank_inst._21537_/A2    2.80    3.12   -0.32 (VIOLATED)
integration_inst.reg_bank_inst._22074_/RN    2.80    3.12   -0.32 (VIOLATED)
integration_inst.reg_bank_inst._22072_/RN    2.80    3.12   -0.32 (VIOLATED)
integration_inst.reg_bank_inst._22069_/RN    2.80    3.12   -0.32 (VIOLATED)
integration_inst.reg_bank_inst._21517_/A3    2.80    3.11   -0.31 (VIOLATED)
integration_inst.reg_bank_inst._21519_/A2    2.80    3.11   -0.31 (VIOLATED)
integration_inst.reg_bank_inst._22027_/RN    2.80    3.11   -0.31 (VIOLATED)
integration_inst.reg_bank_inst._21499_/A3    2.80    3.11   -0.31 (VIOLATED)
integration_inst.reg_bank_inst._22033_/RN    2.80    3.11   -0.31 (VIOLATED)
integration_inst.mac_grid_inst.ROW_LOOP[0].COL_LOOP[0].mac_inst._2735_/RN    2.80    3.10   -0.30 (VIOLATED)
integration_inst.reg_bank_inst._21501_/A2    2.80    3.10   -0.30 (VIOLATED)
integration_inst.reg_bank_inst._14718_/A3    2.80    3.09   -0.29 (VIOLATED)
integration_inst.reg_bank_inst._22031_/RN    2.80    3.09   -0.29 (VIOLATED)
integration_inst.reg_bank_inst._21054_/A3    2.80    3.09   -0.29 (VIOLATED)
integration_inst.reg_bank_inst._14737_/A3    2.80    3.08   -0.28 (VIOLATED)
integration_inst.reg_bank_inst._14701_/A3    2.80    3.08   -0.28 (VIOLATED)
integration_inst.reg_bank_inst._14630_/A3    2.80    3.08   -0.28 (VIOLATED)
integration_inst.reg_bank_inst._14685_/A3    2.80    3.08   -0.28 (VIOLATED)
integration_inst.reg_bank_inst._14650_/A3    2.80    3.08   -0.28 (VIOLATED)
integration_inst.reg_bank_inst._14668_/A3    2.80    3.07   -0.27 (VIOLATED)
integration_inst.command_parser_inst._513_/RN    2.80    3.07   -0.27 (VIOLATED)
integration_inst.reg_bank_inst._22032_/RN    2.80    3.06   -0.26 (VIOLATED)
integration_inst.reg_bank_inst._21180_/A3    2.80    3.06   -0.26 (VIOLATED)
integration_inst.reg_bank_inst._21270_/A3    2.80    3.06   -0.26 (VIOLATED)
integration_inst.reg_bank_inst._15672_/A3    2.80    3.05   -0.25 (VIOLATED)
integration_inst.reg_bank_inst._22026_/RN    2.80    3.05   -0.25 (VIOLATED)
integration_inst.reg_bank_inst._21210_/A3    2.80    3.05   -0.25 (VIOLATED)
integration_inst.reg_bank_inst._22029_/RN    2.80    3.04   -0.24 (VIOLATED)
integration_inst.reg_bank_inst._21255_/A3    2.80    3.04   -0.24 (VIOLATED)
integration_inst.reg_bank_inst._20608_/A3    2.80    3.03   -0.23 (VIOLATED)
integration_inst.reg_bank_inst._17470_/A3    2.80    3.02   -0.22 (VIOLATED)
integration_inst.reg_bank_inst._20574_/A3    2.80    3.02   -0.22 (VIOLATED)
integration_inst.reg_bank_inst._20950_/A3    2.80    3.02   -0.22 (VIOLATED)
integration_inst.reg_bank_inst._20965_/A3    2.80    3.02   -0.22 (VIOLATED)
integration_inst.reg_bank_inst._22028_/RN    2.80    3.00   -0.20 (VIOLATED)
integration_inst.command_parser_inst._515_/RN    2.80    3.00   -0.20 (VIOLATED)
integration_inst.reg_bank_inst._21744_/RN    2.80    3.00   -0.20 (VIOLATED)
integration_inst.reg_bank_inst._20934_/A3    2.80    3.00   -0.20 (VIOLATED)
integration_inst.reg_bank_inst._22030_/RN    2.80    2.99   -0.19 (VIOLATED)
integration_inst.command_parser_inst._482_/RN    2.80    2.97   -0.17 (VIOLATED)
integration_inst.reg_bank_inst._20919_/A3    2.80    2.96   -0.16 (VIOLATED)
integration_inst.mac_grid_inst.ROW_LOOP[0].COL_LOOP[0].mac_inst._2740_/RN    2.80    2.96   -0.16 (VIOLATED)
integration_inst.reg_bank_inst._21900_/RN    2.80    2.94   -0.14 (VIOLATED)
integration_inst.reg_bank_inst._21903_/RN    2.80    2.94   -0.14 (VIOLATED)
integration_inst.reg_bank_inst._20624_/A3    2.80    2.93   -0.13 (VIOLATED)
integration_inst.reg_bank_inst._14803_/A3    2.80    2.93   -0.13 (VIOLATED)
integration_inst.reg_bank_inst._21194_/A3    2.80    2.93   -0.13 (VIOLATED)
integration_inst.reg_bank_inst._18208_/A3    2.80    2.92   -0.12 (VIOLATED)
integration_inst.reg_bank_inst._19065_/A1    2.80    2.92   -0.12 (VIOLATED)
integration_inst.reg_bank_inst._19102_/A1    2.80    2.92   -0.12 (VIOLATED)
integration_inst.reg_bank_inst._19064_/ZN    2.80    2.92   -0.12 (VIOLATED)
integration_inst.reg_bank_inst._21239_/A3    2.80    2.90   -0.10 (VIOLATED)
integration_inst.reg_bank_inst._21224_/A3    2.80    2.90   -0.10 (VIOLATED)
integration_inst.reg_bank_inst._14787_/A3    2.80    2.90   -0.10 (VIOLATED)
integration_inst.reg_bank_inst._14770_/A3    2.80    2.90   -0.10 (VIOLATED)
integration_inst.reg_bank_inst._14832_/A3    2.80    2.90   -0.10 (VIOLATED)
integration_inst.reg_bank_inst._17231_/B1    2.80    2.90   -0.10 (VIOLATED)
integration_inst.reg_bank_inst._17239_/A2    2.80    2.90   -0.10 (VIOLATED)
integration_inst.reg_bank_inst._17089_/B1    2.80    2.90   -0.10 (VIOLATED)
integration_inst.reg_bank_inst._17087_/A2    2.80    2.90   -0.10 (VIOLATED)
integration_inst.reg_bank_inst._17223_/B1    2.80    2.90   -0.10 (VIOLATED)
integration_inst.reg_bank_inst._17221_/A2    2.80    2.90   -0.10 (VIOLATED)
integration_inst.reg_bank_inst._17017_/A2    2.80    2.90   -0.10 (VIOLATED)
integration_inst.reg_bank_inst._17019_/B1    2.80    2.90   -0.10 (VIOLATED)
integration_inst.reg_bank_inst._18450_/B    2.80    2.89   -0.09 (VIOLATED)
integration_inst.reg_bank_inst._18458_/B    2.80    2.89   -0.09 (VIOLATED)
integration_inst.reg_bank_inst._18992_/A2    2.80    2.89   -0.09 (VIOLATED)
integration_inst.reg_bank_inst._18959_/A2    2.80    2.89   -0.09 (VIOLATED)
integration_inst.reg_bank_inst._18962_/B    2.80    2.89   -0.09 (VIOLATED)
integration_inst.reg_bank_inst._21902_/RN    2.80    2.88   -0.08 (VIOLATED)
integration_inst.reg_bank_inst._15997_/A2    2.80    2.88   -0.08 (VIOLATED)
integration_inst.reg_bank_inst._20258_/A2    2.80    2.88   -0.08 (VIOLATED)
integration_inst.reg_bank_inst._18756_/A2    2.80    2.88   -0.08 (VIOLATED)
integration_inst.reg_bank_inst._18765_/B    2.80    2.88   -0.08 (VIOLATED)
integration_inst.command_parser_inst._483_/RN    2.80    2.88   -0.08 (VIOLATED)
integration_inst.reg_bank_inst._18836_/A2    2.80    2.88   -0.08 (VIOLATED)
integration_inst.reg_bank_inst._14863_/A3    2.80    2.87   -0.07 (VIOLATED)
integration_inst.command_parser_inst._484_/RN    2.80    2.87   -0.07 (VIOLATED)
integration_inst.reg_bank_inst._20877_/A2    2.80    2.86   -0.06 (VIOLATED)
integration_inst.reg_bank_inst._20789_/B    2.80    2.86   -0.06 (VIOLATED)
integration_inst.reg_bank_inst._20796_/A2    2.80    2.86   -0.06 (VIOLATED)
integration_inst.reg_bank_inst._20835_/B    2.80    2.85   -0.05 (VIOLATED)
integration_inst.reg_bank_inst._14848_/A3    2.80    2.85   -0.05 (VIOLATED)
integration_inst.reg_bank_inst._20841_/B    2.80    2.85   -0.05 (VIOLATED)
integration_inst.reg_bank_inst._21896_/RN    2.80    2.85   -0.05 (VIOLATED)
integration_inst.reg_bank_inst._21384_/B    2.80    2.85   -0.05 (VIOLATED)
integration_inst.reg_bank_inst._12102_/B1    2.80    2.85   -0.05 (VIOLATED)
integration_inst.reg_bank_inst._12104_/B2    2.80    2.85   -0.05 (VIOLATED)
integration_inst.reg_bank_inst._12092_/ZN    2.80    2.85   -0.05 (VIOLATED)
integration_inst.reg_bank_inst._21897_/RN    2.80    2.85   -0.05 (VIOLATED)
integration_inst.reg_bank_inst._21338_/A2    2.80    2.84   -0.04 (VIOLATED)
integration_inst.reg_bank_inst._14817_/A3    2.80    2.84   -0.04 (VIOLATED)
integration_inst.reg_bank_inst._21381_/B    2.80    2.84   -0.04 (VIOLATED)
integration_inst.reg_bank_inst._21416_/A2    2.80    2.84   -0.04 (VIOLATED)
integration_inst.command_parser_inst._514_/RN    2.80    2.84   -0.04 (VIOLATED)
integration_inst.reg_bank_inst._21331_/B    2.80    2.84   -0.04 (VIOLATED)
integration_inst.mac_grid_inst.ROW_LOOP[0].COL_LOOP[0].mac_inst._2742_/RN    2.80    2.83   -0.03 (VIOLATED)
integration_inst.command_parser_inst._516_/RN    2.80    2.83   -0.03 (VIOLATED)
integration_inst.reg_bank_inst._21898_/RN    2.80    2.82   -0.02 (VIOLATED)
integration_inst.reg_bank_inst._21901_/RN    2.80    2.82   -0.02 (VIOLATED)
integration_inst.reg_bank_inst._21899_/RN    2.80    2.82   -0.02 (VIOLATED)
integration_inst.reg_bank_inst._14473_/A2    2.80    2.82   -0.02 (VIOLATED)
integration_inst.reg_bank_inst._15843_/A1    2.80    2.82   -0.02 (VIOLATED)
integration_inst.reg_bank_inst._16231_/B    2.80    2.82   -0.02 (VIOLATED)
integration_inst.reg_bank_inst._16151_/A1    2.80    2.82   -0.02 (VIOLATED)
integration_inst.reg_bank_inst._17199_/A1    2.80    2.82   -0.02 (VIOLATED)
integration_inst.reg_bank_inst._15597_/A1    2.80    2.82   -0.02 (VIOLATED)
integration_inst.reg_bank_inst._17231_/A1    2.80    2.81   -0.01 (VIOLATED)
integration_inst.reg_bank_inst._15596_/ZN    2.80    2.81   -0.01 (VIOLATED)
integration_inst.reg_bank_inst._13621_/A2    2.80    2.81   -0.01 (VIOLATED)
integration_inst.reg_bank_inst._13498_/B    2.80    2.81   -0.01 (VIOLATED)
integration_inst.reg_bank_inst._14461_/B    2.80    2.81   -0.01 (VIOLATED)

max capacitance

Pin                                    Limit     Cap   Slack
------------------------------------------------------------
integration_inst.reg_bank_inst._17061_/ZN    0.36    0.38   -0.02 (VIOLATED)

integration_inst.reg_bank_inst._16447_/ZN    0.36    0.38   -0.02 (VIOLATED)

integration_inst.reg_bank_inst._11684_/ZN    0.36    0.38   -0.02 (VIOLATED)

integration_inst.reg_bank_inst._14185_/ZN    0.72    0.74   -0.01 (VIOLATED)

integration_inst.reg_bank_inst._19064_/ZN    0.15    0.16   -0.01 (VIOLATED)

integration_inst.reg_bank_inst._12303_/ZN    0.36    0.37   -0.01 (VIOLATED)

integration_inst.reg_bank_inst._16189_/ZN    0.21    0.22   -0.01 (VIOLATED)

integration_inst.reg_bank_inst._17080_/ZN    0.36    0.37   -0.01 (VIOLATED)

integration_inst.reg_bank_inst._21827_/Q    0.38    0.38   -0.00 (VIOLATED)

integration_inst.reg_bank_inst._15449_/ZN    0.15    0.15   -0.00 (VIOLATED)


==========================================================================
finish max_slew_check_slack
--------------------------------------------------------------------------
-1.842179775238037

==========================================================================
finish max_slew_check_limit
--------------------------------------------------------------------------
2.799999952316284

==========================================================================
finish max_slew_check_slack_limit
--------------------------------------------------------------------------
-0.6579

==========================================================================
finish max_fanout_check_slack
--------------------------------------------------------------------------
1.0000000150474662e+30

==========================================================================
finish max_fanout_check_limit
--------------------------------------------------------------------------
1.0000000150474662e+30

==========================================================================
finish max_capacitance_check_slack
--------------------------------------------------------------------------
-0.024335350841283798

==========================================================================
finish max_capacitance_check_limit
--------------------------------------------------------------------------
0.35989999771118164

==========================================================================
finish max_capacitance_check_slack_limit
--------------------------------------------------------------------------
-0.0676

==========================================================================
finish max_slew_violation_count
--------------------------------------------------------------------------
max slew violation count 731

==========================================================================
finish max_fanout_violation_count
--------------------------------------------------------------------------
max fanout violation count 0

==========================================================================
finish max_cap_violation_count
--------------------------------------------------------------------------
max cap violation count 10

==========================================================================
finish setup_violation_count
--------------------------------------------------------------------------
setup violation count 0

==========================================================================
finish hold_violation_count
--------------------------------------------------------------------------
hold violation count 0

==========================================================================
finish report_checks -path_delay max reg to reg
--------------------------------------------------------------------------
Startpoint: integration_inst.reg_bank_inst._22035_
            (rising edge-triggered flip-flop clocked by core_clock)
Endpoint: integration_inst.mac_grid_inst.ROW_LOOP[1].COL_LOOP[2].mac_inst._2746_
          (recovery check against rising-edge clock core_clock)
Path Group: asynchronous
Path Type: max

  Delay    Time   Description
---------------------------------------------------------
   0.00    0.00   clock core_clock (rise edge)
   0.00    0.00   clock source latency
   0.00    0.00 ^ i_clk (in)
   0.20    0.20 ^ clkbuf_0_i_clk/Z (gf180mcu_fd_sc_mcu9t5v0__clkbuf_20)
   0.34    0.55 ^ clkbuf_2_1_0_i_clk/Z (gf180mcu_fd_sc_mcu9t5v0__clkbuf_20)
   0.22    0.76 ^ clkbuf_leaf_33_i_clk/Z (gf180mcu_fd_sc_mcu9t5v0__clkbuf_20)
   0.01    0.77 ^ integration_inst.reg_bank_inst._22035_/CLK (gf180mcu_fd_sc_mcu9t5v0__dffrnq_1)
   0.64    1.41 ^ integration_inst.reg_bank_inst._22035_/Q (gf180mcu_fd_sc_mcu9t5v0__dffrnq_1)
   0.47    1.88 v integration_inst.reg_bank_inst._11435_/ZN (gf180mcu_fd_sc_mcu9t5v0__clkinv_1)
   0.90    2.77 ^ integration_inst.reg_bank_inst._11436_/ZN (gf180mcu_fd_sc_mcu9t5v0__nand3_4)
   0.91    3.68 v integration_inst.reg_bank_inst._11437_/ZN (gf180mcu_fd_sc_mcu9t5v0__clkinv_12)
   0.52    4.20 ^ integration_inst.reg_bank_inst._13123_/ZN (gf180mcu_fd_sc_mcu9t5v0__nor2_4)
   0.19    4.39 ^ place821/Z (gf180mcu_fd_sc_mcu9t5v0__buf_16)
   1.89    6.28 ^ integration_inst.mac_grid_inst.ROW_LOOP[1].COL_LOOP[2].mac_inst._2746_/RN (gf180mcu_fd_sc_mcu9t5v0__dffrnq_1)
           6.28   data arrival time

  40.00   40.00   clock core_clock (rise edge)
   0.00   40.00   clock source latency
   0.00   40.00 ^ i_clk (in)
   0.20   40.20 ^ clkbuf_0_i_clk/Z (gf180mcu_fd_sc_mcu9t5v0__clkbuf_20)
   0.33   40.54 ^ clkbuf_2_2_0_i_clk/Z (gf180mcu_fd_sc_mcu9t5v0__clkbuf_20)
   0.23   40.77 ^ clkbuf_leaf_34_i_clk/Z (gf180mcu_fd_sc_mcu9t5v0__clkbuf_20)
   0.00   40.77 ^ integration_inst.mac_grid_inst.ROW_LOOP[1].COL_LOOP[2].mac_inst._2746_/CLK (gf180mcu_fd_sc_mcu9t5v0__dffrnq_1)
   0.00   40.77   clock reconvergence pessimism
  -1.78   38.99   library recovery time
          38.99   data required time
---------------------------------------------------------
          38.99   data required time
          -6.28   data arrival time
---------------------------------------------------------
          32.71   slack (MET)


Startpoint: integration_inst.reg_bank_inst._21607_
            (rising edge-triggered flip-flop clocked by core_clock)
Endpoint: integration_inst.quantizer_inst._14035_
          (rising edge-triggered flip-flop clocked by core_clock)
Path Group: core_clock
Path Type: max

  Delay    Time   Description
---------------------------------------------------------
   0.00    0.00   clock core_clock (rise edge)
   0.00    0.00   clock source latency
   0.00    0.00 ^ i_clk (in)
   0.20    0.20 ^ clkbuf_0_i_clk/Z (gf180mcu_fd_sc_mcu9t5v0__clkbuf_20)
   0.36    0.57 ^ clkbuf_2_3_0_i_clk/Z (gf180mcu_fd_sc_mcu9t5v0__clkbuf_20)
   0.30    0.86 ^ clkbuf_leaf_11_i_clk/Z (gf180mcu_fd_sc_mcu9t5v0__clkbuf_20)
   0.00    0.86 ^ integration_inst.reg_bank_inst._21607_/CLK (gf180mcu_fd_sc_mcu9t5v0__dffrnq_1)
   0.72    1.59 ^ integration_inst.reg_bank_inst._21607_/Q (gf180mcu_fd_sc_mcu9t5v0__dffrnq_1)
   0.47    2.06 v integration_inst.reg_bank_inst._10714_/ZN (gf180mcu_fd_sc_mcu9t5v0__clkinv_1)
   0.25    2.32 ^ integration_inst.reg_bank_inst._10909_/ZN (gf180mcu_fd_sc_mcu9t5v0__nand2_1)
   0.39    2.71 ^ place931/Z (gf180mcu_fd_sc_mcu9t5v0__buf_4)
   0.65    3.36 v integration_inst.reg_bank_inst._11029_/ZN (gf180mcu_fd_sc_mcu9t5v0__clkinv_1)
   0.26    3.62 ^ integration_inst.reg_bank_inst._11451_/ZN (gf180mcu_fd_sc_mcu9t5v0__nand2_1)
   1.14    4.77 v integration_inst.reg_bank_inst._11452_/ZN (gf180mcu_fd_sc_mcu9t5v0__clkinv_1)
   0.55    5.31 ^ integration_inst.reg_bank_inst._11590_/ZN (gf180mcu_fd_sc_mcu9t5v0__aoi21_1)
   0.12    5.44 v integration_inst.reg_bank_inst._11591_/ZN (gf180mcu_fd_sc_mcu9t5v0__nand4_1)
   0.29    5.73 ^ integration_inst.reg_bank_inst._11592_/ZN (gf180mcu_fd_sc_mcu9t5v0__aoi221_1)
   0.22    5.94 v integration_inst.reg_bank_inst._11593_/ZN (gf180mcu_fd_sc_mcu9t5v0__aoi21_1)
   0.37    6.32 v place718/Z (gf180mcu_fd_sc_mcu9t5v0__buf_4)
   1.20    7.52 ^ integration_inst.quantizer_inst._07962_/ZN (gf180mcu_fd_sc_mcu9t5v0__clkinv_1)
   0.15    7.67 v integration_inst.quantizer_inst._11247_/ZN (gf180mcu_fd_sc_mcu9t5v0__nor2_1)
   0.18    7.85 ^ integration_inst.quantizer_inst._11248_/ZN (gf180mcu_fd_sc_mcu9t5v0__clkinv_1)
   0.14    7.99 v integration_inst.quantizer_inst._11251_/ZN (gf180mcu_fd_sc_mcu9t5v0__aoi21_1)
   0.24    8.23 ^ integration_inst.quantizer_inst._11252_/ZN (gf180mcu_fd_sc_mcu9t5v0__nor2_1)
   0.18    8.42 v integration_inst.quantizer_inst._11270_/ZN (gf180mcu_fd_sc_mcu9t5v0__nand2_1)
   0.14    8.56 ^ integration_inst.quantizer_inst._11417_/ZN (gf180mcu_fd_sc_mcu9t5v0__clkinv_1)
   0.15    8.71 v integration_inst.quantizer_inst._11418_/ZN (gf180mcu_fd_sc_mcu9t5v0__oai21_1)
   0.23    8.94 ^ integration_inst.quantizer_inst._11438_/ZN (gf180mcu_fd_sc_mcu9t5v0__oai211_1)
   0.24    9.18 v integration_inst.quantizer_inst._11563_/ZN (gf180mcu_fd_sc_mcu9t5v0__nand3_1)
   0.31    9.49 ^ integration_inst.quantizer_inst._11567_/ZN (gf180mcu_fd_sc_mcu9t5v0__nand3_1)
   0.17    9.66 v integration_inst.quantizer_inst._11717_/ZN (gf180mcu_fd_sc_mcu9t5v0__clkinv_1)
   0.28    9.94 ^ integration_inst.quantizer_inst._11719_/ZN (gf180mcu_fd_sc_mcu9t5v0__oai21_1)
   0.20   10.13 v integration_inst.quantizer_inst._11730_/ZN (gf180mcu_fd_sc_mcu9t5v0__nand3_1)
   0.30   10.43 ^ integration_inst.quantizer_inst._11734_/ZN (gf180mcu_fd_sc_mcu9t5v0__aoi21_1)
   0.16   10.59 v integration_inst.quantizer_inst._11735_/ZN (gf180mcu_fd_sc_mcu9t5v0__nor2_1)
   0.28   10.88 ^ integration_inst.quantizer_inst._11864_/ZN (gf180mcu_fd_sc_mcu9t5v0__nor3_1)
   0.15   11.02 v integration_inst.quantizer_inst._11866_/ZN (gf180mcu_fd_sc_mcu9t5v0__nor3_1)
   0.25   11.27 ^ integration_inst.quantizer_inst._11870_/ZN (gf180mcu_fd_sc_mcu9t5v0__nor3_1)
   0.20   11.47 ^ integration_inst.quantizer_inst._12373_/Z (gf180mcu_fd_sc_mcu9t5v0__or2_1)
   0.14   11.61 v integration_inst.quantizer_inst._12395_/ZN (gf180mcu_fd_sc_mcu9t5v0__oai21_1)
   0.24   11.85 ^ integration_inst.quantizer_inst._12396_/ZN (gf180mcu_fd_sc_mcu9t5v0__aoi21_1)
   0.15   12.01 v integration_inst.quantizer_inst._12397_/ZN (gf180mcu_fd_sc_mcu9t5v0__oai21_1)
   0.26   12.27 ^ integration_inst.quantizer_inst._12398_/ZN (gf180mcu_fd_sc_mcu9t5v0__aoi21_1)
   0.15   12.42 v integration_inst.quantizer_inst._12399_/ZN (gf180mcu_fd_sc_mcu9t5v0__oai21_1)
   0.26   12.68 ^ integration_inst.quantizer_inst._12400_/ZN (gf180mcu_fd_sc_mcu9t5v0__aoi21_1)
   0.14   12.82 v integration_inst.quantizer_inst._12401_/ZN (gf180mcu_fd_sc_mcu9t5v0__oai21_1)
   0.22   13.04 ^ integration_inst.quantizer_inst._12402_/ZN (gf180mcu_fd_sc_mcu9t5v0__aoi21_1)
   0.14   13.18 v integration_inst.quantizer_inst._12403_/ZN (gf180mcu_fd_sc_mcu9t5v0__oai21_1)
   0.24   13.41 ^ integration_inst.quantizer_inst._12404_/ZN (gf180mcu_fd_sc_mcu9t5v0__aoi21_1)
   0.13   13.55 v integration_inst.quantizer_inst._12432_/ZN (gf180mcu_fd_sc_mcu9t5v0__oai21_1)
   0.22   13.77 ^ integration_inst.quantizer_inst._12433_/ZN (gf180mcu_fd_sc_mcu9t5v0__aoi21_1)
   0.13   13.90 v integration_inst.quantizer_inst._12434_/ZN (gf180mcu_fd_sc_mcu9t5v0__oai21_1)
   0.20   14.10 ^ integration_inst.quantizer_inst._12435_/ZN (gf180mcu_fd_sc_mcu9t5v0__aoi21_1)
   0.13   14.23 v integration_inst.quantizer_inst._12436_/ZN (gf180mcu_fd_sc_mcu9t5v0__oai21_1)
   0.21   14.44 ^ integration_inst.quantizer_inst._12437_/ZN (gf180mcu_fd_sc_mcu9t5v0__aoi21_1)
   0.12   14.57 v integration_inst.quantizer_inst._12438_/ZN (gf180mcu_fd_sc_mcu9t5v0__oai21_1)
   0.22   14.78 ^ integration_inst.quantizer_inst._12439_/ZN (gf180mcu_fd_sc_mcu9t5v0__aoi21_1)
   0.12   14.90 v integration_inst.quantizer_inst._12440_/ZN (gf180mcu_fd_sc_mcu9t5v0__oai21_1)
   0.20   15.10 ^ integration_inst.quantizer_inst._12441_/ZN (gf180mcu_fd_sc_mcu9t5v0__aoi21_1)
   0.15   15.25 v integration_inst.quantizer_inst._12442_/ZN (gf180mcu_fd_sc_mcu9t5v0__oai21_1)
   0.23   15.48 ^ integration_inst.quantizer_inst._12443_/ZN (gf180mcu_fd_sc_mcu9t5v0__aoi21_1)
   0.14   15.62 v integration_inst.quantizer_inst._12444_/ZN (gf180mcu_fd_sc_mcu9t5v0__oai21_1)
   0.29   15.91 ^ integration_inst.quantizer_inst._12445_/ZN (gf180mcu_fd_sc_mcu9t5v0__aoi21_1)
   0.18   16.09 v integration_inst.quantizer_inst._12446_/ZN (gf180mcu_fd_sc_mcu9t5v0__oai211_1)
   0.29   16.38 ^ integration_inst.quantizer_inst._12447_/ZN (gf180mcu_fd_sc_mcu9t5v0__aoi211_1)
   0.13   16.51 v integration_inst.quantizer_inst._12450_/ZN (gf180mcu_fd_sc_mcu9t5v0__oai21_1)
   0.22   16.72 ^ integration_inst.quantizer_inst._12451_/ZN (gf180mcu_fd_sc_mcu9t5v0__aoi21_1)
   0.09   16.82 v integration_inst.quantizer_inst._12452_/ZN (gf180mcu_fd_sc_mcu9t5v0__oai21_1)
   0.21   17.02 ^ integration_inst.quantizer_inst._12453_/ZN (gf180mcu_fd_sc_mcu9t5v0__aoi21_1)
   0.10   17.12 v integration_inst.quantizer_inst._12454_/ZN (gf180mcu_fd_sc_mcu9t5v0__oai21_1)
   0.10   17.22 ^ integration_inst.quantizer_inst._12457_/ZN (gf180mcu_fd_sc_mcu9t5v0__nand2_1)
   0.00   17.22 ^ integration_inst.quantizer_inst._14035_/D (gf180mcu_fd_sc_mcu9t5v0__dffrnq_1)
          17.22   data arrival time

  40.00   40.00   clock core_clock (rise edge)
   0.00   40.00   clock source latency
   0.00   40.00 ^ i_clk (in)
   0.20   40.20 ^ clkbuf_0_i_clk/Z (gf180mcu_fd_sc_mcu9t5v0__clkbuf_20)
   0.33   40.54 ^ clkbuf_2_2_0_i_clk/Z (gf180mcu_fd_sc_mcu9t5v0__clkbuf_20)
   0.28   40.81 ^ clkbuf_leaf_42_i_clk/Z (gf180mcu_fd_sc_mcu9t5v0__clkbuf_20)
   0.00   40.81 ^ integration_inst.quantizer_inst._14035_/CLK (gf180mcu_fd_sc_mcu9t5v0__dffrnq_1)
   0.00   40.81   clock reconvergence pessimism
  -0.14   40.68   library setup time
          40.68   data required time
---------------------------------------------------------
          40.68   data required time
         -17.22   data arrival time
---------------------------------------------------------
          23.45   slack (MET)



==========================================================================
finish report_checks -path_delay min reg to reg
--------------------------------------------------------------------------
Startpoint: integration_inst.reg_bank_inst._22034_
            (rising edge-triggered flip-flop clocked by core_clock)
Endpoint: integration_inst.quantizer_inst._13931_
          (removal check against rising-edge clock core_clock)
Path Group: asynchronous
Path Type: min

  Delay    Time   Description
---------------------------------------------------------
   0.00    0.00   clock core_clock (rise edge)
   0.00    0.00   clock source latency
   0.00    0.00 ^ i_clk (in)
   0.20    0.20 ^ clkbuf_0_i_clk/Z (gf180mcu_fd_sc_mcu9t5v0__clkbuf_20)
   0.34    0.55 ^ clkbuf_2_1_0_i_clk/Z (gf180mcu_fd_sc_mcu9t5v0__clkbuf_20)
   0.22    0.76 ^ clkbuf_leaf_33_i_clk/Z (gf180mcu_fd_sc_mcu9t5v0__clkbuf_20)
   0.01    0.77 ^ integration_inst.reg_bank_inst._22034_/CLK (gf180mcu_fd_sc_mcu9t5v0__dffrnq_1)
   0.64    1.41 ^ integration_inst.reg_bank_inst._22034_/Q (gf180mcu_fd_sc_mcu9t5v0__dffrnq_1)
   0.69    2.10 v integration_inst.reg_bank_inst._11436_/ZN (gf180mcu_fd_sc_mcu9t5v0__nand3_4)
   0.89    2.98 ^ integration_inst.reg_bank_inst._11437_/ZN (gf180mcu_fd_sc_mcu9t5v0__clkinv_12)
   0.08    3.06 ^ integration_inst.quantizer_inst._13931_/RN (gf180mcu_fd_sc_mcu9t5v0__dffrnq_1)
           3.06   data arrival time

   0.00    0.00   clock core_clock (rise edge)
   0.00    0.00   clock source latency
   0.00    0.00 ^ i_clk (in)
   0.20    0.20 ^ clkbuf_0_i_clk/Z (gf180mcu_fd_sc_mcu9t5v0__clkbuf_20)
   0.33    0.54 ^ clkbuf_2_2_0_i_clk/Z (gf180mcu_fd_sc_mcu9t5v0__clkbuf_20)
   0.27    0.80 ^ clkbuf_leaf_27_i_clk/Z (gf180mcu_fd_sc_mcu9t5v0__clkbuf_20)
   0.01    0.81 ^ integration_inst.quantizer_inst._13931_/CLK (gf180mcu_fd_sc_mcu9t5v0__dffrnq_1)
   0.00    0.81   clock reconvergence pessimism
   0.43    1.24   library removal time
           1.24   data required time
---------------------------------------------------------
           1.24   data required time
          -3.06   data arrival time
---------------------------------------------------------
           1.83   slack (MET)


Startpoint: integration_inst.quantizer_inst._14053_
            (rising edge-triggered flip-flop clocked by core_clock)
Endpoint: integration_inst.quantizer_inst._13988_
          (rising edge-triggered flip-flop clocked by core_clock)
Path Group: core_clock
Path Type: min

  Delay    Time   Description
---------------------------------------------------------
   0.00    0.00   clock core_clock (rise edge)
   0.00    0.00   clock source latency
   0.00    0.00 ^ i_clk (in)
   0.20    0.20 ^ clkbuf_0_i_clk/Z (gf180mcu_fd_sc_mcu9t5v0__clkbuf_20)
   0.33    0.54 ^ clkbuf_2_2_0_i_clk/Z (gf180mcu_fd_sc_mcu9t5v0__clkbuf_20)
   0.24    0.77 ^ clkbuf_leaf_37_i_clk/Z (gf180mcu_fd_sc_mcu9t5v0__clkbuf_20)
   0.00    0.77 ^ integration_inst.quantizer_inst._14053_/CLK (gf180mcu_fd_sc_mcu9t5v0__dffrnq_1)
   0.39    1.16 v integration_inst.quantizer_inst._14053_/Q (gf180mcu_fd_sc_mcu9t5v0__dffrnq_1)
   0.00    1.16 v integration_inst.quantizer_inst._13988_/D (gf180mcu_fd_sc_mcu9t5v0__dffrnq_1)
           1.16   data arrival time

   0.00    0.00   clock core_clock (rise edge)
   0.00    0.00   clock source latency
   0.00    0.00 ^ i_clk (in)
   0.20    0.20 ^ clkbuf_0_i_clk/Z (gf180mcu_fd_sc_mcu9t5v0__clkbuf_20)
   0.33    0.54 ^ clkbuf_2_2_0_i_clk/Z (gf180mcu_fd_sc_mcu9t5v0__clkbuf_20)
   0.25    0.79 ^ clkbuf_leaf_38_i_clk/Z (gf180mcu_fd_sc_mcu9t5v0__clkbuf_20)
   0.01    0.80 ^ integration_inst.quantizer_inst._13988_/CLK (gf180mcu_fd_sc_mcu9t5v0__dffrnq_1)
   0.00    0.80   clock reconvergence pessimism
   0.06    0.85   library hold time
           0.85   data required time
---------------------------------------------------------
           0.85   data required time
          -1.16   data arrival time
---------------------------------------------------------
           0.31   slack (MET)



==========================================================================
finish critical path target clock latency max path
--------------------------------------------------------------------------
0.8066

==========================================================================
finish critical path target clock latency min path
--------------------------------------------------------------------------
0.8066

==========================================================================
finish critical path source clock latency min path
--------------------------------------------------------------------------
1.1200

==========================================================================
finish critical path delay
--------------------------------------------------------------------------
17.2240

==========================================================================
finish critical path slack
--------------------------------------------------------------------------
23.4529

==========================================================================
finish slack div critical path delay
--------------------------------------------------------------------------
136.164073

==========================================================================
finish report_power
--------------------------------------------------------------------------
Group                  Internal  Switching    Leakage      Total
                          Power      Power      Power      Power (Watts)
----------------------------------------------------------------
Sequential             2.91e-02   3.58e-04   6.74e-07   2.95e-02  43.0%
Combinational          3.21e-03   2.96e-03   4.27e-06   6.17e-03   9.0%
Clock                  1.96e-02   1.34e-02   2.92e-06   3.30e-02  48.0%
Macro                  0.00e+00   0.00e+00   0.00e+00   0.00e+00   0.0%
Pad                    0.00e+00   0.00e+00   0.00e+00   0.00e+00   0.0%
----------------------------------------------------------------
Total                  5.19e-02   1.67e-02   7.87e-06   6.86e-02 100.0%
                          75.7%      24.3%       0.0%
