net,length_um
clknet_3_5__leaf_i_clk,1.23896mm
clknet_3_6__leaf_i_clk,1.20124mm
clknet_3_7__leaf_i_clk,1.12385mm
clknet_3_3__leaf_i_clk,1.09586mm
clknet_0_i_clk,1.05254mm
clknet_3_2__leaf_i_clk,1.03392mm
clknet_3_0__leaf_i_clk,1.00529mm
i_clk,891.08µm
clknet_3_1__leaf_i_clk,867.1µm
clknet_3_4__leaf_i_clk,757.01µm
clknet_leaf_13_i_clk,521.66µm
clknet_leaf_9_i_clk,503.99µm
clknet_leaf_78_i_clk,390.77µm
clknet_leaf_86_i_clk,380.69µm
net1593,372.49µm
net2615,367.91µm
clknet_leaf_71_i_clk,361.65µm
net3972,357.88µm
clknet_leaf_14_i_clk,341.29µm
net2158,339.45µm
_01848_,339.05µm
_07490_,334.72µm
_10919_,329.86µm
net3996,329.12µm
net2262,328µm
net2225,325.66µm
net674,325.25µm
net2346,323.88µm
net3987,323.11µm
net4280,322.25µm
net1923,316.34µm
clknet_leaf_16_i_clk,315.63µm
clknet_leaf_88_i_clk,313.95µm
net1240,311.76µm
net2277,311.56µm
clknet_leaf_84_i_clk,311.4µm
net1828,311.15µm
net2446,308.65µm
net730,308.24µm
net4583,308.1µm
net2097,307.99µm
net1539,307.79µm
net4053,307.69µm
net1590,305.04µm
net4692,304.28µm
clknet_leaf_33_i_clk,303.26µm
_10909_,301.94µm
net3900,301.38µm
net1713,300.66µm
net1413,300.46µm
clknet_leaf_11_i_clk,300µm
net4019,299.8µm
net1662,299.75µm
_01950_,298.86µm
net4215,298.78µm
clknet_leaf_10_i_clk,298.17µm
clknet_leaf_47_i_clk,296.54µm
net3946,295.98µm
net2732,295.88µm
net725,295.77µm
clknet_leaf_35_i_clk,294.96µm
_11216_,294.83µm
net4004,294.76µm
net2575,294.71µm
clknet_leaf_15_i_clk,294.15µm
net3999,293.74µm
net4012,293.43µm
net2827,293.18µm
net4162,292.54µm
clknet_leaf_64_i_clk,290.76µm
net4660,290.38µm
net3941,290.33µm
net726,290.28µm
net1558,290.07µm
_10883_,289.21µm
net1781,288.75µm
net3956,287.58µm
net4379,287.22µm
clknet_leaf_81_i_clk,287.12µm
net1426,285.8µm
net4333,285.59µm
clknet_leaf_18_i_clk,285.39µm
net3989,284.93µm
net1833,284.73µm
net685,284.68µm
net703,284.12µm
net2015,284.12µm
net127,284.11µm
net4242,283.3µm
net1688,283.1µm
net2024,283.1µm
clknet_leaf_1_i_clk,283.1µm
net1308,283.05µm
clknet_leaf_12_i_clk,283µm
net4264,282.59µm
net4194,282.03µm
_06436_,281.98µm
net1295,281.98µm
clknet_leaf_87_i_clk,281.62µm
net4693,281.21µm
net3043,280.2µm
clknet_leaf_22_i_clk,279.99µm
net2325,279.94µm
net3990,279.84µm
net4009,279.84µm
clknet_leaf_44_i_clk,279.84µm
net4263,279.59µm
net1502,279.52µm
net4010,279.43µm
net4135,279.18µm
net2196,278.67µm
clknet_leaf_51_i_clk,278.67µm
clknet_leaf_21_i_clk,278.11µm
net2350,278.06µm
net2321,277.8µm
net4694,277.04µm
_01855_,276.89µm
net2573,276.84µm
net4181,276.58µm
net536,276.53µm
net4241,276.02µm
clknet_leaf_37_i_clk,275.46µm
clknet_leaf_3_i_clk,274.8µm
net2283,274.75µm
net4327,274.6µm
clknet_leaf_0_i_clk,274.39µm
_10901_,274.08µm
_07981_,274.04µm
net1331,274.04µm
net4412,273.91µm
net2390,273.84µm
clknet_leaf_50_i_clk,273.78µm
clknet_leaf_97_i_clk,273.68µm
net3435,273.57µm
net4024,273.48µm
net4500,273.02µm
net4695,272.92µm
net2005,271.75µm
_01829_,270.8µm
net2641,270.68µm
net4196,270.68µm
u_integration_final.integration_inst.command_parser_inst.i_uart_rx_data\[3\],270.58µm
net2770,270.55µm
net2080,270.27µm
_11171_,269.66µm
_02326_,269.51µm
net3982,269.2µm
net4481,269.2µm
net4336,268.54µm
net2250,268.49µm
net1832,268.39µm
net2110,268.03µm
clknet_leaf_57_i_clk,267.98µm
_01819_,267.42µm
_01943_,267.37µm
net3916,267.37µm
_11104_,266.71µm
net4182,266.71µm
net4613,266.45µm
_06411_,266.24µm
_01831_,266.2µm
net1556,265.94µm
net2754,265.74µm
net2204,265.69µm
_14273_,265.64µm
net308,265.54µm
net800,265.49µm
u_integration_final.integration_inst.reg_bank_inst.mat_arr\[18\]\[2\],265.18µm
_01862_,264.72µm
net3015,264.62µm
_08057_,264.42µm
net4417,263.86µm
net4344,263.65µm
net2084,263.45µm
net2031,261.77µm
net3869,261.67µm
clknet_leaf_94_i_clk,261.46µm
net4094,261.46µm
net4321,261.46µm
net733,261.3µm
net4023,261.26µm
net2255,260.75µm
net2709,260.73µm
clknet_leaf_40_i_clk,260.24µm
clknet_leaf_53_i_clk,260.14µm
net1430,260.09µm
net2251,259.99µm
net1517,259.86µm
net4351,259.78µm
clknet_leaf_7_i_clk,259.53µm
net4681,259.33µm
clknet_leaf_23_i_clk,259.32µm
net4142,259.07µm
_12173_,258.92µm
net4374,258.92µm
net1321,258.87µm
clknet_leaf_60_i_clk,258.76µm
net4395,258.15µm
clknet_leaf_36_i_clk,258µm
clknet_leaf_17_i_clk,257.8µm
net1679,257.5µm
_11355_,257.47µm
net4436,256.88µm
clknet_leaf_28_i_clk,256.68µm
net4219,256.68µm
net1734,256.35µm
net2450,256.32µm
net1928,256.27µm
net2198,256.22µm
_12181_,256.07µm
net3074,256.02µm
net163,255.46µm
net2332,255.23µm
net628,255.15µm
net3814,255.1µm
net4367,255.05µm
clknet_leaf_89_i_clk,254.84µm
net2104,254.39µm
_08522_,254.36µm
net997,254.13µm
net2117,253.98µm
net2593,253.98µm
net2763,253.98µm
u_integration_final.integration_inst.reg_bank_inst.mat_arr\[32\]\[6\],253.93µm
net4319,253.83µm
net2028,253.47µm
net2030,253.47µm
net4686,253.22µm
net1934,253.12µm
net1339,252.81µm
u_integration_final.integration_inst.reg_bank_inst.mat_arr\[6\]\[7\],252.76µm
net1584,252.71µm
clknet_leaf_32_i_clk,252.55µm
net2723,252.15µm
net2715,252.05µm
net2094,251.59µm
net2781,251.59µm
net1883,251.38µm
net4496,251.18µm
u_integration_final.integration_inst.reg_bank_inst.mat_arr\[9\]\[5\],251.08µm
clknet_leaf_45_i_clk,250.67µm
net3227,250.47µm
net4438,250.47µm
net1667,250.01µm
net2690,250.01µm
net2329,249.81µm
u_integration_final.integration_inst.reg_bank_inst.mat_arr\[24\]\[6\],249.55µm
net4644,249.5µm
net1974,249.45µm
net1464,249.42µm
net729,249.09µm
net2458,248.94µm
clknet_2_0_0_i_clk,248.61µm
net1493,248.28µm
net2780,248.07µm
clknet_leaf_43_i_clk,247.92µm
net4652,247.52µm
u_integration_final.integration_inst.reg_bank_inst.mat_arr\[26\]\[2\],247.31µm
net2001,247.31µm
net882,247.11µm
net2591,246.95µm
net3991,246.95µm
clknet_leaf_31_i_clk,246.8µm
clknet_leaf_6_i_clk,246.75µm
net4240,246.65µm
_06441_,246.6µm
net2107,246.6µm
net4170,246.55µm
net4013,246.29µm
clknet_leaf_92_i_clk,246.29µm
net1507,246.19µm
net2180,246.14µm
_13892_,246.04µm
net2691,246.04µm
net4212,246.04µm
clknet_leaf_24_i_clk,245.78µm
net2245,245.68µm
net3650,245.56µm
net2572,245.48µm
net2755,245.3µm
net2603,245.12µm
net754,245.07µm
net752,245.02µm
net1836,245.02µm
net4427,244.82µm
net1585,244.79µm
net1310,244.46µm
net4390,244.46µm
net2674,244.41µm
net2082,244.31µm
net3186,244.31µm
net723,244.26µm
net2590,244.1µm
net1723,243.95µm
net3486,243.88µm
clknet_leaf_75_i_clk,243.85µm
net1290,243.8µm
clknet_leaf_46_i_clk,243.39µm
_11232_,243.36µm
net4582,243.29µm
net4362,243.14µm
net2133,242.78µm
net3397,242.34µm
net2617,242.32µm
_08022_,242.22µm
net1476,241.97µm
net891,241.89µm
net3392,241.79µm
clknet_leaf_2_i_clk,241.66µm
net1376,241.61µm
net2786,241.61µm
net2280,241.51µm
net596,241.3µm
net1436,241.15µm
net379,241.1µm
net4224,241µm
net3434,240.95µm
net4066,240.95µm
clknet_leaf_59_i_clk,240.59µm
net679,240.39µm
net2844,240.29µm
net4055,240.29µm
net1473,240.13µm
u_integration_final.integration_inst.reg_bank_inst.mat_arr\[0\]\[5\],239.93µm
net313,239.93µm
net2222,239.52µm
clknet_leaf_29_i_clk,239.52µm
net2033,239.42µm
_11413_,239.17µm
net2624,239.11µm
_12413_,239.01µm
net1651,239.01µm
net3816,239.01µm
net2596,238.96µm
net2992,238.81µm
_08423_,238.76µm
net4022,238.71µm
net2444,238.5µm
clknet_leaf_42_i_clk,238.3µm
net4227,238.25µm
net4650,238.25µm
net3903,238.2µm
_01838_,238.15µm
net1959,238.1µm
net2890,238.06µm
net3880,238.05µm
net2170,237.84µm
_09675_,237.79µm
net2025,237.79µm
_07354_,237.74µm
net4380,237.74µm
net4235,237.69µm
net1789,237.59µm
_16317_,237.49µm
net2281,237.23µm
clknet_leaf_49_i_clk,237.18µm
_11112_,237.03µm
u_integration_final.integration_inst.reg_bank_inst.mat_arr\[27\]\[7\],237.03µm
net2869,237.03µm
net3959,236.67µm
net2312,236.57µm
net1946,236.52µm
u_integration_final.integration_inst.reg_bank_inst.mat_arr\[34\]\[6\],236.47µm
_16354_,236.32µm
net2858,236.11µm
_08048_,236.01µm
u_integration_final.integration_inst.reg_bank_inst.mat_arr\[11\]\[2\],236.01µm
net4656,236.01µm
_08033_,235.96µm
net2287,235.55µm
net1566,235.5µm
net4318,235.45µm
net1747,235.4µm
_08045_,235.25µm
_01812_,235.24µm
net4254,235.24µm
net1800,235.17µm
net2157,235.09µm
_10910_,235.08µm
net1388,235.04µm
net1159,234.94µm
net1932,234.94µm
_11160_,234.89µm
net1481,234.89µm
net3924,234.89µm
net1937,234.84µm
net4382,234.53µm
net3208,234.49µm
net684,234.48µm
net4132,234.43µm
net2686,234.38µm
net3686,234.28µm
net4618,234.28µm
net197,234.23µm
net2017,234.23µm
_01804_,234.14µm
net1391,234.02µm
net3932,233.87µm
net1384,233.77µm
net1864,233.77µm
net4002,233.72µm
_08425_,233.69µm
net1564,233.67µm
net1260,233.62µm
u_integration_final.integration_inst.reg_bank_inst.mat_arr\[28\]\[6\],233.61µm
net2519,233.56µm
net1503,233.41µm
net1561,233.31µm
net1471,233.16µm
net1879,233.16µm
net2085,233.16µm
net1892,233.06µm
net665,232.75µm
net2451,232.65µm
net3374,232.6µm
net1553,232.55µm
net2083,232.55µm
net2378,232.55µm
net2040,232.5µm
_10844_,232.45µm
net2274,232.34µm
net1117,232.04µm
net4270,232.04µm
net1567,231.99µm
net939,231.94µm
net2625,231.78µm
net2098,231.58µm
net3947,231.58µm
net3605,231.53µm
net2182,231.5µm
net4272,231.48µm
net1462,231.38µm
net4393,231.06µm
net282,230.87µm
clknet_leaf_5_i_clk,230.87µm
clknet_2_3_0_i_clk,230.87µm
net1300,230.46µm
net4015,230.36µm
u_integration_final.integration_inst.reg_bank_inst.mat_arr\[14\]\[0\],230.31µm
net1733,230.26µm
net1993,230.18µm
net3419,230.09µm
net606,230µm
net638,230µm
clknet_leaf_54_i_clk,230µm
net2627,229.95µm
clknet_leaf_95_i_clk,229.95µm
net4067,229.9µm
net1645,229.85µm
net4599,229.85µm
_13900_,229.8µm
net3933,229.8µm
u_integration_final.integration_inst.reg_bank_inst.mat_arr\[32\]\[7\],229.7µm
net4387,229.65µm
net1549,229.34µm
net1297,229.24µm
net3995,229.24µm
net2286,229.19µm
net3099,229.09µm
net673,228.88µm
clknet_leaf_85_i_clk,228.88µm
clknet_leaf_66_i_clk,228.83µm
net4011,228.68µm
_10974_,228.63µm
u_integration_final.integration_inst.command_parser_inst.o_clamp_max\[5\],228.48µm
net4377,228.48µm
net3824,228.45µm
net3833,228.27µm
net639,228.17µm
net1989,228.17µm
net2037,228.17µm
net2608,228.17µm
net179,228.12µm
net1349,228.12µm
net1586,227.84µm
net1069,227.71µm
net1452,227.61µm
net1534,227.61µm
net4202,227.61µm
net697,227.56µm
net2278,227.56µm
net2368,227.56µm
net2658,227.56µm
u_integration_final.integration_inst.reg_bank_inst.mat_arr\[4\]\[3\],227.46µm
clknet_2_2_0_i_clk,227.41µm
clknet_leaf_25_i_clk,227.2µm
clknet_leaf_70_i_clk,227.2µm
net1319,227µm
net4316,227µm
net1132,226.95µm
net4275,226.95µm
net2191,226.85µm
net2035,226.84µm
net4658,226.67µm
net3964,226.63µm
net3876,226.49µm
net1514,226.44µm
net4587,226.44µm
net2177,226.39µm
net2484,226.39µm
net2867,226.39µm
net3935,226.39µm
net3811,226.34µm
net976,226.08µm
net1902,226.08µm
net3774,226.08µm
net2621,225.93µm
net3967,225.88µm
net104,225.78µm
net1221,225.78µm
u_integration_final.integration_inst.reg_bank_inst.mat_arr\[4\]\[1\],225.55µm
net155,225.52µm
net4001,225.47µm
net4091,225.47µm
net1420,225.42µm
net2252,225.37µm
_14613_,225.32µm
clknet_leaf_58_i_clk,224.91µm
net4294,224.81µm
u_integration_final.integration_inst.reg_bank_inst.mat_arr\[28\]\[2\],224.76µm
net4505,224.76µm
net4630,224.66µm
net3406,224.58µm
net4388,224.4µm
net1298,224.38µm
_07471_,224.35µm
net1467,224.35µm
u_integration_final.integration_inst.command_parser_inst.o_quantizer_scale\[21\],224.3µm
net3634,224.25µm
net1570,224.15µm
net3904,224.15µm
net3037,224.1µm
net2665,224.05µm
net3140,223.89µm
_12395_,223.79µm
net3571,223.79µm
net4228,223.79µm
net3915,223.69µm
net3054,223.64µm
net289,223.59µm
net1908,223.59µm
net3678,223.59µm
net3696,223.59µm
net4636,223.59µm
net641,223.54µm
net3275,223.49µm
net4482,223.49µm
clknet_leaf_19_i_clk,223.43µm
u_integration_final.integration_inst.reg_bank_inst.mat_arr\[27\]\[2\],223.28µm
u_integration_final.integration_inst.reg_bank_inst.mat_arr\[25\]\[2\],223.18µm
net4389,223.18µm
net4696,223.18µm
net2176,222.98µm
net2224,222.98µm
net2574,222.98µm
net4282,222.98µm
net900,222.88µm
net3919,222.88µm
net1939,222.62µm
clknet_leaf_38_i_clk,222.57µm
net2501,222.56µm
net4163,222.52µm
net2414,222.33µm
net1544,222.11µm
net1873,222.11µm
net4601,222.11µm
net978,222.06µm
net3257,222.06µm
u_integration_final.integration_inst.command_parser_inst.o_quantizer_scale\[0\],221.96µm
net3473,221.95µm
net1721,221.91µm
net2818,221.86µm
clknet_leaf_26_i_clk,221.7µm
_10949_,221.5µm
net4203,221.5µm
net4512,221.5µm
net1212,221.45µm
net2744,221.45µm
_01807_,221.4µm
net3966,221.4µm
u_integration_final.integration_inst.reg_bank_inst.mat_arr\[23\]\[1\],221.35µm
net621,221.35µm
clknet_leaf_52_i_clk,221.27µm
net2021,221.09µm
net4445,221.09µm
net2995,221.07µm
_07486_,220.99µm
net1444,220.99µm
net4297,220.99µm
net700,220.89µm
_11167_,220.79µm
net4554,220.79µm
net1108,220.69µm
net1778,220.48µm
net2830,220.48µm
net728,220.38µm
net3379,220.38µm
net1289,220.37µm
net1330,220.33µm
net3934,220.33µm
net1796,220.23µm
net3302,220.13µm
net4201,219.82µm
net215,219.77µm
net742,219.77µm
net1407,219.77µm
net3979,219.77µm
net1520,219.72µm
net4105,219.72µm
u_integration_final.integration_inst.reg_bank_inst.matrix_sel_b\[1\],219.68µm
net716,219.67µm
net4286,219.67µm
net3638,219.62µm
net4530,219.6µm
net1878,219.31µm
net1998,219.31µm
u_integration_final.integration_inst.reg_bank_inst.mat_arr\[28\]\[1\],219.26µm
_01816_,219.21µm
net1012,219.21µm
net803,219.16µm
net3327,219.11µm
net1901,218.75µm
net3992,218.7µm
net4273,218.7µm
net2090,218.65µm
net4391,218.65µm
net1461,218.6µm
net1755,218.55µm
net992,218.45µm
net1353,218.34µm
_01841_,218.28µm
net2103,218.24µm
u_integration_final.integration_inst.reg_bank_inst.mat_arr\[27\]\[3\],218.19µm
net2093,218.19µm
net4236,218.04µm
net2619,217.99µm
net448,217.94µm
net1017,217.94µm
net1098,217.94µm
net3512,217.9µm
net1217,217.73µm
net4099,217.73µm
net3885,217.63µm
net4223,217.63µm
net4253,217.63µm
net1992,217.58µm
net2901,217.53µm
net4285,217.53µm
net4687,217.53µm
net2685,217.48µm
net4653,217.48µm
_08515_,217.43µm
clknet_leaf_39_i_clk,217.43µm
net4076,217.43µm
net4629,217.43µm
net3352,217.38µm
net1881,217.22µm
net2616,217.17µm
clknet_leaf_4_i_clk,217.17µm
net4197,217.09µm
_09670_,217.07µm
_11046_,217.07µm
net2687,217.07µm
net2007,217.05µm
net3259,217.03µm
clknet_leaf_34_i_clk,216.97µm
net4504,216.97µm
net2823,216.92µm
net2183,216.87µm
net3850,216.87µm
_09673_,216.82µm
net1646,216.82µm
net4628,216.82µm
net701,216.77µm
clknet_leaf_55_i_clk,216.66µm
clknet_leaf_79_i_clk,216.61µm
net4586,216.57µm
net4107,216.56µm
net4589,216.36µm
net2613,216.29µm
net4139,216.21µm
net2966,216.13µm
net1839,215.95µm
net2115,215.9µm
_07915_,215.8µm
net1906,215.8µm
net2752,215.8µm
u_integration_final.integration_inst.reg_bank_inst.mat_arr\[24\]\[5\],215.75µm
net141,215.75µm
net2239,215.75µm
net2456,215.75µm
net3665,215.75µm
net2440,215.7µm
net708,215.65µm
net4306,215.39µm
net1347,215.24µm
net4662,215.24µm
net4326,215.19µm
_11037_,215.14µm
net2630,214.96µm
net3777,214.93µm
net784,214.91µm
net2018,214.88µm
net2036,214.88µm
net3807,214.83µm
net431,214.78µm
net3206,214.78µm
net4339,214.73µm
u_integration_final.integration_inst.command_parser_inst.o_quantizer_scale\[10\],214.68µm
net1332,214.68µm
net1519,214.68µm
net4581,214.68µm
net4689,214.68µm
net1277,214.61µm
net488,214.58µm
net2136,214.58µm
_11116_,214.54µm
net4549,214.53µm
net4300,214.42µm
net1360,214.4µm
net1394,214.32µm
_01844_,214.17µm
net3980,214.17µm
net4108,214.17µm
net3523,214.11µm
u_integration_final.integration_inst.quantizer_inst.added_data\[47\],214.07µm
net2212,214.02µm
net4137,213.76µm
net4460,213.68µm
net108,213.66µm
net1890,213.66µm
net2012,213.66µm
net1769,213.61µm
net1825,213.61µm
net1305,213.51µm
net1743,213.51µm
net3893,213.51µm
net1513,213.46µm
net1870,213.46µm
net1958,213.2µm
net1785,213.15µm
net3640,213.05µm
clknet_leaf_30_i_clk,213.05µm
net4225,213.05µm
net2855,213µm
net3444,213µm
net19,212.95µm
net2443,212.95µm
net3511,212.95µm
net4343,212.95µm
net717,212.9µm
net2380,212.86µm
net1911,212.85µm
net3247,212.85µm
net3530,212.84µm
net2696,212.67µm
net346,212.59µm
net2249,212.59µm
net1486,212.54µm
clknet_leaf_41_i_clk,212.54µm
net4415,212.54µm
net1367,212.49µm
net2614,212.49µm
net3123,212.49µm
net4281,212.49µm
net1380,212.44µm
net2137,212.44µm
net3193,212.44µm
net3977,212.44µm
net3788,212.39µm
net4472,212.39µm
_12290_,212.34µm
net2091,212.34µm
_11399_,212.29µm
net1136,212.29µm
net1905,212.13µm
net209,212.11µm
net1318,212.03µm
net2229,212.03µm
net2452,212.03µm
net2013,211.98µm
net2048,211.98µm
net589,211.93µm
net2862,211.93µm
net2020,211.88µm
net2253,211.88µm
net3498,211.86µm
net1501,211.83µm
net3188,211.52µm
net4143,211.47µm
net3420,211.43µm
u_integration_final.integration_inst.reg_bank_inst.mat_arr\[9\]\[2\],211.4µm
net2821,211.32µm
net3853,211.32µm
net4661,211.27µm
net2840,211.17µm
net3304,211.17µm
net4400,211.12µm
net2580,210.91µm
net4257,210.91µm
net1370,210.86µm
net4655,210.86µm
_14128_,210.81µm
net1377,210.81µm
net3813,210.81µm
net4251,210.81µm
net3330,210.76µm
net1265,210.71µm
net1478,210.71µm
net1587,210.6µm
clknet_leaf_83_i_clk,210.35µm
_15508_,210.3µm
net2163,210.25µm
net2337,210.25µm
net4414,210.25µm
net4430,210.15µm
net3521,210.09µm
net3459,210.08µm
_02030_,210.05µm
net4461,210.05µm
net1891,210.02µm
net3949,209.89µm
clknet_leaf_82_i_clk,209.89µm
net2160,209.74µm
net4423,209.74µm
net490,209.69µm
net4284,209.69µm
_01898_,209.64µm
u_integration_final.integration_inst.reg_bank_inst.mat_arr\[19\]\[3\],209.64µm
net1668,209.64µm
net1399,209.6µm
net4498,209.56µm
net1205,209.54µm
net4230,209.49µm
net1422,209.44µm
net2330,209.44µm
net1469,209.28µm
net1541,209.23µm
net2636,209.18µm
net4155,209.18µm
net1540,209.13µm
net4673,209.13µm
net1690,209.08µm
net1786,209.08µm
net509,209.03µm
net1195,209.03µm
net724,208.98µm
net3553,208.98µm
net291,208.77µm
net4028,208.67µm
net1423,208.62µm
net2038,208.62µm
net2257,208.62µm
net1064,208.52µm
net2260,208.52µm
_02431_,208.47µm
net242,208.47µm
net2445,208.47µm
net2232,208.42µm
net1456,208.21µm
_13028_,208.06µm
net332,208.01µm
net2357,208.01µm
net3666,208.01µm
net4439,208.01µm
net3059,207.96µm
net3860,207.96µm
net4232,207.96µm
net4269,207.96µm
net2190,207.95µm
_01839_,207.91µm
net1925,207.91µm
net2782,207.86µm
_17178_,207.5µm
u_integration_final.integration_inst.reg_bank_inst.mat_arr\[21\]\[4\],207.5µm
clknet_leaf_76_i_clk,207.5µm
net1842,207.45µm
net4096,207.45µm
net4320,207.45µm
_17164_,207.4µm
net849,207.4µm
net3064,207.4µm
net4061,207.4µm
net4218,207.4µm
net4233,207.4µm
_11175_,207.35µm
net705,207.35µm
net2731,207.35µm
net762,207.3µm
net1288,207.25µm
net3044,207.25µm
_11091_,207.14µm
net2220,206.99µm
_11026_,206.89µm
net520,206.89µm
net1712,206.89µm
net2797,206.89µm
net3373,206.89µm
net3886,206.89µm
net4085,206.89µm
net4153,206.89µm
net3128,206.84µm
net1888,206.79µm
net2323,206.79µm
net3798,206.79µm
net3870,206.79µm
net2343,206.74µm
net2725,206.74µm
clknet_2_1_0_i_clk,206.74µm
net4548,206.74µm
net2316,206.69µm
_01842_,206.61µm
net3818,206.43µm
net3962,206.38µm
net4175,206.38µm
net1403,206.37µm
net1408,206.33µm
net1661,206.33µm
clknet_leaf_8_i_clk,206.33µm
_13015_,206.28µm
net2852,206.23µm
net4110,206.23µm
net669,206.18µm
net1350,206.18µm
net2134,206.18µm
net2237,206.18µm
net3879,206.18µm
net1528,206.15µm
net3424,206.13µm
net1960,206.04µm
net3782,206.02µm
net327,205.87µm
net4313,205.87µm
_01799_,205.82µm
net668,205.77µm
net4250,205.77µm
net787,205.72µm
net1999,205.72µm
net2851,205.72µm
net3794,205.72µm
net1889,205.67µm
net4210,205.67µm
net4195,205.62µm
net2969,205.58µm
net2379,205.57µm
net3290,205.52µm
net3084,205.33µm
net181,205.26µm
net1202,205.21µm
net3965,205.16µm
net1535,205.11µm
net4364,205.11µm
net4540,205.01µm
net3698,204.96µm
net3874,204.75µm
net3988,204.75µm
net1033,204.7µm
net1393,204.6µm
net2315,204.6µm
u_integration_final.integration_inst.reg_bank_inst.mat_arr\[29\]\[0\],204.55µm
net434,204.55µm
net2742,204.55µm
net1805,204.5µm
net4292,204.5µm
net2100,204.46µm
net2582,204.32µm
net2313,204.19µm
u_integration_final.integration_inst.reg_bank_inst.mat_arr\[0\]\[6\],204.09µm
net4106,204.09µm
net2606,204.04µm
net2896,204.04µm
_01813_,203.99µm
net1826,203.99µm
net4348,203.99µm
net4368,203.99µm
net4666,203.99µm
net3574,203.94µm
net4486,203.94µm
u_integration_final.integration_inst.command_parser_inst.i_uart_rx_new,203.63µm
net2295,203.63µm
net4127,203.63µm
net1806,203.59µm
net1555,203.53µm
net1987,203.43µm
net4531,203.38µm
net2757,203.33µm
net2791,203.33µm
net4276,203.15µm
net788,203.12µm
net3329,203.06µm
net3883,203.02µm
net1042,202.97µm
net4092,202.97µm
net4176,202.97µm
net3810,202.92µm
net4425,202.92µm
net473,202.87µm
net2682,202.87µm
net4432,202.87µm
net1477,202.82µm
net1622,202.82µm
net2086,202.82µm
net3835,202.77µm
net1804,202.72µm
net2269,202.56µm
net672,202.51µm
net1364,202.51µm
net4152,202.51µm
u_integration_final.integration_inst.reg_bank_inst.mat_arr\[1\]\[3\],202.47µm
net4000,202.46µm
net4684,202.46µm
net3952,202.41µm
net4659,202.41µm
net1014,202.36µm
net2238,202.36µm
net4473,202.36µm
net1935,202.31µm
net2922,202.26µm
net3306,202.26µm
net3911,202.21µm
net1065,202.2µm
net188,202.13µm
net636,202.1µm
net1005,202µm
u_integration_final.integration_inst.reg_bank_inst.mat_arr\[25\]\[7\],201.85µm
net126,201.85µm
net1035,201.85µm
net1664,201.85µm
net1893,201.8µm
net3384,201.8µm
net4169,201.8µm
net234,201.7µm
net1489,201.7µm
net3359,201.7µm
net4468,201.7µm
net2611,201.65µm
net4522,201.6µm
net3664,201.57µm
net4305,201.54µm
net428,201.49µm
net603,201.49µm
net2849,201.48µm
u_integration_final.integration_inst.reg_bank_inst.mat_arr\[27\]\[6\],201.39µm
_01891_,201.34µm
_11200_,201.24µm
net1499,201.24µm
net1780,201.24µm
net1979,201.24µm
net2769,201.24µm
net3213,201.24µm
net3589,201.24µm
_11195_,201.19µm
net1366,201.19µm
net1816,201.19µm
net2165,201.14µm
net2407,201.14µm
net3031,201.14µm
net3669,201.14µm
net3825,201.14µm
net4638,201.14µm
net3105,201.09µm
net4113,201.09µm
net3222,201.08µm
net1428,200.93µm
net3871,200.93µm
clknet_leaf_72_i_clk,200.93µm
u_integration_final.integration_inst.reg_bank_inst.mat_arr\[20\]\[6\],200.88µm
net2609,200.88µm
net96,200.78µm
net2022,200.78µm
net2227,200.78µm
net3452,200.78µm
net1463,200.73µm
net2854,200.73µm
net3547,200.73µm
net3058,200.68µm
net3593,200.68µm
net4086,200.68µm
net4527,200.68µm
net767,200.63µm
net1760,200.63µm
net3565,200.63µm
net4480,200.63µm
net4570,200.63µm
net116,200.58µm
net1929,200.58µm
net2991,200.58µm
net3408,200.58µm
net1142,200.53µm
net1947,200.53µm
clknet_leaf_73_i_clk,200.32µm
net1016,200.27µm
net2185,200.22µm
net4146,200.22µm
net4259,200.22µm
net727,200.19µm
net1097,200.17µm
net2892,200.17µm
net4062,200.17µm
u_integration_final.integration_inst.reg_bank_inst.mat_arr\[10\]\[3\],200.12µm
net1304,200.12µm
net1374,200.12µm
net1458,200.12µm
net1822,200.12µm
net3349,200.12µm
net3993,200.12µm
net1433,200.07µm
net2638,200.07µm
net2659,200.07µm
net3381,200.07µm
clknet_leaf_77_i_clk,200.04µm
net1459,200.02µm
net4214,200.02µm
net4359,200.02µm
net706,199.97µm
net3891,199.97µm
net3627,199.92µm
net605,199.81µm
_10873_,199.75µm
net1455,199.71µm
net2077,199.66µm
net2334,199.66µm
clknet_leaf_90_i_clk,199.66µm
net4311,199.66µm
_13040_,199.61µm
net4429,199.61µm
_11035_,199.56µm
net399,199.56µm
net4126,199.56µm
net516,199.51µm
net1154,199.51µm
net1272,199.51µm
net1379,199.51µm
net1506,199.51µm
net1754,199.51µm
net3085,199.51µm
net3842,199.51µm
net4093,199.51µm
net4332,199.51µm
net619,199.46µm
net3264,199.46µm
net113,199.41µm
net1141,199.41µm
net2333,199.41µm
_07478_,199.4µm
net1849,199.36µm
net3370,199.31µm
net731,199.2µm
_08635_,199.15µm
net2074,199.15µm
net2184,199.1µm
clknet_leaf_93_i_clk,199.1µm
net1505,199.05µm
net2152,199.05µm
net4526,199.05µm
net1490,199µm
net2842,199µm
net3041,199µm
net776,198.95µm
u_integration_final.integration_inst.reg_bank_inst.mat_arr\[13\]\[5\],198.9µm
net3350,198.9µm
_10892_,198.85µm
net2733,198.83µm
u_integration_final.integration_inst.quantizer_inst.overflow_1,198.79µm
net2520,198.74µm
net682,198.64µm
net1665,198.64µm
net1560,198.59µm
clknet_leaf_61_i_clk,198.59µm
u_integration_final.integration_inst.reg_bank_inst.mat_arr\[17\]\[0\],198.55µm
net676,198.49µm
net3975,198.49µm
net1389,198.44µm
net3388,198.44µm
net3838,198.44µm
_11531_,198.39µm
net2568,198.39µm
net4295,198.39µm
net4624,198.39µm
_02568_,198.34µm
net1280,198.34µm
net2352,198.34µm
_08446_,198.29µm
_17229_,198.29µm
net2669,198.29µm
net4075,198.29µm
_14221_,198.03µm
net722,198.03µm
net476,197.98µm
net1648,197.93µm
net2088,197.93µm
net1886,197.88µm
net4226,197.88µm
net4610,197.88µm
net394,197.83µm
net1439,197.83µm
net2749,197.83µm
_10894_,197.78µm
net3614,197.78µm
net2483,197.73µm
net3203,197.73µm
net2156,197.57µm
_10836_,197.51µm
net4397,197.41µm
net635,197.37µm
net2221,197.37µm
net3856,197.37µm
net4080,197.37µm
_12390_,197.32µm
net564,197.32µm
net2014,197.32µm
net2819,197.32µm
net4621,197.32µm
net3120,197.27µm
net3884,197.22µm
net4683,197.22µm
net2753,197.12µm
net3096,197.12µm
net2521,197.01µm
net1039,196.96µm
net807,196.86µm
net1128,196.86µm
net1415,196.86µm
net3089,196.86µm
net3119,196.81µm
net3636,196.81µm
net1692,196.76µm
net2836,196.76µm
net3371,196.76µm
net747,196.71µm
net2392,196.71µm
net2745,196.71µm
net3986,196.71µm
net2071,196.66µm
net2878,196.66µm
net3685,196.66µm
net4513,196.66µm
net1941,196.62µm
net3963,196.56µm
net567,196.53µm
net3331,196.48µm
net755,196.4µm
net3346,196.38µm
net2563,196.36µm
net2594,196.35µm
net2448,196.3µm
net2064,196.28µm
net969,196.25µm
net1356,196.2µm
net4206,196.2µm
net4399,196.2µm
net2218,196.15µm
net2857,196.15µm
_07530_,196.1µm
net1094,196.1µm
net4612,196.1µm
net1368,195.84µm
net838,195.79µm
net2273,195.74µm
net4428,195.69µm
_10110_,195.65µm
_08016_,195.64µm
net1006,195.64µm
clknet_leaf_91_i_clk,195.64µm
net707,195.59µm
net1940,195.59µm
net1334,195.54µm
net3566,195.54µm
net2347,195.49µm
clknet_leaf_27_i_clk,195.28µm
net2373,195.18µm
clknet_leaf_65_i_clk,195.18µm
net1013,195.13µm
net1421,195.13µm
net3954,195.13µm
net4622,195.13µm
net1266,195.08µm
net1531,195.08µm
net1863,195.08µm
net2056,195.08µm
net2599,195.08µm
net2807,195.08µm
net4449,195.08µm
net1020,195.03µm
net1847,195.03µm
net2719,195.03µm
net1727,194.98µm
net3228,194.98µm
net3859,194.98µm
net4435,194.98µm
net4064,194.93µm
net761,194.88µm
net4208,194.88µm
net625,194.72µm
net3865,194.67µm
net4378,194.62µm
net928,194.57µm
net1484,194.57µm
net4216,194.57µm
net4314,194.57µm
net292,194.52µm
net1258,194.52µm
net1410,194.52µm
net1853,194.52µm
net3316,194.52µm
net4187,194.52µm
u_integration_final.integration_inst.mac_grid_inst.ROW_LOOP\[1\].COL_LOOP\[0\].mac_inst.product\[7\],194.47µm
net1860,194.47µm
net3806,194.47µm
net3925,194.47µm
net4375,194.47µm
net3112,194.42µm
net3364,194.42µm
net3592,194.42µm
net4555,194.42µm
net821,194.37µm
net2412,194.37µm
net4637,194.37µm
net3881,194.06µm
net1457,194.01µm
net1700,194.01µm
net1954,194.01µm
net743,193.96µm
net2649,193.96µm
net1071,193.91µm
net1198,193.91µm
net2365,193.91µm
net3772,193.91µm
net286,193.86µm
net1307,193.86µm
net1982,193.86µm
net3908,193.81µm
net3938,193.81µm
net3613,193.65µm
net1530,193.5µm
net2011,193.5µm
net3009,193.5µm
net4350,193.47µm
clknet_leaf_56_i_clk,193.45µm
_10905_,193.4µm
net1361,193.4µm
net2404,193.4µm
net3837,193.4µm
net3847,193.4µm
net4550,193.4µm
net159,193.35µm
net1500,193.35µm
net3185,193.35µm
net3846,193.35µm
net4447,193.35µm
net1165,193.3µm
net2351,193.3µm
net2487,193.3µm
net3766,193.3µm
net4136,193.3µm
u_integration_final.integration_inst.mac_grid_inst.ROW_LOOP\[1\].COL_LOOP\[1\].mac_inst.product\[15\],193.25µm
net2478,193.25µm
net4268,193.25µm
net1396,193.12µm
u_integration_final.integration_inst.reg_bank_inst.mat_arr\[1\]\[2\],193.1µm
net1801,193.04µm
net122,192.94µm
net656,192.94µm
net1437,192.94µm
net258,192.9µm
net1952,192.89µm
net2735,192.84µm
net2916,192.84µm
net4115,192.84µm
u_integration_final.integration_inst.reg_bank_inst.mat_arr\[0\]\[3\],192.79µm
net634,192.79µm
net2958,192.79µm
net3072,192.79µm
net3398,192.79µm
net3423,192.79µm
net3446,192.79µm
net4283,192.79µm
net4328,192.79µm
net4462,192.79µm
net2288,192.74µm
net2465,192.74µm
net2643,192.74µm
net3467,192.74µm
net815,192.69µm
net3028,192.69µm
net3375,192.69µm
net4648,192.69µm
net1512,192.64µm
net3958,192.64µm
net410,192.48µm
net1913,192.43µm
net2761,192.43µm
net4323,192.43µm
_07571_,192.33µm
net1210,192.33µm
net3378,192.33µm
net4020,192.33µm
net3168,192.28µm
net3448,192.28µm
net4528,192.28µm
_03263_,192.23µm
u_integration_final.integration_inst.reg_bank_inst.mat_arr\[14\]\[4\],192.23µm
net541,192.23µm
net1284,192.23µm
net1945,192.23µm
net2259,192.23µm
net3663,192.23µm
_11228_,192.18µm
net1204,192.18µm
net1279,192.18µm
net1844,192.18µm
net1897,192.18µm
net1994,192.18µm
net3458,192.18µm
u_integration_final.integration_inst.reg_bank_inst.mat_arr\[24\]\[2\],192.13µm
net2027,192.13µm
net2320,192.13µm
net2990,192.13µm
net3394,192.13µm
net640,192.08µm
net3556,192.08µm
net4663,192.08µm
u_integration_final.integration_inst.reg_bank_inst.mat_arr\[27\]\[1\],191.92µm
net1552,191.82µm
net1926,191.82µm
net2200,191.82µm
net2598,191.82µm
net3809,191.82µm
u_integration_final.integration_inst.reg_bank_inst.mat_arr\[2\]\[6\],191.77µm
u_integration_final.integration_inst.reg_bank_inst.mat_arr\[35\]\[1\],191.77µm
net1007,191.77µm
net1116,191.77µm
net2906,191.77µm
net3516,191.77µm
u_integration_final.integration_inst.reg_bank_inst.mat_arr\[33\]\[2\],191.72µm
net1309,191.72µm
net1342,191.72µm
net1695,191.72µm
net3943,191.72µm
net3497,191.71µm
_06448_,191.67µm
net112,191.67µm
net2600,191.67µm
net4204,191.67µm
net808,191.62µm
_16227_,191.6µm
net549,191.57µm
net4349,191.57µm
net4470,191.57µm
net4579,191.57µm
net1957,191.31µm
clknet_leaf_68_i_clk,191.31µm
net3494,191.21µm
u_integration_final.integration_inst.reg_bank_inst.mat_arr\[1\]\[6\],191.16µm
net362,191.16µm
net3438,191.16µm
net2766,191.11µm
net2808,191.11µm
net3948,191.11µm
net4678,191.11µm
net1418,191.06µm
net1694,191.06µm
net2701,191.06µm
net4567,191.06µm
net2463,191.03µm
net1189,191.01µm
net1453,191.01µm
net2497,191.01µm
net3269,191.01µm
net4068,191.01µm
net4178,191.01µm
net4299,191.01µm
net4443,191.01µm
_07518_,190.75µm
net143,190.75µm
_07286_,190.7µm
u_integration_final.integration_inst.reg_bank_inst.mat_arr\[31\]\[7\],190.7µm
net4304,190.7µm
net1737,190.69µm
net2541,190.64µm
net424,190.6µm
net1770,190.6µm
net3160,190.6µm
net4084,190.6µm
u_integration_final.integration_inst.reg_bank_inst.mat_arr\[29\]\[2\],190.55µm
net2004,190.55µm
net2472,190.55µm
net3182,190.55µm
net4124,190.55µm
net4237,190.55µm
net4315,190.55µm
_01783_,190.5µm
net798,190.5µm
net2936,190.5µm
net4369,190.5µm
_01801_,190.45µm
_08013_,190.45µm
net1118,190.45µm
net1226,190.45µm
net3652,190.45µm
net4177,190.45µm
net4385,190.29µm
net2812,190.21µm
net2344,190.09µm
net4422,190.09µm
net4495,190.09µm
net2970,190.04µm
net3888,190.04µm
net4081,190.04µm
u_integration_final.integration_inst.reg_bank_inst.mat_arr\[2\]\[5\],189.99µm
net1242,189.99µm
net1529,189.99µm
net2019,189.99µm
net2123,189.99µm
net3441,189.99µm
net4556,189.99µm
net1855,189.94µm
net2547,189.94µm
net3475,189.94µm
u_integration_final.integration_inst.reg_bank_inst.mat_arr\[15\]\[0\],189.89µm
net3230,189.89µm
net4691,189.89µm
net529,189.84µm
net3624,189.84µm
net2704,189.58µm
net4303,189.58µm
net4519,189.58µm
net4298,189.54µm
net352,189.53µm
net2496,189.53µm
net469,189.5µm
net1077,189.48µm
net1625,189.48µm
net2067,189.48µm
net3130,189.48µm
net3245,189.48µm
net3508,189.48µm
net2513,189.47µm
net1066,189.43µm
net3005,189.43µm
net4098,189.43µm
net4479,189.43µm
net212,189.38µm
net1400,189.38µm
net4255,189.38µm
net4357,189.38µm
net4492,189.38µm
net2663,189.33µm
net732,189.22µm
net2500,189.14µm
net3101,189.12µm
net1542,189.07µm
net1451,189.02µm
net426,188.97µm
net1936,188.97µm
net1938,188.97µm
net2336,188.97µm
_11181_,188.92µm
net2062,188.92µm
net2415,188.92µm
net3062,188.92µm
net3472,188.92µm
net3844,188.92µm
net545,188.87µm
net820,188.87µm
net1835,188.87µm
net2718,188.87µm
net4467,188.87µm
net279,188.82µm
net818,188.82µm
net933,188.82µm
net2651,188.82µm
net3126,188.82µm
net3544,188.82µm
net4148,188.82µm
net4542,188.82µm
net4640,188.82µm
net1600,188.81µm
net23,188.77µm
net970,188.77µm
net1730,188.77µm
net3410,188.77µm
net622,188.72µm
net851,188.72µm
net3092,188.72µm
clknet_leaf_80_i_clk,188.71µm
net4287,188.64µm
_12254_,188.56µm
net4614,188.49µm
net4478,188.47µm
net1647,188.46µm
net2720,188.46µm
net300,188.41µm
net1059,188.41µm
net1976,188.41µm
net2296,188.41µm
net4632,188.41µm
net2120,188.36µm
net1105,188.31µm
net2875,188.31µm
net3310,188.31µm
net4471,188.31µm
net3617,188.3µm
net1485,188.26µm
net2476,188.26µm
net2485,188.26µm
net2800,188.26µm
net2817,188.26µm
net3773,188.26µm
net4217,188.26µm
_11131_,188.21µm
net416,188.21µm
net1253,188.21µm
_08938_,188.16µm
_15507_,188.16µm
net76,188.16µm
net1224,188.16µm
net3132,188µm
net263,187.95µm
net1323,187.95µm
net2921,187.91µm
u_integration_final.integration_inst.mac_grid_inst.ROW_LOOP\[0\].COL_LOOP\[2\].mac_inst.product\[17\],187.9µm
net285,187.9µm
net3051,187.9µm
net3899,187.9µm
net811,187.85µm
net1731,187.85µm
net2631,187.85µm
net2923,187.85µm
net2972,187.85µm
net3570,187.85µm
net4006,187.85µm
net531,187.8µm
net1808,187.8µm
net2509,187.8µm
net3326,187.8µm
net3517,187.8µm
u_integration_final.integration_inst.command_parser_inst.o_quantizer_scale\[22\],187.75µm
net1023,187.75µm
net1718,187.75µm
net2188,187.75µm
net2850,187.75µm
net3147,187.75µm
net3181,187.75µm
net3496,187.75µm
net4639,187.75µm
u_integration_final.integration_inst.reg_bank_inst.mat_arr\[31\]\[0\],187.7µm
u_integration_final.integration_inst.reg_bank_inst.mat_arr\[31\]\[3\],187.7µm
net158,187.7µm
net1704,187.7µm
net2291,187.7µm
net3048,187.7µm
net3812,187.7µm
net3937,187.7µm
net4593,187.7µm
net3078,187.65µm
net3358,187.65µm
net3500,187.65µm
net4184,187.65µm
net4454,187.65µm
net3297,187.58µm
net2457,187.47µm
_11085_,187.44µm
net652,187.44µm
net3997,187.39µm
net4087,187.34µm
_08590_,187.29µm
net4405,187.29µm
net2620,187.24µm
net3011,187.24µm
net3662,187.24µm
net3697,187.24µm
net3978,187.24µm
net4584,187.24µm
_11063_,187.19µm
u_integration_final.integration_inst.reg_bank_inst.mat_arr\[26\]\[0\],187.19µm
net653,187.19µm
net4164,187.19µm
net4198,187.18µm
net20,187.14µm
net396,187.14µm
net779,187.14µm
net211,187.09µm
net971,187.09µm
net2795,187.09µm
net3052,187.09µm
net4125,187.06µm
net164,187.04µm
net718,187.04µm
net401,186.96µm
net3867,186.88µm
u_integration_final.integration_inst.reg_bank_inst.mat_arr\[35\]\[6\],186.78µm
net681,186.78µm
net4119,186.78µm
net440,186.73µm
net1271,186.73µm
net4138,186.73µm
net4290,186.73µm
net1346,186.68µm
net3412,186.68µm
net3779,186.68µm
net2930,186.63µm
net3628,186.63µm
net3861,186.63µm
net4502,186.63µm
net1372,186.58µm
net1990,186.58µm
net2032,186.58µm
net3183,186.58µm
net4524,186.58µm
_14013_,186.53µm
net201,186.49µm
net1352,186.48µm
net2435,186.48µm
net4563,186.48µm
net2410,186.47µm
net4154,186.42µm
net2243,186.22µm
net2247,186.22µm
net3608,186.22µm
net4325,186.22µm
net3951,186.17µm
net4057,186.17µm
net4410,186.17µm
net192,186.12µm
net2833,186.12µm
net2998,186.12µm
net1282,186.07µm
net1798,186.07µm
net2729,186.07µm
net2743,186.07µm
net2779,186.07µm
net3138,186.07µm
net105,186.02µm
net372,186.02µm
net1550,186.02µm
net2793,186.02µm
net3229,186.02µm
net3804,186.02µm
net2931,185.97µm
net3538,185.97µm
net4381,185.97µm
net4574,185.97µm
net4590,185.97µm
net48,185.92µm
net4465,185.92µm
_07467_,185.91µm
net1596,185.91µm
net2029,185.81µm
net930,185.76µm
net3800,185.74µm
net1874,185.71µm
net4576,185.69µm
net1247,185.66µm
net3484,185.66µm
net3319,185.63µm
_10924_,185.61µm
net1111,185.61µm
net1425,185.61µm
net2242,185.61µm
net3002,185.61µm
net4401,185.61µm
net4413,185.61µm
net713,185.56µm
net804,185.56µm
net1978,185.56µm
net4220,185.56µm
net2114,185.51µm
net2774,185.51µm
net3382,185.51µm
u_integration_final.integration_inst.reg_bank_inst.mat_arr\[31\]\[4\],185.46µm
net241,185.46µm
net1000,185.46µm
net1475,185.46µm
net2555,185.46µm
net2952,185.46µm
net3218,185.46µm
net3347,185.46µm
net3529,185.46µm
net3921,185.46µm
net4609,185.46µm
net4646,185.46µm
net333,185.41µm
net1082,185.41µm
net1766,185.41µm
net3225,185.41µm
net3430,185.41µm
net3914,185.41µm
net4491,185.41µm
_04716_,185.36µm
net1782,185.36µm
net3707,185.36µm
net3439,185.18µm
net4277,185.1µm
net3594,185.08µm
net261,185.05µm
net3425,185.05µm
net262,185.03µm
u_integration_final.integration_inst.command_parser_inst.o_quantizer_scale\[17\],185µm
net1537,185µm
net2523,185µm
net4324,185µm
net4572,185µm
_03797_,184.95µm
_08534_,184.95µm
net521,184.95µm
net1002,184.95µm
net2106,184.95µm
net2997,184.95µm
net3281,184.95µm
net3601,184.9µm
net2361,184.85µm
net3221,184.85µm
net3299,184.85µm
net3407,184.85µm
net3621,184.85µm
net3675,184.85µm
net3709,184.85µm
net3148,184.8µm
net2511,184.63µm
_01856_,184.54µm
net1270,184.54µm
net1375,184.54µm
net1511,184.49µm
net1658,184.49µm
net4166,184.49µm
net1709,184.44µm
_08444_,184.39µm
_10885_,184.39µm
_10971_,184.39µm
_11176_,184.39µm
u_integration_final.integration_inst.reg_bank_inst.mat_arr\[35\]\[7\],184.39µm
net2009,184.39µm
net2111,184.39µm
net1637,184.34µm
net3416,184.34µm
net3440,184.34µm
net3526,184.34µm
net4396,184.34µm
net152,184.29µm
net1793,184.29µm
net2356,184.29µm
net8,184.24µm
net336,184.24µm
net1548,184.24µm
u_integration_final.integration_inst.mac_grid_inst.ROW_LOOP\[2\].COL_LOOP\[2\].mac_inst.product\[17\],184.18µm
net1248,184.17µm
net2864,184.15µm
net2811,184.08µm
net1966,183.98µm
net3151,183.98µm
net4026,183.98µm
net4560,183.98µm
net1912,183.88µm
net3300,183.88µm
net3477,183.88µm
net4426,183.88µm
_17097_,183.83µm
u_integration_final.integration_inst.reg_bank_inst.mat_arr\[14\]\[7\],183.83µm
net736,183.83µm
net813,183.83µm
net2364,183.83µm
net3071,183.83µm
net3178,183.83µm
net4128,183.83µm
net4258,183.83µm
net4440,183.83µm
net998,183.82µm
_01836_,183.78µm
_07513_,183.78µm
u_integration_final.integration_inst.command_parser_inst.o_clamp_max\[2\],183.78µm
net958,183.78µm
net1254,183.78µm
net1409,183.78µm
net2428,183.78µm
u_integration_final.integration_inst.reg_bank_inst.mat_arr\[34\]\[7\],183.73µm
net650,183.73µm
net1579,183.73µm
net2918,183.73µm
net3035,183.73µm
net3618,183.73µm
net3784,183.73µm
net2982,183.68µm
_12228_,183.57µm
net1130,183.47µm
net3088,183.45µm
net1317,183.42µm
net1313,183.37µm
net1383,183.37µm
net3597,183.37µm
_01955_,183.32µm
u_integration_final.integration_inst.reg_bank_inst.mat_arr\[15\]\[2\],183.32µm
net2264,183.32µm
net2680,183.32µm
net3789,183.32µm
net4073,183.32µm
net4446,183.32µm
_10922_,183.27µm
net847,183.27µm
net1880,183.27µm
net3172,183.27µm
net3415,183.27µm
net4602,183.27µm
net111,183.22µm
net1168,183.22µm
net1326,183.22µm
net1843,183.22µm
net2108,183.22µm
net2557,183.22µm
net3197,183.22µm
net3376,183.22µm
net3687,183.22µm
net1919,183.17µm
net2891,183.17µm
net3690,183.17µm
net4565,183.17µm
_11018_,182.86µm
net2193,182.86µm
net2235,182.86µm
net1523,182.81µm
net1213,182.76µm
net2244,182.76µm
net3152,182.76µm
net3577,182.76µm
net4160,182.76µm
net2706,182.71µm
net3076,182.71µm
net3795,182.71µm
net584,182.66µm
net1003,182.66µm
net1795,182.66µm
net1823,182.66µm
net2353,182.66µm
net4122,182.66µm
net4200,182.66µm
net4279,182.66µm
net4345,182.66µm
net4605,182.66µm
u_integration_final.integration_inst.mac_grid_inst.ROW_LOOP\[1\].COL_LOOP\[2\].mac_inst.product\[0\],182.61µm
net903,182.61µm
net1675,182.61µm
net1790,182.61µm
net4544,182.61µm
net4615,182.61µm
net3216,182.56µm
u_integration_final.integration_inst.mac_grid_inst.ROW_LOOP\[1\].COL_LOOP\[0\].mac_inst.product\[17\],182.5µm
_16263_,182.4µm
net637,182.4µm
net823,182.4µm
net2618,182.35µm
net618,182.33µm
net421,182.3µm
net2324,182.25µm
net3124,182.25µm
net276,182.2µm
net1922,182.2µm
net2552,182.2µm
net2790,182.2µm
net4620,182.2µm
net256,182.17µm
u_integration_final.integration_inst.reg_bank_inst.mat_arr\[5\]\[6\],182.15µm
net103,182.15µm
net737,182.15µm
net774,182.15µm
net3045,182.15µm
net3157,182.15µm
net3535,182.15µm
net2634,182.13µm
net856,182.1µm
net2748,182.1µm
net2868,182.1µm
net3023,182.1µm
net4668,182.1µm
_14213_,182.05µm
net25,182.05µm
net302,182.05µm
net715,182.05µm
net3136,182.05µm
net4070,182.05µm
net4213,182.05µm
net4309,182.05µm
net4346,182.05µm
net4450,182.05µm
net383,182µm
net3348,181.87µm
net205,181.84µm
net4331,181.82µm
net1183,181.74µm
net1845,181.74µm
net1803,181.72µm
net1977,181.69µm
net148,181.64µm
net1103,181.64µm
net2121,181.64µm
net2928,181.64µm
net4302,181.64µm
net1624,181.61µm
net2058,181.59µm
net4448,181.59µm
net1196,181.54µm
_07477_,181.49µm
net4352,181.49µm
net4317,181.44µm
net4685,181.44µm
net1852,181.38µm
net1306,181.23µm
net468,181.16µm
net2429,181.15µm
net273,181.13µm
net1569,181.13µm
net3602,181.13µm
net4466,181.13µm
u_integration_final.integration_inst.reg_bank_inst.mat_arr\[6\]\[0\],181.08µm
net580,181.08µm
net627,181.08µm
net1079,181.08µm
net1228,181.08µm
net1525,181.08µm
net1882,181.08µm
net2796,181.08µm
net3318,181.08µm
net3863,181.08µm
net4402,181.08µm
net4525,181.08µm
u_integration_final.integration_inst.reg_bank_inst.mat_arr\[31\]\[2\],181.03µm
net121,181.03µm
net1344,181.03µm
net2637,181.03µm
net4342,181.03µm
net4356,181.03µm
_03617_,180.98µm
net712,180.98µm
net1438,180.98µm
net1887,180.98µm
net2432,180.98µm
net3360,180.98µm
net4149,180.98µm
_08230_,180.93µm
net442,180.93µm
net642,180.93µm
net773,180.93µm
net832,180.93µm
net2285,180.93µm
net3169,180.93µm
net4278,180.93µm
net4485,180.93µm
_14833_,180.88µm
net801,180.88µm
net2175,180.88µm
net4117,180.7µm
net4406,180.7µm
u_integration_final.integration_inst.reg_bank_inst.mat_arr\[27\]\[5\],180.62µm
net213,180.57µm
net3470,180.52µm
net3679,180.52µm
net4360,180.52µm
net1474,180.49µm
_10928_,180.47µm
net397,180.47µm
net1749,180.47µm
net3007,180.47µm
net3075,180.47µm
net4047,180.47µm
net4265,180.47µm
net4398,180.47µm
net4463,180.47µm
_10288_,180.42µm
net223,180.42µm
net1312,180.42µm
net2697,180.42µm
net3703,180.42µm
net4078,180.42µm
net4312,180.42µm
u_integration_final.integration_inst.mac_grid_inst.ROW_LOOP\[0\].COL_LOOP\[0\].mac_inst.product\[4\],180.37µm
net4635,180.37µm
net46,180.32µm
net607,180.32µm
net4111,180.32µm
net2847,180.12µm
net1701,180.06µm
net3454,180.06µm
u_integration_final.integration_inst.mac_grid_inst.ROW_LOOP\[0\].COL_LOOP\[1\].mac_inst.product\[17\],180.01µm
net1164,180.01µm
net1249,179.97µm
_06440_,179.96µm
u_integration_final.integration_inst.reg_bank_inst.mat_arr\[16\]\[5\],179.96µm
net974,179.96µm
net3785,179.96µm
net4477,179.96µm
net229,179.91µm
net2068,179.91µm
net3849,179.91µm
_10884_,179.86µm
net829,179.86µm
net1986,179.86µm
net2447,179.86µm
net2479,179.86µm
net2887,179.86µm
net2986,179.86µm
net3462,179.86µm
net3747,179.86µm
net4211,179.85µm
_10815_,179.81µm
_12218_,179.81µm
u_integration_final.integration_inst.mac_grid_inst.ROW_LOOP\[0\].COL_LOOP\[0\].mac_inst.product\[10\],179.81µm
net68,179.81µm
net310,179.81µm
net2526,179.81µm
net2924,179.81µm
_01909_,179.76µm
_10925_,179.76µm
net392,179.76µm
net463,179.76µm
net513,179.76µm
net835,179.76µm
net2540,179.76µm
net3716,179.76µm
net4157,179.76µm
net4418,179.76µm
net2756,179.69µm
net2629,179.67µm
net1739,179.6µm
net3896,179.57µm
net388,179.5µm
net1468,179.5µm
u_integration_final.integration_inst.reg_bank_inst.mat_arr\[22\]\[5\],179.45µm
net1619,179.45µm
u_integration_final.integration_inst.command_parser_inst.o_quantizer_scale\[15\],179.4µm
net471,179.4µm
net2672,179.4µm
net3293,179.4µm
net4121,179.4µm
net2051,179.35µm
net2940,179.35µm
net3240,179.35µm
net3280,179.35µm
net3383,179.35µm
net4547,179.35µm
_12244_,179.3µm
net568,179.3µm
net2209,179.3µm
net2798,179.3µm
net3481,179.3µm
net4048,179.3µm
net4562,179.3µm
net4608,179.3µm
net522,179.25µm
net699,179.25µm
net3265,179.25µm
_07174_,179.2µm
net44,179.2µm
net1494,179.2µm
net3463,179.2µm
net4301,179.2µm
net4355,179.14µm
net3171,179.07µm
net1504,178.99µm
_10838_,178.94µm
net2057,178.94µm
net2402,178.94µm
net1283,178.89µm
net4088,178.89µm
net4626,178.89µm
net826,178.84µm
net1369,178.84µm
net2724,178.84µm
net3945,178.84µm
_10818_,178.79µm
net316,178.79µm
net1532,178.79µm
net3104,178.79µm
net3548,178.79µm
net4052,178.79µm
net4384,178.79µm
net4557,178.79µm
net202,178.74µm
net945,178.74µm
net987,178.74µm
net1719,178.74µm
net1814,178.74µm
net2358,178.74µm
net2528,178.69µm
net2639,178.69µm
net3057,178.69µm
net3187,178.69µm
u_integration_final.integration_inst.mac_grid_inst.ROW_LOOP\[1\].COL_LOOP\[2\].mac_inst.product\[9\],178.64µm
u_integration_final.integration_inst.reg_bank_inst.mat_arr\[14\]\[2\],178.64µm
net562,178.64µm
net2293,178.64µm
net99,178.59µm
net1918,178.56µm
clknet_leaf_67_i_clk,178.48µm
net2912,178.38µm
net3826,178.38µm
net254,178.34µm
_01809_,178.33µm
net107,178.33µm
net252,178.3µm
net321,178.28µm
net740,178.28µm
net906,178.28µm
net2473,178.28µm
net4497,178.28µm
net67,178.23µm
net354,178.23µm
net425,178.23µm
net561,178.23µm
net664,178.23µm
net1053,178.23µm
net1991,178.23µm
net10,178.18µm
net481,178.18µm
net848,178.18µm
net1264,178.18µm
net4260,178.18µm
net4569,178.18µm
net4596,178.16µm
net65,178.13µm
net750,178.13µm
net777,178.13µm
net852,178.13µm
net3121,178.13µm
net3701,178.13µm
net4571,178.13µm
net266,178.11µm
net1129,178.08µm
net3207,177.99µm
net4667,177.99µm
net407,177.92µm
net3827,177.77µm
_07485_,177.72µm
net2125,177.72µm
net2418,177.72µm
net2461,177.72µm
net3483,177.72µm
net4641,177.72µm
net2531,177.71µm
net1435,177.67µm
net2231,177.67µm
net2271,177.67µm
net2272,177.67µm
net2728,177.67µm
net2788,177.67µm
net3658,177.67µm
net3898,177.67µm
net4207,177.67µm
net42,177.62µm
net1113,177.62µm
net1907,177.62µm
net3852,177.62µm
net193,177.58µm
net1915,177.58µm
net746,177.57µm
net1259,177.57µm
net2994,177.57µm
net4060,177.57µm
net4539,177.57µm
net1219,177.52µm
net2689,177.52µm
net3862,177.52µm
net4433,177.41µm
net2577,177.21µm
net3519,177.21µm
_07563_,177.19µm
_03347_,177.16µm
_17115_,177.16µm
u_integration_final.integration_inst.command_parser_inst.o_quantizer_scale\[16\],177.16µm
net489,177.16µm
net2049,177.16µm
net2128,177.16µm
net2610,177.16µm
net3414,177.16µm
net4506,177.16µm
net1969,177.11µm
net2385,177.11µm
net2721,177.11µm
net3190,177.11µm
net4090,177.11µm
_11115_,177.06µm
u_integration_final.integration_inst.reg_bank_inst.mat_arr\[6\]\[2\],177.06µm
net1001,177.06µm
net2980,177.06µm
net3587,177.06µm
net4308,177.06µm
u_integration_final.integration_inst.reg_bank_inst.mat_arr\[10\]\[4\],177.01µm
net1122,177.01µm
net1246,177.01µm
net1921,177.01µm
net2681,177.01µm
net3060,177.01µm
net3706,177.01µm
net3739,177.01µm
net4529,177.01µm
net88,176.96µm
net3334,176.96µm
net4488,176.96µm
net4647,176.96µm
net3998,176.95µm
net4238,176.9µm
net3034,176.85µm
net667,176.75µm
net4657,176.7µm
net2870,176.68µm
net2537,176.66µm
net1038,176.65µm
net1177,176.65µm
_08531_,176.6µm
net1411,176.6µm
net3562,176.6µm
net4065,176.6µm
net4114,176.6µm
net4559,176.6µm
net2698,176.56µm
net558,176.55µm
net1487,176.55µm
net2556,176.55µm
net4274,176.55µm
net4474,176.55µm
_08456_,176.5µm
net814,176.5µm
net2161,176.5µm
net2954,176.5µm
_03447_,176.45µm
_10870_,176.45µm
u_integration_final.integration_inst.mac_grid_inst.ROW_LOOP\[1\].COL_LOOP\[2\].mac_inst.product\[14\],176.45µm
net55,176.45µm
net2667,176.45µm
net3749,176.45µm
net4408,176.45µm
_03883_,176.4µm
net3289,176.4µm
net4452,176.4µm
_01892_,176.29µm
net1227,176.27µm
net2341,176.14µm
u_integration_final.integration_inst.reg_bank_inst.mat_arr\[16\]\[1\],176.09µm
net1876,176.09µm
u_integration_final.integration_inst.reg_bank_inst.mat_arr\[16\]\[0\],176.04µm
net3020,176.04µm
net3422,176.04µm
net4123,176.04µm
net2318,175.99µm
net2759,175.99µm
u_integration_final.integration_inst.reg_bank_inst.mat_arr\[7\]\[2\],175.94µm
net171,175.94µm
net1807,175.94µm
net3248,175.94µm
net3656,175.94µm
net4083,175.94µm
net4247,175.94µm
net4490,175.94µm
net4688,175.94µm
net53,175.89µm
net349,175.89µm
net616,175.89µm
net1051,175.89µm
net1267,175.89µm
net1666,175.89µm
net2130,175.89µm
net2835,175.89µm
net3724,175.89µm
_03087_,175.84µm
u_integration_final.integration_inst.mac_grid_inst.ROW_LOOP\[0\].COL_LOOP\[0\].mac_inst.product\[8\],175.84µm
net39,175.84µm
net644,175.84µm
net2542,175.84µm
net3260,175.84µm
net4600,175.84µm
net3555,175.74µm
net1720,175.63µm
u_integration_final.integration_inst.command_parser_inst.o_quantizer_scale\[18\],175.58µm
net984,175.58µm
net3802,175.53µm
net4431,175.53µm
net4376,175.5µm
_08074_,175.48µm
u_integration_final.integration_inst.reg_bank_inst.mat_arr\[23\]\[2\],175.48µm
net3135,175.48µm
net4669,175.48µm
_07568_,175.46µm
_11237_,175.43µm
net1985,175.43µm
net2979,175.43µm
net3539,175.43µm
net2112,175.42µm
_07593_,175.4µm
net14,175.38µm
net34,175.38µm
net817,175.38µm
net1209,175.38µm
net1328,175.38µm
net1390,175.38µm
net2099,175.38µm
net3212,175.38µm
net3778,175.38µm
u_integration_final.integration_inst.mac_grid_inst.ROW_LOOP\[1\].COL_LOOP\[2\].mac_inst.product\[12\],175.33µm
net83,175.33µm
net654,175.33µm
net844,175.33µm
net923,175.33µm
net3174,175.33µm
_11296_,175.28µm
net38,175.28µm
net417,175.28µm
net696,175.28µm
net836,175.28µm
net3744,175.28µm
net4371,175.28µm
net4456,175.28µm
_16289_,175.22µm
net604,175.15µm
_12017_,175.14µm
net206,175.03µm
net2585,175.02µm
net4645,175.02µm
net4459,174.97µm
net3109,174.95µm
_14134_,174.92µm
net1104,174.92µm
net3417,174.92µm
net4511,174.92µm
_10875_,174.87µm
net294,174.87µm
net756,174.87µm
net1345,174.87µm
net1546,174.87µm
net1867,174.87µm
net2234,174.87µm
net3353,174.87µm
u_integration_final.integration_inst.command_parser_inst.o_matrix_config,174.82µm
net2802,174.82µm
net3333,174.82µm
net3341,174.82µm
net3413,174.82µm
net1589,174.81µm
_07460_,174.77µm
u_integration_final.integration_inst.quantizer_inst.scaled_data\[33\],174.77µm
net3053,174.77µm
net4172,174.77µm
net4532,174.77µm
net4551,174.77µm
net3286,174.72µm
net4173,174.72µm
net4256,174.72µm
net3808,174.71µm
net946,174.7µm
net139,174.55µm
_01850_,174.52µm
net2518,174.51µm
clknet_leaf_20_i_clk,174.46µm
net855,174.41µm
net4261,174.41µm
_10096_,174.37µm
net331,174.36µm
net1445,174.36µm
net2081,174.36µm
net3578,174.36µm
net3620,174.36µm
net873,174.31µm
net931,174.31µm
net1178,174.31µm
net2061,174.31µm
_13127_,174.28µm
net63,174.26µm
net493,174.26µm
net540,174.26µm
net959,174.26µm
net1314,174.26µm
net2965,174.26µm
net3872,174.26µm
net4434,174.26µm
u_integration_final.integration_inst.mac_grid_inst.ROW_LOOP\[1\].COL_LOOP\[2\].mac_inst.o_result\[4\],174.21µm
net347,174.21µm
net1156,174.21µm
net3726,174.21µm
net3758,174.21µm
u_integration_final.integration_inst.reg_bank_inst.mat_arr\[10\]\[2\],174.16µm
net32,174.16µm
net172,174.16µm
net680,174.16µm
net3266,174.16µm
net4634,174.16µm
net189,174.14µm
net2149,174.04µm
_10524_,173.85µm
net278,173.85µm
net2053,173.85µm
net2078,173.8µm
net2192,173.8µm
net2843,173.8µm
net2871,173.8µm
net3285,173.8µm
net3780,173.8µm
_07524_,173.75µm
net830,173.75µm
net837,173.75µm
net1672,173.75µm
net1865,173.75µm
net2677,173.75µm
net3097,173.75µm
net49,173.7µm
net1287,173.7µm
net3643,173.7µm
net3649,173.7µm
net3905,173.7µm
net4267,173.7µm
u_integration_final.integration_inst.reg_bank_inst.mat_arr\[30\]\[1\],173.65µm
net15,173.65µm
net413,173.65µm
net443,173.65µm
net710,173.65µm
net985,173.65µm
net2657,173.65µm
net3596,173.65µm
net3655,173.65µm
_14819_,173.6µm
u_integration_final.integration_inst.reg_bank_inst.mat_arr\[19\]\[7\],173.6µm
net295,173.6µm
net647,173.6µm
net793,173.6µm
net3756,173.6µm
_08438_,173.52µm
net748,173.52µm
u_integration_final.integration_inst.reg_bank_inst.mat_arr\[35\]\[3\],173.44µm
net3857,173.44µm
_01919_,173.34µm
_12895_,173.34µm
net822,173.32µm
net198,173.3µm
net3674,173.29µm
net3917,173.29µm
net4307,173.29µm
u_integration_final.integration_inst.command_parser_inst.o_quantizer_scale\[19\],173.24µm
u_integration_final.integration_inst.reg_bank_inst.mat_arr\[23\]\[5\],173.24µm
net624,173.24µm
net1405,173.24µm
net2189,173.24µm
net4682,173.24µm
net495,173.19µm
net768,173.19µm
net1635,173.19µm
net1809,173.19µm
u_integration_final.integration_inst.reg_bank_inst.mat_arr\[28\]\[5\],173.14µm
u_integration_final.integration_inst.reg_bank_inst.mat_arr\[33\]\[5\],173.14µm
net908,173.14µm
net3219,173.14µm
net3715,173.14µm
net4458,173.14µm
_14738_,173.09µm
net217,173.09µm
net355,173.09µm
net671,173.09µm
net1599,173.09µm
net1924,173.09µm
net3453,173.09µm
net3581,173.09µm
net3793,173.09µm
net4335,173.09µm
net4664,173.09µm
_03505_,173.04µm
_10854_,173.04µm
_11719_,173.04µm
net477,173.04µm
net649,173.04µm
net1896,173.04µm
net2747,172.88µm
net4580,172.82µm
_11192_,172.78µm
net1338,172.78µm
net2535,172.78µm
_06833_,172.68µm
net675,172.68µm
net2905,172.68µm
net4633,172.68µm
_11205_,172.63µm
u_integration_final.integration_inst.quantizer_inst.scaled_data\[34\],172.63µm
net422,172.63µm
net2381,172.63µm
net4499,172.63µm
net916,172.62µm
net281,172.58µm
net781,172.58µm
net1738,172.58µm
net2147,172.58µm
net2999,172.58µm
net3166,172.58µm
net3764,172.58µm
net4651,172.58µm
_04498_,172.53µm
net71,172.53µm
net177,172.53µm
net2214,172.53µm
net2834,172.53µm
net3653,172.53µm
net3712,172.53µm
net4475,172.53µm
net4643,172.53µm
net929,172.48µm
net2805,172.48µm
net4690,172.48µm
_07583_,172.42µm
net3465,172.35µm
net4337,172.35µm
net377,172.17µm
net249,172.15µm
net517,172.14µm
u_integration_final.integration_inst.reg_bank_inst.mat_arr\[2\]\[0\],172.12µm
net1697,172.12µm
net3026,172.12µm
net3142,172.12µm
_07382_,172.07µm
net537,172.07µm
net588,172.07µm
net1197,172.07µm
net2950,172.07µm
net3433,172.07µm
_10944_,172.02µm
net226,172.02µm
net620,172.02µm
net913,172.02µm
net2420,172.02µm
_08297_,171.97µm
_09450_,171.97µm
u_integration_final.integration_inst.mac_grid_inst.ROW_LOOP\[1\].COL_LOOP\[0\].mac_inst.product\[10\],171.97µm
u_integration_final.integration_inst.mac_grid_inst.ROW_LOOP\[1\].COL_LOOP\[2\].mac_inst.product\[8\],171.97µm
net456,171.97µm
net474,171.97µm
net1255,171.97µm
net1669,171.97µm
net3742,171.97µm
net3753,171.97µm
_13298_,171.92µm
net3720,171.92µm
net1776,171.79µm
net149,171.72µm
net479,171.71µm
net243,171.66µm
net1185,171.61µm
u_integration_final.integration_inst.reg_bank_inst.mat_arr\[24\]\[3\],171.56µm
net698,171.56µm
net2693,171.56µm
net2948,171.56µm
net3065,171.56µm
net3288,171.56µm
net4627,171.56µm
net4649,171.56µm
_03866_,171.51µm
net1015,171.51µm
net2003,171.51µm
net4476,171.51µm
net2564,171.5µm
net438,171.46µm
net631,171.46µm
_02555_,171.41µm
net11,171.41µm
net182,171.41µm
net655,171.41µm
net1794,171.41µm
net2550,171.41µm
net2576,171.41µm
net2601,171.41µm
net2944,171.41µm
net3797,171.41µm
net3877,171.41µm
net4363,171.41µm
net16,171.36µm
net865,171.36µm
net3495,171.36µm
net3723,171.36µm
net4617,171.36µm
_10941_,171.28µm
net702,171.15µm
net990,171.11µm
net1119,171.1µm
net2543,171.06µm
u_integration_final.integration_inst.reg_bank_inst.mat_arr\[23\]\[3\],171.05µm
net1904,171.05µm
net3901,171.05µm
net4077,171.05µm
_10961_,171µm
net1654,171µm
net2284,171µm
net2317,171µm
net2524,171µm
net2976,171µm
net3042,171µm
clknet_leaf_69_i_clk,171µm
net4112,171µm
_10937_,170.95µm
_11043_,170.95µm
net2981,170.95µm
net3738,170.95µm
_07459_,170.9µm
_07502_,170.9µm
_10463_,170.9µm
net872,170.9µm
net1193,170.9µm
net1470,170.9µm
net1543,170.9µm
net4625,170.9µm
u_integration_final.integration_inst.reg_bank_inst.rows_b\[1\],170.86µm
net452,170.85µm
net1031,170.85µm
net1554,170.85µm
net1871,170.85µm
net3754,170.85µm
net283,170.8µm
net565,170.8µm
net809,170.8µm
net918,170.68µm
net1036,170.49µm
_08272_,170.44µm
net888,170.44µm
net1442,170.44µm
net4597,170.44µm
net1058,170.39µm
net1573,170.39µm
net2917,170.39µm
net3223,170.39µm
net3632,170.39µm
_14831_,170.34µm
net2171,170.34µm
net3582,170.34µm
_10177_,170.29µm
net4329,170.29µm
net4411,170.29µm
_04290_,170.24µm
net29,170.24µm
net58,170.24µm
net144,170.24µm
net311,170.24µm
net423,170.24µm
net2492,170.22µm
net2820,170.2µm
net1027,169.93µm
net2348,169.93µm
net2561,169.93µm
net783,169.88µm
net1100,169.88µm
_11147_,169.83µm
net2548,169.83µm
net3828,169.83µm
net4407,169.83µm
_08312_,169.78µm
_13018_,169.78µm
net27,169.78µm
net962,169.78µm
net1412,169.78µm
net1443,169.78µm
net1914,169.78µm
net2714,169.78µm
net3841,169.78µm
net3851,169.78µm
net3929,169.78µm
net4604,169.78µm
net4665,169.78µm
net446,169.73µm
net845,169.73µm
net2533,169.73µm
net3194,169.73µm
net3855,169.73µm
net3928,169.73µm
net4330,169.73µm
net358,169.68µm
net4165,169.68µm
net4611,169.68µm
_17216_,169.39µm
_10973_,169.37µm
net235,169.37µm
net1373,169.37µm
net2026,169.37µm
net2362,169.37µm
net2586,169.37µm
net4262,169.37µm
net4120,169.32µm
net4420,169.32µm
_02046_,169.27µm
net2396,169.27µm
net4494,169.27µm
_16559_,169.26µm
u_integration_final.integration_inst.mac_grid_inst.ROW_LOOP\[0\].COL_LOOP\[0\].mac_inst.product\[17\],169.26µm
_01823_,169.22µm
_08491_,169.22µm
u_integration_final.integration_inst.reg_bank_inst.current_state\[1\],169.22µm
u_integration_final.integration_inst.reg_bank_inst.mat_arr\[31\]\[5\],169.22µm
net1742,169.22µm
net2223,169.22µm
net2710,169.22µm
net2768,169.22µm
net2889,169.22µm
net3110,169.22µm
net3252,169.22µm
net4222,169.22µm
net4508,169.22µm
net2708,169.18µm
_08232_,169.17µm
u_integration_final.integration_inst.reg_bank_inst.mat_arr\[26\]\[4\],169.17µm
net2967,169.17µm
_13183_,169.12µm
net207,169.12µm
net459,169.12µm
net4370,169.12µm
u_integration_final.integration_inst.mac_grid_inst.ROW_LOOP\[1\].COL_LOOP\[1\].mac_inst.product\[17\],168.91µm
net2101,168.91µm
net1004,168.9µm
net824,168.81µm
net1872,168.76µm
net2549,168.76µm
net3660,168.76µm
net4469,168.76µm
net2205,168.75µm
_10841_,168.71µm
net2002,168.71µm
net3205,168.71µm
_01918_,168.66µm
net965,168.66µm
net1125,168.66µm
net2727,168.66µm
net2829,168.66µm
net3082,168.66µm
net3154,168.66µm
net3563,168.66µm
net4188,168.66µm
net4296,168.66µm
net4577,168.66µm
net4631,168.66µm
_10881_,168.61µm
net190,168.61µm
net3659,168.61µm
_15338_,168.56µm
_16048_,168.56µm
net232,168.56µm
net862,168.47µm
net741,168.33µm
net257,168.25µm
net572,168.25µm
net3145,168.25µm
net3558,168.25µm
net1074,168.2µm
net1231,168.2µm
net1397,168.2µm
net2741,168.2µm
net833,168.15µm
net952,168.1µm
net1657,168.1µm
net3103,168.1µm
net3729,168.1µm
net4245,168.1µm
u_integration_final.integration_inst.mac_grid_inst.ROW_LOOP\[1\].COL_LOOP\[1\].mac_inst.product\[0\],168.05µm
net253,168.05µm
net1061,168.05µm
net1971,168.05µm
net938,168.03µm
_08010_,168µm
_11145_,168µm
net36,168µm
net1134,168µm
net328,167.97µm
_10217_,167.94µm
net2034,167.94µm
_15625_,167.83µm
_11150_,167.79µm
net3050,167.79µm
net4018,167.79µm
clknet_leaf_48_i_clk,167.79µm
net1557,167.74µm
net4116,167.74µm
net4592,167.69µm
u_integration_final.integration_inst.reg_bank_inst.mat_arr\[3\]\[5\],167.64µm
net2153,167.64µm
net4483,167.64µm
net153,167.59µm
net594,167.59µm
net2195,167.59µm
net2202,167.59µm
net3557,167.59µm
_11347_,167.54µm
u_integration_final.integration_inst.reg_bank_inst.accum\[8\]\[3\],167.54µm
net2692,167.54µm
net3047,167.54µm
net3741,167.54µm
net4131,167.54µm
_09863_,167.49µm
u_integration_final.integration_inst.mac_grid_inst.ROW_LOOP\[1\].COL_LOOP\[1\].mac_inst.product\[3\],167.49µm
u_integration_final.integration_inst.reg_bank_inst.accum\[8\]\[13\],167.49µm
net387,167.49µm
net1856,167.49µm
net1861,167.49µm
net4507,167.49µm
net592,167.46µm
_08545_,167.44µm
net432,167.44µm
net3721,167.44µm
net3746,167.44µm
net3858,167.44µm
net510,167.21µm
net1840,167.18µm
net239,167.17µm
net429,167.13µm
net967,167.13µm
net500,167.1µm
_13896_,167.08µm
net759,167.08µm
net2762,167.08µm
net1480,167.03µm
net2308,167.03µm
net4383,167.03µm
net4457,167.03µm
net2532,167.02µm
_07497_,166.98µm
_12511_,166.98µm
net834,166.98µm
net3546,166.98µm
net3969,166.98µm
net4101,166.98µm
_12512_,166.93µm
net763,166.93µm
net1797,166.93µm
net4192,166.93µm
_10846_,166.91µm
net138,166.88µm
net2129,166.88µm
net2488,166.82µm
net956,166.62µm
u_integration_final.integration_inst.mac_grid_inst.ROW_LOOP\[0\].COL_LOOP\[0\].mac_inst.product\[1\],166.57µm
net3027,166.57µm
net4424,166.57µm
_12182_,166.52µm
net3236,166.52µm
net4453,166.52µm
_01942_,166.47µm
_11086_,166.47µm
net2673,166.47µm
net2920,166.47µm
net3537,166.47µm
net4455,166.47µm
_07766_,166.42µm
_16214_,166.42µm
net391,166.42µm
net4509,166.4µm
_03105_,166.37µm
_08270_,166.37µm
_11243_,166.37µm
net1030,166.37µm
net1241,166.37µm
net3845,166.37µm
net4199,166.37µm
net4373,166.37µm
u_integration_final.integration_inst.mac_grid_inst.ROW_LOOP\[2\].COL_LOOP\[0\].mac_inst.product\[17\],166.36µm
net825,166.32µm
net325,166.26µm
u_integration_final.integration_inst.reg_bank_inst.mat_arr\[1\]\[7\],166.01µm
net1751,165.97µm
u_integration_final.integration_inst.reg_bank_inst.mat_arr\[12\]\[5\],165.96µm
u_integration_final.integration_inst.reg_bank_inst.mat_arr\[14\]\[1\],165.96µm
net794,165.96µm
u_integration_final.integration_inst.command_parser_inst.o_matrix_cols\[1\],165.91µm
net173,165.91µm
net3144,165.91µm
net3875,165.91µm
_07454_,165.86µm
net738,165.86µm
net960,165.86µm
net961,165.86µm
net1335,165.86µm
net1746,165.86µm
net2993,165.86µm
net3296,165.86µm
net3737,165.86µm
_01863_,165.81µm
_12954_,165.81µm
net324,165.81µm
net390,165.81µm
net778,165.81µm
net1815,165.81µm
net1834,165.81µm
net3730,165.81µm
net3961,165.81µm
_08006_,165.76µm
net64,165.76µm
net183,165.76µm
net228,165.76µm
net2544,165.76µm
net3633,165.76µm
net4394,165.71µm
net2592,165.7µm
net3063,165.63µm
_16460_,165.53µm
_14115_,165.45µm
net110,165.45µm
net2856,165.45µm
net2536,165.44µm
u_integration_final.integration_inst.reg_bank_inst.mat_arr\[10\]\[1\],165.4µm
net4189,165.4µm
net2430,165.39µm
net1229,165.35µm
net2439,165.35µm
net2562,165.35µm
net2642,165.35µm
net3235,165.35µm
_13103_,165.3µm
net393,165.3µm
net418,165.3µm
net912,165.3µm
net1199,165.3µm
net1450,165.3µm
net1465,165.3µm
net1783,165.3µm
net2789,165.3µm
net3102,165.3µm
net4534,165.3µm
u_integration_final.integration_inst.reg_bank_inst.mat_arr\[13\]\[2\],165.25µm
net2481,165.25µm
net3528,165.25µm
net4147,165.25µm
_00117_,165.2µm
_08237_,165.2µm
_11473_,165.2µm
net1759,165.2µm
net2159,165.2µm
net1631,165.1µm
net1454,165.01µm
_11127_,164.99µm
net255,164.89µm
_11156_,164.84µm
net796,164.84µm
net894,164.84µm
net3832,164.84µm
net4252,164.84µm
_07476_,164.79µm
_11211_,164.79µm
net1157,164.79µm
net1510,164.79µm
net2397,164.79µm
net3572,164.79µm
net3719,164.79µm
net160,164.74µm
net1167,164.74µm
net2310,164.74µm
net2421,164.74µm
net2726,164.74µm
net2937,164.74µm
net3233,164.74µm
_07590_,164.69µm
_11436_,164.69µm
net368,164.69µm
net525,164.69µm
net2897,164.69µm
net2900,164.69µm
net3732,164.69µm
net4515,164.69µm
_03685_,164.64µm
net503,164.64µm
net2707,164.57µm
_01890_,164.51µm
net4234,164.38µm
net1687,164.33µm
net259,164.28µm
net343,164.28µm
net363,164.28µm
net1916,164.28µm
net2046,164.28µm
net2904,164.28µm
net3039,164.28µm
net373,164.24µm
_01957_,164.23µm
_07993_,164.23µm
u_integration_final.integration_inst.reg_bank_inst.mat_arr\[3\]\[4\],164.23µm
net1623,164.23µm
net1788,164.23µm
net3127,164.23µm
_16362_,164.18µm
net555,164.18µm
net2139,164.18µm
net2832,164.18µm
net3004,164.18µm
net4322,164.18µm
_03529_,164.13µm
_08542_,164.13µm
net124,164.13µm
net498,164.13µm
net1327,164.13µm
net4520,164.13µm
_13210_,164.12µm
net648,164.08µm
net4566,164.08µm
net4246,164µm
net979,163.82µm
_02612_,163.77µm
net4074,163.74µm
_11102_,163.72µm
_11118_,163.72µm
net301,163.72µm
net1894,163.67µm
net1948,163.67µm
net2105,163.67µm
_08374_,163.62µm
net1951,163.62µm
net2655,163.62µm
net2951,163.62µm
net3217,163.62µm
net3461,163.62µm
net4558,163.62µm
_01906_,163.57µm
_08285_,163.57µm
u_integration_final.integration_inst.command_parser_inst.o_clamp_max\[1\],163.57µm
net486,163.57µm
net909,163.57µm
net1176,163.57µm
net2042,163.57µm
net3268,163.57µm
net3428,163.57µm
net3567,163.54µm
_12860_,163.52µm
_13292_,163.52µm
net3362,163.52µm
net4598,163.52µm
net4616,163.52µm
net514,163.48µm
net678,163.31µm
net2933,163.26µm
net3595,163.26µm
net975,163.21µm
net995,163.21µm
net1689,163.21µm
net2055,163.21µm
net575,163.18µm
net2702,163.17µm
_10956_,163.16µm
net237,163.16µm
net4103,163.16µm
net4553,163.16µm
_09559_,163.11µm
u_integration_final.integration_inst.reg_bank_inst.mat_arr\[11\]\[1\],163.11µm
u_integration_final.integration_inst.reg_bank_inst.mat_arr\[8\]\[5\],163.11µm
net1996,163.11µm
net2173,163.11µm
net3243,163.11µm
net3505,163.11µm
net3931,163.11µm
_06794_,163.06µm
net2065,163.06µm
net3518,163.06µm
net4025,163.06µm
_00149_,163.01µm
net28,163.01µm
net2529,163.01µm
net3607,163.01µm
net3930,163.01µm
net3401,162.97µm
net449,162.96µm
net3040,162.96µm
net4354,162.87µm
u_integration_final.integration_inst.reg_bank_inst.mat_arr\[11\]\[5\],162.65µm
net1161,162.6µm
net4568,162.6µm
u_integration_final.integration_inst.reg_bank_inst.mat_arr\[32\]\[2\],162.55µm
u_integration_final.integration_inst.reg_bank_inst.mat_arr\[4\]\[6\],162.55µm
net274,162.55µm
net2640,162.55µm
net2694,162.55µm
net3013,162.55µm
net3873,162.55µm
net4347,162.55µm
net4437,162.55µm
net4575,162.55µm
net3507,162.52µm
net744,162.5µm
net1018,162.5µm
net2814,162.5µm
net3403,162.5µm
net3745,162.5µm
_09300_,162.45µm
net385,162.45µm
net1949,162.45µm
net2644,162.45µm
net2874,162.42µm
_00116_,162.4µm
_03439_,162.4µm
_03753_,162.4µm
_14602_,162.4µm
net2166,162.4µm
net4334,162.4µm
_10402_,162.26µm
net4071,162.19µm
net991,162.18µm
_13923_,162.14µm
net3332,162.14µm
net1711,162.09µm
net3014,162.04µm
net4677,162.04µm
_11094_,161.99µm
_14027_,161.99µm
net287,161.99µm
net2927,161.99µm
net3276,161.99µm
net4291,161.99µm
net4552,161.99µm
_10960_,161.94µm
net1091,161.94µm
net3129,161.94µm
net3146,161.94µm
net3402,161.94µm
net3912,161.94µm
net1638,161.9µm
_03122_,161.89µm
u_integration_final.integration_inst.command_parser_inst.o_quantizer_scale\[14\],161.89µm
net145,161.89µm
_02042_,161.84µm
net4403,161.68µm
_09361_,161.59µm
_08051_,161.53µm
_11130_,161.53µm
u_integration_final.integration_inst.reg_bank_inst.mat_arr\[19\]\[5\],161.53µm
net1698,161.53µm
net2984,161.53µm
_07516_,161.48µm
_11231_,161.48µm
_12412_,161.48µm
_16456_,161.48µm
u_integration_final.integration_inst.reg_bank_inst.mat_arr\[12\]\[4\],161.48µm
net2895,161.48µm
_14020_,161.43µm
net1466,161.43µm
net3569,161.43µm
net3647,161.43µm
_08094_,161.38µm
net298,161.38µm
net1944,161.38µm
net3113,161.38µm
net4158,161.38µm
net4535,161.38µm
net977,161.33µm
net1261,161.33µm
net1740,161.33µm
net2169,161.33µm
net2662,161.33µm
net3068,161.33µm
net3437,161.33µm
_00120_,161.28µm
u_integration_final.integration_inst.command_parser_inst.o_clamp_max\[3\],161.28µm
u_integration_final.integration_inst.mac_grid_inst.ROW_LOOP\[0\].COL_LOOP\[0\].mac_inst.product\[7\],161.28µm
net1580,161.28µm
net244,161.25µm
net534,161.12µm
net3641,161.03µm
net3024,161.02µm
net2739,160.97µm
net3487,160.97µm
_10837_,160.94µm
_07995_,160.92µm
_10833_,160.92µm
_02637_,160.87µm
_07507_,160.87µm
_10843_,160.87µm
u_integration_final.uart_inst.baudClk,160.87µm
net591,160.87µm
net840,160.87µm
net3590,160.87µm
net993,160.85µm
_07392_,160.82µm
_08510_,160.82µm
net760,160.82µm
net1898,160.82µm
net2154,160.82µm
net2810,160.82µm
net4670,160.82µm
net2297,160.81µm
u_integration_final.integration_inst.reg_bank_inst.accum\[8\]\[4\],160.77µm
net61,160.77µm
net1708,160.77µm
net2860,160.77µm
net4079,160.72µm
_09076_,160.36µm
_16258_,160.36µm
u_integration_final.integration_inst.reg_bank_inst.mat_arr\[22\]\[0\],160.36µm
net1538,160.36µm
net2919,160.36µm
net4174,160.36µm
net1037,160.35µm
_14078_,160.31µm
net546,160.31µm
net1101,160.31µm
net2584,160.31µm
net4058,160.31µm
net4340,160.31µm
_02059_,160.26µm
_10871_,160.26µm
u_integration_final.integration_inst.mac_grid_inst.ROW_LOOP\[1\].COL_LOOP\[0\].mac_inst.product\[12\],160.26µm
net1414,160.26µm
net3159,160.26µm
_08295_,160.21µm
_10857_,160.21µm
_11098_,160.21µm
_17231_,160.21µm
net932,160.21µm
net2394,160.21µm
net2873,160.21µm
net3200,160.21µm
_01835_,160.16µm
_04164_,160.16µm
_08283_,160.16µm
net7,160.16µm
net118,159.85µm
net3073,159.85µm
_12224_,159.8µm
net2140,159.8µm
net4451,159.8µm
net4489,159.8µm
_01958_,159.75µm
net251,159.75µm
net1343,159.75µm
net1771,159.75µm
net3046,159.75µm
net4594,159.75µm
u_integration_final.integration_inst.reg_bank_inst.mat_arr\[22\]\[6\],159.7µm
net1726,159.7µm
net3261,159.7µm
net4150,159.7µm
net4221,159.7µm
_03273_,159.65µm
_08032_,159.65µm
net353,159.65µm
net1955,159.65µm
net2211,159.65µm
net3449,159.65µm
_08136_,159.6µm
_10984_,159.6µm
net582,159.57µm
net2241,159.54µm
net2597,159.49µm
_03288_,159.47µm
net1710,159.39µm
_02468_,159.36µm
_01905_,159.34µm
net2915,159.29µm
net219,159.19µm
net2996,159.19µm
net3776,159.19µm
net532,159.17µm
net898,159.14µm
net2784,159.14µm
net4591,159.14µm
net3561,159.12µm
_11141_,159.09µm
_13085_,159.09µm
net645,159.09µm
net757,159.09µm
_12019_,159.04µm
net2339,159.04µm
net3525,159.04µm
_13051_,158.98µm
net4607,158.98µm
net380,158.97µm
net1032,158.9µm
net1984,158.86µm
_08535_,158.79µm
net1150,158.73µm
net1522,158.73µm
_01947_,158.68µm
net1180,158.68µm
net1424,158.68µm
net3474,158.68µm
_01913_,158.63µm
net3831,158.63µm
_10852_,158.58µm
net899,158.58µm
net1325,158.58µm
net3681,158.58µm
_08228_,158.53µm
_08395_,158.53µm
net1768,158.53µm
net3292,158.53µm
net3351,158.53µm
net3648,158.53µm
net986,158.48µm
net1174,158.48µm
net3768,158.48µm
_11190_,158.35µm
_08457_,158.27µm
net2654,158.26µm
net2092,158.22µm
u_integration_final.integration_inst.reg_bank_inst.mat_arr\[21\]\[2\],158.12µm
net3161,158.07µm
net3163,158.07µm
net4595,158.07µm
net3114,158.03µm
_11373_,158.02µm
net1355,158.02µm
net1655,158.02µm
net1735,158.02µm
net4095,158.02µm
_08063_,157.97µm
_10528_,157.97µm
_13276_,157.97µm
u_integration_final.integration_inst.quantizer_inst.scaled_data\[28\],157.97µm
net2217,157.97µm
net3149,157.97µm
net3313,157.97µm
net4537,157.97µm
net1449,157.94µm
_03380_,157.92µm
_11101_,157.92µm
net3320,157.92µm
net2144,157.84µm
u_integration_final.integration_inst.reg_bank_inst.current_state\[0\],157.76µm
net609,157.56µm
net2859,157.56µm
_08507_,157.51µm
_11546_,157.51µm
net1581,157.51µm
net2628,157.51µm
net2886,157.51µm
net3098,157.51µm
net3377,157.51µm
net4271,157.51µm
net2699,157.46µm
_10225_,157.42µm
_08508_,157.41µm
net51,157.41µm
net905,157.41µm
net3315,157.41µm
_00119_,157.36µm
_04493_,157.36µm
_11168_,157.36µm
_16375_,157.36µm
net810,157.36µm
net2162,157.36µm
net2491,157.36µm
net3740,157.36µm
net3256,157.24µm
net3165,157.13µm
net3894,157.05µm
_03126_,157.03µm
_14281_,157µm
_12184_,156.95µm
net4444,156.95µm
_01901_,156.92µm
_02227_,156.9µm
_10861_,156.9µm
_11233_,156.9µm
u_integration_final.integration_inst.reg_bank_inst.mat_arr\[16\]\[2\],156.9µm
net560,156.9µm
net2772,156.85µm
net3769,156.85µm
net819,156.8µm
net4654,156.8µm
_11183_,156.72µm
net2096,156.59µm
_01900_,156.54µm
net1115,156.49µm
_10882_,156.44µm
net3081,156.44µm
_02592_,156.39µm
net435,156.39µm
net1660,156.39µm
net1841,156.39µm
net4372,156.39µm
_10238_,156.34µm
net1741,156.34µm
net2388,156.34µm
net2942,156.34µm
net3615,156.34µm
_14778_,156.29µm
net1670,156.29µm
net2656,156.29µm
net3209,156.29µm
_10216_,156.26µm
_07526_,156.03µm
net2263,156.03µm
net2016,155.98µm
net3542,155.93µm
u_integration_final.integration_inst.reg_bank_inst.mat_arr\[17\]\[6\],155.88µm
net56,155.88µm
net769,155.88µm
net1663,155.88µm
net2236,155.83µm
net2275,155.83µm
_09551_,155.81µm
_08085_,155.78µm
net1151,155.78µm
net1276,155.78µm
net2116,155.78µm
net2545,155.78µm
net3079,155.78µm
net3843,155.78µm
net4523,155.78µm
u_integration_final.integration_inst.quant_op_data\[2\],155.73µm
net1072,155.73µm
net3314,155.73µm
_10758_,155.55µm
net1208,155.55µm
net409,155.38µm
clknet_leaf_98_i_clk,155.37µm
net3576,155.32µm
net1633,155.27µm
net2230,155.27µm
net2632,155.27µm
_08123_,155.22µm
net461,155.22µm
net1748,155.22µm
net4243,155.22µm
_11490_,155.17µm
net214,155.17µm
net816,155.17µm
net2143,155.17µm
net2957,155.17µm
u_integration_final.integration_inst.reg_bank_inst.mat_arr\[24\]\[7\],155.12µm
net485,155.12µm
net1351,155.12µm
net3704,155.12µm
net2462,154.91µm
net3100,154.86µm
net1792,154.81µm
net3019,154.81µm
net4144,154.78µm
_10942_,154.76µm
u_integration_final.integration_inst.reg_bank_inst.mat_arr\[17\]\[1\],154.76µm
net4063,154.76µm
_01843_,154.71µm
net1127,154.71µm
net1764,154.71µm
net2256,154.71µm
net3017,154.71µm
net4159,154.71µm
_08035_,154.66µm
_13268_,154.66µm
net246,154.66µm
net954,154.66µm
net3091,154.66µm
net4185,154.66µm
_01994_,154.61µm
_16053_,154.61µm
u_integration_final.integration_inst.mac_grid_inst.ROW_LOOP\[0\].COL_LOOP\[0\].mac_inst.product\[15\],154.61µm
u_integration_final.integration_inst.reg_bank_inst.mat_arr\[29\]\[4\],154.61µm
net3385,154.61µm
net3635,154.61µm
net3840,154.61µm
_00121_,154.56µm
_08012_,154.56µm
_15469_,154.56µm
u_integration_final.integration_inst.mac_grid_inst.ROW_LOOP\[1\].COL_LOOP\[0\].mac_inst.product\[9\],154.56µm
net2303,154.56µm
_08611_,154.3µm
net95,154.3µm
net4503,154.3µm
_11226_,154.2µm
net989,154.2µm
net2335,154.2µm
net2777,154.2µm
net2411,154.18µm
net1055,154.17µm
net77,154.15µm
net4056,154.12µm
_02132_,154.1µm
_02135_,154.1µm
u_integration_final.integration_inst.mac_grid_inst.ROW_LOOP\[0\].COL_LOOP\[1\].mac_inst.o_result\[7\],154.1µm
u_integration_final.integration_inst.reg_bank_inst.mat_arr\[3\]\[2\],154.1µm
net519,154.1µm
net1656,154.1µm
net2132,154.1µm
net3637,154.1µm
_10923_,154.05µm
u_integration_final.integration_inst.command_parser_inst.o_data\[0\],154.05µm
net123,154.05µm
net389,154.05µm
net1536,154.05µm
net1572,154.05µm
net1812,154.05µm
net2413,154.05µm
_02508_,154µm
_14791_,154µm
u_integration_final.integration_inst.reg_bank_inst.mat_arr\[18\]\[3\],154µm
net1753,153.97µm
net1802,153.96µm
net1056,153.9µm
net3361,153.81µm
_11311_,153.64µm
net2442,153.64µm
net1149,153.59µm
net2679,153.59µm
net3201,153.59µm
net3067,153.55µm
_01883_,153.54µm
net2909,153.54µm
net3427,153.54µm
net3485,153.54µm
net4578,153.54µm
u_integration_final.integration_inst.reg_bank_inst.mat_arr\[28\]\[7\],153.49µm
net306,153.49µm
net1109,153.49µm
net2216,153.49µm
net3760,153.49µm
_13290_,153.44µm
net78,153.44µm
_01923_,153.08µm
net117,153.08µm
net2845,153.08µm
net2888,153.08µm
u_integration_final.integration_inst.command_parser_inst.o_quantizer_scale\[4\],153.03µm
net66,153.03µm
net919,153.03µm
net3829,153.03µm
_01806_,152.98µm
_08027_,152.98µm
_10839_,152.98µm
net535,152.98µm
net953,152.98µm
net2383,152.98µm
net2417,152.98µm
net3115,152.98µm
net4266,152.98µm
_08946_,152.93µm
_13718_,152.93µm
_14270_,152.93µm
_17210_,152.93µm
net26,152.93µm
net3752,152.93µm
net4043,152.93µm
_03796_,152.88µm
_15325_,152.88µm
net430,152.88µm
net599,152.88µm
net3191,152.88µm
_07511_,152.67µm
_13978_,152.62µm
_10342_,152.55µm
_13959_,152.52µm
u_integration_final.integration_inst.command_parser_inst.o_quantizer_scale\[20\],152.52µm
u_integration_final.integration_inst.command_parser_inst.o_quantizer_scale\[8\],152.52µm
net1381,152.52µm
net1848,152.52µm
net3830,152.52µm
_10889_,152.47µm
u_integration_final.integration_inst.reg_bank_inst.mat_arr\[4\]\[2\],152.47µm
net944,152.47µm
net2736,152.47µm
net2914,152.47µm
net2988,152.47µm
_14826_,152.42µm
u_integration_final.integration_inst.mac_grid_inst.ROW_LOOP\[2\].COL_LOOP\[2\].mac_inst.product\[0\],152.42µm
net579,152.42µm
net2050,152.42µm
net1008,152.41µm
net1292,152.37µm
net1591,152.37µm
net2210,152.37µm
net3953,152.37µm
net4239,152.37µm
net402,152.34µm
u_integration_final.integration_inst.mac_grid_inst.ROW_LOOP\[0\].COL_LOOP\[1\].mac_inst.valid_0,152.32µm
net218,152.32µm
net2816,152.32µm
_02411_,152.06µm
_10940_,152.01µm
net2587,152.01µm
net2751,151.96µm
net2865,151.96µm
net3611,151.93µm
_09795_,151.91µm
net1818,151.91µm
net2775,151.91µm
net3491,151.91µm
_07876_,151.86µm
_11395_,151.86µm
u_integration_final.integration_inst.mac_grid_inst.ROW_LOOP\[1\].COL_LOOP\[1\].mac_inst.product\[13\],151.86µm
u_integration_final.integration_inst.reg_bank_inst.mat_arr\[0\]\[0\],151.86µm
net881,151.86µm
net2455,151.86µm
net3342,151.86µm
net4310,151.86µm
_08066_,151.81µm
_14588_,151.81µm
net504,151.81µm
net692,151.76µm
_07465_,151.5µm
net268,151.5µm
_13754_,151.45µm
_08461_,151.35µm
u_integration_final.integration_inst.reg_bank_inst.mat_arr\[7\]\[1\],151.35µm
net45,151.35µm
net1495,151.35µm
net3787,151.35µm
_07534_,151.3µm
net371,151.3µm
net1365,151.3µm
net1820,151.3µm
net2146,151.3µm
net2314,151.3µm
net2959,151.3µm
net3106,151.3µm
_15314_,151.25µm
u_integration_final.integration_inst.quant_op_data\[5\],151.25µm
net356,151.25µm
net1696,151.25µm
net3751,151.25µm
_17176_,151.21µm
_08280_,151.2µm
_08287_,151.2µm
net480,151.2µm
net3456,151.2µm
_10071_,151.18µm
net1244,150.94µm
_07515_,150.89µm
net2279,150.89µm
net4118,150.89µm
net1181,150.84µm
net3609,150.84µm
_11109_,150.79µm
_11140_,150.79µm
net1398,150.79µm
net2391,150.79µm
net3848,150.79µm
net3920,150.79µm
u_integration_final.integration_inst.reg_bank_inst.mat_arr\[24\]\[4\],150.74µm
net1427,150.74µm
net2877,150.74µm
net3003,150.74µm
net3668,150.74µm
net4069,150.74µm
net370,150.69µm
net1819,150.69µm
net3344,150.69µm
net4676,150.69µm
_08134_,150.64µm
_11444_,150.64µm
net615,150.64µm
net3356,150.64µm
net3369,150.64µm
_06433_,150.48µm
net4358,150.44µm
net917,150.43µm
_17217_,150.33µm
net2102,150.33µm
u_integration_final.integration_inst.reg_bank_inst.mat_arr\[35\]\[5\],150.28µm
_06522_,150.23µm
u_integration_final.integration_inst.reg_bank_inst.mat_arr\[11\]\[4\],150.23µm
net3308,150.23µm
_08937_,150.21µm
_08494_,150.18µm
_16250_,150.18µm
_16547_,150.18µm
net3994,150.18µm
net180,150.13µm
net751,150.13µm
net2127,150.13µm
net2671,150.13µm
net4533,150.13µm
_00114_,150.08µm
_12554_,150.08µm
net483,150.08µm
net3324,150.08µm
_09726_,149.94µm
_07463_,149.9µm
net151,149.87µm
net1559,149.77µm
net1652,149.72µm
net1972,149.71µm
net4059,149.67µm
_15472_,149.62µm
_15570_,149.62µm
net1158,149.62µm
net2203,149.62µm
_01936_,149.57µm
_12027_,149.57µm
u_integration_final.integration_inst.reg_bank_inst.mat_arr\[16\]\[7\],149.57µm
net1358,149.57µm
net4072,149.57µm
net2974,149.52µm
_02284_,149.36µm
net1160,149.16µm
net1211,149.16µm
net3409,149.16µm
_08470_,149.11µm
_09497_,149.11µm
_14112_,149.11µm
net1102,149.11µm
net2138,149.11µm
net3629,149.11µm
net222,149.06µm
net2060,149.06µm
net2376,149.06µm
net3363,149.06µm
_16130_,149.01µm
net2326,149.01µm
net4642,149.01µm
_10391_,148.96µm
net40,148.96µm
net3471,148.96µm
_17158_,148.84µm
_01826_,148.75µm
net398,148.7µm
net2588,148.65µm
_01896_,148.6µm
_07372_,148.6µm
_07452_,148.6µm
_09107_,148.55µm
net314,148.55µm
net617,148.55µm
net3198,148.55µm
_08549_,148.5µm
_11139_,148.5µm
u_integration_final.integration_inst.reg_bank_inst.mat_arr\[13\]\[6\],148.5µm
net1395,148.5µm
net3939,148.5µm
_00115_,148.45µm
_10917_,148.45µm
net87,148.45µm
net775,148.45µm
net867,148.45µm
net2589,148.45µm
net2853,148.45µm
_10279_,148.3µm
_08497_,148.22µm
net1777,148.22µm
net315,148.09µm
net4365,148.09µm
net267,148.04µm
net3357,148.04µm
net2508,148.02µm
net2713,148µm
u_integration_final.integration_inst.reg_bank_inst.cols_a\[1\],147.99µm
net1429,147.99µm
net3630,147.99µm
net983,147.94µm
net2384,147.94µm
net3573,147.94µm
net2405,147.91µm
net157,147.9µm
_14754_,147.89µm
net2072,147.89µm
net2438,147.89µm
net2676,147.89µm
net3090,147.89µm
net3725,147.84µm
net1479,147.68µm
u_integration_final.integration_inst.mac_grid_inst.ROW_LOOP\[1\].COL_LOOP\[2\].mac_inst.product\[17\],147.63µm
_08506_,147.58µm
net3094,147.53µm
_11155_,147.48µm
net2489,147.48µm
net457,147.44µm
_08550_,147.43µm
_11215_,147.43µm
u_integration_final.integration_inst.reg_bank_inst.mat_arr\[12\]\[7\],147.43µm
net344,147.43µm
net2647,147.43µm
net2945,147.43µm
net4021,147.43µm
_07846_,147.38µm
u_integration_final.integration_inst.reg_bank_inst.mat_arr\[20\]\[4\],147.38µm
net140,147.38µm
net1046,147.38µm
net2522,147.38µm
net3399,147.38µm
net3670,147.38µm
net4585,147.38µm
_02228_,147.33µm
_15336_,147.33µm
_15715_,147.33µm
net2172,147.33µm
net4016,147.17µm
_13376_,146.96µm
_07694_,146.92µm
_08536_,146.92µm
_09723_,146.92µm
_17132_,146.92µm
u_integration_final.integration_inst.reg_bank_inst.mat_arr\[25\]\[5\],146.92µm
net175,146.92µm
net1392,146.92µm
net2494,146.92µm
_04306_,146.87µm
net895,146.87µm
net2566,146.87µm
net3278,146.87µm
u_integration_final.integration_inst.reg_bank_inst.mat_arr\[9\]\[6\],146.82µm
net101,146.82µm
net326,146.82µm
net454,146.82µm
net3411,146.82µm
net2311,146.77µm
net4675,146.77µm
_07751_,146.72µm
net37,146.72µm
net1578,146.72µm
net2070,146.72µm
_16213_,146.61µm
net2934,146.46µm
net3018,146.41µm
_01941_,146.36µm
net2186,146.36µm
net3080,146.36µm
_07551_,146.31µm
net1676,146.31µm
_06482_,146.26µm
_11044_,146.26µm
_11372_,146.26µm
net1078,146.26µm
net2530,146.26µm
_12278_,146.21µm
_16371_,146.21µm
u_integration_final.integration_inst.mac_grid_inst.ROW_LOOP\[0\].COL_LOOP\[2\].mac_inst.product\[15\],146.21µm
net897,146.21µm
net4546,146.21µm
_03974_,146.16µm
net2527,146.16µm
net3733,146.16µm
u_integration_final.integration_inst.mac_grid_inst.ROW_LOOP\[2\].COL_LOOP\[1\].mac_inst.product\[17\],146µm
net1933,145.9µm
_07450_,145.75µm
u_integration_final.integration_inst.reg_bank_inst.mat_arr\[22\]\[3\],145.75µm
u_integration_final.integration_inst.reg_bank_inst.mat_arr\[26\]\[3\],145.75µm
net1348,145.75µm
net1632,145.75µm
net1750,145.75µm
net2059,145.75µm
net3854,145.7µm
net1230,145.67µm
_04941_,145.65µm
net542,145.65µm
net1067,145.65µm
net3761,145.65µm
net3895,145.65µm
_16374_,145.6µm
_16551_,145.6µm
net134,145.6µm
net3770,145.6µm
net1895,145.53µm
net524,145.51µm
net277,145.32µm
_08582_,145.29µm
net782,145.29µm
net1192,145.29µm
net367,145.24µm
net1179,145.24µm
net1382,145.24µm
net3457,145.24µm
_16405_,145.23µm
net3728,145.19µm
_00096_,145.14µm
_03750_,145.14µm
net492,145.14µm
net1022,145.14µm
net1333,145.14µm
net4140,145.14µm
net187,145.13µm
_07574_,145.09µm
_10869_,145.09µm
_12863_,145.09µm
net2363,145.09µm
_07194_,145.04µm
_08235_,145.04µm
net92,145.04µm
net2480,145.01µm
_11111_,144.78µm
net204,144.78µm
_16473_,144.73µm
net341,144.73µm
u_integration_final.integration_inst.reg_bank_inst.mat_arr\[17\]\[3\],144.68µm
net690,144.68µm
net312,144.63µm
net1291,144.63µm
net1354,144.63µm
net1508,144.63µm
net2300,144.63µm
net4129,144.63µm
_02009_,144.58µm
_10899_,144.58µm
_14280_,144.53µm
u_integration_final.integration_inst.reg_bank_inst.mat_arr\[16\]\[3\],144.53µm
net1811,144.53µm
net1145,144.5µm
net720,144.48µm
net802,144.48µm
net2431,144.48µm
net2441,144.3µm
net1081,144.17µm
net2652,144.12µm
_10541_,144.07µm
_11097_,144.07µm
u_integration_final.integration_inst.reg_bank_inst.mat_arr\[7\]\[6\],144.07µm
_13305_,144.02µm
net1112,144.02µm
net3170,144.02µm
net2490,144µm
_09173_,143.97µm
_10983_,143.97µm
_15316_,143.97µm
net613,143.97µm
net719,143.97µm
_09054_,143.96µm
_16608_,143.92µm
net31,143.92µm
net86,143.92µm
net4341,143.89µm
_11381_,143.61µm
net216,143.61µm
net330,143.56µm
net3510,143.56µm
_01854_,143.51µm
net1416,143.51µm
net1799,143.51µm
net3923,143.51µm
_07922_,143.46µm
_07699_,143.41µm
_13927_,143.41µm
_14585_,143.41µm
_15342_,143.41µm
net3531,143.41µm
net4493,143.41µm
_08466_,143.36µm
_15486_,143.36µm
_15568_,143.36µm
_16055_,143.36µm
net2879,143.33µm
net1441,143.28µm
_09554_,143.19µm
net1207,143.14µm
net608,143µm
_07736_,142.95µm
_08002_,142.95µm
_08122_,142.95µm
net1640,142.95µm
net3232,142.95µm
net4516,142.95µm
_11152_,142.9µm
net1363,142.9µm
net1582,142.9µm
_08525_,142.85µm
_10834_,142.85µm
_14740_,142.85µm
net659,142.85µm
net666,142.85µm
net2975,142.85µm
net3683,142.85µm
_01810_,142.62µm
net1671,142.59µm
_07487_,142.44µm
_13157_,142.44µm
net1401,142.44µm
net1699,142.44µm
u_integration_final.integration_inst.reg_bank_inst.mat_arr\[27\]\[0\],142.39µm
net3387,142.39µm
_11177_,142.34µm
u_integration_final.integration_inst.reg_bank_inst.mat_arr\[21\]\[0\],142.34µm
net994,142.34µm
net2150,142.34µm
net3001,142.34µm
net3049,142.34µm
net3464,142.34µm
net3533,142.34µm
net4005,142.34µm
_00118_,142.29µm
_15617_,142.29µm
net828,142.29µm
net3689,142.29µm
_03970_,142.24µm
net770,142.24µm
net3711,142.24µm
net3792,142.24µm
net4514,142.2µm
net1659,142.17µm
u_integration_final.integration_inst.command_parser_inst.byte_count\[1\],142.13µm
net3654,142.03µm
net2386,141.93µm
_08433_,141.88µm
u_integration_final.integration_inst.reg_bank_inst.matrix_signed\[2\]\[0\],141.88µm
net18,141.88µm
net2650,141.88µm
net1784,141.83µm
net3823,141.83µm
u_integration_final.integration_inst.command_parser_inst.o_quantizer_scale\[7\],141.78µm
net1080,141.78µm
net1620,141.78µm
net1677,141.78µm
net1703,141.78µm
_03114_,141.73µm
_08038_,141.73µm
_11076_,141.73µm
net80,141.73µm
net2305,141.73µm
net3125,141.73µm
net4191,141.73µm
net93,141.68µm
_12408_,141.66µm
net3164,141.57µm
_11024_,141.37µm
u_integration_final.integration_inst.mac_grid_inst.ROW_LOOP\[0\].COL_LOOP\[0\].mac_inst.o_result\[5\],141.37µm
net224,141.37µm
_11550_,141.32µm
net1765,141.27µm
net1884,141.27µm
net2023,141.27µm
net3143,141.27µm
net4205,141.27µm
net630,141.22µm
net868,141.22µm
net1975,141.22µm
net2468,141.22µm
net142,141.17µm
net2148,141.17µm
net3436,141.17µm
net4089,141.17µm
net236,141.16µm
net3803,140.86µm
_09665_,140.82µm
_08469_,140.81µm
net2825,140.81µm
net866,140.76µm
net1717,140.76µm
_03128_,140.71µm
net968,140.71µm
net2474,140.71µm
net3626,140.71µm
net863,140.66µm
net2826,140.66µm
net3506,140.66µm
net3682,140.66µm
net3864,140.66µm
net2902,140.62µm
net81,140.61µm
_07679_,140.56µm
net97,140.56µm
clknet_leaf_96_i_clk,140.53µm
_11047_,140.45µm
net4017,140.3µm
net4003,140.25µm
net1060,140.22µm
_07449_,140.15µm
net400,140.15µm
net966,140.15µm
net1120,140.15µm
net3918,140.15µm
_10276_,140.1µm
_13026_,140.1µm
u_integration_final.integration_inst.mac_grid_inst.ROW_LOOP\[1\].COL_LOOP\[1\].mac_inst.product\[9\],140.1µm
net957,140.1µm
net2612,140.1µm
net3008,140.1µm
net3606,140.1µm
net3940,140.1µm
_00113_,140.05µm
_10918_,140.05µm
_13101_,140.05µm
net2971,140.05µm
net3273,140.05µm
net3817,140.05µm
net870,140.01µm
_15580_,140µm
net299,140µm
net745,140µm
net3432,139.92µm
_11090_,139.89µm
_07405_,139.79µm
net597,139.74µm
net1024,139.68µm
_10059_,139.64µm
_11055_,139.64µm
_09906_,139.63µm
net1252,139.59µm
net3156,139.59µm
net4168,139.59µm
net527,139.58µm
_08436_,139.54µm
u_integration_final.integration_inst.reg_bank_inst.mat_arr\[6\]\[5\],139.54µm
net1303,139.54µm
net1483,139.54µm
net4141,139.54µm
net4521,139.54µm
net2122,139.49µm
_03267_,139.44µm
_04153_,139.44µm
_07791_,139.44µm
_12013_,139.44µm
net543,139.44µm
net924,139.44µm
net4029,139.4µm
_01797_,139.36µm
net414,139.23µm
net3974,139.23µm
_10530_,139.08µm
net3882,139.08µm
net2486,139.03µm
net4419,139.03µm
_06780_,138.98µm
_13136_,138.98µm
_17017_,138.98µm
net1286,138.98µm
net2266,138.98µm
net2750,138.98µm
net2885,138.98µm
net4161,138.98µm
_17152_,138.93µm
u_integration_final.integration_inst.reg_bank_inst.matrix_sel_b\[0\],138.93µm
net4046,138.93µm
net896,138.89µm
_07581_,138.88µm
net1025,138.67µm
net2908,138.67µm
net2517,138.57µm
net2876,138.57µm
_10930_,138.52µm
_13928_,138.52µm
net553,138.52µm
net1063,138.52µm
net3199,138.52µm
u_integration_final.integration_inst.mac_grid_inst.ROW_LOOP\[1\].COL_LOOP\[2\].mac_inst.product\[1\],138.47µm
net4134,138.47µm
net4545,138.47µm
_10933_,138.42µm
net1269,138.42µm
net1371,138.42µm
net4421,138.42µm
_02010_,138.37µm
_07861_,138.37µm
net1627,138.37µm
net2503,138.37µm
u_integration_final.integration_inst.quant_op_data\[1\],138.32µm
net4538,138.32µm
_07483_,138.27µm
_10230_,137.96µm
net786,137.96µm
net955,137.96µm
net1903,137.96µm
_08513_,137.91µm
_11375_,137.91µm
_02365_,137.86µm
_08418_,137.86µm
_09511_,137.86µm
_10947_,137.86µm
net2553,137.86µm
u_integration_final.integration_inst.command_parser_inst.i_uart_rx_data\[5\],137.81µm
net2142,137.81µm
_00104_,137.76µm
net62,137.76µm
net791,137.76µm
net3468,137.76µm
_17225_,137.53µm
_08391_,137.48µm
u_integration_final.integration_inst.command_parser_inst.o_quantizer_scale\[2\],137.4µm
u_integration_final.integration_inst.reg_bank_inst.mat_arr\[34\]\[0\],137.4µm
u_integration_final.integration_inst.reg_bank_inst.mat_arr\[7\]\[7\],137.35µm
_06456_,137.3µm
_11491_,137.3µm
u_integration_final.integration_inst.reg_bank_inst.mat_arr\[29\]\[3\],137.3µm
net195,137.3µm
net1722,137.3µm
net2551,137.3µm
net2670,137.3µm
_11424_,137.25µm
_15344_,137.25µm
net530,137.25µm
net758,137.25µm
net876,137.25µm
net1419,137.25µm
net2145,137.25µm
net4361,137.25µm
_08054_,137.2µm
net120,137.2µm
net2499,137.13µm
net1516,137.11µm
_08441_,136.99µm
u_integration_final.integration_inst.reg_bank_inst.mat_arr\[35\]\[2\],136.99µm
u_integration_final.integration_inst.reg_bank_inst.mat_arr\[29\]\[7\],136.79µm
net3527,136.79µm
net1706,136.78µm
_12192_,136.74µm
u_integration_final.integration_inst.mac_grid_inst.ROW_LOOP\[2\].COL_LOOP\[2\].mac_inst.product\[9\],136.74µm
net1597,136.74µm
net2861,136.74µm
net3070,136.74µm
_10526_,136.72µm
u_integration_final.integration_inst.reg_bank_inst.mat_arr\[8\]\[0\],136.69µm
net94,136.69µm
net2041,136.69µm
net2939,136.69µm
net4619,136.69µm
_13073_,136.64µm
net3263,136.64µm
net4392,136.64µm
net2141,136.46µm
_07592_,136.38µm
net1010,136.33µm
net586,136.28µm
net1186,136.28µm
_01798_,136.23µm
_13960_,136.23µm
net1995,136.23µm
net3970,136.23µm
net4289,136.23µm
_01859_,136.18µm
u_integration_final.integration_inst.command_parser_inst.o_quantizer_scale\[5\],136.18µm
net590,136.18µm
net2646,136.18µm
_03878_,136.13µm
_08015_,136.13µm
_08021_,136.13µm
net1146,136.13µm
net1767,136.13µm
net583,136.08µm
net1068,136.08µm
net3305,136.08µm
_01922_,135.73µm
net3239,135.7µm
_13303_,135.67µm
net902,135.67µm
net3237,135.67µm
_08001_,135.62µm
_11710_,135.62µm
net950,135.62µm
net2000,135.62µm
net2307,135.62µm
net2838,135.62µm
net3404,135.57µm
_03501_,135.52µm
_11210_,135.52µm
net73,135.52µm
net2935,135.52µm
_14979_,135.19µm
net168,135.16µm
net3338,135.16µm
_02146_,135.11µm
_17086_,135.11µm
net4209,135.11µm
net4541,135.11µm
_07489_,135.06µm
_08498_,135.06µm
_16292_,135.06µm
net626,135.06µm
net1088,135.06µm
_09291_,135.01µm
_10507_,135.01µm
_11082_,135.01µm
_13193_,135.01µm
u_integration_final.integration_inst.mac_grid_inst.ROW_LOOP\[0\].COL_LOOP\[0\].mac_inst.product\[14\],135.01µm
net1779,135.01µm
u_integration_final.integration_inst.mac_grid_inst.ROW_LOOP\[1\].COL_LOOP\[2\].mac_inst.product\[7\],134.96µm
u_integration_final.integration_inst.reg_bank_inst.cols_a_d\[3\]\[1\],134.96µm
net4561,134.88µm
_01815_,134.65µm
u_integration_final.integration_inst.reg_bank_inst.mat_arr\[6\]\[1\],134.6µm
net3272,134.6µm
_13175_,134.58µm
_11580_,134.55µm
u_integration_final.integration_inst.reg_bank_inst.mat_arr\[7\]\[5\],134.55µm
net3069,134.55µm
net4573,134.55µm
net348,134.45µm
net1628,134.45µm
net2294,134.45µm
net2863,134.45µm
net3139,134.45µm
net4353,134.45µm
net436,134.4µm
net1757,134.4µm
_07374_,134.14µm
u_integration_final.integration_inst.reg_bank_inst.mat_arr\[10\]\[7\],134.14µm
net3180,134.09µm
_07453_,134.04µm
net3490,134.02µm
_01845_,133.99µm
u_integration_final.integration_inst.reg_bank_inst.mat_arr\[9\]\[1\],133.99µm
net2267,133.99µm
_07457_,133.94µm
_08520_,133.94µm
_16963_,133.94µm
u_integration_final.integration_inst.reg_bank_inst.mat_arr\[33\]\[0\],133.94µm
net3311,133.94µm
net920,133.89µm
net999,133.89µm
net1761,133.89µm
net3204,133.89µm
net3532,133.89µm
net3680,133.89µm
net248,133.86µm
net3693,133.84µm
net3708,133.84µm
_15349_,133.58µm
net1432,133.48µm
_11149_,133.43µm
net670,133.43µm
net2340,133.43µm
net3155,133.43µm
net3504,133.43µm
_10421_,133.38µm
u_integration_final.integration_inst.mac_grid_inst.ROW_LOOP\[0\].COL_LOOP\[0\].mac_inst.product\[3\],133.38µm
u_integration_final.integration_inst.mac_grid_inst.ROW_LOOP\[2\].COL_LOOP\[1\].mac_inst.product\[12\],133.38µm
net2804,133.38µm
_14028_,133.28µm
net911,133.28µm
net2178,133.28µm
net4588,132.92µm
_11095_,132.87µm
_13158_,132.82µm
net3819,132.82µm
_00125_,132.77µm
_08044_,132.77µm
_12386_,132.77µm
net272,132.77µm
net1774,132.77µm
net2898,132.77µm
_04397_,132.72µm
net1752,132.72µm
net2470,132.72µm
net3150,132.72µm
_08042_,132.69µm
net3196,132.41µm
_16325_,132.36µm
u_integration_final.integration_inst.reg_bank_inst.mat_arr\[11\]\[7\],132.36µm
net1728,132.36µm
net4229,132.31µm
_11464_,132.26µm
u_integration_final.integration_inst.command_parser_inst.o_shift_row,132.26µm
net2416,132.26µm
net2941,132.26µm
net2983,132.26µm
_03794_,132.21µm
_12424_,132.21µm
u_integration_final.integration_inst.reg_bank_inst.cols_a\[0\],132.21µm
u_integration_final.integration_inst.reg_bank_inst.mat_arr\[8\]\[3\],132.21µm
net629,132.21µm
net765,132.21µm
net1616,132.21µm
net3030,132.21µm
net3111,132.21µm
net4679,132.21µm
_02060_,132.16µm
net1846,132.16µm
net3220,132.16µm
net3325,132.16µm
net2664,132.08µm
_10877_,131.85µm
u_integration_final.integration_inst.reg_bank_inst.accum\[8\]\[2\],131.8µm
_08511_,131.75µm
_11235_,131.75µm
_12187_,131.75µm
net578,131.75µm
net1262,131.75µm
net1953,131.75µm
_01885_,131.7µm
_13889_,131.7µm
net581,131.7µm
net1045,131.7µm
net3231,131.7µm
_06432_,131.65µm
_08455_,131.65µm
net1,131.65µm
net1943,131.65µm
net3644,131.65µm
net3909,131.65µm
net4484,131.65µm
_02652_,131.6µm
net3307,131.34µm
u_integration_final.integration_inst.reg_bank_inst.mat_arr\[24\]\[1\],131.29µm
net3536,131.29µm
_10732_,131.19µm
_14894_,131.19µm
_00112_,131.14µm
_12435_,131.14µm
u_integration_final.integration_inst.reg_bank_inst.mat_arr\[15\]\[6\],131.14µm
net2583,131.12µm
_08591_,131.09µm
_08714_,131.09µm
net4130,131.09µm
u_integration_final.integration_inst.reg_bank_inst.mat_arr\[33\]\[7\],131.04µm
net47,131.04µm
net3651,131.04µm
net4442,131.04µm
net1813,130.73µm
_12351_,130.68µm
net1263,130.68µm
net1316,130.63µm
net2433,130.63µm
u_integration_final.integration_inst.reg_bank_inst.mat_arr\[0\]\[2\],130.58µm
u_integration_final.uart_inst.ut.dataBuf\[7\],130.58µm
net225,130.58µm
net533,130.58µm
net973,130.58µm
net4288,130.58µm
u_integration_final.integration_inst.reg_bank_inst.mat_arr\[20\]\[7\],130.53µm
net2913,130.53µm
net3133,130.53µm
net3234,130.53µm
net3291,130.53µm
net4536,130.53µm
_13038_,130.48µm
net41,130.48µm
net2075,130.48µm
_11087_,130.35µm
net444,130.08µm
_07959_,130.07µm
net309,130.07µm
net893,130.07µm
net1173,130.02µm
_14578_,129.97µm
_14608_,129.97µm
u_integration_final.integration_inst.mac_grid_inst.ROW_LOOP\[1\].COL_LOOP\[1\].mac_inst.product\[8\],129.97µm
net3189,129.97µm
net3277,129.97µm
net3612,129.97µm
net3820,129.97µm
net4133,129.97µm
_09571_,129.92µm
_11153_,129.92µm
_07537_,129.66µm
_11174_,129.51µm
u_integration_final.integration_inst.reg_bank_inst.mat_arr\[29\]\[5\],129.51µm
net1997,129.51µm
net4404,129.51µm
net1885,129.47µm
net889,129.46µm
net2151,129.46µm
net3796,129.46µm
u_integration_final.integration_inst.mac_grid_inst.ROW_LOOP\[2\].COL_LOOP\[2\].mac_inst.product\[15\],129.41µm
net3598,129.41µm
net3688,129.41µm
_13069_,129.36µm
net658,129.36µm
net1073,129.36µm
net3944,129.36µm
net884,129.18µm
_11196_,129.05µm
net1107,129µm
net1359,129µm
net2126,129µm
net559,128.95µm
_16290_,128.9µm
u_integration_final.integration_inst.reg_bank_inst.mat_arr\[32\]\[0\],128.9µm
net556,128.9µm
net1636,128.9µm
net4366,128.9µm
_02449_,128.85µm
_10053_,128.85µm
net1829,128.85µm
net4193,128.85µm
_08018_,128.8µm
_08202_,128.8µm
u_integration_final.integration_inst.reg_bank_inst.mat_arr\[30\]\[3\],128.8µm
net1076,128.8µm
net1736,128.8µm
net2956,128.8µm
u_integration_final.integration_inst.reg_bank_inst.mat_arr\[34\]\[2\],128.54µm
net2282,128.49µm
net3957,128.44µm
_16468_,128.39µm
_16314_,128.34µm
u_integration_final.integration_inst.reg_bank_inst.mat_arr\[22\]\[4\],128.34µm
net167,128.34µm
net1791,128.34µm
net3173,128.34µm
net1070,128.29µm
net2778,128.24µm
u_integration_final.integration_inst.reg_bank_inst.mat_arr\[11\]\[0\],127.93µm
net3642,127.93µm
clknet_leaf_62_i_clk,127.93µm
_02656_,127.88µm
clknet_leaf_63_i_clk,127.88µm
_07901_,127.83µm
net942,127.83µm
net4248,127.83µm
_11188_,127.78µm
u_integration_final.integration_inst.reg_bank_inst.mat_arr\[11\]\[6\],127.78µm
net2422,127.78µm
net3968,127.78µm
net4151,127.78µm
_10874_,127.73µm
_11199_,127.73µm
_11404_,127.73µm
net523,127.73µm
net3238,127.73µm
net3323,127.73µm
net4045,127.73µm
_15023_,127.68µm
net114,127.68µm
net1577,127.68µm
net1787,127.68µm
_06690_,127.47µm
net293,127.37µm
_09809_,127.32µm
net3271,127.32µm
_07517_,127.27µm
net557,127.27µm
net2660,127.27µm
_10867_,127.22µm
_16476_,127.22µm
net799,127.22µm
net1967,127.22µm
net3010,127.22µm
net4171,127.22µm
_09924_,127.17µm
net132,127.17µm
net879,127.17µm
net1090,127.17µm
net2355,127.17µm
net4156,127.17µm
net2495,127.12µm
_10897_,127.08µm
_08487_,126.81µm
_08475_,126.76µm
u_integration_final.integration_inst.command_parser_inst.o_matrix_signed,126.76µm
net689,126.71µm
net3016,126.66µm
_06662_,126.61µm
_07424_,126.61µm
_11315_,126.61µm
net102,126.61µm
net2932,126.61µm
net3226,126.61µm
net3460,126.61µm
net3765,126.56µm
_11113_,126.25µm
_02654_,126.2µm
_11117_,126.15µm
u_integration_final.integration_inst.command_parser_inst.i_uart_rx_data\[6\],126.15µm
net1707,126.15µm
net2560,126.15µm
_01973_,126.1µm
_08056_,126.1µm
_10929_,126.1µm
u_integration_final.integration_inst.quantizer_inst.scaled_data\[21\],126.1µm
net662,126.1µm
_01952_,126.09µm
u_integration_final.integration_inst.quant_op_data\[6\],126.05µm
net72,126.05µm
net1341,126.05µm
net2119,126.05µm
net2985,126.05µm
u_integration_final.integration_inst.reg_bank_inst.mat_arr\[21\]\[5\],126µm
net1029,126µm
net1275,125.93µm
net1009,125.64µm
net3645,125.64µm
net585,125.62µm
net1605,125.54µm
net378,125.51µm
u_integration_final.integration_inst.mac_grid_inst.ROW_LOOP\[1\].COL_LOOP\[0\].mac_inst.product\[15\],125.49µm
net2534,125.49µm
net2893,125.49µm
net3301,125.49µm
_07461_,125.44µm
_08278_,125.44µm
net2168,125.44µm
_12333_,125.08µm
net1981,125.08µm
net528,125.03µm
_08726_,124.98µm
net405,124.98µm
net860,124.98µm
net1340,124.98µm
_03252_,124.93µm
net2342,124.93µm
net2661,124.93µm
net3445,124.93µm
net1817,124.88µm
net3343,124.88µm
net194,124.52µm
net264,124.52µm
net3122,124.52µm
_01931_,124.47µm
_13201_,124.42µm
_01910_,124.37µm
_03096_,124.37µm
_03286_,124.37µm
net1075,124.37µm
net1604,124.37µm
net2516,124.37µm
net230,124.32µm
net883,124.32µm
net1488,124.32µm
net2246,124.32µm
net2292,124.32µm
net2507,124.32µm
net2635,124.32µm
net2806,124.32µm
u_integration_final.integration_inst.command_parser_inst.byte_count\[0\],124.06µm
net472,123.96µm
_09710_,123.94µm
net871,123.91µm
net3625,123.91µm
net4293,123.91µm
_07509_,123.86µm
_07708_,123.86µm
_13042_,123.86µm
net100,123.86µm
net319,123.86µm
net2960,123.86µm
net3244,123.86µm
u_integration_final.integration_inst.mac_grid_inst.ROW_LOOP\[1\].COL_LOOP\[2\].mac_inst.product\[6\],123.81µm
net30,123.81µm
net1050,123.81µm
net1235,123.81µm
net3942,123.81µm
_01722_,123.76µm
net491,123.76µm
net2773,123.76µm
_12393_,123.7µm
_11144_,123.5µm
_16461_,123.5µm
net3479,123.5µm
u_integration_final.integration_inst.reg_bank_inst.mat_arr\[2\]\[4\],123.4µm
net1236,123.4µm
_10449_,123.35µm
_08004_,123.3µm
_15623_,123.3µm
u_integration_final.integration_inst.mac_grid_inst.ROW_LOOP\[1\].COL_LOOP\[0\].mac_inst.product\[8\],123.3µm
u_integration_final.integration_inst.reg_bank_inst.mat_arr\[15\]\[3\],123.3µm
u_integration_final.integration_inst.reg_bank_inst.mat_arr\[19\]\[4\],123.3µm
_14035_,123.29µm
_04715_,123.25µm
net595,123.25µm
net1171,123.25µm
net1614,123.25µm
net3482,123.25µm
_00897_,123.2µm
_12022_,123.2µm
net2554,123.2µm
net3973,122.79µm
_08474_,122.74µm
_08797_,122.74µm
_12179_,122.74µm
net2866,122.74µm
_09742_,122.69µm
_14036_,122.68µm
_14812_,122.64µm
_15565_,122.64µm
net43,122.64µm
_11187_,122.28µm
net981,122.28µm
_11225_,122.23µm
u_integration_final.integration_inst.reg_bank_inst.mat_arr\[3\]\[1\],122.23µm
_14069_,122.18µm
u_integration_final.integration_inst.quant_op_data\[0\],122.18µm
u_integration_final.integration_inst.reg_bank_inst.mat_arr\[33\]\[3\],122.18µm
net996,122.18µm
net1172,122.18µm
net3619,122.18µm
_03261_,122.13µm
_04393_,122.13µm
u_integration_final.integration_inst.reg_bank_inst.mat_arr\[30\]\[5\],122.13µm
net2179,122.13µm
net2558,122.13µm
net2703,122.13µm
net4543,122.13µm
_07584_,122.08µm
_08309_,122.08µm
net79,122.08µm
u_integration_final.integration_inst.reg_bank_inst.mat_arr\[10\]\[5\],121.92µm
_08481_,121.72µm
net3513,121.72µm
net861,121.67µm
net3984,121.67µm
u_integration_final.integration_inst.mac_grid_inst.ROW_LOOP\[1\].COL_LOOP\[2\].mac_inst.product\[11\],121.62µm
u_integration_final.integration_inst.mac_grid_inst.ROW_LOOP\[1\].COL_LOOP\[2\].mac_inst.product\[13\],121.62µm
u_integration_final.integration_inst.quantizer_inst.scaled_data\[26\],121.62µm
u_integration_final.integration_inst.reg_bank_inst.mat_arr\[26\]\[1\],121.62µm
_10893_,121.57µm
net951,121.57µm
_11390_,121.52µm
net1434,121.52µm
net3671,121.52µm
net3734,121.52µm
net4487,121.52µm
net587,121.36µm
_02657_,121.21µm
net721,121.21µm
net3211,121.16µm
_13075_,121.11µm
net1678,121.11µm
net1693,121.11µm
net1857,121.11µm
net2331,121.11µm
net2734,121.11µm
_10890_,121.06µm
_11040_,121.06µm
_13067_,121.06µm
net288,121.06µm
net1773,121.06µm
net2213,121.06µm
net2783,121.06µm
_10570_,121.01µm
_12286_,121.01µm
u_integration_final.integration_inst.quantizer_inst.target_dtype_2\[0\],121.01µm
net59,121.01µm
net1194,121.01µm
net1299,121.01µm
net2841,121.01µm
u_integration_final.integration_inst.command_parser_inst.i_uart_rx_data\[0\],120.96µm
u_integration_final.integration_inst.mac_grid_inst.ROW_LOOP\[2\].COL_LOOP\[1\].mac_inst.product\[11\],120.96µm
net70,120.96µm
net612,120.96µm
net1824,120.96µm
net2436,120.96µm
net3418,120.96µm
_13031_,120.6µm
net877,120.6µm
_13118_,120.57µm
net2187,120.55µm
net2740,120.55µm
net4030,120.55µm
net3061,120.5µm
net4249,120.5µm
u_integration_final.integration_inst.command_parser_inst.o_data\[2\],120.45µm
net60,120.45µm
net846,120.45µm
net1705,120.45µm
net4409,120.45µm
_00153_,120.4µm
_08509_,120.4µm
_10989_,120.4µm
_15475_,120.4µm
_07447_,120.3µm
net170,120.19µm
net2208,120.17µm
u_integration_final.integration_inst.reg_bank_inst.mat_arr\[16\]\[4\],120.14µm
net1140,120.14µm
_14121_,120.09µm
u_integration_final.integration_inst.reg_bank_inst.mat_arr\[15\]\[4\],120.09µm
net2268,120.09µm
net2423,119.99µm
net1034,119.98µm
_11184_,119.94µm
_12197_,119.94µm
u_integration_final.integration_inst.reg_bank_inst.mat_arr\[17\]\[4\],119.94µm
net915,119.94µm
_03368_,119.89µm
_08276_,119.89µm
_14896_,119.89µm
net1087,119.89µm
net3676,119.89µm
net3763,119.89µm
_06508_,119.84µm
_08025_,119.84µm
_09161_,119.84µm
u_integration_final.integration_inst.reg_bank_inst.matrix_signed\[0\]\[0\],119.84µm
net1571,119.84µm
net2899,119.84µm
_09985_,119.57µm
_11170_,119.43µm
net3541,119.43µm
_04458_,119.38µm
_08167_,119.38µm
_11025_,119.38µm
net2374,119.38µm
_08403_,119.33µm
u_integration_final.integration_inst.command_parser_inst.o_quantizer_scale\[13\],119.33µm
u_integration_final.integration_inst.reg_bank_inst.mat_arr\[18\]\[5\],119.33µm
net1085,119.33µm
_07419_,119.28µm
net518,119.28µm
net1155,119.28µm
net467,119.24µm
net1139,119.24µm
net3141,119.1µm
_07550_,118.94µm
net227,118.92µm
net2290,118.92µm
_11370_,118.87µm
net199,118.87µm
net335,118.87µm
_13257_,118.86µm
_08003_,118.82µm
_11081_,118.82µm
_12202_,118.82µm
_17211_,118.82µm
u_integration_final.integration_inst.command_parser_inst.o_matrix_cols\[0\],118.82µm
u_integration_final.integration_inst.reg_bank_inst.mat_arr\[18\]\[1\],118.82µm
u_integration_final.integration_inst.reg_bank_inst.mat_arr\[29\]\[1\],118.82µm
_10896_,118.77µm
_10988_,118.77µm
_11096_,118.77µm
_14749_,118.77µm
u_integration_final.integration_inst.mac_grid_inst.ROW_LOOP\[1\].COL_LOOP\[1\].mac_inst.product\[12\],118.77µm
net1724,118.77µm
_15492_,118.72µm
net3631,118.72µm
net3927,118.72µm
net4517,118.72µm
u_integration_final.integration_inst.mac_grid_inst.ROW_LOOP\[1\].COL_LOOP\[0\].mac_inst.product\[11\],118.42µm
_10958_,118.41µm
_14022_,118.31µm
_14980_,118.31µm
u_integration_final.integration_inst.mac_grid_inst.ROW_LOOP\[0\].COL_LOOP\[1\].mac_inst.product\[15\],118.31µm
net508,118.31µm
_07651_,118.26µm
u_integration_final.integration_inst.mac_grid_inst.ROW_LOOP\[2\].COL_LOOP\[2\].mac_inst.product\[11\],118.26µm
net320,118.26µm
net3790,118.26µm
net4338,118.26µm
_10907_,118.22µm
_10891_,118.21µm
_11663_,118.21µm
_14610_,118.21µm
u_integration_final.integration_inst.mac_grid_inst.ROW_LOOP\[0\].COL_LOOP\[1\].mac_inst.product\[3\],118.21µm
net1324,118.21µm
net3889,118.21µm
net4606,118.21µm
_11242_,118.16µm
_17021_,118.16µm
u_integration_final.integration_inst.reg_bank_inst.cols_a_d\[3\]\[0\],118.16µm
net853,118.16µm
net3583,118.16µm
_13300_,118.09µm
_01881_,117.93µm
_08268_,117.93µm
_10965_,117.75µm
net940,117.75µm
net3108,117.75µm
net441,117.7µm
net2515,117.7µm
net450,117.65µm
net1281,117.65µm
net3757,117.65µm
_04154_,117.6µm
_08029_,117.6µm
_08293_,117.6µm
u_integration_final.integration_inst.reg_bank_inst.current_state\[3\],117.6µm
net3322,117.6µm
net1606,117.32µm
_11023_,117.24µm
net439,117.16µm
net1827,117.14µm
net3673,117.14µm
_06536_,117.09µm
_11123_,117.09µm
_11419_,117.09µm
_00124_,117.04µm
_15309_,117.04µm
net1821,117.04µm
u_integration_final.integration_inst.reg_bank_inst.mat_arr\[8\]\[1\],116.73µm
_08512_,116.68µm
_03367_,116.63µm
_06820_,116.63µm
net345,116.63µm
net2371,116.63µm
_02303_,116.61µm
net714,116.58µm
net2822,116.58µm
_11527_,116.53µm
u_integration_final.integration_inst.command_parser_inst.o_data_load,116.53µm
net82,116.53µm
net1613,116.53µm
net3184,116.53µm
_01623_,116.48µm
_16927_,116.48µm
net842,116.48µm
_10633_,116.17µm
u_integration_final.integration_inst.reg_bank_inst.mat_arr\[28\]\[0\],116.12µm
_07589_,116.07µm
_10951_,116.07µm
_13248_,116.02µm
net4518,116.02µm
_09545_,115.97µm
_11575_,115.97µm
net109,115.97µm
net465,115.97µm
net1758,115.97µm
net2409,115.97µm
_10992_,115.92µm
net2045,115.92µm
net904,115.56µm
net3568,115.56µm
_07335_,115.51µm
net2765,115.51µm
net4183,115.51µm
_13074_,115.46µm
net169,115.46µm
net1930,115.46µm
net2289,115.46µm
net2306,115.46µm
_00148_,115.41µm
_08053_,115.41µm
_09142_,115.41µm
_10962_,115.41µm
_16921_,115.41µm
u_integration_final.integration_inst.reg_bank_inst.mat_arr\[20\]\[3\],115.41µm
_08050_,115.36µm
net290,115.36µm
net633,115.36µm
net3748,115.36µm
u_integration_final.integration_inst.reg_bank_inst.mat_arr\[20\]\[2\],115.05µm
u_integration_final.integration_inst.mac_grid_inst.ROW_LOOP\[0\].COL_LOOP\[2\].mac_inst.product\[0\],114.95µm
u_integration_final.integration_inst.reg_bank_inst.mat_arr\[18\]\[4\],114.95µm
net2199,114.95µm
_01889_,114.9µm
_07488_,114.9µm
_10810_,114.9µm
net90,114.9µm
net3906,114.9µm
_07479_,114.85µm
_08524_,114.85µm
_11423_,114.85µm
_12205_,114.85µm
_15059_,114.85µm
u_integration_final.integration_inst.quantizer_inst.zp_1\[7\],114.85µm
net57,114.85µm
net925,114.85µm
net1152,114.85µm
net1182,114.85µm
net4051,114.85µm
_12294_,114.8µm
net22,114.8µm
u_integration_final.uart_inst.ur.inSync\[1\],114.73µm
net342,114.61µm
net1144,114.48µm
_07539_,114.44µm
_01873_,114.39µm
_16616_,114.39µm
_11057_,114.34µm
u_integration_final.integration_inst.reg_bank_inst.current_state\[5\],114.34µm
net1950,114.34µm
net2006,114.34µm
_09115_,114.29µm
_10494_,114.29µm
u_integration_final.integration_inst.mac_grid_inst.ROW_LOOP\[0\].COL_LOOP\[2\].mac_inst.product\[13\],114.29µm
u_integration_final.integration_inst.reg_bank_inst.mat_arr\[12\]\[1\],114.29µm
net2466,114.29µm
net2925,114.29µm
net4671,114.29µm
u_integration_final.integration_inst.reg_bank_inst.mat_arr\[18\]\[6\],114.06µm
_03823_,114.01µm
_17121_,113.93µm
_01784_,113.88µm
u_integration_final.integration_inst.reg_bank_inst.mat_arr\[7\]\[3\],113.88µm
u_integration_final.integration_inst.command_parser_inst.o_quantizer_scale\[12\],113.83µm
u_integration_final.integration_inst.reg_bank_inst.mat_arr\[20\]\[0\],113.83µm
net470,113.83µm
_03280_,113.78µm
_04749_,113.73µm
_06519_,113.73µm
net827,113.73µm
net1048,113.73µm
_03525_,113.68µm
_06744_,113.68µm
u_integration_final.integration_inst.command_parser_inst.o_clamp_max\[7\],113.68µm
u_integration_final.integration_inst.quantizer_inst.scaled_data\[10\],113.68µm
net135,113.68µm
net2047,113.68µm
net2131,113.68µm
net3202,113.45µm
_08538_,113.27µm
u_integration_final.integration_inst.reg_bank_inst.mat_arr\[15\]\[7\],113.27µm
u_integration_final.integration_inst.quantizer_inst.scaled_data\[29\],113.22µm
net875,113.22µm
_00111_,113.17µm
_08036_,113.17µm
_10994_,113.17µm
_11286_,113.17µm
_12855_,113.17µm
u_integration_final.integration_inst.reg_bank_inst.mat_arr\[22\]\[7\],113.17µm
net484,113.17µm
net2360,113.12µm
net2964,113.12µm
_01868_,112.86µm
net3431,112.84µm
net2764,112.76µm
_13910_,112.71µm
_11418_,112.66µm
_16651_,112.66µm
_08087_,112.61µm
_11257_,112.61µm
u_integration_final.integration_inst.command_parser_inst.o_clamp_max\[4\],112.61µm
net922,112.61µm
net1608,112.61µm
net3623,112.61µm
_04866_,112.56µm
_07621_,112.56µm
u_integration_final.integration_inst.quantizer_inst.scaled_data\[19\],112.56µm
_13034_,112.48µm
u_integration_final.integration_inst.reg_bank_inst.mat_arr\[0\]\[1\],112.15µm
_00151_,112.1µm
net1482,112.1µm
net3253,112.1µm
_08453_,112.05µm
_15024_,112.05µm
_04942_,112µm
_16334_,112µm
u_integration_final.integration_inst.quantizer_inst.scaled_data\[7\],112µm
net1028,112µm
net2973,112µm
_08662_,111.54µm
net1095,111.54µm
net4623,111.54µm
_16424_,111.49µm
u_integration_final.integration_inst.command_parser_inst.o_quantizer_scale\[6\],111.49µm
net526,111.49µm
net1311,111.49µm
_08480_,111.44µm
net115,111.44µm
net1268,111.44µm
net3667,111.44µm
net3762,111.44µm
_16367_,111.28µm
u_integration_final.integration_inst.reg_bank_inst.mat_arr\[30\]\[2\],111.08µm
net2758,111.08µm
u_integration_final.integration_inst.reg_bank_inst.mat_arr\[22\]\[1\],111.03µm
net1052,111.03µm
_01893_,110.98µm
_07458_,110.98µm
_07897_,110.98µm
_11650_,110.98µm
net130,110.98µm
net3391,110.98µm
_06459_,110.93µm
_07820_,110.93µm
_08471_,110.93µm
_08486_,110.93µm
_08934_,110.93µm
net563,110.93µm
net764,110.93µm
_08289_,110.88µm
_11536_,110.88µm
net3501,110.88µm
u_integration_final.integration_inst.reg_bank_inst.mat_arr\[23\]\[4\],110.8µm
_00103_,110.57µm
net2570,110.47µm
net4082,110.47µm
_07175_,110.42µm
_08419_,110.42µm
_12048_,110.42µm
net554,110.42µm
net1238,110.42µm
_04130_,110.37µm
_08274_,110.37µm
_09439_,110.37µm
_13982_,110.37µm
_04943_,110.32µm
_08206_,110.32µm
_10829_,110.32µm
_11554_,110.32µm
_15334_,110.32µm
_15544_,110.32µm
u_integration_final.integration_inst.quant_op_data\[4\],110.32µm
u_integration_final.integration_inst.reg_bank_inst.rows_a_d\[3\]\[1\],110.32µm
u_integration_final.integration_inst.command_parser_inst.o_quantizer_scale\[3\],110.04µm
_03369_,109.91µm
u_integration_final.integration_inst.reg_bank_inst.mat_arr\[26\]\[5\],109.91µm
net1203,109.91µm
_10164_,109.86µm
_13992_,109.86µm
_14889_,109.86µm
_15516_,109.86µm
u_integration_final.integration_inst.quantizer_inst.scaled_data\[30\],109.86µm
net4231,109.86µm
net2118,109.85µm
_09908_,109.81µm
_10976_,109.81µm
u_integration_final.integration_inst.mac_grid_inst.ROW_LOOP\[1\].COL_LOOP\[2\].mac_inst.product\[15\],109.81µm
u_integration_final.integration_inst.quantizer_inst.scaled_data\[25\],109.81µm
_10466_,109.76µm
net4441,109.76µm
_10626_,109.66µm
_10862_,109.45µm
u_integration_final.integration_inst.reg_bank_inst.mat_arr\[35\]\[4\],109.45µm
u_integration_final.integration_inst.reg_bank_inst.mat_arr\[2\]\[7\],109.4µm
net1594,109.4µm
_14083_,109.35µm
net1169,109.35µm
net2881,109.35µm
_12212_,109.32µm
u_integration_final.integration_inst.reg_bank_inst.mat_arr\[30\]\[0\],109.3µm
net1970,109.3µm
net3717,109.3µm
_02148_,109.25µm
_03097_,109.25µm
_08224_,109.25µm
_10851_,109.25µm
u_integration_final.integration_inst.command_parser_inst.o_uart_tx_new,109.25µm
u_integration_final.integration_inst.mac_grid_inst.valid_array\[1\]\[0\],109.25µm
net460,109.25µm
net2493,109.25µm
net2787,109.25µm
net2803,109.25µm
net3267,109.25µm
net3509,109.25µm
_03725_,109.2µm
_11310_,109.2µm
net566,109.2µm
net4386,109.2µm
_09042_,108.84µm
net374,108.8µm
u_integration_final.integration_inst.reg_bank_inst.mat_arr\[32\]\[5\],108.79µm
_01624_,108.74µm
_13060_,108.74µm
net412,108.74µm
net2824,108.74µm
_12198_,108.69µm
_02229_,108.64µm
net646,108.64µm
net663,108.64µm
net1239,108.64µm
net2302,108.64µm
net3192,108.64µm
u_integration_final.integration_inst.command_parser_inst.o_matrix_rows\[0\],108.38µm
net892,108.29µm
_14875_,108.28µm
u_integration_final.integration_inst.reg_bank_inst.mat_arr\[31\]\[6\],108.23µm
net864,108.23µm
net1386,108.23µm
_03249_,108.18µm
net365,108.18µm
net1096,108.18µm
net1460,108.18µm
_08370_,108.13µm
_10898_,108.13µm
_11953_,108.13µm
u_integration_final.integration_inst.quantizer_inst.scaled_data\[18\],108.13µm
net3303,108.13µm
net4044,108.13µm
_00078_,108.08µm
_02064_,108.08µm
_08485_,108.08µm
_09158_,108.08µm
_11002_,108.08µm
net1404,108.08µm
net4097,108.08µm
net2382,107.72µm
_06412_,107.67µm
_06699_,107.67µm
_08617_,107.67µm
net539,107.67µm
u_integration_final.integration_inst.mac_grid_inst.valid_array\[0\]\[0\],107.62µm
net502,107.62µm
net1683,107.62µm
net2504,107.62µm
net3367,107.62µm
net3897,107.62µm
_03659_,107.57µm
u_integration_final.integration_inst.command_parser_inst.i_uart_rx_data\[2\],107.57µm
u_integration_final.integration_inst.quantizer_inst.scaled_data\[47\],107.57µm
net2265,107.57µm
net2546,107.57µm
net3167,107.57µm
net3603,107.57µm
_00075_,107.52µm
_04070_,107.52µm
_14661_,107.52µm
_07588_,107.16µm
_07636_,107.16µm
_15628_,107.16µm
_08555_,107.11µm
u_integration_final.integration_inst.reg_bank_inst.mat_arr\[4\]\[0\],107.11µm
_02197_,107.06µm
_09430_,107.06µm
_09848_,107.06µm
net307,107.06µm
_14755_,107.01µm
net1406,107.01µm
net4054,107.01µm
_03973_,106.96µm
_13991_,106.96µm
_15485_,106.96µm
net507,106.96µm
net1714,106.96µm
_07323_,106.65µm
_02338_,106.62µm
net3616,106.55µm
_17342_,106.5µm
u_integration_final.integration_inst.reg_bank_inst.mat_arr\[5\]\[2\],106.5µm
net1680,106.5µm
net3033,106.5µm
net3368,106.5µm
net3735,106.5µm
_02507_,106.45µm
_12292_,106.45µm
_13152_,106.45µm
_09799_,106.42µm
_00152_,106.4µm
_01832_,106.4µm
_10109_,106.4µm
net1611,106.4µm
net3971,106.4µm
_11203_,106.38µm
_11065_,106.09µm
_13104_,106.09µm
_16454_,105.99µm
u_integration_final.integration_inst.reg_bank_inst.mat_arr\[12\]\[2\],105.99µm
_03302_,105.94µm
_10163_,105.94µm
_12249_,105.94µm
u_integration_final.integration_inst.quantizer_inst.scaled_data\[27\],105.94µm
_08399_,105.89µm
_09614_,105.89µm
_12411_,105.89µm
_12553_,105.89µm
_17105_,105.89µm
_02492_,105.84µm
net4501,105.84µm
u_integration_final.integration_inst.mac_grid_inst.ROW_LOOP\[1\].COL_LOOP\[2\].mac_inst.o_result\[17\],105.48µm
net2746,105.48µm
u_integration_final.integration_inst.mac_grid_inst.ROW_LOOP\[2\].COL_LOOP\[0\].mac_inst.product\[0\],105.38µm
net632,105.38µm
net2947,105.38µm
_16147_,105.33µm
net766,105.33µm
net1086,105.33µm
net1607,105.33µm
net2408,105.33µm
_08047_,105.28µm
_08379_,105.28µm
_17304_,105.28µm
net643,105.28µm
_08039_,104.92µm
_10902_,104.87µm
net50,104.87µm
_03375_,104.82µm
_11041_,104.82µm
net3380,104.82µm
net4464,104.82µm
_01611_,104.77µm
_11757_,104.77µm
net5,104.77µm
net35,104.77µm
_00076_,104.72µm
_07031_,104.72µm
_11485_,104.72µm
net74,104.72µm
net1214,104.72µm
net2579,104.72µm
net3550,104.72µm
net3767,104.72µm
u_integration_final.integration_inst.reg_bank_inst.mat_arr\[25\]\[4\],104.6µm
_10927_,104.36µm
_14049_,104.36µm
net2722,104.36µm
net447,104.34µm
_03978_,104.31µm
net2377,104.31µm
_08265_,104.26µm
u_integration_final.integration_inst.reg_bank_inst.mat_arr\[13\]\[4\],104.26µm
net2206,104.26µm
_03100_,104.21µm
_08098_,104.21µm
_10627_,104.21µm
_17212_,104.21µm
u_integration_final.integration_inst.quantizer_inst.target_dtype_1\[0\],104.21µm
net1601,104.21µm
net2328,104.21µm
_11270_,104.16µm
net2809,104.16µm
u_integration_final.integration_inst.mac_grid_inst.ROW_LOOP\[2\].COL_LOOP\[2\].mac_inst.o_result\[17\],103.95µm
net1497,103.85µm
net1756,103.75µm
net3176,103.75µm
_13156_,103.71µm
_10743_,103.7µm
_17090_,103.7µm
u_integration_final.integration_inst.reg_bank_inst.mat_arr\[22\]\[2\],103.7µm
_11108_,103.65µm
net154,103.65µm
net2401,103.65µm
net4186,103.65µm
net2,103.6µm
net497,103.6µm
u_integration_final.integration_inst.mac_grid_inst.ROW_LOOP\[1\].COL_LOOP\[2\].mac_inst.product\[10\],103.29µm
_10115_,103.21µm
_04705_,103.19µm
u_integration_final.integration_inst.reg_bank_inst.mat_arr\[30\]\[6\],103.19µm
net2393,103.19µm
_05459_,103.14µm
_07598_,103.14µm
_08041_,103.14µm
_08214_,103.14µm
u_integration_final.integration_inst.mac_grid_inst.ROW_LOOP\[1\].COL_LOOP\[2\].mac_inst.product\[3\],103.14µm
net54,103.14µm
net569,103.14µm
net1527,103.14µm
_03272_,103.09µm
_06429_,103.09µm
_07806_,103.09µm
_14604_,103.09µm
_17226_,103.09µm
u_integration_final.integration_inst.reg_bank_inst.mat_arr\[3\]\[3\],103.09µm
net1612,103.09µm
net1868,103.09µm
_03500_,103.04µm
_06810_,103.04µm
net359,103.04µm
net1093,103.04µm
_02277_,103µm
_11151_,102.68µm
_11180_,102.63µm
u_integration_final.integration_inst.reg_bank_inst.mat_arr\[13\]\[1\],102.63µm
net570,102.63µm
net2406,102.63µm
_04033_,102.58µm
_10400_,102.58µm
_14880_,102.58µm
net2359,102.58µm
net2424,102.58µm
_03905_,102.53µm
_10286_,102.53µm
_13147_,102.53µm
u_integration_final.integration_inst.mac_grid_inst.ROW_LOOP\[1\].COL_LOOP\[2\].mac_inst.o_result\[1\],102.53µm
net4100,102.53µm
_02327_,102.48µm
_17218_,102.22µm
u_integration_final.integration_inst.mac_grid_inst.ROW_LOOP\[2\].COL_LOOP\[0\].mac_inst.product\[1\],102.22µm
_13955_,102.12µm
net1250,102.12µm
net69,102.07µm
net487,102.07µm
_00055_,102.02µm
_09045_,102.02µm
_10339_,102.02µm
_10744_,102.02µm
_14137_,102.02µm
net1278,102.02µm
net3702,102.02µm
_06784_,101.97µm
_09246_,101.97µm
_10742_,101.97µm
_12175_,101.97µm
net1049,101.97µm
net3328,101.97µm
net106,101.92µm
net2565,101.92µm
net4244,101.92µm
_12443_,101.71µm
_08517_,101.51µm
_05357_,101.46µm
_06799_,101.46µm
_16385_,101.46µm
u_integration_final.integration_inst.reg_bank_inst.mat_arr\[12\]\[0\],101.46µm
_07523_,101.41µm
_08537_,101.41µm
_10679_,101.41µm
net623,101.41µm
net1218,101.41µm
_07430_,101.36µm
_11214_,101.36µm
net2989,101.36µm
net3503,101.36µm
_06627_,101µm
_12426_,101µm
u_integration_final.integration_inst.reg_bank_inst.mat_arr\[34\]\[5\],100.95µm
net511,100.95µm
_13095_,100.9µm
_13278_,100.9µm
net660,100.9µm
net1040,100.9µm
_11217_,100.85µm
_14209_,100.85µm
net9,100.85µm
net2008,100.85µm
net3750,100.85µm
net464,100.8µm
net2319,100.8µm
net3372,100.78µm
_07569_,100.39µm
_13377_,100.39µm
u_integration_final.integration_inst.reg_bank_inst.mat_arr\[1\]\[1\],100.39µm
_16235_,100.38µm
_09235_,100.34µm
_11064_,100.34µm
u_integration_final.integration_inst.reg_bank_inst.mat_arr\[34\]\[4\],100.34µm
net3476,100.34µm
_07627_,100.29µm
_11222_,100.29µm
_14021_,100.29µm
_15332_,100.29µm
u_integration_final.integration_inst.reg_bank_inst.mat_arr\[23\]\[6\],100.29µm
net84,100.29µm
net329,100.29µm
net843,100.29µm
_10126_,100.24µm
_12310_,100.24µm
net136,100.24µm
net506,100.24µm
net878,100.24µm
net3799,100.24µm
_09736_,100.15µm
net1011,100.03µm
_10446_,99.88µm
_11261_,99.83µm
net4167,99.83µm
_05918_,99.78µm
_09506_,99.78µm
_14211_,99.78µm
_15549_,99.78µm
u_integration_final.integration_inst.reg_bank_inst.mat_arr\[7\]\[0\],99.78µm
_08621_,99.73µm
_17345_,99.73µm
net334,99.73µm
net1610,99.73µm
net1617,99.73µm
net2839,99.73µm
_04610_,99.68µm
net296,99.68µm
u_integration_final.integration_inst.reg_bank_inst.mat_arr\[12\]\[3\],99.32µm
_11565_,99.27µm
u_integration_final.integration_inst.reg_bank_inst.mat_arr\[30\]\[7\],99.27µm
u_integration_final.integration_inst.reg_bank_inst.matrix_cols_st\[1\],99.27µm
net200,99.27µm
net1084,99.27µm
_07472_,99.22µm
_11036_,99.22µm
u_integration_final.integration_inst.reg_bank_inst.mat_arr\[20\]\[5\],99.22µm
net89,99.22µm
_01924_,99.18µm
_07931_,99.17µm
net337,99.17µm
net458,99.17µm
net3727,99.17µm
_04939_,99.12µm
_06889_,99.12µm
_10935_,99.12µm
_14763_,99.12µm
net3250,99.12µm
net927,99.09µm
_05824_,98.66µm
_09101_,98.66µm
u_integration_final.integration_inst.reg_bank_inst.mat_arr\[11\]\[3\],98.66µm
net165,98.66µm
net614,98.66µm
net2559,98.66µm
net3442,98.66µm
_00080_,98.61µm
_01786_,98.61µm
_10394_,98.61µm
_15532_,98.61µm
u_integration_final.integration_inst.mac_grid_inst.ROW_LOOP\[1\].COL_LOOP\[2\].mac_inst.product\[5\],98.61µm
_08372_,98.56µm
u_integration_final.integration_inst.quantizer_inst.scaled_data\[24\],98.56µm
net280,98.56µm
net3714,98.56µm
u_integration_final.integration_inst.reg_bank_inst.rows_a\[1\],98.25µm
_08432_,98.15µm
net1019,98.15µm
_15739_,98.1µm
net304,98.1µm
net4564,98.1µm
_01602_,98.05µm
_04940_,98.05µm
_06789_,98.05µm
net2648,98.05µm
net3713,98.05µm
_03682_,98µm
net3083,98µm
_16470_,97.68µm
net1830,97.64µm
net2977,97.59µm
_04345_,97.54µm
_04499_,97.54µm
net2276,97.54µm
_08928_,97.49µm
net550,97.49µm
net2181,97.49µm
net4145,97.49µm
_00071_,97.44µm
_00073_,97.44µm
_01787_,97.44µm
_03686_,97.44µm
net576,97.44µm
net885,97.3µm
_13277_,97.18µm
_08529_,97.08µm
net2113,97.08µm
_10817_,97.03µm
_10953_,97.03µm
net2043,97.03µm
net3554,97.03µm
_08299_,96.98µm
_12324_,96.98µm
u_integration_final.integration_inst.reg_bank_inst.mat_arr\[32\]\[3\],96.98µm
net1615,96.98µm
_08385_,96.93µm
_15758_,96.93µm
u_integration_final.integration_inst.quantizer_inst.scaled_data\[20\],96.93µm
u_integration_final.integration_inst.reg_bank_inst.mat_arr\[0\]\[7\],96.93µm
net1603,96.93µm
net1274,96.88µm
net3466,96.88µm
net4674,96.88µm
_10367_,96.47µm
net85,96.47µm
net1285,96.47µm
_08069_,96.42µm
_11164_,96.42µm
_16295_,96.42µm
u_integration_final.integration_inst.mac_grid_inst.ROW_LOOP\[0\].COL_LOOP\[0\].mac_inst.o_result\[0\],96.42µm
u_integration_final.integration_inst.reg_bank_inst.accum\[6\]\[8\],96.42µm
_07763_,96.37µm
_11099_,96.37µm
net13,96.37µm
net233,96.37µm
net1148,96.37µm
_00074_,96.32µm
_07470_,96.32µm
net162,96.32µm
net384,96.32µm
net1595,95.94µm
u_integration_final.integration_inst.quantizer_inst.shifted_data\[21\],95.91µm
net284,95.91µm
net496,95.91µm
_07466_,95.86µm
_10586_,95.86µm
net395,95.86µm
net427,95.81µm
net3559,95.81µm
_03305_,95.76µm
net2375,95.76µm
net2453,95.76µm
net2666,95.76µm
_14806_,95.4µm
_02109_,95.35µm
_01788_,95.3µm
_03532_,95.3µm
_13878_,95.3µm
u_integration_final.integration_inst.mac_grid_inst.ROW_LOOP\[2\].COL_LOOP\[1\].mac_inst.product\[9\],95.3µm
u_integration_final.integration_inst.reg_bank_inst.rows_a\[0\],95.3µm
net547,95.3µm
net3759,95.3µm
_06686_,95.25µm
_08925_,95.25µm
u_integration_final.integration_inst.reg_bank_inst.mat_arr\[5\]\[5\],95.25µm
net1634,95.25µm
net1837,95.25µm
net128,95.2µm
net475,95.2µm
net2578,95.2µm
net2883,95.2µm
_10906_,94.94µm
u_integration_final.integration_inst.command_parser_inst.o_quantizer_scale\[9\],94.84µm
_15588_,94.79µm
_01790_,94.74µm
_15471_,94.74µm
_17173_,94.74µm
u_integration_final.integration_inst.reg_bank_inst.mat_arr\[28\]\[4\],94.74µm
net657,94.74µm
net890,94.74µm
net3815,94.74µm
_08009_,94.69µm
_09092_,94.69µm
u_integration_final.integration_inst.reg_bank_inst.mat_arr\[4\]\[7\],94.69µm
net17,94.69µm
net739,94.69µm
_08943_,94.64µm
_09215_,94.64µm
_10856_,94.64µm
_13184_,94.64µm
net411,94.64µm
net2700,94.64µm
_07328_,94.28µm
_01888_,94.23µm
_08291_,94.18µm
_11402_,94.18µm
_14037_,94.18µm
u_integration_final.integration_inst.command_parser_inst.o_data_read,94.18µm
net1877,94.18µm
net3283,94.18µm
_10293_,94.13µm
_14780_,94.13µm
_15102_,94.13µm
u_integration_final.integration_inst.reg_bank_inst.mat_arr\[0\]\[4\],94.13µm
u_integration_final.integration_inst.reg_bank_inst.mat_arr\[13\]\[0\],94.13µm
net1515,94.13µm
net2459,94.13µm
net2477,94.13µm
net4190,94.13µm
_10967_,94.08µm
net75,94.08µm
net593,94.08µm
_11604_,93.82µm
_08443_,93.77µm
net552,93.72µm
_10227_,93.67µm
_15529_,93.67µm
u_integration_final.integration_inst.reg_bank_inst.mat_arr\[9\]\[0\],93.67µm
_05592_,93.62µm
_03258_,93.57µm
_05340_,93.57µm
_12237_,93.57µm
net4104,93.57µm
net4179,93.57µm
_14840_,93.52µm
_16545_,93.52µm
net270,93.52µm
net1293,93.52µm
net2711,93.52µm
u_integration_final.integration_inst.reg_bank_inst.mat_arr\[19\]\[0\],93.29µm
u_integration_final.integration_inst.mac_grid_inst.ROW_LOOP\[0\].COL_LOOP\[1\].mac_inst.o_result\[5\],93.16µm
u_integration_final.integration_inst.command_parser_inst.i_uart_rx_data\[7\],93.11µm
_05737_,93.06µm
_11013_,93.06µm
u_integration_final.integration_inst.mac_grid_inst.ROW_LOOP\[2\].COL_LOOP\[1\].mac_inst.o_result\[10\],93.06µm
net1188,93.06µm
_03365_,93.01µm
_08059_,93.01µm
_14827_,93.01µm
_08368_,92.96µm
_08544_,92.96µm
u_integration_final.integration_inst.reg_bank_inst.rows_a_d\[0\]\[1\],92.96µm
net303,92.96µm
_03163_,92.55µm
u_integration_final.integration_inst.quantizer_inst.scaled_data\[31\],92.55µm
net3540,92.55µm
_01789_,92.5µm
net661,92.5µm
net3480,92.5µm
_07525_,92.45µm
_08532_,92.45µm
_08609_,92.45µm
_09230_,92.45µm
_09433_,92.45µm
net166,92.45µm
net174,92.45µm
net1131,92.45µm
net3426,92.45µm
net3591,92.45µm
_04642_,92.4µm
_04707_,92.4µm
net482,92.4µm
net610,92.4µm
net3736,92.4µm
u_integration_final.integration_inst.command_parser_inst.byte_count\[3\],92.14µm
_17096_,91.99µm
u_integration_final.integration_inst.mac_grid_inst.ROW_LOOP\[2\].COL_LOOP\[0\].mac_inst.product\[15\],91.94µm
net338,91.94µm
net926,91.94µm
net245,91.93µm
_10116_,91.89µm
_10639_,91.89µm
_17455_,91.89µm
net451,91.89µm
_09632_,91.84µm
_09804_,91.84µm
_14770_,91.84µm
_16409_,91.84µm
u_integration_final.integration_inst.reg_bank_inst.mat_arr\[3\]\[0\],91.84µm
net3692,91.84µm
net318,91.53µm
_11088_,91.43µm
u_integration_final.integration_inst.quantizer_inst.scaled_data\[35\],91.43µm
_08658_,91.38µm
net208,91.33µm
_01865_,91.28µm
_04413_,91.28µm
_08007_,91.28µm
net184,91.28µm
net886,91.28µm
net1609,91.28µm
net3743,91.28µm
_08496_,91.02µm
u_integration_final.integration_inst.reg_bank_inst.mat_arr\[5\]\[7\],90.92µm
_07700_,90.87µm
u_integration_final.integration_inst.mac_grid_inst.ROW_LOOP\[2\].COL_LOOP\[0\].mac_inst.o_result\[21\],90.87µm
u_integration_final.integration_inst.reg_bank_inst.mat_arr\[1\]\[0\],90.87µm
_08627_,90.82µm
u_integration_final.integration_inst.reg_bank_inst.mat_arr\[17\]\[7\],90.82µm
u_integration_final.integration_inst.reg_bank_inst.mat_arr\[9\]\[3\],90.77µm
net462,90.77µm
net972,90.77µm
net4180,90.77µm
_06430_,90.72µm
net129,90.72µm
net260,90.72µm
net1744,90.72µm
net3270,90.72µm
_02363_,90.44µm
_17116_,90.41µm
_01851_,90.36µm
u_integration_final.integration_inst.reg_bank_inst.mat_arr\[5\]\[1\],90.31µm
_01934_,90.26µm
_02350_,90.26µm
_11146_,90.26µm
u_integration_final.integration_inst.mac_grid_inst.ROW_LOOP\[0\].COL_LOOP\[2\].mac_inst.o_result\[3\],90.26µm
net3564,90.26µm
net4680,90.26µm
_08783_,90.21µm
_10597_,90.21µm
_14055_,90.21µm
u_integration_final.integration_inst.mac_grid_inst.ROW_LOOP\[1\].COL_LOOP\[0\].mac_inst.product\[1\],90.21µm
_08217_,90.16µm
_11364_,90.16µm
net125,90.16µm
net178,90.16µm
net688,90.16µm
net3755,90.16µm
net4102,90.16µm
_07200_,89.95µm
_04294_,89.75µm
u_integration_final.integration_inst.reg_bank_inst.mat_arr\[15\]\[1\],89.75µm
net91,89.75µm
u_integration_final.integration_inst.reg_bank_inst.accum\[6\]\[5\],89.7µm
net1222,89.7µm
_12316_,89.65µm
_16296_,89.65µm
net2538,89.65µm
net4603,89.65µm
_08440_,89.6µm
_09616_,89.6µm
net33,89.6µm
net419,89.6µm
net3287,89.6µm
net271,89.29µm
u_integration_final.integration_inst.mac_grid_inst.ROW_LOOP\[1\].COL_LOOP\[2\].mac_inst.product\[2\],89.24µm
_07248_,89.19µm
_10682_,89.19µm
_15490_,89.19µm
net196,89.19µm
_05555_,89.14µm
_17405_,89.14µm
u_integration_final.integration_inst.mac_grid_inst.ROW_LOOP\[0\].COL_LOOP\[1\].mac_inst.o_result\[4\],89.14µm
net1294,89.14µm
_08222_,89.09µm
_09228_,89.09µm
_16422_,89.09µm
net131,89.09µm
net1092,89.09µm
net3355,89.09µm
net3731,89.09µm
_04636_,89.04µm
_11450_,89.04µm
_13272_,89.04µm
net322,89.04µm
net478,89.04µm
u_integration_final.integration_inst.command_parser_inst.o_quantizer_scale\[1\],88.73µm
net2054,88.63µm
u_integration_final.integration_inst.mac_grid_inst.ROW_LOOP\[0\].COL_LOOP\[1\].mac_inst.product\[14\],88.58µm
net3012,88.58µm
_06678_,88.53µm
_09503_,88.53µm
_14065_,88.53µm
u_integration_final.integration_inst.reg_bank_inst.mat_arr\[17\]\[2\],88.53µm
net21,88.53µm
net887,88.53µm
net948,88.53µm
net3029,88.53µm
net3455,88.53µm
_09080_,88.48µm
net191,88.48µm
net1626,88.48µm
net3258,88.48µm
u_integration_final.integration_inst.reg_bank_inst.mat_arr\[32\]\[4\],88.35µm
_17122_,88.12µm
_08643_,88.02µm
net1110,88.02µm
_05274_,87.97µm
net4050,87.97µm
net4109,87.97µm
_02011_,87.92µm
_06473_,87.92µm
_10065_,87.92µm
net921,87.92µm
net1243,87.92µm
_11154_,87.71µm
net240,87.56µm
net2254,87.51µm
_08445_,87.46µm
_14773_,87.46µm
_01912_,87.41µm
_17465_,87.41µm
_09967_,87.36µm
_10387_,87.36µm
net2738,87.36µm
u_integration_final.integration_inst.reg_bank_inst.mat_arr\[14\]\[3\],87.05µm
net275,86.95µm
_04466_,86.9µm
net914,86.9µm
_02797_,86.85µm
_08467_,86.85µm
_11120_,86.8µm
_17290_,86.8µm
net203,86.8µm
net381,86.8µm
net1899,86.8µm
net3695,86.8µm
u_integration_final.integration_inst.reg_bank_inst.mat_arr\[5\]\[4\],86.44µm
net538,86.44µm
net2482,86.39µm
net4510,86.39µm
_10938_,86.34µm
u_integration_final.integration_inst.quantizer_inst.scaled_data\[5\],86.34µm
_04230_,86.29µm
_10968_,86.29µm
net186,86.29µm
_00039_,86.24µm
_01961_,86.24µm
net433,86.24µm
net2567,86.24µm
u_integration_final.integration_inst.reg_bank_inst.mat_arr\[9\]\[7\],85.98µm
_01825_,85.78µm
_12342_,85.78µm
u_integration_final.integration_inst.reg_bank_inst.mat_arr\[4\]\[4\],85.78µm
_01917_,85.73µm
_17409_,85.73µm
u_integration_final.integration_inst.quantizer_inst.added_data\[2\],85.73µm
net2426,85.73µm
_15474_,85.68µm
net317,85.68µm
net340,85.68µm
_08774_,85.37µm
_08493_,85.32µm
_14401_,85.32µm
_08414_,85.27µm
_02640_,85.22µm
u_integration_final.integration_inst.reg_bank_inst.mat_arr\[2\]\[1\],85.22µm
_14046_,85.17µm
u_integration_final.integration_inst.mac_grid_inst.ROW_LOOP\[2\].COL_LOOP\[0\].mac_inst.o_result\[20\],85.17µm
u_integration_final.integration_inst.reg_bank_inst.mat_arr\[6\]\[4\],85.17µm
net687,85.17µm
_05221_,85.12µm
_07879_,85.12µm
_15734_,85.12µm
net501,85.12µm
_11165_,84.71µm
_04414_,84.66µm
net6,84.66µm
net161,84.66µm
_00072_,84.61µm
_05242_,84.61µm
_06656_,84.61µm
_09825_,84.61µm
_14043_,84.61µm
net3317,84.61µm
_06642_,84.56µm
_08190_,84.56µm
net146,84.56µm
net1257,84.56µm
net1630,84.56µm
_07464_,84.15µm
_11022_,84.15µm
_01953_,84.1µm
_08875_,84.1µm
u_integration_final.integration_inst.mac_grid_inst.ROW_LOOP\[0\].COL_LOOP\[1\].mac_inst.product\[6\],84.1µm
u_integration_final.integration_inst.reg_bank_inst.mat_arr\[10\]\[0\],84.1µm
net3443,84.1µm
_04574_,84.05µm
_04945_,84.05µm
_08132_,84.05µm
_13879_,84.05µm
u_integration_final.integration_inst.reg_bank_inst.mat_arr\[16\]\[6\],84.05µm
net3551,84.05µm
_15778_,84µm
net12,84µm
net361,84µm
_11570_,83.54µm
u_integration_final.integration_inst.mac_grid_inst.ROW_LOOP\[1\].COL_LOOP\[0\].mac_inst.o_result\[0\],83.54µm
_03306_,83.49µm
_10698_,83.49µm
_13929_,83.49µm
net3718,83.49µm
_00127_,83.44µm
_08401_,83.44µm
_11182_,83.44µm
_10860_,83.08µm
u_integration_final.integration_inst.mac_grid_inst.ROW_LOOP\[2\].COL_LOOP\[0\].mac_inst.o_result\[17\],83.08µm
_07675_,83.05µm
net4049,83.03µm
_02298_,82.98µm
_06591_,82.98µm
net1047,82.98µm
_01872_,82.93µm
u_integration_final.integration_inst.mac_grid_inst.ROW_LOOP\[0\].COL_LOOP\[2\].mac_inst.product\[1\],82.93µm
net936,82.93µm
_15500_,82.88µm
_15556_,82.88µm
net1602,82.88µm
u_integration_final.integration_inst.reg_bank_inst.mat_arr\[13\]\[3\],82.47µm
_01895_,82.42µm
net1184,82.42µm
_06684_,82.37µm
_10381_,82.37µm
net2525,82.37µm
_04292_,82.32µm
_14149_,82.32µm
_16703_,82.32µm
_04887_,82.09µm
u_integration_final.uart_inst.txBusy,82.01µm
u_integration_final.integration_inst.mac_grid_inst.ROW_LOOP\[0\].COL_LOOP\[1\].mac_inst.product\[0\],81.96µm
u_integration_final.integration_inst.mac_grid_inst.ROW_LOOP\[2\].COL_LOOP\[0\].mac_inst.o_result\[22\],81.96µm
_08712_,81.91µm
_08863_,81.86µm
u_integration_final.integration_inst.mac_grid_inst.ROW_LOOP\[1\].COL_LOOP\[0\].mac_inst.product\[0\],81.86µm
u_integration_final.integration_inst.reg_bank_inst.mat_arr\[24\]\[0\],81.86µm
_04951_,81.81µm
u_integration_final.integration_inst.reg_bank_inst.mat_arr\[18\]\[7\],81.81µm
net2771,81.81µm
net4416,81.81µm
_03805_,81.76µm
_08155_,81.76µm
_08377_,81.76µm
_07758_,81.4µm
u_integration_final.integration_inst.mac_grid_inst.ROW_LOOP\[2\].COL_LOOP\[1\].mac_inst.o_result\[21\],81.35µm
_06648_,81.3µm
_10868_,81.3µm
_16221_,81.3µm
u_integration_final.integration_inst.mac_grid_inst.ROW_LOOP\[0\].COL_LOOP\[1\].mac_inst.product\[4\],81.3µm
u_integration_final.integration_inst.quantizer_inst.added_data\[0\],81.3µm
net2370,81.3µm
_02597_,81.25µm
_04583_,81.25µm
_10903_,81.25µm
_15178_,81.25µm
u_integration_final.integration_inst.reg_bank_inst.rows_a_d\[3\]\[0\],81.25µm
net4672,81.25µm
net150,81.17µm
_06457_,80.84µm
_11583_,80.79µm
_01869_,80.74µm
_02611_,80.74µm
_03761_,80.74µm
_09289_,80.74µm
_14756_,80.74µm
u_integration_final.integration_inst.reg_bank_inst.mat_arr\[5\]\[0\],80.74µm
u_integration_final.integration_inst.quant_op_data\[3\],80.69µm
_09671_,80.64µm
_10285_,80.64µm
_11537_,80.64µm
net351,80.64µm
net1135,80.64µm
net3025,80.64µm
_14464_,80.28µm
_06888_,80.23µm
_08030_,80.23µm
_07484_,80.18µm
_13205_,80.18µm
_16630_,80.18µm
u_integration_final.integration_inst.reg_bank_inst.mat_arr\[3\]\[6\],80.18µm
clknet_leaf_74_i_clk,80.18µm
_02043_,80.13µm
_08143_,80.13µm
_09538_,80.13µm
_14457_,80.13µm
net453,80.13µm
net611,80.13µm
_06423_,80.08µm
_08266_,80.08µm
_08982_,80.08µm
_11106_,80.08µm
net1492,80.08µm
_01860_,79.67µm
_10911_,79.67µm
u_integration_final.integration_inst.quantizer_inst.added_data\[22\],79.67µm
_01791_,79.62µm
_11110_,79.62µm
_13430_,79.62µm
u_integration_final.integration_inst.mac_grid_inst.ROW_LOOP\[2\].COL_LOOP\[2\].mac_inst.product\[8\],79.62µm
_04044_,79.57µm
_08503_,79.57µm
_08114_,79.52µm
_08381_,79.52µm
_12287_,79.52µm
_16920_,79.52µm
net934,79.52µm
_05647_,79.29µm
_10853_,79.21µm
u_integration_final.integration_inst.reg_bank_inst.mat_arr\[8\]\[2\],79.21µm
net874,79.15µm
_01847_,79.06µm
_12345_,79.06µm
net2828,79.06µm
_02832_,79.01µm
_11227_,79.01µm
_11559_,79.01µm
_12810_,79.01µm
net2514,79.01µm
_08359_,78.96µm
u_integration_final.integration_inst.reg_bank_inst.accum\[5\]\[2\],78.96µm
net1575,78.96µm
_01886_,78.6µm
net1041,78.6µm
u_integration_final.integration_inst.reg_bank_inst.mat_arr\[19\]\[1\],78.55µm
_07749_,78.5µm
u_integration_final.integration_inst.mac_grid_inst.ROW_LOOP\[0\].COL_LOOP\[1\].mac_inst.o_result\[11\],78.5µm
u_integration_final.integration_inst.reg_bank_inst.mat_arr\[3\]\[7\],78.5µm
net1256,78.5µm
_08777_,78.45µm
_08975_,78.45µm
_08990_,78.45µm
_09537_,78.45µm
_11042_,78.45µm
_16280_,78.45µm
u_integration_final.integration_inst.mac_grid_inst.ROW_LOOP\[0\].COL_LOOP\[2\].mac_inst.product\[12\],78.45µm
u_integration_final.integration_inst.reg_bank_inst.mat_arr\[23\]\[0\],78.45µm
_03932_,78.4µm
_04149_,78.4µm
_06620_,78.4µm
_07444_,78.4µm
_11105_,78.4µm
_14290_,78.4µm
u_integration_final.integration_inst.reg_bank_inst.mat_arr\[21\]\[1\],78.4µm
u_integration_final.integration_inst.reg_bank_inst.mat_arr\[26\]\[7\],78.04µm
u_integration_final.integration_inst.reg_bank_inst.mat_arr\[4\]\[5\],78.04µm
net3312,77.99µm
u_integration_final.integration_inst.command_parser_inst.o_clamp_op,77.94µm
u_integration_final.integration_inst.reg_bank_inst.mat_arr\[18\]\[0\],77.94µm
_01822_,77.89µm
_04950_,77.89µm
_09416_,77.89µm
u_integration_final.integration_inst.reg_bank_inst.mat_arr\[33\]\[1\],77.89µm
_02400_,77.84µm
_06668_,77.84µm
_08674_,77.84µm
_16694_,77.84µm
net869,77.84µm
net935,77.84µm
net408,77.53µm
u_integration_final.integration_inst.command_parser_inst.byte_count\[2\],77.43µm
u_integration_final.integration_inst.mac_grid_inst.ROW_LOOP\[0\].COL_LOOP\[2\].mac_inst.o_result\[4\],77.43µm
net2717,77.43µm
_06614_,77.38µm
_09003_,77.38µm
u_integration_final.integration_inst.mac_grid_inst.ROW_LOOP\[1\].COL_LOOP\[0\].mac_inst.o_result\[3\],77.38µm
u_integration_final.integration_inst.reg_bank_inst.mat_arr\[21\]\[3\],77.38µm
_06710_,77.33µm
_13170_,77.33µm
net686,77.33µm
_03683_,77.28µm
_06649_,77.28µm
_06732_,76.82µm
u_integration_final.integration_inst.mac_grid_inst.ROW_LOOP\[0\].COL_LOOP\[1\].mac_inst.product\[9\],76.82µm
_06458_,76.77µm
_07868_,76.77µm
net4,76.77µm
_07029_,76.72µm
_11119_,76.72µm
_13975_,76.72µm
net3722,76.72µm
_16684_,76.21µm
net323,76.16µm
net2044,76.16µm
_13656_,75.8µm
_14438_,75.75µm
_04465_,75.7µm
_11128_,75.7µm
_17262_,75.7µm
u_integration_final.integration_inst.reg_bank_inst.mat_arr\[8\]\[4\],75.7µm
_10561_,75.65µm
_11336_,75.65µm
_17154_,75.65µm
u_integration_final.integration_inst.mac_grid_inst.ROW_LOOP\[1\].COL_LOOP\[0\].mac_inst.product\[2\],75.65µm
_02626_,75.6µm
_04638_,75.6µm
_07446_,75.6µm
_08434_,75.6µm
_11654_,75.6µm
_12341_,75.6µm
net147,75.6µm
u_integration_final.integration_inst.mac_grid_inst.ROW_LOOP\[2\].COL_LOOP\[2\].mac_inst.o_result\[19\],75.29µm
_03968_,75.19µm
_12445_,75.19µm
_02776_,75.14µm
_03381_,75.14µm
u_integration_final.integration_inst.quantizer_inst.scaled_data\[17\],75.14µm
_08669_,75.09µm
_09824_,75.09µm
_10347_,75.09µm
_10969_,75.09µm
_13417_,75.09µm
_16087_,75.09µm
u_integration_final.integration_inst.quant_op_data\[7\],75.09µm
u_integration_final.integration_inst.reg_bank_inst.mat_arr\[6\]\[3\],75.09µm
_06030_,75.04µm
_10878_,75.04µm
_02509_,74.63µm
_01348_,74.58µm
_14397_,74.58µm
u_integration_final.integration_inst.reg_bank_inst.accum\[6\]\[14\],74.58µm
_08305_,74.53µm
_08596_,74.48µm
u_integration_final.integration_inst.mac_grid_inst.ROW_LOOP\[0\].COL_LOOP\[0\].mac_inst.o_result\[22\],74.22µm
u_integration_final.integration_inst.reg_bank_inst.mat_arr\[1\]\[4\],74.12µm
_10241_,74.07µm
u_integration_final.integration_inst.command_parser_inst.o_arithmetic_op_type\[0\],74.07µm
_10847_,74.02µm
_01897_,73.97µm
_08413_,73.97µm
_08580_,73.97µm
net2469,73.97µm
_07356_,73.92µm
_13543_,73.92µm
net1618,73.92µm
net2645,73.92µm
_02570_,73.61µm
u_integration_final.integration_inst.mac_grid_inst.ROW_LOOP\[0\].COL_LOOP\[0\].mac_inst.o_result\[13\],73.56µm
_01818_,73.51µm
_05166_,73.51µm
_11218_,73.46µm
_01887_,73.41µm
_03941_,73.41µm
_09849_,73.41µm
_10294_,73.41µm
_11083_,73.41µm
_12440_,73.41µm
u_integration_final.integration_inst.quantizer_inst.added_data\[7\],73.41µm
_02830_,73.36µm
_09292_,73.36µm
u_integration_final.integration_inst.mac_grid_inst.ROW_LOOP\[2\].COL_LOOP\[0\].mac_inst.product\[9\],73.05µm
_12459_,72.95µm
u_integration_final.integration_inst.mac_grid_inst.ROW_LOOP\[1\].COL_LOOP\[1\].mac_inst.o_result\[19\],72.95µm
u_integration_final.integration_inst.mac_grid_inst.ROW_LOOP\[2\].COL_LOOP\[1\].mac_inst.product\[8\],72.9µm
_09343_,72.85µm
_04685_,72.8µm
net3657,72.8µm
_07492_,72.34µm
u_integration_final.integration_inst.mac_grid_inst.ROW_LOOP\[0\].COL_LOOP\[0\].mac_inst.product\[0\],72.34µm
u_integration_final.integration_inst.reg_bank_inst.mat_arr\[9\]\[4\],72.34µm
_07469_,72.29µm
_06391_,72.24µm
_12350_,72.24µm
net3254,72.24µm
_08452_,71.83µm
net2109,71.83µm
_02705_,71.78µm
_05241_,71.78µm
_05884_,71.78µm
_09239_,71.78µm
net2201,71.78µm
_13939_,71.73µm
u_integration_final.integration_inst.mac_grid_inst.ROW_LOOP\[2\].COL_LOOP\[1\].mac_inst.o_result\[19\],71.73µm
_09562_,71.68µm
_10699_,71.68µm
_14061_,71.68µm
net3960,71.68µm
_16488_,71.42µm
_07975_,71.32µm
_03808_,71.27µm
_07223_,71.27µm
_09175_,71.27µm
_10850_,71.27µm
_12613_,71.27µm
u_integration_final.integration_inst.mac_grid_inst.ROW_LOOP\[0\].COL_LOOP\[0\].mac_inst.o_result\[11\],71.27µm
_06398_,71.22µm
_10039_,71.22µm
_10317_,71.22µm
u_integration_final.integration_inst.mac_grid_inst.ROW_LOOP\[2\].COL_LOOP\[0\].mac_inst.o_result\[3\],71.22µm
_07348_,71.17µm
_07562_,71.17µm
_07657_,71.17µm
_09185_,71.17µm
_09998_,71.12µm
_10835_,71.12µm
_17469_,71.12µm
u_integration_final.integration_inst.reg_bank_inst.mat_arr\[27\]\[4\],71.12µm
net1021,71.12µm
net1643,71.12µm
net3056,71.12µm
_15642_,70.76µm
_10321_,70.66µm
_12894_,70.66µm
_02619_,70.56µm
_04283_,70.56µm
_04986_,70.56µm
_06501_,70.56µm
_10464_,70.56µm
_12404_,70.56µm
_13180_,70.56µm
_16758_,70.56µm
u_integration_final.integration_inst.command_parser_inst.o_arithmetic_op,70.2µm
u_integration_final.integration_inst.mac_grid_inst.ROW_LOOP\[0\].COL_LOOP\[2\].mac_inst.o_result\[17\],70.2µm
_02914_,70.15µm
_10876_,70.15µm
_01803_,70.1µm
u_integration_final.integration_inst.mac_grid_inst.ROW_LOOP\[2\].COL_LOOP\[0\].mac_inst.o_result\[18\],70.1µm
u_integration_final.integration_inst.reg_bank_inst.mat_arr\[2\]\[3\],70.1µm
_08383_,70.05µm
_10277_,70.05µm
u_integration_final.integration_inst.command_parser_inst.o_relu_op,70.05µm
u_integration_final.integration_inst.mac_grid_inst.ROW_LOOP\[0\].COL_LOOP\[1\].mac_inst.o_result\[1\],70.05µm
u_integration_final.integration_inst.mac_grid_inst.ROW_LOOP\[0\].COL_LOOP\[2\].mac_inst.o_result\[14\],70.05µm
u_integration_final.integration_inst.mac_grid_inst.ROW_LOOP\[2\].COL_LOOP\[0\].mac_inst.o_result\[19\],70.05µm
net406,70.05µm
_00017_,70µm
_02913_,70µm
_06570_,70µm
_10999_,70µm
u_integration_final.integration_inst.command_parser_inst.o_shift_col,70µm
_06670_,69.54µm
_09278_,69.54µm
_12564_,69.54µm
_13961_,69.54µm
_15079_,69.54µm
u_integration_final.integration_inst.mac_grid_inst.ROW_LOOP\[0\].COL_LOOP\[1\].mac_inst.product\[8\],69.54µm
u_integration_final.integration_inst.mac_grid_inst.ROW_LOOP\[2\].COL_LOOP\[2\].mac_inst.o_result\[10\],69.54µm
u_integration_final.integration_inst.quantizer_inst.shifted_data\[7\],69.54µm
_02306_,69.49µm
_12871_,69.49µm
_07196_,69.44µm
_10690_,69.44µm
_14412_,69.44µm
_15875_,69.08µm
u_integration_final.integration_inst.quantizer_inst.scaled_data\[0\],69.08µm
u_integration_final.integration_inst.reg_bank_inst.matrix_rows_st\[0\],69.03µm
u_integration_final.integration_inst.mac_grid_inst.ROW_LOOP\[0\].COL_LOOP\[1\].mac_inst.o_result\[20\],68.98µm
net2387,68.98µm
_05883_,68.93µm
_06603_,68.93µm
_08571_,68.93µm
_10119_,68.93µm
_12380_,68.93µm
_15072_,68.93µm
_04944_,68.88µm
_05821_,68.88µm
_08170_,68.88µm
_08389_,68.88µm
_09564_,68.88µm
_12590_,68.88µm
u_integration_final.integration_inst.mac_grid_inst.ROW_LOOP\[2\].COL_LOOP\[0\].mac_inst.o_result\[2\],68.47µm
u_integration_final.integration_inst.reg_bank_inst.mat_arr\[30\]\[4\],68.47µm
u_integration_final.integration_inst.reg_bank_inst.matrix_cols_st\[0\],68.47µm
_11806_,68.42µm
u_integration_final.integration_inst.mac_grid_inst.ROW_LOOP\[1\].COL_LOOP\[2\].mac_inst.o_result\[22\],68.37µm
net1533,68.37µm
_04477_,68.32µm
_11338_,68.32µm
_14364_,68.32µm
_06409_,67.96µm
u_integration_final.integration_inst.reg_bank_inst.mat_arr\[26\]\[6\],67.96µm
_08484_,67.91µm
_11523_,67.86µm
_13633_,67.86µm
u_integration_final.integration_inst.quantizer_inst.scaled_data\[4\],67.86µm
_02382_,67.81µm
_03908_,67.81µm
_05107_,67.81µm
_06715_,67.81µm
_11798_,67.81µm
u_integration_final.integration_inst.reg_bank_inst.current_state\[2\],67.81µm
_08387_,67.76µm
_09103_,67.76µm
_15889_,67.76µm
_17449_,67.76µm
u_integration_final.integration_inst.mac_grid_inst.ROW_LOOP\[2\].COL_LOOP\[0\].mac_inst.product\[10\],67.4µm
_05835_,67.25µm
_15040_,67.25µm
u_integration_final.integration_inst.mac_grid_inst.ROW_LOOP\[1\].COL_LOOP\[0\].mac_inst.o_result\[5\],67.25µm
_02467_,67.2µm
_06714_,67.2µm
_06721_,67.2µm
_12879_,67.2µm
net3032,67.2µm
_07474_,66.84µm
u_integration_final.integration_inst.quantizer_inst.shifted_data\[18\],66.84µm
_13253_,66.79µm
u_integration_final.integration_inst.mac_grid_inst.ROW_LOOP\[2\].COL_LOOP\[1\].mac_inst.o_result\[9\],66.79µm
u_integration_final.integration_inst.reg_bank_inst.mat_arr\[35\]\[0\],66.79µm
net3514,66.79µm
_06739_,66.74µm
_08862_,66.74µm
_13017_,66.74µm
_15644_,66.74µm
u_integration_final.integration_inst.mac_grid_inst.ROW_LOOP\[0\].COL_LOOP\[2\].mac_inst.o_result\[18\],66.74µm
_05032_,66.69µm
_12660_,66.69µm
u_integration_final.integration_inst.quantizer_inst.added_data\[38\],66.69µm
_04232_,66.64µm
_06002_,66.64µm
_06437_,66.64µm
_07186_,66.64µm
net1026,66.64µm
_05139_,66.18µm
_11080_,66.18µm
_06567_,66.13µm
_06750_,66.13µm
_07322_,66.13µm
_08422_,66.13µm
_08865_,66.13µm
_09288_,66.13µm
u_integration_final.integration_inst.command_parser_inst.o_matrix_rows\[1\],66.13µm
_05474_,66.08µm
_08451_,66.08µm
_11004_,66.08µm
_13567_,66.08µm
_15735_,66.08µm
_16778_,66.08µm
u_integration_final.integration_inst.command_parser_inst.o_uart_tx_data\[6\],66.08µm
u_integration_final.integration_inst.mac_grid_inst.ROW_LOOP\[0\].COL_LOOP\[1\].mac_inst.product\[1\],65.72µm
_06602_,65.67µm
_14909_,65.67µm
_04534_,65.62µm
u_integration_final.integration_inst.mac_grid_inst.ROW_LOOP\[2\].COL_LOOP\[0\].mac_inst.product\[14\],65.62µm
net3493,65.62µm
_08024_,65.57µm
_11202_,65.57µm
_14792_,65.57µm
_06616_,65.52µm
_07165_,65.52µm
_11769_,65.52µm
_14321_,65.52µm
u_integration_final.integration_inst.reg_bank_inst.accum\[0\]\[1\],65.52µm
u_integration_final.integration_inst.reg_bank_inst.accum\[7\]\[15\],65.52µm
_10959_,65.11µm
_03995_,65.06µm
_13271_,65.06µm
_17120_,65.06µm
_13249_,64.96µm
u_integration_final.integration_inst.mac_grid_inst.ROW_LOOP\[2\].COL_LOOP\[1\].mac_inst.o_result\[7\],64.96µm
_05743_,64.6µm
u_integration_final.integration_inst.mac_grid_inst.ROW_LOOP\[0\].COL_LOOP\[0\].mac_inst.o_result\[10\],64.55µm
_02076_,64.5µm
_10879_,64.5µm
_01996_,64.45µm
_02963_,64.45µm
_05064_,64.45µm
_05380_,64.45µm
_05385_,64.45µm
_06615_,64.45µm
_06703_,64.45µm
_08060_,64.45µm
_10931_,64.45µm
_11172_,64.45µm
_11901_,64.45µm
u_integration_final.integration_inst.mac_grid_inst.ROW_LOOP\[0\].COL_LOOP\[2\].mac_inst.product\[9\],64.45µm
_02034_,64.4µm
_07594_,64.4µm
_11016_,64.4µm
u_integration_final.integration_inst.reg_bank_inst.mat_arr\[5\]\[3\],64.4µm
_01615_,64.22µm
_02703_,64.09µm
_10920_,64.09µm
u_integration_final.integration_inst.mac_grid_inst.ROW_LOOP\[0\].COL_LOOP\[0\].mac_inst.o_result\[20\],64.09µm
_10061_,64.04µm
net2322,64.04µm
_04203_,63.94µm
_05643_,63.94µm
_06465_,63.94µm
_13605_,63.94µm
_03283_,63.89µm
_03348_,63.89µm
_04054_,63.89µm
_04472_,63.89µm
_07177_,63.89µm
_09169_,63.89µm
_15070_,63.89µm
u_integration_final.integration_inst.command_parser_inst.o_clamp_max\[0\],63.89µm
u_integration_final.integration_inst.reg_bank_inst.accum\[6\]\[9\],63.89µm
_02213_,63.84µm
_02629_,63.84µm
_04582_,63.84µm
_05384_,63.84µm
_08102_,63.84µm
_08460_,63.84µm
_09666_,63.84µm
_15212_,63.84µm
_07617_,63.53µm
_03980_,63.43µm
_14318_,63.43µm
_02243_,63.38µm
_15974_,63.38µm
_06128_,63.33µm
_06178_,63.33µm
_06404_,63.33µm
_13898_,63.33µm
_17180_,63.33µm
u_integration_final.integration_inst.reg_bank_inst.mat_arr\[21\]\[6\],63.33µm
_06129_,63.28µm
_06829_,63.28µm
_06832_,63.28µm
_07435_,63.28µm
_10417_,63.28µm
_10587_,63.28µm
_16501_,63.28µm
_06607_,62.87µm
_10955_,62.87µm
u_integration_final.integration_inst.command_parser_inst.o_arithmetic_op_type\[1\],62.87µm
u_integration_final.integration_inst.mac_grid_inst.ROW_LOOP\[1\].COL_LOOP\[0\].mac_inst.o_result\[21\],62.87µm
u_integration_final.integration_inst.reg_bank_inst.mat_arr\[25\]\[0\],62.87µm
_00021_,62.82µm
_01962_,62.82µm
_06735_,62.82µm
_10964_,62.82µm
_13302_,62.82µm
u_integration_final.integration_inst.mac_grid_inst.ROW_LOOP\[0\].COL_LOOP\[1\].mac_inst.product\[12\],62.82µm
u_integration_final.integration_inst.mac_grid_inst.ROW_LOOP\[1\].COL_LOOP\[0\].mac_inst.product\[3\],62.82µm
net2164,62.82µm
_03716_,62.77µm
_04347_,62.77µm
_08574_,62.77µm
_08976_,62.77µm
_10963_,62.77µm
_11301_,62.77µm
u_integration_final.integration_inst.quantizer_inst.scaled_data\[9\],62.77µm
net366,62.77µm
net2716,62.77µm
_02410_,62.72µm
_08518_,62.72µm
_10591_,62.72µm
_10936_,62.72µm
_13551_,62.72µm
_05041_,62.49µm
_08706_,62.49µm
_06643_,62.36µm
_13258_,62.36µm
u_integration_final.integration_inst.reg_bank_inst.mat_arr\[14\]\[6\],62.36µm
_04260_,62.31µm
_06505_,62.31µm
_16633_,62.31µm
_00020_,62.26µm
_07456_,62.26µm
_07642_,62.26µm
_13597_,62.26µm
_15605_,62.26µm
net1121,62.26µm
_07185_,62.21µm
_08421_,62.21µm
_08913_,62.21µm
_13332_,62.21µm
u_integration_final.integration_inst.quantizer_inst.shifted_data\[13\],62.21µm
_02045_,62.16µm
_04200_,62.16µm
_06554_,62.16µm
_06625_,62.16µm
_06804_,62.16µm
_07783_,62.16µm
_12482_,62.16µm
net1163,62.16µm
u_integration_final.integration_inst.mac_grid_inst.ROW_LOOP\[0\].COL_LOOP\[1\].mac_inst.o_result\[18\],61.98µm
_06533_,61.9µm
u_integration_final.integration_inst.quantizer_inst.added_data\[1\],61.8µm
_15946_,61.75µm
_17179_,61.75µm
_03339_,61.7µm
_04365_,61.7µm
_04594_,61.7µm
_05207_,61.7µm
_09679_,61.7µm
_11072_,61.7µm
u_integration_final.integration_inst.mac_grid_inst.ROW_LOOP\[0\].COL_LOOP\[1\].mac_inst.product\[2\],61.7µm
u_integration_final.integration_inst.mac_grid_inst.ROW_LOOP\[2\].COL_LOOP\[1\].mac_inst.o_result\[18\],61.7µm
_02875_,61.65µm
_04003_,61.65µm
u_integration_final.integration_inst.reg_bank_inst.mat_arr\[10\]\[6\],61.65µm
net2309,61.65µm
net3599,61.65µm
_03524_,61.6µm
_04040_,61.6µm
_04838_,61.6µm
_10592_,61.6µm
_11703_,61.6µm
_12751_,61.6µm
_08693_,61.19µm
u_integration_final.integration_inst.mac_grid_inst.ROW_LOOP\[0\].COL_LOOP\[1\].mac_inst.o_result\[13\],61.19µm
_07482_,61.14µm
u_integration_final.integration_inst.mac_grid_inst.ROW_LOOP\[2\].COL_LOOP\[1\].mac_inst.o_result\[0\],61.14µm
_09104_,61.09µm
_09287_,61.09µm
u_integration_final.integration_inst.mac_grid_inst.ROW_LOOP\[1\].COL_LOOP\[0\].mac_inst.o_result\[7\],61.09µm
u_integration_final.integration_inst.reg_bank_inst.mat_arr\[25\]\[1\],61.09µm
_05522_,61.04µm
_06672_,61.04µm
_07083_,61.04µm
_09499_,61.04µm
net2403,61.04µm
u_integration_final.integration_inst.mac_grid_inst.ROW_LOOP\[0\].COL_LOOP\[0\].mac_inst.o_result\[17\],60.96µm
_07353_,60.78µm
u_integration_final.integration_inst.reg_bank_inst.mat_arr\[33\]\[4\],60.68µm
_05502_,60.63µm
u_integration_final.integration_inst.mac_grid_inst.ROW_LOOP\[0\].COL_LOOP\[1\].mac_inst.product\[5\],60.63µm
net1201,60.63µm
_05376_,60.58µm
_05650_,60.58µm
_09226_,60.58µm
_10120_,60.58µm
_13947_,60.58µm
u_integration_final.integration_inst.command_parser_inst.o_quantizer_scale\[28\],60.53µm
u_integration_final.integration_inst.mac_grid_inst.ROW_LOOP\[1\].COL_LOOP\[1\].mac_inst.product\[5\],60.53µm
net3586,60.53µm
_04148_,60.48µm
_04769_,60.48µm
_07733_,60.48µm
_08185_,60.48µm
u_integration_final.integration_inst.mac_grid_inst.ROW_LOOP\[0\].COL_LOOP\[0\].mac_inst.o_result\[14\],60.27µm
_10776_,60.07µm
_15550_,60.07µm
u_integration_final.integration_inst.mac_grid_inst.ROW_LOOP\[2\].COL_LOOP\[2\].mac_inst.o_result\[22\],60.07µm
u_integration_final.integration_inst.quantizer_inst.scaled_data\[15\],60.07µm
_03987_,60.02µm
_06552_,60.02µm
_06638_,60.02µm
_12944_,60.02µm
_14646_,60.02µm
_15631_,60.02µm
_16474_,60.02µm
_17352_,60.02µm
_01596_,59.97µm
_04984_,59.97µm
_05126_,59.97µm
_05709_,59.97µm
_10813_,59.97µm
_11451_,59.97µm
_13578_,59.97µm
u_integration_final.integration_inst.mac_grid_inst.ROW_LOOP\[0\].COL_LOOP\[2\].mac_inst.o_result\[6\],59.97µm
u_integration_final.integration_inst.reg_bank_inst.mat_arr\[12\]\[6\],59.97µm
_01599_,59.92µm
_02728_,59.92µm
_08092_,59.92µm
_09195_,59.92µm
_15120_,59.92µm
_16361_,59.92µm
_05113_,59.51µm
_16425_,59.51µm
u_integration_final.integration_inst.reg_bank_inst.cols_b\[0\],59.51µm
_11357_,59.46µm
_03857_,59.41µm
_04034_,59.41µm
_06276_,59.41µm
_14814_,59.41µm
u_integration_final.integration_inst.mac_grid_inst.ROW_LOOP\[0\].COL_LOOP\[2\].mac_inst.o_result\[11\],59.41µm
u_integration_final.integration_inst.reg_bank_inst.mat_arr\[8\]\[7\],59.41µm
_02727_,59.36µm
_11770_,59.36µm
_12401_,59.36µm
_17581_,59.36µm
net499,59.36µm
u_integration_final.integration_inst.quantizer_inst.shifted_data\[16\],58.95µm
_07413_,58.9µm
_16471_,58.9µm
net3488,58.9µm
_03988_,58.85µm
_13606_,58.85µm
_15820_,58.85µm
u_integration_final.integration_inst.mac_grid_inst.ROW_LOOP\[0\].COL_LOOP\[0\].mac_inst.o_result\[4\],58.85µm
net1775,58.85µm
_01597_,58.8µm
_02534_,58.8µm
_05926_,58.8µm
_08218_,58.8µm
_12670_,58.8µm
_09190_,58.44µm
_02970_,58.39µm
_14612_,58.39µm
_01866_,58.34µm
_06765_,58.34µm
_10872_,58.34µm
_13983_,58.34µm
_14777_,58.34µm
_17271_,58.34µm
u_integration_final.integration_inst.command_parser_inst.current_op\[0\],58.34µm
u_integration_final.integration_inst.command_parser_inst.current_op\[2\],58.34µm
u_integration_final.integration_inst.mac_grid_inst.ROW_LOOP\[0\].COL_LOOP\[2\].mac_inst.o_result\[22\],58.34µm
u_integration_final.integration_inst.mac_grid_inst.ROW_LOOP\[1\].COL_LOOP\[2\].mac_inst.o_result\[2\],58.34µm
_04241_,58.29µm
_05914_,58.29µm
_06572_,58.29µm
u_integration_final.integration_inst.mac_grid_inst.ROW_LOOP\[0\].COL_LOOP\[0\].mac_inst.o_result\[6\],58.29µm
u_integration_final.integration_inst.quantizer_inst.shifts\[0\],58.29µm
u_integration_final.integration_inst.reg_bank_inst.accum\[7\]\[1\],58.29µm
_06386_,58.24µm
_06618_,58.24µm
_08366_,58.24µm
_08761_,58.24µm
_09298_,58.24µm
_11027_,58.24µm
_13436_,58.24µm
_15541_,58.24µm
_11193_,57.88µm
_07535_,57.83µm
_04025_,57.78µm
_04544_,57.78µm
_07918_,57.78µm
_16713_,57.78µm
_16962_,57.78µm
_05480_,57.73µm
_05710_,57.73µm
_08393_,57.73µm
_11594_,57.73µm
_02965_,57.68µm
_03781_,57.68µm
_04728_,57.68µm
_05286_,57.68µm
_06399_,57.68µm
u_integration_final.integration_inst.mac_grid_inst.ROW_LOOP\[0\].COL_LOOP\[0\].mac_inst.o_result\[18\],57.42µm
_10859_,57.32µm
_10239_,57.27µm
_14376_,57.27µm
_09444_,57.22µm
net1448,57.22µm
_03907_,57.17µm
_06525_,57.17µm
_06758_,57.17µm
_10247_,57.17µm
_10979_,57.17µm
_11384_,57.17µm
_16089_,57.17µm
u_integration_final.integration_inst.mac_grid_inst.ROW_LOOP\[2\].COL_LOOP\[1\].mac_inst.product\[6\],57.17µm
_02351_,57.12µm
_06380_,57.12µm
_07162_,57.12µm
_07674_,57.12µm
u_integration_final.integration_inst.mac_grid_inst.ROW_LOOP\[0\].COL_LOOP\[1\].mac_inst.o_result\[0\],57.12µm
net210,57.12µm
net350,57.12µm
net3699,57.12µm
u_integration_final.integration_inst.command_parser_inst.current_op\[3\],56.81µm
_04364_,56.76µm
u_integration_final.integration_inst.mac_grid_inst.ROW_LOOP\[0\].COL_LOOP\[1\].mac_inst.product\[13\],56.71µm
u_integration_final.integration_inst.quantizer_inst.shifted_data\[22\],56.71µm
_07213_,56.66µm
_08521_,56.66µm
_14066_,56.66µm
_14907_,56.66µm
u_integration_final.integration_inst.mac_grid_inst.ROW_LOOP\[2\].COL_LOOP\[2\].mac_inst.o_result\[1\],56.66µm
u_integration_final.integration_inst.quantizer_inst.scaled_data\[44\],56.66µm
_04722_,56.61µm
_06723_,56.61µm
_15401_,56.61µm
_16599_,56.61µm
_17257_,56.61µm
u_integration_final.integration_inst.quant_ip_reset,56.61µm
u_integration_final.integration_inst.quantizer_inst.shifted_data\[2\],56.61µm
net2938,56.61µm
net3107,56.61µm
_02462_,56.56µm
_03740_,56.56µm
_07195_,56.56µm
_07370_,56.56µm
_08065_,56.56µm
_12735_,56.56µm
_12947_,56.56µm
_13425_,56.56µm
_15063_,56.56µm
u_integration_final.uart_inst.ur.dataBuf\[1\],56.56µm
net988,56.56µm
u_integration_final.integration_inst.mac_grid_inst.ROW_LOOP\[1\].COL_LOOP\[1\].mac_inst.o_result\[17\],56.25µm
u_integration_final.integration_inst.mac_grid_inst.ROW_LOOP\[2\].COL_LOOP\[1\].mac_inst.o_result\[20\],56.25µm
_15667_,56.2µm
u_integration_final.integration_inst.mac_grid_inst.ROW_LOOP\[1\].COL_LOOP\[2\].mac_inst.o_result\[0\],56.2µm
_08603_,56.15µm
_10790_,56.15µm
u_integration_final.integration_inst.reg_bank_inst.mat_arr\[7\]\[4\],56.15µm
_10912_,56.1µm
_11173_,56.1µm
_11614_,56.1µm
u_integration_final.integration_inst.command_parser_inst.o_quantizer_scale\[30\],56.1µm
u_integration_final.integration_inst.reg_bank_inst.mat_arr\[21\]\[7\],56.1µm
_03842_,56.05µm
_07355_,56.05µm
_07616_,56.05µm
_13467_,56.05µm
_13561_,56.05µm
_13906_,56.05µm
_16770_,56.05µm
u_integration_final.integration_inst.command_parser_inst.o_quantizer_scale\[27\],56.05µm
net3246,56.05µm
_03717_,56µm
_10361_,56µm
_10908_,56µm
_14577_,56µm
_15041_,56µm
_15766_,56µm
net792,56µm
net947,56µm
_02153_,55.54µm
_04788_,55.54µm
_07324_,55.54µm
_08699_,55.54µm
_02436_,55.49µm
_08100_,55.49µm
u_integration_final.integration_inst.reg_bank_inst.mat_arr\[20\]\[1\],55.49µm
_04616_,55.44µm
_05293_,55.44µm
_05341_,55.44µm
_14493_,55.44µm
_15157_,55.44µm
_15846_,55.44µm
_17487_,55.44µm
u_integration_final.integration_inst.reg_bank_inst.accum\[7\]\[21\],55.44µm
_13159_,55.08µm
_15501_,55.08µm
u_integration_final.integration_inst.mac_grid_inst.ROW_LOOP\[2\].COL_LOOP\[0\].mac_inst.o_result\[7\],55.08µm
_06577_,55.03µm
u_integration_final.integration_inst.mac_grid_inst.ROW_LOOP\[0\].COL_LOOP\[1\].mac_inst.product\[11\],55.03µm
u_integration_final.integration_inst.mac_grid_inst.ROW_LOOP\[2\].COL_LOOP\[2\].mac_inst.o_result\[7\],55.03µm
_02074_,54.98µm
_06580_,54.98µm
_06814_,54.98µm
_08458_,54.98µm
_14923_,54.98µm
_16681_,54.98µm
u_integration_final.integration_inst.reg_bank_inst.accum\[8\]\[14\],54.98µm
_02019_,54.93µm
_02901_,54.93µm
_04047_,54.93µm
_04496_,54.93µm
_04952_,54.93µm
_06042_,54.93µm
_06606_,54.93µm
u_integration_final.integration_inst.mac_grid_inst.ROW_LOOP\[2\].COL_LOOP\[1\].mac_inst.product\[0\],54.93µm
u_integration_final.integration_inst.mac_grid_inst.ROW_LOOP\[2\].COL_LOOP\[2\].mac_inst.product\[6\],54.93µm
_02859_,54.88µm
_04593_,54.88µm
_07992_,54.88µm
_08795_,54.88µm
_14138_,54.88µm
net1498,54.88µm
_07455_,54.47µm
u_integration_final.integration_inst.mac_grid_inst.ROW_LOOP\[2\].COL_LOOP\[1\].mac_inst.product\[5\],54.47µm
_06854_,54.42µm
_10777_,54.42µm
_11280_,54.42µm
_12621_,54.42µm
_15686_,54.42µm
_16311_,54.42µm
_17094_,54.42µm
_05065_,54.37µm
_10812_,54.37µm
_13689_,54.37µm
_16439_,54.37µm
net3639,54.37µm
_05148_,54.32µm
_06797_,54.32µm
_09349_,54.32µm
_10038_,54.32µm
_14240_,54.32µm
net1320,54.32µm
u_integration_final.integration_inst.mac_grid_inst.ROW_LOOP\[0\].COL_LOOP\[0\].mac_inst.o_result\[12\],53.91µm
u_integration_final.integration_inst.mac_grid_inst.ROW_LOOP\[2\].COL_LOOP\[1\].mac_inst.o_result\[6\],53.91µm
_02704_,53.86µm
_03650_,53.86µm
_10821_,53.86µm
_10887_,53.86µm
u_integration_final.integration_inst.command_parser_inst.o_matrix_1\[1\],53.86µm
u_integration_final.integration_inst.mac_grid_inst.ROW_LOOP\[2\].COL_LOOP\[2\].mac_inst.o_result\[5\],53.86µm
u_integration_final.integration_inst.quantizer_inst.scaled_data\[6\],53.86µm
_05061_,53.81µm
_05224_,53.81µm
_07250_,53.81µm
_08915_,53.81µm
_15661_,53.81µm
u_integration_final.integration_inst.mac_grid_inst.ROW_LOOP\[2\].COL_LOOP\[0\].mac_inst.product\[8\],53.81µm
u_integration_final.integration_inst.mac_grid_inst.ROW_LOOP\[2\].COL_LOOP\[1\].mac_inst.product\[3\],53.81µm
u_integration_final.integration_inst.quantizer_inst.scaled_data\[36\],53.81µm
net247,53.81µm
_07804_,53.76µm
_08128_,53.76µm
_08941_,53.76µm
net3534,53.76µm
_10757_,53.4µm
_05069_,53.35µm
_11189_,53.35µm
_12479_,53.35µm
u_integration_final.integration_inst.mac_grid_inst.ROW_LOOP\[0\].COL_LOOP\[1\].mac_inst.o_result\[19\],53.35µm
u_integration_final.integration_inst.reg_bank_inst.mat_arr\[6\]\[6\],53.35µm
_06179_,53.3µm
_06621_,53.3µm
_11542_,53.3µm
_14130_,53.3µm
_16222_,53.3µm
u_integration_final.integration_inst.mac_grid_inst.ROW_LOOP\[1\].COL_LOOP\[2\].mac_inst.o_result\[20\],53.3µm
u_integration_final.integration_inst.mac_grid_inst.ROW_LOOP\[2\].COL_LOOP\[0\].mac_inst.o_result\[13\],53.3µm
u_integration_final.integration_inst.quantizer_inst.zp_1\[6\],53.3µm
_02849_,53.25µm
_05176_,53.25µm
_06588_,53.25µm
_07170_,53.25µm
_08428_,53.25µm
_09281_,53.25µm
_13980_,53.25µm
u_integration_final.integration_inst.mac_grid_inst.ROW_LOOP\[1\].COL_LOOP\[1\].mac_inst.o_result\[0\],53.25µm
_06413_,53.2µm
_09442_,53.2µm
_11021_,53.2µm
_17153_,53.2µm
net1232,53.2µm
net1491,53.2µm
net2688,53.2µm
net3822,53.2µm
u_integration_final.integration_inst.mac_grid_inst.ROW_LOOP\[1\].COL_LOOP\[1\].mac_inst.o_result\[5\],52.84µm
_11904_,52.79µm
u_integration_final.integration_inst.mac_grid_inst.ROW_LOOP\[0\].COL_LOOP\[2\].mac_inst.o_result\[20\],52.79µm
_09575_,52.74µm
_14147_,52.74µm
_14385_,52.74µm
u_integration_final.integration_inst.mac_grid_inst.ROW_LOOP\[0\].COL_LOOP\[1\].mac_inst.o_result\[9\],52.74µm
_07192_,52.69µm
_07358_,52.69µm
_11391_,52.69µm
_16388_,52.69µm
u_integration_final.integration_inst.quantizer_inst.shifted_data\[19\],52.69µm
net3585,52.69µm
_06596_,52.64µm
_08427_,52.64µm
_08557_,52.64µm
_12241_,52.64µm
net238,52.64µm
net1137,52.64µm
_14160_,52.33µm
u_integration_final.uart_inst.ur.rxBusy,52.33µm
_10926_,52.23µm
_15518_,52.23µm
net1649,52.23µm
_01828_,52.18µm
_02715_,52.18µm
_02788_,52.18µm
_05805_,52.18µm
_09046_,52.18µm
_13487_,52.18µm
_15155_,52.18µm
_15649_,52.18µm
u_integration_final.integration_inst.mac_grid_inst.ROW_LOOP\[0\].COL_LOOP\[2\].mac_inst.product\[8\],52.18µm
_02075_,52.13µm
_02726_,52.13µm
_02834_,52.13µm
_04407_,52.13µm
_15703_,52.13µm
_04476_,52.08µm
_05208_,52.08µm
_05233_,52.08µm
_05671_,52.08µm
_09227_,52.08µm
_17309_,52.08µm
net2684,51.83µm
_05733_,51.67µm
_12457_,51.67µm
u_integration_final.integration_inst.mac_grid_inst.ROW_LOOP\[0\].COL_LOOP\[1\].mac_inst.o_result\[14\],51.67µm
_04202_,51.62µm
_07399_,51.62µm
_10986_,51.62µm
_14739_,51.62µm
u_integration_final.integration_inst.mac_grid_inst.ROW_LOOP\[1\].COL_LOOP\[1\].mac_inst.o_result\[2\],51.62µm
u_integration_final.integration_inst.reg_bank_inst.accum\[5\]\[8\],51.62µm
_03424_,51.57µm
_05406_,51.57µm
_05673_,51.57µm
_08255_,51.57µm
_11028_,51.57µm
_11306_,51.57µm
_17386_,51.57µm
u_integration_final.integration_inst.mac_grid_inst.ROW_LOOP\[1\].COL_LOOP\[2\].mac_inst.o_result\[18\],51.57µm
u_integration_final.integration_inst.quantizer_inst.added_data\[42\],51.57µm
u_integration_final.integration_inst.reg_bank_inst.mat_arr\[32\]\[1\],51.57µm
net548,51.57µm
_03011_,51.52µm
_03672_,51.52µm
_04344_,51.52µm
_04523_,51.52µm
_05642_,51.52µm
_09180_,51.52µm
_11361_,51.52µm
u_integration_final.integration_inst.mac_grid_inst.ROW_LOOP\[1\].COL_LOOP\[1\].mac_inst.o_result\[13\],51.52µm
u_integration_final.integration_inst.reg_bank_inst.mat_arr\[2\]\[2\],51.21µm
u_integration_final.integration_inst.mac_grid_inst.ROW_LOOP\[2\].COL_LOOP\[0\].mac_inst.o_result\[9\],51.16µm
_03332_,51.11µm
_07787_,51.11µm
_10374_,51.11µm
_16088_,51.11µm
u_integration_final.integration_inst.mac_grid_inst.ROW_LOOP\[1\].COL_LOOP\[0\].mac_inst.o_result\[17\],51.11µm
u_integration_final.integration_inst.mac_grid_inst.ROW_LOOP\[2\].COL_LOOP\[0\].mac_inst.o_result\[1\],51.11µm
u_integration_final.integration_inst.quantizer_inst.shifts\[7\],51.11µm
_03705_,51.06µm
_03840_,51.06µm
_06464_,51.06µm
_11031_,51.06µm
_14748_,51.06µm
u_integration_final.integration_inst.mac_grid_inst.ROW_LOOP\[0\].COL_LOOP\[2\].mac_inst.product\[11\],51.06µm
_01598_,51.01µm
_02482_,51.01µm
_04607_,51.01µm
_05026_,51.01µm
_06379_,51.01µm
_08690_,51.01µm
_10703_,51.01µm
_12442_,51.01µm
_14092_,51.01µm
_14463_,51.01µm
_16047_,51.01µm
u_integration_final.integration_inst.mac_grid_inst.ROW_LOOP\[0\].COL_LOOP\[1\].mac_inst.o_result\[22\],51.01µm
u_integration_final.integration_inst.mac_grid_inst.ROW_LOOP\[0\].COL_LOOP\[2\].mac_inst.product\[4\],51.01µm
_02108_,50.96µm
_03609_,50.96µm
_12696_,50.96µm
_14082_,50.96µm
_14519_,50.96µm
_16351_,50.96µm
_04026_,50.5µm
_06500_,50.5µm
_06529_,50.5µm
_12728_,50.5µm
_13342_,50.5µm
_15845_,50.5µm
u_integration_final.integration_inst.mac_grid_inst.ROW_LOOP\[2\].COL_LOOP\[0\].mac_inst.o_result\[4\],50.5µm
u_integration_final.integration_inst.reg_bank_inst.mat_arr\[19\]\[2\],50.5µm
net2095,50.5µm
net3805,50.5µm
_06693_,50.45µm
_11392_,50.45µm
u_integration_final.integration_inst.mac_grid_inst.ROW_LOOP\[0\].COL_LOOP\[2\].mac_inst.o_result\[5\],50.45µm
u_integration_final.integration_inst.mac_grid_inst.ROW_LOOP\[2\].COL_LOOP\[0\].mac_inst.o_result\[5\],50.45µm
_05098_,50.4µm
_05479_,50.4µm
_08198_,50.4µm
_11838_,50.4µm
_13715_,50.4µm
_15207_,50.4µm
_16272_,50.4µm
_16834_,50.4µm
_16906_,50.4µm
_17222_,50.4µm
u_integration_final.integration_inst.quantizer_inst.target_dtype_0\[2\],50.4µm
u_integration_final.integration_inst.mac_grid_inst.ROW_LOOP\[1\].COL_LOOP\[0\].mac_inst.o_result\[19\],50.04µm
u_integration_final.integration_inst.quantizer_inst.shifted_data\[20\],49.94µm
_03638_,49.89µm
_06394_,49.89µm
u_integration_final.integration_inst.mac_grid_inst.ROW_LOOP\[2\].COL_LOOP\[2\].mac_inst.o_result\[21\],49.89µm
_03848_,49.84µm
_04100_,49.84µm
_05496_,49.84µm
_07874_,49.84µm
_08547_,49.84µm
_09454_,49.84µm
_11525_,49.84µm
_12400_,49.84µm
_13024_,49.84µm
_15856_,49.84µm
net3588,49.84µm
u_integration_final.integration_inst.mac_grid_inst.ROW_LOOP\[0\].COL_LOOP\[0\].mac_inst.o_result\[21\],49.48µm
_04580_,49.43µm
_05066_,49.43µm
_14122_,49.43µm
u_integration_final.integration_inst.mac_grid_inst.ROW_LOOP\[0\].COL_LOOP\[1\].mac_inst.o_result\[10\],49.43µm
u_integration_final.integration_inst.mac_grid_inst.ROW_LOOP\[1\].COL_LOOP\[1\].mac_inst.o_result\[21\],49.43µm
net133,49.43µm
_01613_,49.38µm
_05559_,49.38µm
_06695_,49.38µm
_10915_,49.38µm
_15938_,49.38µm
u_integration_final.uart_inst.ur.dataBuf\[6\],49.38µm
net3950,49.38µm
_04756_,49.33µm
_06541_,49.33µm
_08118_,49.33µm
_12295_,49.33µm
_13124_,49.33µm
_15387_,49.33µm
_16135_,49.33µm
u_integration_final.integration_inst.mac_grid_inst.ROW_LOOP\[2\].COL_LOOP\[0\].mac_inst.o_result\[10\],49.33µm
u_integration_final.integration_inst.quantizer_inst.shifted_data\[27\],49.33µm
_02072_,49.28µm
_04457_,49.28µm
_04702_,49.28µm
_13020_,49.28µm
_14320_,49.28µm
_16365_,49.28µm
_16603_,49.28µm
_17125_,49.28µm
u_integration_final.integration_inst.mac_grid_inst.ROW_LOOP\[1\].COL_LOOP\[2\].mac_inst.o_result\[3\],48.92µm
_04223_,48.87µm
u_integration_final.integration_inst.mac_grid_inst.ROW_LOOP\[0\].COL_LOOP\[0\].mac_inst.o_result\[2\],48.87µm
_06261_,48.82µm
_06594_,48.82µm
_04077_,48.77µm
_04180_,48.77µm
_07184_,48.77µm
net375,48.77µm
_00048_,48.72µm
_01656_,48.72µm
_07972_,48.72µm
_09591_,48.72µm
_09768_,48.72µm
net1357,48.72µm
u_integration_final.integration_inst.quantizer_inst.added_data\[3\],48.36µm
u_integration_final.integration_inst.reg_bank_inst.mat_arr\[15\]\[5\],48.36µm
_08548_,48.31µm
u_integration_final.integration_inst.mac_grid_inst.ROW_LOOP\[0\].COL_LOOP\[0\].mac_inst.o_result\[7\],48.31µm
u_integration_final.integration_inst.mac_grid_inst.ROW_LOOP\[0\].COL_LOOP\[1\].mac_inst.o_result\[6\],48.31µm
_04259_,48.26µm
_05399_,48.26µm
_06568_,48.26µm
_06626_,48.26µm
_06984_,48.26µm
_07198_,48.26µm
_10943_,48.26µm
u_integration_final.integration_inst.mac_grid_inst.ROW_LOOP\[0\].COL_LOOP\[0\].mac_inst.o_result\[16\],48.26µm
u_integration_final.integration_inst.mac_grid_inst.ROW_LOOP\[1\].COL_LOOP\[2\].mac_inst.o_result\[12\],48.26µm
u_integration_final.integration_inst.quantizer_inst.added_data\[5\],48.26µm
u_integration_final.integration_inst.reg_bank_inst.matrix_sel_a\[1\],48.26µm
_01632_,48.21µm
_02180_,48.21µm
_07173_,48.21µm
_07663_,48.21µm
_10946_,48.21µm
_16511_,48.21µm
u_integration_final.integration_inst.mac_grid_inst.ROW_LOOP\[1\].COL_LOOP\[0\].mac_inst.o_result\[1\],48.21µm
u_integration_final.integration_inst.quantizer_inst.scaled_data\[22\],48.21µm
net2953,48.21µm
_04423_,48.16µm
_05137_,48.16µm
_05971_,48.16µm
_06624_,48.16µm
_07256_,48.16µm
_06402_,47.85µm
_17243_,47.8µm
u_integration_final.integration_inst.mac_grid_inst.ROW_LOOP\[1\].COL_LOOP\[0\].mac_inst.o_result\[22\],47.8µm
u_integration_final.integration_inst.quantizer_inst.scaled_data\[16\],47.8µm
_07197_,47.75µm
_07626_,47.75µm
u_integration_final.integration_inst.mac_grid_inst.ROW_LOOP\[2\].COL_LOOP\[1\].mac_inst.o_result\[5\],47.75µm
u_integration_final.integration_inst.mac_grid_inst.ROW_LOOP\[2\].COL_LOOP\[2\].mac_inst.o_result\[14\],47.75µm
_02607_,47.7µm
_03817_,47.7µm
_10932_,47.7µm
_14101_,47.7µm
_15626_,47.7µm
u_integration_final.integration_inst.mac_grid_inst.ROW_LOOP\[0\].COL_LOOP\[1\].mac_inst.product\[10\],47.7µm
_04249_,47.65µm
_16246_,47.65µm
_16754_,47.65µm
_17312_,47.65µm
u_integration_final.integration_inst.command_parser_inst.o_quantizer_scale\[11\],47.65µm
u_integration_final.integration_inst.mac_grid_inst.ROW_LOOP\[2\].COL_LOOP\[0\].mac_inst.o_result\[0\],47.65µm
u_integration_final.integration_inst.mac_grid_inst.ROW_LOOP\[2\].COL_LOOP\[2\].mac_inst.o_result\[12\],47.65µm
u_integration_final.integration_inst.quantizer_inst.scaled_data\[11\],47.65µm
_02496_,47.6µm
_04065_,47.6µm
_04895_,47.6µm
_06585_,47.6µm
_07024_,47.6µm
_07491_,47.6µm
_09106_,47.6µm
_13823_,47.6µm
_14156_,47.6µm
_14326_,47.6µm
u_integration_final.integration_inst.mac_grid_inst.ROW_LOOP\[0\].COL_LOOP\[2\].mac_inst.product\[6\],47.6µm
u_integration_final.integration_inst.mac_grid_inst.ROW_LOOP\[1\].COL_LOOP\[1\].mac_inst.product\[2\],47.6µm
net415,47.6µm
u_integration_final.integration_inst.quantizer_inst.scaled_data\[38\],47.29µm
u_integration_final.integration_inst.mac_grid_inst.ROW_LOOP\[0\].COL_LOOP\[0\].mac_inst.o_result\[9\],47.24µm
_02510_,47.14µm
_04174_,47.14µm
u_integration_final.integration_inst.mac_grid_inst.ROW_LOOP\[1\].COL_LOOP\[2\].mac_inst.o_result\[16\],47.14µm
_05333_,47.09µm
_07206_,47.09µm
_10233_,47.09µm
_10352_,47.09µm
_11744_,47.09µm
_12359_,47.09µm
_12624_,47.09µm
_13304_,47.09µm
_13527_,47.09µm
u_integration_final.integration_inst.mac_grid_inst.ROW_LOOP\[0\].COL_LOOP\[1\].mac_inst.product\[7\],47.09µm
u_integration_final.integration_inst.mac_grid_inst.ROW_LOOP\[2\].COL_LOOP\[2\].mac_inst.o_result\[6\],47.09µm
_05147_,47.04µm
_05282_,47.04µm
_07127_,47.04µm
_08719_,47.04µm
_09758_,47.04µm
_12245_,47.04µm
u_integration_final.integration_inst.mac_grid_inst.ROW_LOOP\[2\].COL_LOOP\[2\].mac_inst.o_result\[13\],47.04µm
u_integration_final.integration_inst.reg_bank_inst.matrix_signed\[3\]\[0\],47.04µm
_03649_,46.68µm
_04001_,46.63µm
u_integration_final.integration_inst.mac_grid_inst.ROW_LOOP\[1\].COL_LOOP\[1\].mac_inst.o_result\[6\],46.63µm
u_integration_final.integration_inst.quantizer_inst.scaled_data\[23\],46.63µm
_03178_,46.58µm
_06389_,46.58µm
_13474_,46.58µm
_16721_,46.58µm
u_integration_final.integration_inst.quantizer_inst.scaled_data\[1\],46.58µm
_00123_,46.53µm
_03994_,46.53µm
_04733_,46.53µm
_05116_,46.53µm
_05125_,46.53µm
_06222_,46.53µm
_09167_,46.53µm
_09674_,46.53µm
_11459_,46.53µm
_11869_,46.53µm
_12361_,46.53µm
_13039_,46.53µm
u_integration_final.integration_inst.mac_grid_inst.ROW_LOOP\[1\].COL_LOOP\[2\].mac_inst.o_result\[10\],46.53µm
u_integration_final.integration_inst.mac_grid_inst.ROW_LOOP\[2\].COL_LOOP\[0\].mac_inst.o_result\[6\],46.53µm
_00126_,46.48µm
_05712_,46.48µm
_07561_,46.48µm
_11079_,46.48µm
_11677_,46.48µm
_16533_,46.48µm
_16662_,46.48µm
u_integration_final.integration_inst.mac_grid_inst.ROW_LOOP\[2\].COL_LOOP\[1\].mac_inst.o_result\[14\],46.48µm
_07333_,46.12µm
_11302_,46.12µm
u_integration_final.integration_inst.mac_grid_inst.ROW_LOOP\[0\].COL_LOOP\[0\].mac_inst.o_result\[1\],46.12µm
_06959_,46.07µm
_12807_,46.07µm
_16579_,46.07µm
_06589_,46.02µm
_11238_,46.02µm
_12279_,46.02µm
u_integration_final.integration_inst.mac_grid_inst.ROW_LOOP\[1\].COL_LOOP\[0\].mac_inst.o_result\[9\],46.02µm
u_integration_final.integration_inst.quantizer_inst.scaled_data\[43\],46.02µm
u_integration_final.integration_inst.reg_bank_inst.accum\[1\]\[2\],46.02µm
u_integration_final.integration_inst.reg_bank_inst.accum\[1\]\[3\],46.02µm
u_integration_final.integration_inst.reg_bank_inst.accum\[6\]\[3\],46.02µm
net3451,46.02µm
_02519_,45.97µm
_03275_,45.97µm
_04092_,45.97µm
_04183_,45.97µm
_06633_,45.97µm
_07366_,45.97µm
_14667_,45.97µm
_02475_,45.92µm
_06683_,45.92µm
_06717_,45.92µm
_07475_,45.92µm
_10606_,45.92µm
_11039_,45.92µm
_11194_,45.92µm
_12194_,45.92µm
_12666_,45.92µm
_14007_,45.92µm
u_integration_final.integration_inst.mac_grid_inst.ROW_LOOP\[1\].COL_LOOP\[0\].mac_inst.o_result\[13\],45.92µm
u_integration_final.integration_inst.mac_grid_inst.ROW_LOOP\[2\].COL_LOOP\[2\].mac_inst.o_result\[9\],45.92µm
net3249,45.92µm
net4042,45.68µm
_07217_,45.56µm
u_integration_final.integration_inst.mac_grid_inst.ROW_LOOP\[0\].COL_LOOP\[2\].mac_inst.o_result\[19\],45.56µm
_05409_,45.51µm
_06824_,45.51µm
_02389_,45.46µm
_03187_,45.46µm
_04528_,45.46µm
_06531_,45.46µm
_07567_,45.46µm
_08665_,45.46µm
_17268_,45.46µm
_17503_,45.46µm
u_integration_final.integration_inst.command_parser_inst.o_uart_tx_data\[7\],45.46µm
u_integration_final.integration_inst.mac_grid_inst.ROW_LOOP\[1\].COL_LOOP\[0\].mac_inst.o_result\[16\],45.46µm
net3345,45.46µm
_08852_,45.43µm
_03875_,45.41µm
_05129_,45.41µm
_05308_,45.41µm
_05937_,45.41µm
_05951_,45.41µm
_06449_,45.41µm
_08439_,45.41µm
_09904_,45.41µm
_15726_,45.41µm
u_integration_final.integration_inst.quantizer_inst.scaled_data\[13\],45.41µm
u_integration_final.integration_inst.quantizer_inst.shifted_data\[8\],45.41µm
net2539,45.41µm
_00107_,45.36µm
_02904_,45.36µm
_04320_,45.36µm
_05122_,45.36µm
_05906_,45.36µm
_05936_,45.36µm
_07330_,45.36µm
_09205_,45.36µm
_13573_,45.36µm
_14420_,45.36µm
_16313_,45.36µm
u_integration_final.integration_inst.mac_grid_inst.ROW_LOOP\[0\].COL_LOOP\[2\].mac_inst.product\[2\],45.36µm
u_integration_final.integration_inst.quantizer_inst.added_data\[30\],45.36µm
net420,45.36µm
net3926,45.36µm
_07093_,44.95µm
u_integration_final.integration_inst.mac_grid_inst.ROW_LOOP\[0\].COL_LOOP\[0\].mac_inst.valid_0,44.95µm
_01711_,44.9µm
_03002_,44.9µm
_04964_,44.9µm
_05611_,44.9µm
_06557_,44.9µm
_09426_,44.9µm
_14987_,44.9µm
_15945_,44.9µm
u_integration_final.integration_inst.mac_grid_inst.ROW_LOOP\[0\].COL_LOOP\[0\].mac_inst.o_result\[8\],44.9µm
u_integration_final.integration_inst.mac_grid_inst.ROW_LOOP\[2\].COL_LOOP\[2\].mac_inst.o_result\[16\],44.9µm
_04089_,44.85µm
_05736_,44.85µm
_10348_,44.85µm
_11362_,44.85µm
_17322_,44.85µm
u_integration_final.integration_inst.mac_grid_inst.ROW_LOOP\[0\].COL_LOOP\[2\].mac_inst.product\[7\],44.85µm
u_integration_final.integration_inst.mac_grid_inst.ROW_LOOP\[1\].COL_LOOP\[0\].mac_inst.o_result\[20\],44.85µm
u_integration_final.integration_inst.mac_grid_inst.ROW_LOOP\[2\].COL_LOOP\[0\].mac_inst.product\[2\],44.85µm
u_integration_final.integration_inst.reg_bank_inst.accum\[6\]\[18\],44.85µm
net577,44.85µm
_00022_,44.8µm
_02113_,44.8µm
_02595_,44.8µm
_06644_,44.8µm
_08068_,44.8µm
_08260_,44.8µm
_08261_,44.8µm
_11467_,44.8µm
_12528_,44.8µm
_17252_,44.8µm
_17526_,44.8µm
net357,44.8µm
net360,44.8µm
u_integration_final.integration_inst.reg_bank_inst.accum\[0\]\[11\],44.62µm
u_integration_final.integration_inst.mac_grid_inst.ROW_LOOP\[0\].COL_LOOP\[1\].mac_inst.o_result\[17\],44.44µm
_03954_,44.39µm
_05725_,44.39µm
u_integration_final.integration_inst.mac_grid_inst.ROW_LOOP\[1\].COL_LOOP\[0\].mac_inst.o_result\[4\],44.39µm
_13693_,44.34µm
_14319_,44.34µm
_17347_,44.34µm
_01706_,44.29µm
_02047_,44.29µm
_03698_,44.29µm
_05625_,44.29µm
_07357_,44.29µm
_09429_,44.29µm
_11903_,44.29µm
_14340_,44.29µm
_17536_,44.29µm
net2338,44.29µm
_03597_,44.24µm
_07717_,44.24µm
_08196_,44.24µm
_08495_,44.24µm
_09200_,44.24µm
_09624_,44.24µm
_13498_,44.24µm
u_integration_final.integration_inst.quantizer_inst.scaled_data\[32\],44.24µm
u_integration_final.integration_inst.quantizer_inst.shifted_data\[31\],43.88µm
_03662_,43.83µm
_04248_,43.83µm
_08939_,43.83µm
u_integration_final.integration_inst.mac_grid_inst.ROW_LOOP\[1\].COL_LOOP\[2\].mac_inst.o_result\[13\],43.83µm
u_integration_final.integration_inst.mac_grid_inst.ROW_LOOP\[1\].COL_LOOP\[2\].mac_inst.o_result\[19\],43.83µm
u_integration_final.integration_inst.reg_bank_inst.oper_ctr\[0\],43.83µm
_02985_,43.78µm
_03172_,43.78µm
_06655_,43.78µm
_13176_,43.78µm
u_integration_final.integration_inst.mac_grid_inst.ROW_LOOP\[1\].COL_LOOP\[1\].mac_inst.o_result\[7\],43.78µm
u_integration_final.integration_inst.quantizer_inst.scaled_data\[37\],43.78µm
net3321,43.78µm
_02941_,43.73µm
_03826_,43.73µm
_04900_,43.73µm
_05285_,43.73µm
_06609_,43.73µm
_10316_,43.73µm
_13166_,43.73µm
_13260_,43.73µm
_15700_,43.73µm
_15882_,43.73µm
_16711_,43.73µm
u_integration_final.integration_inst.mac_grid_inst.ROW_LOOP\[0\].COL_LOOP\[0\].mac_inst.o_result\[3\],43.73µm
u_integration_final.integration_inst.mac_grid_inst.ROW_LOOP\[2\].COL_LOOP\[1\].mac_inst.o_result\[3\],43.73µm
u_integration_final.integration_inst.reg_bank_inst.mat_arr\[14\]\[5\],43.73µm
net4032,43.7µm
_03161_,43.68µm
_03506_,43.68µm
_04977_,43.68µm
_05007_,43.68µm
_14566_,43.68µm
_16301_,43.68µm
_16575_,43.68µm
_09427_,43.27µm
_13685_,43.27µm
_17205_,43.27µm
u_integration_final.integration_inst.mac_grid_inst.ROW_LOOP\[1\].COL_LOOP\[0\].mac_inst.product\[14\],43.27µm
u_integration_final.integration_inst.mac_grid_inst.ROW_LOOP\[1\].COL_LOOP\[2\].mac_inst.o_result\[9\],43.27µm
u_integration_final.integration_inst.quantizer_inst.shifted_data\[28\],43.27µm
_03360_,43.22µm
_04085_,43.22µm
_11050_,43.22µm
_16159_,43.22µm
u_integration_final.integration_inst.mac_grid_inst.ROW_LOOP\[1\].COL_LOOP\[1\].mac_inst.o_result\[4\],43.22µm
u_integration_final.integration_inst.quantizer_inst.shifted_data\[37\],43.22µm
_02173_,43.17µm
_03486_,43.17µm
_04491_,43.17µm
_04907_,43.17µm
_05750_,43.17µm
_06537_,43.17µm
_06636_,43.17µm
_11456_,43.17µm
_17532_,43.17µm
u_integration_final.integration_inst.reg_bank_inst.accum\[6\]\[16\],43.17µm
net3077,43.17µm
_02412_,43.12µm
_02804_,43.12µm
_04448_,43.12µm
_05940_,43.12µm
_06578_,43.12µm
_07495_,43.12µm
_07913_,43.12µm
_12811_,43.12µm
_14832_,43.12µm
_15256_,43.12µm
u_integration_final.integration_inst.command_parser_inst.i_uart_rx_data\[1\],43.12µm
u_integration_final.integration_inst.mac_grid_inst.ROW_LOOP\[2\].COL_LOOP\[1\].mac_inst.o_result\[1\],43.12µm
u_integration_final.integration_inst.reg_bank_inst.rows_a_d\[1\]\[0\],43.12µm
net1057,43.12µm
net3579,43.12µm
_12465_,42.76µm
net4041,42.76µm
_02589_,42.71µm
_03182_,42.71µm
_03743_,42.71µm
_05215_,42.71µm
_03330_,42.66µm
_04002_,42.66µm
_04732_,42.66µm
_14930_,42.66µm
_02610_,42.61µm
_05481_,42.61µm
_06025_,42.61µm
_11143_,42.61µm
_14045_,42.61µm
u_integration_final.integration_inst.quantizer_inst.shifted_data\[1\],42.61µm
u_integration_final.integration_inst.quantizer_inst.shifted_data\[29\],42.61µm
_02541_,42.56µm
_05173_,42.56µm
_07752_,42.56µm
_08210_,42.56µm
_08301_,42.56µm
_08362_,42.56µm
_09320_,42.56µm
_10324_,42.56µm
_11647_,42.56µm
u_integration_final.integration_inst.mac_grid_inst.ROW_LOOP\[1\].COL_LOOP\[0\].mac_inst.o_result\[10\],42.56µm
net1621,42.56µm
net2978,42.56µm
u_integration_final.integration_inst.mac_grid_inst.ROW_LOOP\[0\].COL_LOOP\[1\].mac_inst.o_result\[3\],42.2µm
_06769_,42.15µm
_07448_,42.15µm
_07812_,42.15µm
_15143_,42.15µm
_17233_,42.15µm
u_integration_final.integration_inst.mac_grid_inst.ROW_LOOP\[0\].COL_LOOP\[2\].mac_inst.o_result\[9\],42.15µm
u_integration_final.integration_inst.mac_grid_inst.ROW_LOOP\[2\].COL_LOOP\[0\].mac_inst.o_result\[15\],42.15µm
u_integration_final.integration_inst.reg_bank_inst.mat_arr\[25\]\[3\],42.15µm
_04256_,42.1µm
_04701_,42.1µm
_06072_,42.1µm
_06073_,42.1µm
_06453_,42.1µm
_08473_,42.1µm
_16514_,42.1µm
_16864_,42.1µm
u_integration_final.integration_inst.mac_grid_inst.ROW_LOOP\[0\].COL_LOOP\[2\].mac_inst.o_result\[10\],42.1µm
u_integration_final.integration_inst.mac_grid_inst.ROW_LOOP\[1\].COL_LOOP\[2\].mac_inst.o_result\[15\],42.1µm
u_integration_final.integration_inst.mac_grid_inst.ROW_LOOP\[1\].COL_LOOP\[2\].mac_inst.o_result\[5\],42.1µm
u_integration_final.integration_inst.reg_bank_inst.accum\[5\]\[9\],42.1µm
net574,42.1µm
_06278_,42.05µm
_06694_,42.05µm
_07445_,42.05µm
_09264_,42.05µm
_10823_,42.05µm
_13318_,42.05µm
_14165_,42.05µm
_14227_,42.05µm
u_integration_final.integration_inst.mac_grid_inst.ROW_LOOP\[1\].COL_LOOP\[1\].mac_inst.o_result\[1\],42.05µm
u_integration_final.integration_inst.mac_grid_inst.ROW_LOOP\[1\].COL_LOOP\[1\].mac_inst.o_result\[22\],42.05µm
u_integration_final.integration_inst.quantizer_inst.shifted_data\[9\],42.05µm
u_integration_final.integration_inst.reg_bank_inst.accum\[2\]\[15\],42.05µm
u_integration_final.integration_inst.reg_bank_inst.mat_arr\[34\]\[3\],42.05µm
net3393,42.05µm
_05833_,42µm
_06469_,42µm
_09814_,42µm
_11201_,42µm
_13391_,42µm
_14000_,42µm
_07003_,41.59µm
u_integration_final.integration_inst.mac_grid_inst.ROW_LOOP\[0\].COL_LOOP\[2\].mac_inst.o_result\[7\],41.59µm
u_integration_final.integration_inst.mac_grid_inst.ROW_LOOP\[1\].COL_LOOP\[0\].mac_inst.product\[5\],41.59µm
u_integration_final.integration_inst.mac_grid_inst.ROW_LOOP\[2\].COL_LOOP\[0\].mac_inst.product\[12\],41.59µm
_05086_,41.54µm
_05691_,41.54µm
_06647_,41.54µm
_11254_,41.54µm
_14191_,41.54µm
_15348_,41.54µm
_16300_,41.54µm
u_integration_final.integration_inst.mac_grid_inst.ROW_LOOP\[1\].COL_LOOP\[0\].mac_inst.o_result\[2\],41.54µm
_02258_,41.49µm
_04084_,41.49µm
_06697_,41.49µm
_07215_,41.49µm
_12284_,41.49µm
_15809_,41.49µm
_16506_,41.49µm
u_integration_final.integration_inst.mac_grid_inst.ROW_LOOP\[2\].COL_LOOP\[2\].mac_inst.o_result\[3\],41.49µm
net119,41.49µm
net2846,41.49µm
net3158,41.49µm
net3524,41.49µm
_00028_,41.44µm
_02196_,41.44µm
_03695_,41.44µm
_04391_,41.44µm
_05869_,41.44µm
_07682_,41.44µm
_08192_,41.44µm
_11927_,41.44µm
_02333_,41.03µm
_06246_,41.03µm
_06280_,41.03µm
_07211_,41.03µm
_12608_,41.03µm
_16734_,41.03µm
_16744_,41.03µm
_17384_,41.03µm
u_integration_final.integration_inst.mac_grid_inst.ROW_LOOP\[0\].COL_LOOP\[1\].mac_inst.o_result\[16\],41.03µm
u_integration_final.integration_inst.quantizer_inst.added_data\[6\],41.03µm
_02017_,40.98µm
_06539_,40.98µm
_06979_,40.98µm
_14644_,40.98µm
_15184_,40.98µm
u_integration_final.integration_inst.mac_grid_inst.ROW_LOOP\[2\].COL_LOOP\[0\].mac_inst.product\[6\],40.98µm
_02798_,40.93µm
_02866_,40.93µm
_03262_,40.93µm
_06271_,40.93µm
_09708_,40.93µm
_11038_,40.93µm
_12285_,40.93µm
_16546_,40.93µm
u_integration_final.integration_inst.mac_grid_inst.ROW_LOOP\[0\].COL_LOOP\[2\].mac_inst.o_result\[1\],40.93µm
_01926_,40.88µm
_02283_,40.88µm
_02642_,40.88µm
_04460_,40.88µm
_05091_,40.88µm
_06528_,40.88µm
_07164_,40.88µm
_07624_,40.88µm
_12734_,40.88µm
_12744_,40.88µm
_16084_,40.88µm
u_integration_final.integration_inst.mac_grid_inst.ROW_LOOP\[2\].COL_LOOP\[2\].mac_inst.product\[7\],40.88µm
u_integration_final.uart_inst.bg.counter\[0\],40.57µm
_03308_,40.47µm
_03127_,40.42µm
_03770_,40.42µm
_04192_,40.42µm
_04240_,40.42µm
_06015_,40.42µm
_14350_,40.42µm
u_integration_final.integration_inst.mac_grid_inst.ROW_LOOP\[1\].COL_LOOP\[1\].mac_inst.o_result\[15\],40.42µm
_02686_,40.37µm
_03480_,40.37µm
_05978_,40.37µm
_06608_,40.37µm
_06775_,40.37µm
_06849_,40.37µm
_07130_,40.37µm
_09734_,40.37µm
_12541_,40.37µm
u_integration_final.integration_inst.mac_grid_inst.ROW_LOOP\[1\].COL_LOOP\[0\].mac_inst.o_result\[14\],40.37µm
u_integration_final.integration_inst.reg_bank_inst.mat_arr\[25\]\[6\],40.37µm
_01930_,40.32µm
_06035_,40.32µm
_06431_,40.32µm
_07842_,40.32µm
_11134_,40.32µm
_11538_,40.32µm
_11566_,40.32µm
_14986_,40.32µm
u_integration_final.integration_inst.mac_grid_inst.ROW_LOOP\[1\].COL_LOOP\[1\].mac_inst.o_result\[11\],40.32µm
u_integration_final.integration_inst.mac_grid_inst.ROW_LOOP\[2\].COL_LOOP\[0\].mac_inst.o_result\[12\],40.32µm
net2505,40.32µm
net2506,40.32µm
_06631_,40.04µm
_15602_,39.91µm
u_integration_final.integration_inst.command_parser_inst.i_uart_rx_data\[4\],39.91µm
u_integration_final.integration_inst.mac_grid_inst.ROW_LOOP\[0\].COL_LOOP\[2\].mac_inst.o_result\[2\],39.91µm
u_integration_final.integration_inst.mac_grid_inst.ROW_LOOP\[1\].COL_LOOP\[1\].mac_inst.product\[1\],39.91µm
u_integration_final.integration_inst.quantizer_inst.shifted_data\[14\],39.91µm
_02655_,39.86µm
_04721_,39.86µm
_13514_,39.86µm
_15202_,39.86µm
_03321_,39.81µm
_04886_,39.81µm
_04931_,39.81µm
_05099_,39.81µm
_08188_,39.81µm
_08707_,39.81µm
_09535_,39.81µm
_12185_,39.81µm
_13243_,39.81µm
_14567_,39.81µm
_15209_,39.81µm
_15244_,39.81µm
u_integration_final.integration_inst.quantizer_inst.scaled_data\[45\],39.81µm
u_integration_final.uart_inst.ur.bitCount\[0\],39.81µm
_01600_,39.76µm
_01645_,39.76µm
_03702_,39.76µm
_04064_,39.76µm
_04664_,39.76µm
_04683_,39.76µm
_06425_,39.76µm
_06514_,39.76µm
_09816_,39.76µm
_10236_,39.76µm
_11844_,39.76µm
_14334_,39.76µm
_14869_,39.76µm
_16369_,39.76µm
net4037,39.62µm
net4039,39.48µm
_06444_,39.4µm
_12697_,39.35µm
u_integration_final.integration_inst.mac_grid_inst.ROW_LOOP\[1\].COL_LOOP\[2\].mac_inst.o_result\[14\],39.35µm
_05756_,39.3µm
_06680_,39.3µm
_07260_,39.3µm
_09744_,39.3µm
_11516_,39.3µm
_12376_,39.3µm
_14360_,39.3µm
_15973_,39.3µm
_03294_,39.25µm
_05614_,39.25µm
_06583_,39.25µm
_07182_,39.25µm
_09983_,39.25µm
_14522_,39.25µm
u_integration_final.integration_inst.mac_grid_inst.ROW_LOOP\[0\].COL_LOOP\[0\].mac_inst.o_result\[15\],39.25µm
u_integration_final.integration_inst.mac_grid_inst.ROW_LOOP\[0\].COL_LOOP\[1\].mac_inst.o_result\[8\],39.25µm
u_integration_final.integration_inst.mac_grid_inst.ROW_LOOP\[1\].COL_LOOP\[1\].mac_inst.o_result\[10\],39.25µm
u_integration_final.integration_inst.reg_bank_inst.accum\[3\]\[6\],39.25µm
net1126,39.25µm
_00012_,39.2µm
_02027_,39.2µm
_02459_,39.2µm
_03879_,39.2µm
_06151_,39.2µm
_10753_,39.2µm
_11394_,39.2µm
_12699_,39.2µm
_13508_,39.2µm
_16022_,39.2µm
_16586_,39.2µm
_16624_,39.2µm
_17138_,39.2µm
u_integration_final.integration_inst.mac_grid_inst.ROW_LOOP\[2\].COL_LOOP\[1\].mac_inst.o_result\[4\],39.2µm
_14428_,38.89µm
_12188_,38.84µm
u_integration_final.integration_inst.mac_grid_inst.ROW_LOOP\[0\].COL_LOOP\[2\].mac_inst.o_result\[13\],38.84µm
_15551_,38.79µm
_15901_,38.79µm
u_integration_final.integration_inst.mac_grid_inst.ROW_LOOP\[1\].COL_LOOP\[1\].mac_inst.o_result\[20\],38.79µm
u_integration_final.integration_inst.mac_grid_inst.ROW_LOOP\[1\].COL_LOOP\[2\].mac_inst.o_result\[11\],38.79µm
u_integration_final.integration_inst.mac_grid_inst.ROW_LOOP\[1\].COL_LOOP\[2\].mac_inst.o_result\[7\],38.79µm
_02947_,38.74µm
_03357_,38.74µm
_03975_,38.74µm
_06738_,38.74µm
_07349_,38.74µm
_13539_,38.74µm
_14002_,38.74µm
_15904_,38.74µm
_16478_,38.74µm
u_integration_final.integration_inst.mac_grid_inst.ROW_LOOP\[0\].COL_LOOP\[0\].mac_inst.o_result\[19\],38.74µm
u_integration_final.integration_inst.mac_grid_inst.ROW_LOOP\[2\].COL_LOOP\[0\].mac_inst.o_result\[14\],38.74µm
u_integration_final.integration_inst.mac_grid_inst.ROW_LOOP\[2\].COL_LOOP\[1\].mac_inst.o_result\[12\],38.74µm
u_integration_final.integration_inst.mac_grid_inst.ROW_LOOP\[2\].COL_LOOP\[1\].mac_inst.product\[16\],38.74µm
_03476_,38.69µm
_05443_,38.69µm
_06447_,38.69µm
_07321_,38.69µm
_08062_,38.69µm
_08284_,38.69µm
_09763_,38.69µm
_10948_,38.69µm
_14848_,38.69µm
_16245_,38.69µm
u_integration_final.integration_inst.command_parser_inst.o_quantizer_scale\[26\],38.69µm
u_integration_final.integration_inst.command_parser_inst.o_quantizer_target_dtype\[1\],38.69µm
u_integration_final.integration_inst.mac_grid_inst.ROW_LOOP\[1\].COL_LOOP\[0\].mac_inst.o_result\[12\],38.69µm
u_integration_final.integration_inst.mac_grid_inst.ROW_LOOP\[2\].COL_LOOP\[0\].mac_inst.product\[16\],38.69µm
u_integration_final.integration_inst.mac_grid_inst.ROW_LOOP\[2\].COL_LOOP\[1\].mac_inst.product\[14\],38.69µm
net2626,38.69µm
_02698_,38.64µm
_03559_,38.64µm
_03779_,38.64µm
_04233_,38.64µm
_04380_,38.64µm
_04832_,38.64µm
_05290_,38.64µm
_06645_,38.64µm
_09719_,38.64µm
_10828_,38.64µm
_11159_,38.64µm
_12039_,38.64µm
_16802_,38.64µm
_17365_,38.64µm
_17559_,38.64µm
u_integration_final.integration_inst.reg_bank_inst.oper_ctr\[2\],38.64µm
u_integration_final.integration_inst.reg_bank_inst.rows_a_d\[2\]\[0\],38.64µm
_06553_,38.41µm
_07503_,38.33µm
_04647_,38.28µm
net4035,38.22µm
_09248_,38.18µm
_11902_,38.18µm
_14910_,38.18µm
_15272_,38.18µm
_16143_,38.18µm
_16392_,38.18µm
_17396_,38.18µm
_17622_,38.18µm
u_integration_final.integration_inst.mac_grid_inst.ROW_LOOP\[0\].COL_LOOP\[2\].mac_inst.o_result\[0\],38.18µm
u_integration_final.integration_inst.mac_grid_inst.ROW_LOOP\[0\].COL_LOOP\[2\].mac_inst.product\[3\],38.18µm
u_integration_final.integration_inst.mac_grid_inst.ROW_LOOP\[1\].COL_LOOP\[1\].mac_inst.product\[4\],38.18µm
u_integration_final.integration_inst.mac_grid_inst.ROW_LOOP\[2\].COL_LOOP\[1\].mac_inst.o_result\[17\],38.18µm
u_integration_final.integration_inst.mac_grid_inst.ROW_LOOP\[2\].COL_LOOP\[2\].mac_inst.product\[1\],38.18µm
_02755_,38.13µm
_02870_,38.13µm
_03709_,38.13µm
_04703_,38.13µm
_06406_,38.13µm
_06445_,38.13µm
_06604_,38.13µm
_10369_,38.13µm
_10825_,38.13µm
_13220_,38.13µm
_14520_,38.13µm
_15064_,38.13µm
_16448_,38.13µm
_16449_,38.13µm
u_integration_final.integration_inst.quantizer_inst.shifted_data\[26\],38.13µm
_01989_,38.08µm
_02237_,38.08µm
_02490_,38.08µm
_04222_,38.08µm
_04560_,38.08µm
_04872_,38.08µm
_08759_,38.08µm
_11803_,38.08µm
_14574_,38.08µm
_14996_,38.08µm
_16604_,38.08µm
_16849_,38.08µm
_17189_,38.08µm
_02910_,37.9µm
_14129_,37.72µm
_03728_,37.67µm
_05048_,37.67µm
_05050_,37.67µm
_09855_,37.67µm
_10759_,37.67µm
_16142_,37.67µm
_17232_,37.67µm
_01965_,37.62µm
_03427_,37.62µm
_03558_,37.62µm
_05378_,37.62µm
_06499_,37.62µm
_07559_,37.62µm
_08587_,37.62µm
_11616_,37.62µm
_13717_,37.62µm
o_uart_tx_IN,37.62µm
net2261,37.62µm
_03553_,37.57µm
_05848_,37.57µm
_07917_,37.57µm
_08586_,37.57µm
_09334_,37.57µm
_11219_,37.57µm
_11398_,37.57µm
_12570_,37.57µm
_13394_,37.57µm
_14952_,37.57µm
_16137_,37.57µm
u_integration_final.integration_inst.mac_grid_inst.ROW_LOOP\[1\].COL_LOOP\[1\].mac_inst.product\[6\],37.57µm
net1123,37.57µm
net1518,37.57µm
net2076,37.57µm
net3131,37.57µm
_00029_,37.52µm
_01601_,37.52µm
_01650_,37.52µm
_06216_,37.52µm
_07796_,37.52µm
_10888_,37.52µm
_11048_,37.52µm
_14114_,37.52µm
_14301_,37.52µm
_14784_,37.52µm
_17419_,37.52µm
_17468_,37.52µm
net2167,37.52µm
_03039_,37.34µm
_04246_,37.29µm
i_uart_rx,37.25µm
u_integration_final.integration_inst.quantizer_inst.shifts\[4\],37.16µm
u_integration_final.uart_inst.ur.dataBuf\[5\],37.16µm
_02842_,37.11µm
_04127_,37.11µm
_06652_,37.11µm
_08482_,37.11µm
u_integration_final.integration_inst.mac_grid_inst.ROW_LOOP\[0\].COL_LOOP\[1\].mac_inst.product\[16\],37.11µm
u_integration_final.integration_inst.mac_grid_inst.ROW_LOOP\[0\].COL_LOOP\[2\].mac_inst.o_result\[21\],37.11µm
net4036,37.1µm
_02451_,37.06µm
_02748_,37.06µm
_04293_,37.06µm
_06548_,37.06µm
_06659_,37.06µm
_07180_,37.06µm
_11813_,37.06µm
_11975_,37.06µm
_12722_,37.06µm
_14174_,37.06µm
_03373_,37.01µm
_03577_,37.01µm
_04400_,37.01µm
_04426_,37.01µm
_04473_,37.01µm
_04747_,37.01µm
_04966_,37.01µm
_05169_,37.01µm
_05194_,37.01µm
_05986_,37.01µm
_07251_,37.01µm
_15986_,37.01µm
_16393_,37.01µm
_16852_,37.01µm
_17529_,37.01µm
u_integration_final.integration_inst.quantizer_inst.scaled_data\[2\],37.01µm
_03588_,36.96µm
_04243_,36.96µm
_04746_,36.96µm
_05982_,36.96µm
_07166_,36.96µm
_07340_,36.96µm
_09165_,36.96µm
_10848_,36.96µm
_11649_,36.96µm
_11971_,36.96µm
_14433_,36.96µm
_15589_,36.96µm
_15670_,36.96µm
_16042_,36.96µm
_16815_,36.96µm
net1576,36.96µm
u_integration_final.integration_inst.mac_grid_inst.ROW_LOOP\[2\].COL_LOOP\[1\].mac_inst.o_result\[11\],36.6µm
u_integration_final.uart_inst.ut.bitCount\[2\],36.6µm
_11577_,36.55µm
u_integration_final.integration_inst.quantizer_inst.shifted_data\[24\],36.55µm
_04179_,36.5µm
_05450_,36.5µm
_06094_,36.5µm
_12049_,36.5µm
_13615_,36.5µm
_16024_,36.5µm
u_integration_final.integration_inst.quantizer_inst.shifted_data\[11\],36.5µm
net3646,36.5µm
_03015_,36.45µm
_03452_,36.45µm
_04379_,36.45µm
_04700_,36.45µm
_04729_,36.45µm
_05354_,36.45µm
_05665_,36.45µm
_06145_,36.45µm
_06530_,36.45µm
_07862_,36.45µm
_09629_,36.45µm
_11298_,36.45µm
_12691_,36.45µm
_16261_,36.45µm
u_integration_final.integration_inst.mac_grid_inst.ROW_LOOP\[1\].COL_LOOP\[1\].mac_inst.o_result\[18\],36.45µm
u_integration_final.integration_inst.mac_grid_inst.ROW_LOOP\[1\].COL_LOOP\[2\].mac_inst.o_result\[21\],36.45µm
u_integration_final.integration_inst.mac_grid_inst.ROW_LOOP\[2\].COL_LOOP\[1\].mac_inst.o_result\[2\],36.45µm
u_integration_final.integration_inst.mac_grid_inst.ROW_LOOP\[2\].COL_LOOP\[2\].mac_inst.o_result\[15\],36.45µm
u_integration_final.integration_inst.quantizer_inst.added_data\[21\],36.45µm
net1973,36.45µm
net2737,36.45µm
_00135_,36.4µm
_01899_,36.4µm
_02894_,36.4µm
_04755_,36.4µm
_05279_,36.4µm
_07692_,36.4µm
_08194_,36.4µm
_10501_,36.4µm
_11137_,36.4µm
_12006_,36.4µm
_13086_,36.4µm
_13646_,36.4µm
_14064_,36.4µm
net3604,36.4µm
u_integration_final.integration_inst.mac_grid_inst.ROW_LOOP\[1\].COL_LOOP\[1\].mac_inst.o_result\[14\],36.04µm
_00108_,35.94µm
_03764_,35.94µm
_05919_,35.94µm
_07284_,35.94µm
_08568_,35.94µm
_11045_,35.94µm
_13155_,35.94µm
_13587_,35.94µm
_14504_,35.94µm
_15406_,35.94µm
_16803_,35.94µm
u_integration_final.integration_inst.mac_grid_inst.ROW_LOOP\[2\].COL_LOOP\[0\].mac_inst.o_result\[16\],35.94µm
net4034,35.895µm
_00122_,35.89µm
_02152_,35.89µm
_02484_,35.89µm
_02943_,35.89µm
_04765_,35.89µm
_05174_,35.89µm
_05203_,35.89µm
_07508_,35.89µm
_08415_,35.89µm
_08563_,35.89µm
_08956_,35.89µm
_10822_,35.89µm
_13501_,35.89µm
_13648_,35.89µm
u_integration_final.integration_inst.mac_grid_inst.ROW_LOOP\[0\].COL_LOOP\[2\].mac_inst.o_result\[16\],35.89µm
u_integration_final.integration_inst.mac_grid_inst.ROW_LOOP\[2\].COL_LOOP\[1\].mac_inst.product\[10\],35.89µm
net24,35.89µm
net1509,35.89µm
net2581,35.89µm
net3450,35.89µm
_00009_,35.84µm
_00023_,35.84µm
_02348_,35.84µm
_02549_,35.84µm
_03387_,35.84µm
_08159_,35.84µm
_13946_,35.84µm
_14173_,35.84µm
_14308_,35.84µm
_14323_,35.84µm
_15151_,35.84µm
_17146_,35.84µm
net3195,35.84µm
i_rst_n,35.64µm
net4038,35.575µm
_07254_,35.53µm
_08472_,35.48µm
_09782_,35.48µm
u_integration_final.integration_inst.mac_grid_inst.ROW_LOOP\[1\].COL_LOOP\[0\].mac_inst.o_result\[11\],35.43µm
net1545,35.43µm
_02429_,35.38µm
_06657_,35.38µm
_10997_,35.38µm
_11893_,35.38µm
_11967_,35.38µm
_13891_,35.38µm
_17353_,35.38µm
u_integration_final.integration_inst.mac_grid_inst.ROW_LOOP\[2\].COL_LOOP\[1\].mac_inst.o_result\[13\],35.38µm
u_integration_final.integration_inst.reg_bank_inst.accum\[8\]\[18\],35.38µm
u_integration_final.integration_inst.reg_bank_inst.mat_arr\[31\]\[1\],35.38µm
u_integration_final.integration_inst.reg_bank_inst.oper_ctr\[1\],35.38µm
u_integration_final.uart_inst.ur.dataBuf\[7\],35.38µm
_00024_,35.33µm
_00049_,35.33µm
_02909_,35.33µm
_02928_,35.33µm
_03417_,35.33µm
_03540_,35.33µm
_04486_,35.33µm
_04669_,35.33µm
_04695_,35.33µm
_04953_,35.33µm
_07071_,35.33µm
_08073_,35.33µm
_08348_,35.33µm
_10978_,35.33µm
_11032_,35.33µm
_11637_,35.33µm
_12854_,35.33µm
_12934_,35.33µm
_13986_,35.33µm
_15255_,35.33µm
_15664_,35.33µm
_15679_,35.33µm
_16277_,35.33µm
u_integration_final.integration_inst.mac_grid_inst.ROW_LOOP\[0\].COL_LOOP\[2\].mac_inst.product\[5\],35.33µm
u_integration_final.integration_inst.mac_grid_inst.ROW_LOOP\[1\].COL_LOOP\[2\].mac_inst.o_result\[6\],35.33µm
u_integration_final.integration_inst.mac_grid_inst.ROW_LOOP\[2\].COL_LOOP\[1\].mac_inst.o_result\[16\],35.33µm
u_integration_final.integration_inst.quantizer_inst.added_data\[18\],35.33µm
_01940_,35.28µm
_04121_,35.28µm
_04333_,35.28µm
_04976_,35.28µm
_06705_,35.28µm
_06708_,35.28µm
_07272_,35.28µm
_08212_,35.28µm
_08364_,35.28µm
_09740_,35.28µm
_09805_,35.28µm
_11779_,35.28µm
_12646_,35.28µm
_14288_,35.28µm
_14357_,35.28µm
_17500_,35.28µm
net3584,35.28µm
net3902,35.28µm
u_integration_final.uart_inst.bg.counter\[1\],35.02µm
_01800_,34.97µm
_16870_,34.92µm
_03815_,34.87µm
_05327_,34.87µm
_11014_,34.87µm
_13446_,34.87µm
_17165_,34.87µm
u_integration_final.integration_inst.mac_grid_inst.ROW_LOOP\[2\].COL_LOOP\[2\].mac_inst.o_result\[0\],34.87µm
_03814_,34.82µm
_04535_,34.82µm
_04955_,34.82µm
_05676_,34.82µm
_09581_,34.82µm
_15473_,34.82µm
_16349_,34.82µm
_16735_,34.82µm
u_integration_final.integration_inst.mac_grid_inst.ROW_LOOP\[1\].COL_LOOP\[1\].mac_inst.o_result\[3\],34.82µm
u_integration_final.integration_inst.mac_grid_inst.ROW_LOOP\[2\].COL_LOOP\[2\].mac_inst.product\[14\],34.82µm
u_integration_final.integration_inst.quantizer_inst.shifted_data\[5\],34.82µm
u_integration_final.integration_inst.reg_bank_inst.accum\[5\]\[18\],34.82µm
_02557_,34.77µm
_02697_,34.77µm
_03184_,34.77µm
_03986_,34.77µm
_04575_,34.77µm
_05087_,34.77µm
_05612_,34.77µm
_06032_,34.77µm
_06841_,34.77µm
_06928_,34.77µm
_09043_,34.77µm
_09586_,34.77µm
_11406_,34.77µm
_11432_,34.77µm
_11792_,34.77µm
_12794_,34.77µm
_15121_,34.77µm
u_integration_final.integration_inst.mac_grid_inst.ROW_LOOP\[0\].COL_LOOP\[2\].mac_inst.o_result\[8\],34.77µm
u_integration_final.integration_inst.quantizer_inst.shifted_data\[25\],34.77µm
u_integration_final.integration_inst.reg_bank_inst.accum\[1\]\[9\],34.77µm
u_integration_final.integration_inst.reg_bank_inst.matrix_sel_a\[0\],34.77µm
net598,34.77µm
net2633,34.77µm
net,34.74µm
_02313_,34.72µm
_03603_,34.72µm
_04796_,34.72µm
_05661_,34.72µm
_06573_,34.72µm
_06837_,34.72µm
_07854_,34.72µm
_08360_,34.72µm
_10487_,34.72µm
_11576_,34.72µm
_12749_,34.72µm
_14475_,34.72µm
_14515_,34.72µm
_14799_,34.72µm
_15083_,34.72µm
_15806_,34.72µm
_16805_,34.72µm
_17292_,34.72µm
net1644,34.72µm
_09109_,34.36µm
u_integration_final.integration_inst.mac_grid_inst.ROW_LOOP\[1\].COL_LOOP\[1\].mac_inst.o_result\[16\],34.36µm
u_integration_final.integration_inst.mac_grid_inst.ROW_LOOP\[2\].COL_LOOP\[1\].mac_inst.o_result\[15\],34.36µm
_02681_,34.31µm
_04913_,34.31µm
_07320_,34.31µm
_14175_,34.31µm
u_integration_final.integration_inst.mac_grid_inst.ROW_LOOP\[2\].COL_LOOP\[0\].mac_inst.product\[4\],34.31µm
_04006_,34.26µm
_04031_,34.26µm
_04073_,34.26µm
_04103_,34.26µm
_04687_,34.26µm
_05057_,34.26µm
_05106_,34.26µm
_06852_,34.26µm
_11283_,34.26µm
_12716_,34.26µm
_15629_,34.26µm
_03604_,34.21µm
_03897_,34.21µm
_04641_,34.21µm
_04753_,34.21µm
_07337_,34.21µm
_07572_,34.21µm
_07579_,34.21µm
_08715_,34.21µm
_09176_,34.21µm
_09258_,34.21µm
_11251_,34.21µm
_13148_,34.21µm
_15037_,34.21µm
_15939_,34.21µm
_16215_,34.21µm
u_integration_final.integration_inst.mac_grid_inst.ROW_LOOP\[2\].COL_LOOP\[2\].mac_inst.o_result\[8\],34.21µm
net1237,34.21µm
_03596_,34.16µm
_04284_,34.16µm
_06598_,34.16µm
_09527_,34.16µm
_10350_,34.16µm
_10413_,34.16µm
_12571_,34.16µm
_13755_,34.16µm
_11502_,33.85µm
_16515_,33.8µm
u_integration_final.integration_inst.mac_grid_inst.ROW_LOOP\[0\].COL_LOOP\[2\].mac_inst.o_result\[12\],33.8µm
_02635_,33.75µm
_03264_,33.75µm
_14171_,33.75µm
u_integration_final.integration_inst.mac_grid_inst.ROW_LOOP\[2\].COL_LOOP\[0\].mac_inst.product\[5\],33.75µm
u_integration_final.integration_inst.mac_grid_inst.ROW_LOOP\[2\].COL_LOOP\[2\].mac_inst.o_result\[4\],33.75µm
_02994_,33.7µm
_03041_,33.7µm
_03607_,33.7µm
_04059_,33.7µm
_05195_,33.7µm
_05387_,33.7µm
_05494_,33.7µm
_09842_,33.7µm
_12095_,33.7µm
_14243_,33.7µm
_15287_,33.7µm
_17483_,33.7µm
_17527_,33.7µm
u_integration_final.integration_inst.mac_grid_inst.ROW_LOOP\[2\].COL_LOOP\[2\].mac_inst.product\[4\],33.7µm
u_integration_final.integration_inst.quantizer_inst.added_data\[10\],33.7µm
u_integration_final.integration_inst.reg_bank_inst.accum\[0\]\[13\],33.7µm
_01795_,33.65µm
_01972_,33.65µm
_02480_,33.65µm
_02687_,33.65µm
_03641_,33.65µm
_04455_,33.65µm
_04456_,33.65µm
_05094_,33.65µm
_06865_,33.65µm
_07187_,33.65µm
_07263_,33.65µm
_08499_,33.65µm
_08597_,33.65µm
_09088_,33.65µm
_10090_,33.65µm
_10991_,33.65µm
_14029_,33.65µm
_14508_,33.65µm
_15669_,33.65µm
_16697_,33.65µm
_17201_,33.65µm
_17276_,33.65µm
u_integration_final.integration_inst.mac_grid_inst.ROW_LOOP\[0\].COL_LOOP\[1\].mac_inst.o_result\[21\],33.65µm
u_integration_final.integration_inst.quantizer_inst.shifts\[3\],33.65µm
net1170,33.65µm
net2258,33.65µm
_01824_,33.6µm
_01861_,33.6µm
_02907_,33.6µm
_03250_,33.6µm
_03431_,33.6µm
_03825_,33.6µm
_05745_,33.6µm
_05792_,33.6µm
_05862_,33.6µm
_06426_,33.6µm
_07859_,33.6µm
_09580_,33.6µm
_10794_,33.6µm
_11206_,33.6µm
_11739_,33.6µm
_12297_,33.6µm
_14229_,33.6µm
_14947_,33.6µm
_15878_,33.6µm
_17406_,33.6µm
u_integration_final.integration_inst.command_parser_inst.o_clamp_max\[6\],33.6µm
net551,33.6µm
net2949,33.6µm
net4040,33.51µm
_02424_,33.24µm
_04404_,33.19µm
_15671_,33.19µm
_04938_,33.14µm
_09539_,33.14µm
_16001_,33.14µm
_16663_,33.14µm
u_integration_final.integration_inst.command_parser_inst.current_op\[1\],33.14µm
u_integration_final.integration_inst.mac_grid_inst.ROW_LOOP\[1\].COL_LOOP\[1\].mac_inst.product\[14\],33.14µm
u_integration_final.integration_inst.mac_grid_inst.ROW_LOOP\[2\].COL_LOOP\[0\].mac_inst.product\[13\],33.14µm
u_integration_final.integration_inst.quantizer_inst.scaled_data\[14\],33.14µm
u_integration_final.uart_inst.bg.counter\[8\],33.14µm
_01928_,33.09µm
_01938_,33.09µm
_02606_,33.09µm
_03433_,33.09µm
_04351_,33.09µm
_04447_,33.09µm
_05536_,33.09µm
_06517_,33.09µm
_06524_,33.09µm
_06556_,33.09µm
_07786_,33.09µm
_09990_,33.09µm
_12578_,33.09µm
_12704_,33.09µm
_15732_,33.09µm
_15810_,33.09µm
_16723_,33.09µm
u_integration_final.integration_inst.mac_grid_inst.ROW_LOOP\[1\].COL_LOOP\[1\].mac_inst.o_result\[12\],33.09µm
u_integration_final.integration_inst.mac_grid_inst.ROW_LOOP\[1\].COL_LOOP\[1\].mac_inst.o_result\[9\],33.09µm
u_integration_final.integration_inst.quantizer_inst.zp_1\[4\],33.09µm
u_integration_final.integration_inst.reg_bank_inst.accum\[1\]\[16\],33.09µm
_01933_,33.04µm
_03023_,33.04µm
_03247_,33.04µm
_03519_,33.04µm
_04437_,33.04µm
_05477_,33.04µm
_06526_,33.04µm
_08200_,33.04µm
_08701_,33.04µm
_09606_,33.04µm
_12270_,33.04µm
_14446_,33.04µm
_15655_,33.04µm
_15788_,33.04µm
_17335_,33.04µm
_17525_,33.04µm
net221,33.04µm
net4033,33.03µm
o_uart_tx_OUT,32.95µm
u_integration_final.integration_inst.mac_grid_inst.ROW_LOOP\[0\].COL_LOOP\[1\].mac_inst.o_result\[2\],32.68µm
net4031,32.67µm
_04724_,32.63µm
_05388_,32.63µm
_09707_,32.63µm
_16431_,32.63µm
_17275_,32.63µm
_03845_,32.58µm
_04521_,32.58µm
_07214_,32.58µm
_07278_,32.58µm
_10975_,32.58µm
_11062_,32.58µm
_12012_,32.58µm
_13108_,32.58µm
_17543_,32.58µm
_17615_,32.58µm
u_integration_final.integration_inst.mac_grid_inst.ROW_LOOP\[1\].COL_LOOP\[0\].mac_inst.o_result\[18\],32.58µm
u_integration_final.integration_inst.reg_bank_inst.accum\[0\]\[8\],32.58µm
_03404_,32.53µm
_04028_,32.53µm
_05283_,32.53µm
_06921_,32.53µm
_08067_,32.53µm
_14194_,32.53µm
_14390_,32.53µm
_15270_,32.53µm
_15776_,32.53µm
_17435_,32.53µm
u_integration_final.integration_inst.command_parser_inst.o_quantizer_scale\[25\],32.53µm
u_integration_final.integration_inst.command_parser_inst.o_uart_tx_data\[0\],32.53µm
u_integration_final.integration_inst.reg_bank_inst.accum\[1\]\[4\],32.53µm
u_integration_final.integration_inst.reg_bank_inst.accum\[2\]\[22\],32.53µm
u_integration_final.integration_inst.reg_bank_inst.accum\[3\]\[11\],32.53µm
u_integration_final.integration_inst.reg_bank_inst.accum\[6\]\[10\],32.53µm
net1143,32.53µm
_02041_,32.48µm
_02225_,32.48µm
_02581_,32.48µm
_02691_,32.48µm
_02764_,32.48µm
_03785_,32.48µm
_03927_,32.48µm
_04589_,32.48µm
_07191_,32.48µm
_09569_,32.48µm
_11416_,32.48µm
_11731_,32.48µm
_12655_,32.48µm
_13658_,32.48µm
_13888_,32.48µm
_14059_,32.48µm
_14413_,32.48µm
_15968_,32.48µm
_16567_,32.48µm
u_integration_final.integration_inst.reg_bank_inst.accum\[6\]\[2\],32.48µm
u_integration_final.integration_inst.reg_bank_inst.accum\[7\]\[7\],32.48µm
net2372,32.48µm
net2911,32.48µm
net3492,32.48µm
o_uart_tx_CS,32.46µm
_02978_,32.12µm
u_integration_final.integration_inst.mac_grid_inst.ROW_LOOP\[2\].COL_LOOP\[2\].mac_inst.o_result\[20\],32.12µm
_01685_,32.07µm
_10957_,32.07µm
u_integration_final.integration_inst.mac_grid_inst.ROW_LOOP\[0\].COL_LOOP\[2\].mac_inst.product\[16\],32.07µm
u_integration_final.integration_inst.mac_grid_inst.ROW_LOOP\[2\].COL_LOOP\[2\].mac_inst.product\[16\],32.07µm
u_integration_final.integration_inst.quantizer_inst.scaled_data\[8\],32.07µm
_02826_,32.02µm
_04147_,32.02µm
_04346_,32.02µm
_04396_,32.02µm
_04461_,32.02µm
_06493_,32.02µm
_11921_,32.02µm
_12000_,32.02µm
_16003_,32.02µm
_17331_,32.02µm
u_integration_final.integration_inst.mac_grid_inst.ROW_LOOP\[2\].COL_LOOP\[2\].mac_inst.product\[10\],32.02µm
net505,32.02µm
_04279_,31.97µm
_04934_,31.97µm
_05015_,31.97µm
_05059_,31.97µm
_05802_,31.97µm
_07201_,31.97µm
_07338_,31.97µm
_08111_,31.97µm
_09233_,31.97µm
_09791_,31.97µm
_09910_,31.97µm
_12759_,31.97µm
_12896_,31.97µm
_15166_,31.97µm
_16382_,31.97µm
_16959_,31.97µm
u_integration_final.integration_inst.command_parser_inst.o_quantizer_zero_point\[3\],31.97µm
u_integration_final.integration_inst.quantizer_inst.shifted_data\[17\],31.97µm
u_integration_final.integration_inst.reg_bank_inst.accum\[2\]\[2\],31.97µm
u_integration_final.integration_inst.reg_bank_inst.accum\[6\]\[13\],31.97µm
net3279,31.97µm
net3400,31.97µm
_00057_,31.92µm
_02544_,31.92µm
_03300_,31.92µm
_06575_,31.92µm
_07377_,31.92µm
_09310_,31.92µm
_11369_,31.92µm
_11944_,31.92µm
_12170_,31.92µm
_12315_,31.92µm
_12850_,31.92µm
_13439_,31.92µm
_14100_,31.92µm
_15883_,31.92µm
_16825_,31.92µm
_17009_,31.92µm
u_integration_final.integration_inst.quantizer_inst.added_data\[40\],31.92µm
u_integration_final.integration_inst.reg_bank_inst.accum\[6\]\[22\],31.92µm
_06927_,31.56µm
u_integration_final.uart_inst.ur.count16\[0\],31.56µm
_09414_,31.51µm
_11974_,31.51µm
_12612_,31.51µm
_15056_,31.51µm
_03669_,31.46µm
_04418_,31.46µm
_04993_,31.46µm
_05167_,31.46µm
_06728_,31.46µm
_07261_,31.46µm
_08120_,31.46µm
_08615_,31.46µm
_12598_,31.46µm
_12752_,31.46µm
_12885_,31.46µm
u_integration_final.integration_inst.reg_bank_inst.accum\[1\]\[7\],31.46µm
net2366,31.46µm
_04184_,31.41µm
_04189_,31.41µm
_04690_,31.41µm
_04792_,31.41µm
_05157_,31.41µm
_05172_,31.41µm
_06096_,31.41µm
_11198_,31.41µm
_11618_,31.41µm
_15049_,31.41µm
_15691_,31.41µm
_15830_,31.41µm
_16499_,31.41µm
u_integration_final.integration_inst.mac_grid_inst.ROW_LOOP\[2\].COL_LOOP\[0\].mac_inst.product\[11\],31.41µm
u_integration_final.integration_inst.mac_grid_inst.ROW_LOOP\[2\].COL_LOOP\[0\].mac_inst.product\[7\],31.41µm
u_integration_final.integration_inst.quantizer_inst.shifted_data\[3\],31.41µm
net1124,31.41µm
net3694,31.41µm
_00077_,31.36µm
_01956_,31.36µm
_02343_,31.36µm
_02938_,31.36µm
_03790_,31.36µm
_04024_,31.36µm
_06509_,31.36µm
_06965_,31.36µm
_09806_,31.36µm
_09841_,31.36µm
_10654_,31.36µm
_11089_,31.36µm
_12573_,31.36µm
_12695_,31.36µm
_14576_,31.36µm
_15621_,31.36µm
_15744_,31.36µm
_15916_,31.36µm
u_integration_final.integration_inst.quantizer_inst.added_data\[26\],31.36µm
u_integration_final.integration_inst.quantizer_inst.shifted_data\[0\],31.36µm
u_integration_final.integration_inst.quantizer_inst.target_dtype_0\[1\],31.36µm
net1215,31.36µm
net2299,31.36µm
net2943,31.36µm
_04844_,31.08µm
_08554_,31.05µm
_02838_,31µm
_06887_,31µm
_10863_,31µm
_06068_,30.95µm
_09261_,30.95µm
_15210_,30.95µm
_16540_,30.95µm
u_integration_final.integration_inst.mac_grid_inst.ROW_LOOP\[1\].COL_LOOP\[0\].mac_inst.product\[13\],30.95µm
_06587_,30.9µm
_06817_,30.9µm
_07199_,30.9µm
_09800_,30.9µm
_12771_,30.9µm
_13367_,30.9µm
_15381_,30.9µm
u_integration_final.integration_inst.mac_grid_inst.ROW_LOOP\[0\].COL_LOOP\[0\].mac_inst.product\[12\],30.9µm
u_integration_final.integration_inst.mac_grid_inst.ROW_LOOP\[1\].COL_LOOP\[2\].mac_inst.product\[16\],30.9µm
u_integration_final.integration_inst.quantizer_inst.added_data\[20\],30.9µm
u_integration_final.integration_inst.reg_bank_inst.accum\[1\]\[17\],30.9µm
_01695_,30.85µm
_02026_,30.85µm
_02693_,30.85µm
_03467_,30.85µm
_03629_,30.85µm
_03966_,30.85µm
_04463_,30.85µm
_04507_,30.85µm
_04652_,30.85µm
_05806_,30.85µm
_06218_,30.85µm
_06338_,30.85µm
_06352_,30.85µm
_07638_,30.85µm
_07808_,30.85µm
_08770_,30.85µm
_11720_,30.85µm
_12779_,30.85µm
_13383_,30.85µm
_13661_,30.85µm
_14250_,30.85µm
_15410_,30.85µm
_15765_,30.85µm
_15873_,30.85µm
_16565_,30.85µm
_17474_,30.85µm
u_integration_final.integration_inst.reg_bank_inst.mat_arr\[23\]\[7\],30.85µm
u_integration_final.uart_inst.ut.dataBuf\[5\],30.85µm
_00007_,30.8µm
_02222_,30.8µm
_04342_,30.8µm
_04378_,30.8µm
_05667_,30.8µm
_06673_,30.8µm
_07921_,30.8µm
_09244_,30.8µm
_09256_,30.8µm
_09599_,30.8µm
_10866_,30.8µm
_11166_,30.8µm
_11477_,30.8µm
_11568_,30.8µm
_13627_,30.8µm
_14193_,30.8µm
_14251_,30.8µm
_14495_,30.8µm
_15052_,30.8µm
_15585_,30.8µm
_17230_,30.8µm
_17416_,30.8µm
_17533_,30.8µm
u_integration_final.integration_inst.mac_grid_inst.ROW_LOOP\[1\].COL_LOOP\[2\].mac_inst.o_result\[8\],30.8µm
u_integration_final.integration_inst.mac_grid_inst.ROW_LOOP\[2\].COL_LOOP\[0\].mac_inst.product\[3\],30.8µm
_04608_,30.44µm
_03042_,30.39µm
_03756_,30.39µm
_05038_,30.39µm
_13569_,30.39µm
_16878_,30.39µm
u_integration_final.integration_inst.mac_grid_inst.ROW_LOOP\[0\].COL_LOOP\[2\].mac_inst.product\[10\],30.39µm
u_integration_final.integration_inst.mac_grid_inst.ROW_LOOP\[1\].COL_LOOP\[0\].mac_inst.o_result\[8\],30.39µm
u_integration_final.integration_inst.quantizer_inst.added_data\[4\],30.39µm
_03575_,30.34µm
_03849_,30.34µm
_04186_,30.34µm
_05391_,30.34µm
_11169_,30.34µm
_11763_,30.34µm
_12650_,30.34µm
_12667_,30.34µm
_13030_,30.34µm
_13509_,30.34µm
_15131_,30.34µm
_17445_,30.34µm
u_integration_final.integration_inst.mac_grid_inst.ROW_LOOP\[2\].COL_LOOP\[1\].mac_inst.o_result\[22\],30.34µm
u_integration_final.integration_inst.mac_grid_inst.ROW_LOOP\[2\].COL_LOOP\[2\].mac_inst.o_result\[18\],30.34µm
u_integration_final.integration_inst.quantizer_inst.scaled_data\[39\],30.34µm
net651,30.34µm
_02583_,30.29µm
_03056_,30.29µm
_03637_,30.29µm
_04019_,30.29µm
_04965_,30.29µm
_05995_,30.29µm
_06008_,30.29µm
_06117_,30.29µm
_06472_,30.29µm
_06551_,30.29µm
_08117_,30.29µm
_08356_,30.29µm
_09755_,30.29µm
_10063_,30.29µm
_11801_,30.29µm
_11835_,30.29µm
_13617_,30.29µm
_14068_,30.29µm
_16732_,30.29µm
_16862_,30.29µm
u_integration_final.integration_inst.mac_grid_inst.ROW_LOOP\[0\].COL_LOOP\[0\].mac_inst.product\[13\],30.29µm
net1162,30.29µm
_00579_,30.24µm
_01946_,30.24µm
_02585_,30.24µm
_05136_,30.24µm
_10525_,30.24µm
_12797_,30.24µm
_13557_,30.24µm
_14850_,30.24µm
_15779_,30.24µm
_17334_,30.24µm
_17375_,30.24µm
u_integration_final.integration_inst.quantizer_inst.added_data\[37\],30.24µm
net693,30.24µm
net1964,30.24µm
_06992_,30.01µm
_16845_,29.93µm
_01948_,29.88µm
u_integration_final.uart_inst.ur.count16\[2\],29.88µm
_05133_,29.83µm
_11754_,29.83µm
_11851_,29.83µm
_12101_,29.83µm
_13418_,29.83µm
net600,29.83µm
_04185_,29.78µm
_04859_,29.78µm
_04864_,29.78µm
_04927_,29.78µm
_11826_,29.78µm
_13353_,29.78µm
_15707_,29.78µm
_15972_,29.78µm
_17480_,29.78µm
u_integration_final.integration_inst.command_parser_inst.o_quantizer_zero_point\[2\],29.78µm
u_integration_final.integration_inst.mac_grid_inst.ROW_LOOP\[2\].COL_LOOP\[0\].mac_inst.o_result\[11\],29.78µm
u_integration_final.integration_inst.quantizer_inst.scaled_data\[3\],29.78µm
_02696_,29.73µm
_02729_,29.73µm
_03326_,29.73µm
_03921_,29.73µm
_05617_,29.73µm
_06118_,29.73µm
_06191_,29.73µm
_06468_,29.73µm
_07135_,29.73µm
_10046_,29.73µm
_10632_,29.73µm
_14088_,29.73µm
_17010_,29.73µm
_17459_,29.73µm
u_integration_final.integration_inst.command_parser_inst.o_matrix_1\[0\],29.73µm
_05332_,29.68µm
_07552_,29.68µm
_07671_,29.68µm
_07867_,29.68µm
_12213_,29.68µm
_12753_,29.68µm
_13468_,29.68µm
_14331_,29.68µm
_16339_,29.68µm
_17263_,29.68µm
u_integration_final.integration_inst.quantizer_inst.shifts\[5\],29.68µm
_06930_,29.4µm
_11019_,29.37µm
_14891_,29.32µm
_03175_,29.27µm
_05161_,29.27µm
_06839_,29.27µm
_07239_,29.27µm
_09048_,29.27µm
_10864_,29.27µm
u_integration_final.integration_inst.mac_grid_inst.ROW_LOOP\[1\].COL_LOOP\[0\].mac_inst.o_result\[6\],29.27µm
u_integration_final.integration_inst.quantizer_inst.scaled_data\[46\],29.27µm
_02601_,29.22µm
_03809_,29.22µm
_04849_,29.22µm
_05425_,29.22µm
_05584_,29.22µm
_06385_,29.22µm
_06481_,29.22µm
_06566_,29.22µm
_06600_,29.22µm
_07115_,29.22µm
_11943_,29.22µm
_12762_,29.22µm
_13355_,29.22µm
u_integration_final.integration_inst.mac_grid_inst.ROW_LOOP\[1\].COL_LOOP\[0\].mac_inst.product\[16\],29.22µm
u_integration_final.integration_inst.quantizer_inst.shifted_data\[38\],29.22µm
u_integration_final.integration_inst.reg_bank_inst.accum\[6\]\[17\],29.22µm
net156,29.22µm
net2367,29.22µm
_02564_,29.17µm
_03410_,29.17µm
_03985_,29.17µm
_04490_,29.17µm
_04709_,29.17µm
_04873_,29.17µm
_06586_,29.17µm
_06630_,29.17µm
_07249_,29.17µm
_08567_,29.17µm
_10219_,29.17µm
_11135_,29.17µm
_11914_,29.17µm
_11958_,29.17µm
_12678_,29.17µm
_13021_,29.17µm
_13306_,29.17µm
_13713_,29.17µm
_14269_,29.17µm
_14887_,29.17µm
_15795_,29.17µm
_16657_,29.17µm
u_integration_final.integration_inst.mac_grid_inst.ROW_LOOP\[2\].COL_LOOP\[0\].mac_inst.o_result\[8\],29.17µm
net250,29.17µm
_01718_,29.12µm
_02264_,29.12µm
_02762_,29.12µm
_02780_,29.12µm
_03719_,29.12µm
_03890_,29.12µm
_04227_,29.12µm
_04713_,29.12µm
_06417_,29.12µm
_06489_,29.12µm
_06543_,29.12µm
_11320_,29.12µm
_11430_,29.12µm
_13477_,29.12µm
_13679_,29.12µm
_14998_,29.12µm
_15257_,29.12µm
_16036_,29.12µm
_16140_,29.12µm
_16786_,29.12µm
u_integration_final.integration_inst.reg_bank_inst.mat_arr\[17\]\[5\],29.12µm
net3389,29.12µm
_06729_,28.89µm
_10849_,28.81µm
_03145_,28.76µm
_08647_,28.76µm
_12483_,28.76µm
_17321_,28.71µm
_01504_,28.66µm
_04122_,28.66µm
_04255_,28.66µm
_06057_,28.66µm
_06330_,28.66µm
_06952_,28.66µm
_07188_,28.66µm
_07262_,28.66µm
_07852_,28.66µm
_09352_,28.66µm
_15144_,28.66µm
_15250_,28.66µm
_15291_,28.66µm
_16450_,28.66µm
u_integration_final.integration_inst.mac_grid_inst.ROW_LOOP\[1\].COL_LOOP\[1\].mac_inst.o_result\[8\],28.66µm
u_integration_final.integration_inst.mac_grid_inst.ROW_LOOP\[2\].COL_LOOP\[2\].mac_inst.product\[12\],28.66µm
_01998_,28.61µm
_02299_,28.61µm
_03265_,28.61µm
_03401_,28.61µm
_03544_,28.61µm
_03675_,28.61µm
_04198_,28.61µm
_04561_,28.61µm
_05019_,28.61µm
_05901_,28.61µm
_06601_,28.61µm
_06766_,28.61µm
_06991_,28.61µm
_07267_,28.61µm
_08523_,28.61µm
_11142_,28.61µm
_11562_,28.61µm
_11600_,28.61µm
_12117_,28.61µm
_12755_,28.61µm
_12787_,28.61µm
_13099_,28.61µm
_13600_,28.61µm
_13629_,28.61µm
_14293_,28.61µm
_14538_,28.61µm
_15999_,28.61µm
_16396_,28.61µm
u_integration_final.integration_inst.quantizer_inst.scaled_data\[12\],28.61µm
net2233,28.61µm
net2760,28.61µm
_00014_,28.56µm
_02209_,28.56µm
_02858_,28.56µm
_03248_,28.56µm
_03458_,28.56µm
_03580_,28.56µm
_03587_,28.56µm
_05967_,28.56µm
_07148_,28.56µm
_07327_,28.56µm
_09305_,28.56µm
_12572_,28.56µm
_12804_,28.56µm
_13198_,28.56µm
_13437_,28.56µm
_13814_,28.56µm
_14099_,28.56µm
_14132_,28.56µm
_14518_,28.56µm
_15109_,28.56µm
_16377_,28.56µm
net364,28.56µm
net455,28.56µm
net3515,28.56µm
u_integration_final.integration_inst.mac_grid_inst.ROW_LOOP\[2\].COL_LOOP\[2\].mac_inst.product\[13\],28.43µm
_14928_,28.25µm
_10775_,28.2µm
_12765_,28.15µm
_14908_,28.15µm
_16019_,28.15µm
_17560_,28.15µm
u_integration_final.integration_inst.quantizer_inst.shifted_data\[15\],28.15µm
u_integration_final.integration_inst.reg_bank_inst.accum\[6\]\[11\],28.15µm
net2389,28.15µm
_01620_,28.1µm
_03498_,28.1µm
_03892_,28.1µm
_07827_,28.1µm
_09385_,28.1µm
_11896_,28.1µm
_14683_,28.1µm
_14936_,28.1µm
_15395_,28.1µm
_15705_,28.1µm
_16017_,28.1µm
u_integration_final.integration_inst.mac_grid_inst.ROW_LOOP\[2\].COL_LOOP\[2\].mac_inst.o_result\[2\],28.1µm
_03052_,28.05µm
_04116_,28.05µm
_04389_,28.05µm
_04969_,28.05µm
_06415_,28.05µm
_06617_,28.05µm
_07496_,28.05µm
_07916_,28.05µm
_08420_,28.05µm
_08786_,28.05µm
_11330_,28.05µm
_12750_,28.05µm
_12805_,28.05µm
_13280_,28.05µm
_13517_,28.05µm
_16403_,28.05µm
_16886_,28.05µm
_17364_,28.05µm
_17436_,28.05µm
u_integration_final.integration_inst.mac_grid_inst.ROW_LOOP\[0\].COL_LOOP\[1\].mac_inst.o_result\[15\],28.05µm
u_integration_final.integration_inst.quantizer_inst.shifted_data\[23\],28.05µm
net3661,28.05µm
_02552_,28µm
_03621_,28µm
_03955_,28µm
_04171_,28µm
_06954_,28µm
_08175_,28µm
_08183_,28µm
_10203_,28µm
_11823_,28µm
_12474_,28µm
_13088_,28µm
_14183_,28µm
_15146_,28µm
_15879_,28µm
_16357_,28µm
_17418_,28µm
net1772,28µm
net3552,28µm
net4027,28µm
_10886_,27.64µm
u_integration_final.uart_inst.ur.dataBuf\[2\],27.64µm
_04656_,27.59µm
_06515_,27.59µm
_11054_,27.59µm
_15571_,27.59µm
u_integration_final.integration_inst.command_parser_inst.o_data\[5\],27.59µm
u_integration_final.integration_inst.mac_grid_inst.ROW_LOOP\[0\].COL_LOOP\[1\].mac_inst.o_result\[12\],27.59µm
_04635_,27.54µm
_04719_,27.54µm
_05381_,27.54µm
_07137_,27.54µm
_07265_,27.54µm
_10995_,27.54µm
_11911_,27.54µm
_12096_,27.54µm
_13486_,27.54µm
_15839_,27.54µm
_15975_,27.54µm
_16620_,27.54µm
u_integration_final.integration_inst.command_parser_inst.o_quantizer_target_dtype\[2\],27.54µm
u_integration_final.integration_inst.command_parser_inst.o_quantizer_zero_point\[7\],27.54µm
u_integration_final.integration_inst.quantizer_inst.scaled_data\[41\],27.54µm
u_integration_final.integration_inst.reg_bank_inst.accum\[2\]\[17\],27.54µm
u_integration_final.integration_inst.reg_bank_inst.cols_b\[1\],27.54µm
_02856_,27.49µm
_03046_,27.49µm
_03295_,27.49µm
_03329_,27.49µm
_03536_,27.49µm
_05230_,27.49µm
_05659_,27.49µm
_05902_,27.49µm
_06194_,27.49µm
_06962_,27.49µm
_07038_,27.49µm
_08655_,27.49µm
_08977_,27.49µm
_11334_,27.49µm
_11463_,27.49µm
_11673_,27.49µm
_12821_,27.49µm
_13093_,27.49µm
_13389_,27.49µm
_13642_,27.49µm
_13803_,27.49µm
_14344_,27.49µm
_14356_,27.49µm
_14361_,27.49µm
_14534_,27.49µm
_14790_,27.49µm
_14813_,27.49µm
_14919_,27.49µm
_15864_,27.49µm
_16419_,27.49µm
net1653,27.49µm
net2884,27.49µm
_02129_,27.44µm
_02380_,27.44µm
_02688_,27.44µm
_05998_,27.44µm
_06653_,27.44µm
_06918_,27.44µm
_08307_,27.44µm
_08963_,27.44µm
_09315_,27.44µm
_09377_,27.44µm
_09530_,27.44µm
_10074_,27.44µm
_12686_,27.44µm
_12782_,27.44µm
_14856_,27.44µm
_14967_,27.44µm
_15243_,27.44µm
_15520_,27.44µm
net2399,27.44µm
net3066,27.44µm
u_integration_final.integration_inst.reg_bank_inst.matrix_rows_st\[1\],27.13µm
_03388_,27.08µm
_03475_,27.08µm
_06880_,27.08µm
_10966_,27.08µm
_03800_,27.03µm
_07252_,27.03µm
_11938_,27.03µm
_04231_,26.98µm
_04257_,26.98µm
_04281_,26.98µm
_05269_,26.98µm
_06239_,26.98µm
_06492_,26.98µm
_11661_,26.98µm
_11789_,26.98µm
_11862_,26.98µm
_12444_,26.98µm
_12801_,26.98µm
_13532_,26.98µm
_13712_,26.98µm
_13800_,26.98µm
_14144_,26.98µm
_14939_,26.98µm
_16868_,26.98µm
_16892_,26.98µm
u_integration_final.integration_inst.mac_grid_inst.ROW_LOOP\[0\].COL_LOOP\[0\].mac_inst.product\[2\],26.98µm
u_integration_final.integration_inst.mac_grid_inst.ROW_LOOP\[1\].COL_LOOP\[0\].mac_inst.product\[6\],26.98µm
u_integration_final.integration_inst.quantizer_inst.shifts\[1\],26.98µm
net2066,26.98µm
net2605,26.98µm
_01727_,26.93µm
_02163_,26.93µm
_02896_,26.93µm
_03188_,26.93µm
_03530_,26.93µm
_03887_,26.93µm
_03923_,26.93µm
_04137_,26.93µm
_04244_,26.93µm
_04730_,26.93µm
_05181_,26.93µm
_05271_,26.93µm
_06462_,26.93µm
_08581_,26.93µm
_08776_,26.93µm
_10452_,26.93µm
_10457_,26.93µm
_11983_,26.93µm
_12950_,26.93µm
_13449_,26.93µm
_13914_,26.93µm
_13969_,26.93µm
_16136_,26.93µm
_17204_,26.93µm
u_integration_final.integration_inst.mac_grid_inst.ROW_LOOP\[0\].COL_LOOP\[0\].mac_inst.product\[9\],26.93µm
u_integration_final.uart_inst.bg.counter\[18\],26.93µm
_02328_,26.88µm
_03377_,26.88µm
_03727_,26.88µm
_03751_,26.88µm
_04015_,26.88µm
_04273_,26.88µm
_05677_,26.88µm
_06238_,26.88µm
_07123_,26.88µm
_08179_,26.88µm
_09588_,26.88µm
_09765_,26.88µm
_10264_,26.88µm
_10647_,26.88µm
_11585_,26.88µm
_11810_,26.88µm
_12111_,26.88µm
_12447_,26.88µm
_12458_,26.88µm
_13608_,26.88µm
_14373_,26.88µm
_14488_,26.88µm
_15205_,26.88µm
_15417_,26.88µm
_15803_,26.88µm
_16767_,26.88µm
u_integration_final.integration_inst.quantizer_inst.shifted_data\[39\],26.88µm
u_integration_final.integration_inst.reg_bank_inst.accum\[7\]\[0\],26.88µm
net2228,26.88µm
net2801,26.88µm
net3691,26.88µm
_08350_,26.6µm
_03336_,26.52µm
_06867_,26.52µm
_07829_,26.52µm
_12931_,26.52µm
_04653_,26.47µm
_06438_,26.47µm
_07273_,26.47µm
_08449_,26.47µm
_14915_,26.47µm
net3175,26.47µm
_00038_,26.42µm
_01699_,26.42µm
_02450_,26.42µm
_02813_,26.42µm
_03453_,26.42µm
_03835_,26.42µm
_04334_,26.42µm
_04649_,26.42µm
_05539_,26.42µm
_05829_,26.42µm
_07282_,26.42µm
_09760_,26.42µm
_11954_,26.42µm
_11993_,26.42µm
_12823_,26.42µm
_15285_,26.42µm
_15297_,26.42µm
_15630_,26.42µm
_17016_,26.42µm
_17613_,26.42µm
u_integration_final.integration_inst.command_parser_inst.o_quantizer_scale\[24\],26.42µm
_02488_,26.37µm
_02816_,26.37µm
_03044_,26.37µm
_03080_,26.37µm
_03742_,26.37µm
_03949_,26.37µm
_03990_,26.37µm
_04139_,26.37µm
_04968_,26.37µm
_05405_,26.37µm
_05803_,26.37µm
_06038_,26.37µm
_06168_,26.37µm
_06938_,26.37µm
_07580_,26.37µm
_09567_,26.37µm
_09807_,26.37µm
_10584_,26.37µm
_13657_,26.37µm
_13938_,26.37µm
_14230_,26.37µm
_14935_,26.37µm
_15111_,26.37µm
_15989_,26.37µm
_16659_,26.37µm
_17206_,26.37µm
_17595_,26.37µm
u_integration_final.integration_inst.mac_grid_inst.ROW_LOOP\[0\].COL_LOOP\[2\].mac_inst.o_result\[15\],26.37µm
net1641,26.37µm
net2946,26.37µm
_02551_,26.32µm
_03490_,26.32µm
_03671_,26.32µm
_04863_,26.32µm
_05466_,26.32µm
_05530_,26.32µm
_05556_,26.32µm
_05654_,26.32µm
_06650_,26.32µm
_06741_,26.32µm
_09803_,26.32µm
_10952_,26.32µm
_11987_,26.32µm
_12219_,26.32µm
_13336_,26.32µm
_13409_,26.32µm
_13547_,26.32µm
_14671_,26.32µm
_15770_,26.32µm
_17383_,26.32µm
net1910,26.32µm
net1917,26.32µm
_14654_,25.96µm
_04191_,25.91µm
_15089_,25.91µm
u_integration_final.integration_inst.reg_bank_inst.accum\[0\]\[0\],25.91µm
_02998_,25.86µm
_03057_,25.86µm
_03948_,25.86µm
_04238_,25.86µm
_04374_,25.86µm
_05088_,25.86µm
_07271_,25.86µm
_07560_,25.86µm
_08764_,25.86µm
_10066_,25.86µm
_12942_,25.86µm
_13087_,25.86µm
_13227_,25.86µm
_13296_,25.86µm
_13546_,25.86µm
_13670_,25.86µm
_15301_,25.86µm
_15848_,25.86µm
_16026_,25.86µm
_16618_,25.86µm
u_integration_final.integration_inst.mac_grid_inst.ROW_LOOP\[2\].COL_LOOP\[1\].mac_inst.product\[13\],25.86µm
u_integration_final.integration_inst.quantizer_inst.shifted_data\[32\],25.86µm
u_integration_final.integration_inst.reg_bank_inst.accum\[1\]\[18\],25.86µm
u_integration_final.uart_inst.ut.bitCount\[0\],25.86µm
net1568,25.86µm
net1900,25.86µm
net2395,25.86µm
_02558_,25.81µm
_03014_,25.81µm
_03362_,25.81µm
_04035_,25.81µm
_06034_,25.81µm
_06416_,25.81µm
_07648_,25.81µm
_11500_,25.81µm
_11832_,25.81µm
_12911_,25.81µm
_12937_,25.81µm
_13005_,25.81µm
_13470_,25.81µm
_13484_,25.81µm
_14102_,25.81µm
_14509_,25.81µm
_14634_,25.81µm
_15170_,25.81µm
_16077_,25.81µm
_16490_,25.81µm
_16857_,25.81µm
_17011_,25.81µm
u_integration_final.integration_inst.command_parser_inst.o_data\[4\],25.81µm
u_integration_final.integration_inst.command_parser_inst.o_quantizer_scale\[29\],25.81µm
u_integration_final.integration_inst.mac_grid_inst.ROW_LOOP\[1\].COL_LOOP\[1\].mac_inst.product\[16\],25.81µm
u_integration_final.integration_inst.quantizer_inst.shifted_data\[40\],25.81µm
u_integration_final.integration_inst.reg_bank_inst.accum\[0\]\[2\],25.81µm
u_integration_final.integration_inst.reg_bank_inst.accum\[8\]\[22\],25.81µm
u_integration_final.uart_inst.bg.counter\[29\],25.81µm
net3366,25.81µm
net3489,25.81µm
_02340_,25.76µm
_03616_,25.76µm
_05262_,25.76µm
_05694_,25.76µm
_08622_,25.76µm
_11252_,25.76µm
_11354_,25.76µm
_11599_,25.76µm
_11777_,25.76µm
_11796_,25.76µm
_11829_,25.76µm
_11934_,25.76µm
_13398_,25.76µm
_15279_,25.76µm
_15308_,25.76µm
_15597_,25.76µm
_15654_,25.76µm
_16264_,25.76µm
_16402_,25.76µm
u_integration_final.integration_inst.mac_grid_inst.ROW_LOOP\[0\].COL_LOOP\[0\].mac_inst.product\[5\],25.76µm
u_integration_final.integration_inst.quantizer_inst.added_data\[34\],25.76µm
net841,25.76µm
_16843_,25.45µm
_03626_,25.35µm
_03891_,25.35µm
_05440_,25.35µm
_06534_,25.35µm
_11977_,25.35µm
_11979_,25.35µm
_12087_,25.35µm
_13523_,25.35µm
_14264_,25.35µm
_14489_,25.35µm
_16426_,25.35µm
_16836_,25.35µm
_17547_,25.35µm
u_integration_final.integration_inst.quantizer_inst.added_data\[23\],25.35µm
u_integration_final.integration_inst.reg_bank_inst.accum\[3\]\[7\],25.35µm
u_integration_final.uart_inst.ut.count16\[0\],25.35µm
_00109_,25.3µm
_02810_,25.3µm
_03385_,25.3µm
_03562_,25.3µm
_04080_,25.3µm
_04126_,25.3µm
_04319_,25.3µm
_05574_,25.3µm
_05900_,25.3µm
_06628_,25.3µm
_06665_,25.3µm
_06847_,25.3µm
_07056_,25.3µm
_08479_,25.3µm
_08866_,25.3µm
_09192_,25.3µm
_10095_,25.3µm
_10916_,25.3µm
_11955_,25.3µm
_12168_,25.3µm
_12382_,25.3µm
_12538_,25.3µm
_13792_,25.3µm
_17385_,25.3µm
_17389_,25.3µm
u_integration_final.integration_inst.quantizer_inst.shifted_data\[4\],25.3µm
u_integration_final.uart_inst.bg.counter\[2\],25.3µm
net1547,25.3µm
net3976,25.3µm
_01438_,25.25µm
_01717_,25.25µm
_01992_,25.25µm
_03668_,25.25µm
_03952_,25.25µm
_04091_,25.25µm
_04221_,25.25µm
_04845_,25.25µm
_04888_,25.25µm
_04958_,25.25µm
_05307_,25.25µm
_05547_,25.25µm
_05834_,25.25µm
_06266_,25.25µm
_06274_,25.25µm
_06637_,25.25µm
_07210_,25.25µm
_07437_,25.25µm
_07498_,25.25µm
_08011_,25.25µm
_09847_,25.25µm
_10827_,25.25µm
_11481_,25.25µm
_12556_,25.25µm
_12760_,25.25µm
_12889_,25.25µm
_12935_,25.25µm
_13414_,25.25µm
_13954_,25.25µm
_14379_,25.25µm
_14536_,25.25µm
_14849_,25.25µm
_15790_,25.25µm
_16996_,25.25µm
_17191_,25.25µm
_17357_,25.25µm
u_integration_final.integration_inst.mac_grid_inst.ROW_LOOP\[2\].COL_LOOP\[2\].mac_inst.o_result\[11\],25.25µm
u_integration_final.integration_inst.reg_bank_inst.accum\[1\]\[15\],25.25µm
u_integration_final.integration_inst.reg_bank_inst.accum\[2\]\[6\],25.25µm
u_integration_final.integration_inst.reg_bank_inst.accum\[4\]\[2\],25.25µm
u_integration_final.integration_inst.reg_bank_inst.mat_arr\[13\]\[7\],25.25µm
net220,25.25µm
_01837_,25.2µm
_03157_,25.2µm
_03943_,25.2µm
_04307_,25.2µm
_04337_,25.2µm
_04429_,25.2µm
_05831_,25.2µm
_06247_,25.2µm
_06378_,25.2µm
_06805_,25.2µm
_06843_,25.2µm
_08181_,25.2µm
_09293_,25.2µm
_10327_,25.2µm
_11787_,25.2µm
_12958_,25.2µm
_13631_,25.2µm
_14109_,25.2µm
_14497_,25.2µm
_15905_,25.2µm
_16275_,25.2µm
_16299_,25.2µm
_17227_,25.2µm
u_integration_final.integration_inst.reg_bank_inst.accum\[1\]\[1\],25.2µm
u_integration_final.integration_inst.reg_bank_inst.accum\[3\]\[20\],25.2µm
u_integration_final.integration_inst.reg_bank_inst.accum\[4\]\[17\],25.2µm
net858,25.2µm
net3021,25.2µm
net3038,25.2µm
_17548_,24.92µm
_16110_,24.84µm
_04274_,24.79µm
_06217_,24.79µm
_06939_,24.79µm
_08584_,24.79µm
_10774_,24.79µm
_13771_,24.79µm
_00646_,24.74µm
_03000_,24.74µm
_03027_,24.74µm
_03468_,24.74µm
_04360_,24.74µm
_04394_,24.74µm
_04693_,24.74µm
_04742_,24.74µm
_04809_,24.74µm
_05058_,24.74µm
_05375_,24.74µm
_05581_,24.74µm
_07045_,24.74µm
_07612_,24.74µm
_08430_,24.74µm
_08836_,24.74µm
_09240_,24.74µm
_09826_,24.74µm
_11755_,24.74µm
_12063_,24.74µm
_12738_,24.74µm
_12917_,24.74µm
_12940_,24.74µm
_13364_,24.74µm
_13654_,24.74µm
_13813_,24.74µm
_14659_,24.74µm
_15161_,24.74µm
_15876_,24.74µm
_16148_,24.74µm
_16498_,24.74µm
_16726_,24.74µm
_16876_,24.74µm
u_integration_final.integration_inst.quantizer_inst.scaled_data\[42\],24.74µm
u_integration_final.integration_inst.quantizer_inst.shifts\[6\],24.74µm
u_integration_final.integration_inst.quantizer_inst.zp_1\[0\],24.74µm
net1106,24.74µm
net3309,24.74µm
_02789_,24.69µm
_03315_,24.69µm
_04117_,24.69µm
_05828_,24.69µm
_06061_,24.69µm
_06099_,24.69µm
_06153_,24.69µm
_06161_,24.69µm
_06299_,24.69µm
_06571_,24.69µm
_07092_,24.69µm
_07520_,24.69µm
_07615_,24.69µm
_07685_,24.69µm
_08277_,24.69µm
_08303_,24.69µm
_08931_,24.69µm
_10468_,24.69µm
_12833_,24.69µm
_16021_,24.69µm
_17381_,24.69µm
_17484_,24.69µm
_17566_,24.69µm
_17591_,24.69µm
_17604_,24.69µm
u_integration_final.integration_inst.command_parser_inst.o_quantizer_zero_point\[6\],24.69µm
u_integration_final.integration_inst.mac_grid_inst.overflow_array\[0\]\[0\],24.69µm
u_integration_final.integration_inst.reg_bank_inst.accum\[0\]\[22\],24.69µm
u_integration_final.integration_inst.reg_bank_inst.accum\[3\]\[21\],24.69µm
net1089,24.69µm
_03661_,24.64µm
_03680_,24.64µm
_05740_,24.64µm
_05830_,24.64µm
_07257_,24.64µm
_07832_,24.64µm
_07882_,24.64µm
_08079_,24.64µm
_10101_,24.64µm
_11621_,24.64µm
_12216_,24.64µm
_13626_,24.64µm
_15305_,24.64µm
_15844_,24.64µm
_15903_,24.64µm
_16578_,24.64µm
u_integration_final.uart_inst.ut.dataBuf\[8\],24.64µm
net3134,24.64µm
net3137,24.64µm
_04803_,24.36µm
_05638_,24.28µm
_14904_,24.28µm
_04383_,24.23µm
_05807_,24.23µm
_06331_,24.23µm
_06512_,24.23µm
_07043_,24.23µm
_09835_,24.23µm
_11179_,24.23µm
_13420_,24.23µm
_13564_,24.23µm
_13687_,24.23µm
_13691_,24.23µm
_16984_,24.23µm
u_integration_final.integration_inst.reg_bank_inst.accum\[7\]\[3\],24.23µm
net2987,24.23µm
_03418_,24.18µm
_03546_,24.18µm
_04300_,24.18µm
_04353_,24.18µm
_05006_,24.18µm
_05022_,24.18µm
_05193_,24.18µm
_05330_,24.18µm
_05882_,24.18µm
_08263_,24.18µm
_08417_,24.18µm
_10766_,24.18µm
_11638_,24.18µm
_11888_,24.18µm
_11973_,24.18µm
_12689_,24.18µm
_14912_,24.18µm
_15221_,24.18µm
_15980_,24.18µm
_16104_,24.18µm
_16150_,24.18µm
_17310_,24.18µm
u_integration_final.integration_inst.mac_grid_inst.ROW_LOOP\[2\].COL_LOOP\[1\].mac_inst.product\[4\],24.18µm
u_integration_final.integration_inst.mac_grid_inst.ROW_LOOP\[2\].COL_LOOP\[1\].mac_inst.product\[7\],24.18µm
u_integration_final.integration_inst.quantizer_inst.shifted_data\[36\],24.18µm
u_integration_final.integration_inst.reg_bank_inst.accum\[5\]\[22\],24.18µm
net386,24.18µm
net2512,24.18µm
net3469,24.18µm
_00144_,24.13µm
_02437_,24.13µm
_02493_,24.13µm
_02902_,24.13µm
_02980_,24.13µm
_03290_,24.13µm
_04471_,24.13µm
_04643_,24.13µm
_04893_,24.13µm
_05101_,24.13µm
_05234_,24.13µm
_05714_,24.13µm
_06097_,24.13µm
_06349_,24.13µm
_06443_,24.13µm
_07016_,24.13µm
_07347_,24.13µm
_08570_,24.13µm
_09090_,24.13µm
_09252_,24.13µm
_11593_,24.13µm
_11865_,24.13µm
_11940_,24.13µm
_11970_,24.13µm
_12110_,24.13µm
_12481_,24.13µm
_12603_,24.13µm
_12638_,24.13µm
_13668_,24.13µm
_14388_,24.13µm
_14461_,24.13µm
_15066_,24.13µm
_15090_,24.13µm
_15105_,24.13µm
_15241_,24.13µm
_16508_,24.13µm
_17550_,24.13µm
u_integration_final.integration_inst.mac_grid_inst.ROW_LOOP\[0\].COL_LOOP\[0\].mac_inst.product\[6\],24.13µm
u_integration_final.integration_inst.reg_bank_inst.accum\[1\]\[19\],24.13µm
u_integration_final.integration_inst.reg_bank_inst.accum\[1\]\[5\],24.13µm
u_integration_final.integration_inst.reg_bank_inst.accum\[4\]\[3\],24.13µm
u_integration_final.uart_inst.bg.counter\[9\],24.13µm
u_integration_final.uart_inst.ur.bitCount\[2\],24.13µm
_01301_,24.08µm
_01557_,24.08µm
_01857_,24.08µm
_02452_,24.08µm
_02575_,24.08µm
_03734_,24.08µm
_03862_,24.08µm
_03865_,24.08µm
_04637_,24.08µm
_04802_,24.08µm
_04922_,24.08µm
_06900_,24.08µm
_06987_,24.08µm
_07368_,24.08µm
_07641_,24.08µm
_08689_,24.08µm
_09483_,24.08µm
_10311_,24.08µm
_11434_,24.08µm
_11931_,24.08µm
_12099_,24.08µm
_12891_,24.08µm
_13558_,24.08µm
_13704_,24.08µm
_16621_,24.08µm
_16882_,24.08µm
net1642,24.08µm
_01884_,23.8µm
_15411_,23.77µm
_12069_,23.72µm
_04158_,23.67µm
_06403_,23.67µm
_06550_,23.67µm
_06953_,23.67µm
_09262_,23.67µm
_10034_,23.67µm
_11773_,23.67µm
_11807_,23.67µm
_12113_,23.67µm
_12802_,23.67µm
_16814_,23.67µm
u_integration_final.integration_inst.command_parser_inst.i_data_rd\[6\],23.67µm
u_integration_final.integration_inst.reg_bank_inst.accum\[5\]\[20\],23.67µm
_03004_,23.62µm
_03351_,23.62µm
_03487_,23.62µm
_03738_,23.62µm
_05932_,23.62µm
_06044_,23.62µm
_06581_,23.62µm
_06590_,23.62µm
_07281_,23.62µm
_07499_,23.62µm
_11319_,23.62µm
_11368_,23.62µm
_13182_,23.62µm
_13285_,23.62µm
_13386_,23.62µm
_13663_,23.62µm
_13677_,23.62µm
_13965_,23.62µm
_14124_,23.62µm
_15048_,23.62µm
_16978_,23.62µm
u_integration_final.integration_inst.command_parser_inst.o_quantizer_target_dtype\[0\],23.62µm
u_integration_final.integration_inst.mac_grid_inst.ROW_LOOP\[0\].COL_LOOP\[2\].mac_inst.product\[14\],23.62µm
u_integration_final.integration_inst.mac_grid_inst.ROW_LOOP\[1\].COL_LOOP\[2\].mac_inst.product\[4\],23.62µm
u_integration_final.integration_inst.quantizer_inst.shifted_data\[10\],23.62µm
u_integration_final.integration_inst.reg_bank_inst.accum\[0\]\[7\],23.62µm
u_integration_final.integration_inst.reg_bank_inst.accum\[7\]\[16\],23.62µm
net1138,23.62µm
net2349,23.62µm
_02233_,23.57µm
_02427_,23.57µm
_02730_,23.57µm
_02806_,23.57µm
_02974_,23.57µm
_03171_,23.57µm
_03681_,23.57µm
_05746_,23.57µm
_06193_,23.57µm
_07506_,23.57µm
_07732_,23.57µm
_09626_,23.57µm
_09918_,23.57µm
_10250_,23.57µm
_11029_,23.57µm
_11597_,23.57µm
_12257_,23.57µm
_12497_,23.57µm
_12718_,23.57µm
_12930_,23.57µm
_13334_,23.57µm
_14098_,23.57µm
_14177_,23.57µm
_15252_,23.57µm
_15503_,23.57µm
_16671_,23.57µm
_16919_,23.57µm
_17151_,23.57µm
_17494_,23.57µm
u_integration_final.integration_inst.reg_bank_inst.accum\[0\]\[16\],23.57µm
net137,23.57µm
net1866,23.57µm
_01720_,23.52µm
_02040_,23.52µm
_02520_,23.52µm
_03670_,23.52µm
_04665_,23.52µm
_05054_,23.52µm
_05272_,23.52µm
_06712_,23.52µm
_06868_,23.52µm
_07667_,23.52µm
_07757_,23.52µm
_09818_,23.52µm
_11849_,23.52µm
_12195_,23.52µm
_12583_,23.52µm
_13907_,23.52µm
_14238_,23.52µm
_14971_,23.52µm
_15302_,23.52µm
_16771_,23.52µm
_17002_,23.52µm
u_integration_final.integration_inst.reg_bank_inst.accum\[8\]\[7\],23.52µm
net901,23.52µm
net943,23.52µm
net2623,23.52µm
net3405,23.52µm
net3610,23.52µm
_14911_,23.16µm
_06231_,23.11µm
_06400_,23.11µm
_17258_,23.11µm
_01607_,23.06µm
_03140_,23.06µm
_04354_,23.06µm
_04509_,23.06µm
_05965_,23.06µm
_06167_,23.06µm
_06613_,23.06µm
_06834_,23.06µm
_08516_,23.06µm
_09995_,23.06µm
_11005_,23.06µm
_11864_,23.06µm
_11875_,23.06µm
_11926_,23.06µm
_13141_,23.06µm
_13321_,23.06µm
_13675_,23.06µm
_13884_,23.06µm
_14148_,23.06µm
_14367_,23.06µm
_15113_,23.06µm
_15229_,23.06µm
_16002_,23.06µm
_16152_,23.06µm
_16211_,23.06µm
_16326_,23.06µm
_16877_,23.06µm
_16915_,23.06µm
u_integration_final.integration_inst.mac_grid_inst.ROW_LOOP\[2\].COL_LOOP\[2\].mac_inst.product\[2\],23.06µm
u_integration_final.integration_inst.quantizer_inst.scaled_data\[40\],23.06µm
u_integration_final.integration_inst.reg_bank_inst.accum\[5\]\[19\],23.06µm
u_integration_final.integration_inst.reg_bank_inst.accum\[6\]\[4\],23.06µm
u_integration_final.integration_inst.reg_bank_inst.accum\[8\]\[17\],23.06µm
net3339,23.06µm
_00743_,23.01µm
_00952_,23.01µm
_02853_,23.01µm
_03177_,23.01µm
_03674_,23.01µm
_05073_,23.01µm
_05348_,23.01µm
_06516_,23.01µm
_07035_,23.01µm
_07739_,23.01µm
_08519_,23.01µm
_08758_,23.01µm
_09473_,23.01µm
_09890_,23.01µm
_11122_,23.01µm
_11641_,23.01µm
_11978_,23.01µm
_12046_,23.01µm
_12778_,23.01µm
_13790_,23.01µm
_13818_,23.01µm
_14550_,23.01µm
_15034_,23.01µm
_15394_,23.01µm
_15592_,23.01µm
_16683_,23.01µm
_16821_,23.01µm
_17012_,23.01µm
_17119_,23.01µm
_17586_,23.01µm
u_integration_final.integration_inst.reg_bank_inst.accum\[3\]\[9\],23.01µm
net1301,23.01µm
_00099_,22.96µm
_01911_,22.96µm
_01987_,22.96µm
_02569_,22.96µm
_03457_,22.96µm
_03884_,22.96µm
_04386_,22.96µm
_04588_,22.96µm
_05037_,22.96µm
_06592_,22.96µm
_07085_,22.96µm
_08893_,22.96µm
_09469_,22.96µm
_09505_,22.96µm
_10479_,22.96µm
_10538_,22.96µm
_10700_,22.96µm
_11332_,22.96µm
_11366_,22.96µm
_11590_,22.96µm
_12227_,22.96µm
_12604_,22.96µm
_12731_,22.96µm
_12768_,22.96µm
_13266_,22.96µm
_13299_,22.96µm
_13401_,22.96µm
_14161_,22.96µm
_14296_,22.96µm
_14494_,22.96µm
_14510_,22.96µm
_14931_,22.96µm
_15385_,22.96µm
_16469_,22.96µm
_16569_,22.96µm
_16828_,22.96µm
net176,22.96µm
net3177,22.96µm
_10226_,22.68µm
_03139_,22.55µm
_03392_,22.55µm
_05359_,22.55µm
_09365_,22.55µm
_10950_,22.55µm
_13777_,22.55µm
u_integration_final.integration_inst.quantizer_inst.added_data\[31\],22.55µm
u_integration_final.uart_inst.bg.counter\[26\],22.55µm
u_integration_final.uart_inst.ur.dataBuf\[3\],22.55µm
_00569_,22.5µm
_02289_,22.5µm
_02874_,22.5µm
_03287_,22.5µm
_03767_,22.5µm
_04527_,22.5µm
_06477_,22.5µm
_09274_,22.5µm
_10211_,22.5µm
_11584_,22.5µm
_12085_,22.5µm
_12109_,22.5µm
_14422_,22.5µm
_15058_,22.5µm
_15369_,22.5µm
_15405_,22.5µm
_15672_,22.5µm
_16073_,22.5µm
_17278_,22.5µm
u_integration_final.integration_inst.reg_bank_inst.accum\[0\]\[14\],22.5µm
u_integration_final.integration_inst.reg_bank_inst.accum\[6\]\[0\],22.5µm
u_integration_final.uart_inst.ut.count16\[3\],22.5µm
_01697_,22.45µm
_01725_,22.45µm
_01735_,22.45µm
_02081_,22.45µm
_02136_,22.45µm
_02561_,22.45µm
_02823_,22.45µm
_03307_,22.45µm
_03630_,22.45µm
_03976_,22.45µm
_04131_,22.45µm
_04748_,22.45µm
_04762_,22.45µm
_05199_,22.45µm
_05267_,22.45µm
_05419_,22.45µm
_06036_,22.45µm
_06305_,22.45µm
_06368_,22.45µm
_06463_,22.45µm
_06751_,22.45µm
_06771_,22.45µm
_06791_,22.45µm
_06906_,22.45µm
_06911_,22.45µm
_07494_,22.45µm
_09550_,22.45µm
_10730_,22.45µm
_11136_,22.45µm
_11603_,22.45µm
_11898_,22.45µm
_11923_,22.45µm
_13708_,22.45µm
_14084_,22.45µm
_14231_,22.45µm
_14327_,22.45µm
_15018_,22.45µm
_15293_,22.45µm
_15440_,22.45µm
_15969_,22.45µm
_16345_,22.45µm
_17025_,22.45µm
_17237_,22.45µm
u_integration_final.integration_inst.mac_grid_inst.ROW_LOOP\[1\].COL_LOOP\[1\].mac_inst.product\[7\],22.45µm
net850,22.45µm
_01629_,22.4µm
_02770_,22.4µm
_03193_,22.4µm
_03437_,22.4µm
_03771_,22.4µm
_03774_,22.4µm
_03886_,22.4µm
_05765_,22.4µm
_05904_,22.4µm
_06196_,22.4µm
_06200_,22.4µm
_06244_,22.4µm
_06373_,22.4µm
_06687_,22.4µm
_07152_,22.4µm
_07741_,22.4µm
_08077_,22.4µm
_09548_,22.4µm
_09687_,22.4µm
_11212_,22.4µm
_11346_,22.4µm
_11407_,22.4µm
_12785_,22.4µm
_15005_,22.4µm
_15092_,22.4µm
_15992_,22.4µm
_16239_,22.4µm
_16378_,22.4µm
_16524_,22.4µm
_17187_,22.4µm
_17579_,22.4µm
u_integration_final.integration_inst.reg_bank_inst.accum\[0\]\[18\],22.4µm
net1862,22.4µm
net3093,22.4µm
_05577_,22.12µm
_03483_,22.04µm
_03867_,22.04µm
_17005_,22.04µm
_01937_,21.99µm
_03451_,21.99µm
_11521_,21.99µm
_11831_,21.99µm
u_integration_final.integration_inst.quantizer_inst.shifted_data\[30\],21.99µm
u_integration_final.integration_inst.quantizer_inst.shifted_data\[46\],21.99µm
u_integration_final.integration_inst.reg_bank_inst.accum\[8\]\[12\],21.99µm
u_integration_final.uart_inst.ur.bitCount\[1\],21.99µm
net466,21.99µm
_01732_,21.94µm
_03646_,21.94µm
_04102_,21.94µm
_05227_,21.94µm
_06023_,21.94µm
_06156_,21.94µm
_06485_,21.94µm
_08720_,21.94µm
_08724_,21.94µm
_08784_,21.94µm
_10386_,21.94µm
_12601_,21.94µm
_12929_,21.94µm
_13599_,21.94µm
_15273_,21.94µm
_16898_,21.94µm
_17617_,21.94µm
u_integration_final.integration_inst.quantizer_inst.shifts\[2\],21.94µm
u_integration_final.integration_inst.reg_bank_inst.accum\[4\]\[1\],21.94µm
net1854,21.94µm
_01605_,21.89µm
_02095_,21.89µm
_02827_,21.89µm
_02876_,21.89µm
_03383_,21.89µm
_03543_,21.89µm
_03582_,21.89µm
_04083_,21.89µm
_04216_,21.89µm
_04639_,21.89µm
_04830_,21.89µm
_05692_,21.89µm
_06960_,21.89µm
_08151_,21.89µm
_08787_,21.89µm
_08827_,21.89µm
_10741_,21.89µm
_11664_,21.89µm
_11936_,21.89µm
_12531_,21.89µm
_13049_,21.89µm
_14097_,21.89µm
_14204_,21.89µm
_14648_,21.89µm
_15035_,21.89µm
_15191_,21.89µm
_15537_,21.89µm
_15814_,21.89µm
_15977_,21.89µm
_16027_,21.89µm
_16635_,21.89µm
_16669_,21.89µm
_16835_,21.89µm
_17592_,21.89µm
u_integration_final.integration_inst.command_parser_inst.o_quantization_op,21.89µm
u_integration_final.integration_inst.command_parser_inst.o_uart_tx_data\[2\],21.89µm
u_integration_final.integration_inst.mac_grid_inst.ROW_LOOP\[0\].COL_LOOP\[0\].mac_inst.product\[16\],21.89µm
net734,21.89µm
net3036,21.89µm
net3354,21.89µm
net3878,21.89µm
_00015_,21.84µm
_01894_,21.84µm
_02023_,21.84µm
_02055_,21.84µm
_02433_,21.84µm
_02917_,21.84µm
_03038_,21.84µm
_03324_,21.84µm
_03363_,21.84µm
_03656_,21.84µm
_04327_,21.84µm
_05154_,21.84µm
_06756_,21.84µm
_07941_,21.84µm
_08657_,21.84µm
_08691_,21.84µm
_09250_,21.84µm
_10152_,21.84µm
_10773_,21.84µm
_11322_,21.84µm
_12375_,21.84µm
_12726_,21.84µm
_12920_,21.84µm
_14233_,21.84µm
_14449_,21.84µm
_14606_,21.84µm
_15266_,21.84µm
_17082_,21.84µm
_17329_,21.84µm
_17518_,21.84µm
net2695,21.84µm
net3684,21.84µm
_07131_,21.66µm
_16472_,21.56µm
_11918_,21.53µm
_05774_,21.48µm
_04768_,21.43µm
_05759_,21.43µm
_06640_,21.43µm
_06772_,21.43µm
_07102_,21.43µm
_09413_,21.43µm
_11812_,21.43µm
_14622_,21.43µm
_17379_,21.43µm
_17489_,21.43µm
u_integration_final.integration_inst.mac_grid_inst.ROW_LOOP\[0\].COL_LOOP\[0\].mac_inst.product\[11\],21.43µm
u_integration_final.integration_inst.mac_grid_inst.ROW_LOOP\[2\].COL_LOOP\[1\].mac_inst.product\[2\],21.43µm
u_integration_final.integration_inst.quantizer_inst.shifted_data\[35\],21.43µm
u_integration_final.integration_inst.quantizer_inst.shifted_data\[44\],21.43µm
u_integration_final.integration_inst.reg_bank_inst.accum\[7\]\[20\],21.43µm
_02783_,21.38µm
_02971_,21.38µm
_03059_,21.38µm
_04199_,21.38µm
_04626_,21.38µm
_04791_,21.38µm
_05273_,21.38µm
_05853_,21.38µm
_06357_,21.38µm
_07015_,21.38µm
_07275_,21.38µm
_08346_,21.38µm
_08649_,21.38µm
_08855_,21.38µm
_09817_,21.38µm
_09972_,21.38µm
_11323_,21.38µm
_11579_,21.38µm
_12106_,21.38µm
_12637_,21.38µm
_13494_,21.38µm
_13612_,21.38µm
_13810_,21.38µm
_14104_,21.38µm
_14458_,21.38µm
_14547_,21.38µm
_15690_,21.38µm
_16587_,21.38µm
_17326_,21.38µm
_17444_,21.38µm
u_integration_final.integration_inst.command_parser_inst.i_data_rd\[0\],21.38µm
u_integration_final.integration_inst.quantizer_inst.added_data\[29\],21.38µm
u_integration_final.integration_inst.quantizer_inst.shifted_data\[6\],21.38µm
u_integration_final.integration_inst.reg_bank_inst.accum\[2\]\[13\],21.38µm
u_integration_final.integration_inst.reg_bank_inst.accum\[3\]\[17\],21.38µm
u_integration_final.integration_inst.reg_bank_inst.accum\[4\]\[8\],21.38µm
u_integration_final.integration_inst.reg_bank_inst.accum\[5\]\[17\],21.38µm
net1526,21.38µm
_01617_,21.33µm
_02456_,21.33µm
_03124_,21.33µm
_03550_,21.33µm
_03552_,21.33µm
_04410_,21.33µm
_04573_,21.33µm
_05201_,21.33µm
_05483_,21.33µm
_05534_,21.33µm
_05810_,21.33µm
_06124_,21.33µm
_06205_,21.33µm
_07030_,21.33µm
_08019_,21.33µm
_08620_,21.33µm
_10208_,21.33µm
_10945_,21.33µm
_10998_,21.33µm
_11049_,21.33µm
_11596_,21.33µm
_12008_,21.33µm
_12452_,21.33µm
_12906_,21.33µm
_13179_,21.33µm
_13228_,21.33µm
_13264_,21.33µm
_15947_,21.33µm
_16748_,21.33µm
_17413_,21.33µm
u_integration_final.integration_inst.mac_grid_inst.overflow_array\[1\]\[0\],21.33µm
u_integration_final.integration_inst.reg_bank_inst.accum\[4\]\[10\],21.33µm
u_integration_final.integration_inst.reg_bank_inst.accum\[6\]\[20\],21.33µm
net854,21.33µm
net2419,21.33µm
_00084_,21.28µm
_01658_,21.28µm
_02226_,21.28µm
_03534_,21.28µm
_03581_,21.28µm
_03688_,21.28µm
_04063_,21.28µm
_04373_,21.28µm
_05911_,21.28µm
_06545_,21.28µm
_06711_,21.28µm
_06871_,21.28µm
_07065_,21.28µm
_07325_,21.28µm
_07774_,21.28µm
_07986_,21.28µm
_08437_,21.28µm
_09823_,21.28µm
_10300_,21.28µm
_10478_,21.28µm
_11506_,21.28µm
_11853_,21.28µm
_11948_,21.28µm
_12623_,21.28µm
_12780_,21.28µm
_13521_,21.28µm
_13725_,21.28µm
_14516_,21.28µm
_14559_,21.28µm
_15689_,21.28µm
_16038_,21.28µm
_16260_,21.28µm
_16854_,21.28µm
_17453_,21.28µm
_17478_,21.28µm
_17630_,21.28µm
u_integration_final.integration_inst.quantizer_inst.added_data\[19\],21.28µm
u_integration_final.integration_inst.reg_bank_inst.accum\[4\]\[0\],21.28µm
u_integration_final.integration_inst.reg_bank_inst.accum\[7\]\[19\],21.28µm
net369,21.28µm
net1114,21.28µm
net3447,21.28µm
_10375_,21.1µm
u_integration_final.integration_inst.mac_grid_inst.ROW_LOOP\[2\].COL_LOOP\[1\].mac_inst.product\[1\],20.97µm
_13636_,20.92µm
_15582_,20.92µm
_00018_,20.87µm
_03035_,20.87µm
_03692_,20.87µm
_10489_,20.87µm
_10728_,20.87µm
_11068_,20.87µm
_15390_,20.87µm
_16880_,20.87µm
_02387_,20.82µm
_02664_,20.82µm
_02882_,20.82µm
_02962_,20.82µm
_03397_,20.82µm
_03409_,20.82µm
_03414_,20.82µm
_03470_,20.82µm
_03473_,20.82µm
_03782_,20.82µm
_03820_,20.82µm
_04398_,20.82µm
_04617_,20.82µm
_04800_,20.82µm
_04997_,20.82µm
_05836_,20.82µm
_05989_,20.82µm
_06513_,20.82µm
_08071_,20.82µm
_08889_,20.82µm
_08922_,20.82µm
_09295_,20.82µm
_11229_,20.82µm
_11820_,20.82µm
_12927_,20.82µm
_13219_,20.82µm
_13806_,20.82µm
_13935_,20.82µm
_14934_,20.82µm
_15043_,20.82µm
_15383_,20.82µm
_16035_,20.82µm
_17272_,20.82µm
_17313_,20.82µm
u_integration_final.integration_inst.command_parser_inst.i_data_rd\[1\],20.82µm
u_integration_final.integration_inst.reg_bank_inst.accum\[3\]\[12\],20.82µm
u_integration_final.integration_inst.reg_bank_inst.accum\[4\]\[7\],20.82µm
_00145_,20.77µm
_02256_,20.77µm
_02301_,20.77µm
_02825_,20.77µm
_03162_,20.77µm
_03400_,20.77µm
_03469_,20.77µm
_03538_,20.77µm
_03901_,20.77µm
_03931_,20.77µm
_04443_,20.77µm
_04552_,20.77µm
_05557_,20.77µm
_05708_,20.77µm
_06102_,20.77µm
_06206_,20.77µm
_06307_,20.77µm
_06351_,20.77µm
_06796_,20.77µm
_06860_,20.77µm
_06968_,20.77µm
_07076_,20.77µm
_07099_,20.77µm
_07849_,20.77µm
_08169_,20.77µm
_09703_,20.77µm
_09761_,20.77µm
_10680_,20.77µm
_11595_,20.77µm
_12233_,20.77µm
_12653_,20.77µm
_12781_,20.77µm
_12893_,20.77µm
_12967_,20.77µm
_13169_,20.77µm
_13202_,20.77µm
_13400_,20.77µm
_13447_,20.77µm
_14172_,20.77µm
_14283_,20.77µm
_14348_,20.77µm
_14527_,20.77µm
_15926_,20.77µm
_16838_,20.77µm
_16894_,20.77µm
u_integration_final.integration_inst.reg_bank_inst.accum\[0\]\[21\],20.77µm
u_integration_final.integration_inst.reg_bank_inst.accum\[0\]\[6\],20.77µm
u_integration_final.integration_inst.reg_bank_inst.accum\[1\]\[10\],20.77µm
u_integration_final.integration_inst.reg_bank_inst.accum\[1\]\[22\],20.77µm
u_integration_final.integration_inst.reg_bank_inst.accum\[3\]\[1\],20.77µm
net1980,20.77µm
net2052,20.77µm
_02385_,20.72µm
_02478_,20.72µm
_02591_,20.72µm
_02881_,20.72µm
_02961_,20.72µm
_03407_,20.72µm
_03441_,20.72µm
_03896_,20.72µm
_03939_,20.72µm
_04367_,20.72µm
_05711_,20.72µm
_06012_,20.72µm
_07473_,20.72µm
_08131_,20.72µm
_08560_,20.72µm
_08923_,20.72µm
_09459_,20.72µm
_09601_,20.72µm
_10105_,20.72µm
_10504_,20.72µm
_10708_,20.72µm
_11872_,20.72µm
_12709_,20.72µm
_12960_,20.72µm
_13506_,20.72µm
_15842_,20.72µm
_17373_,20.72µm
_17429_,20.72µm
u_integration_final.integration_inst.reg_bank_inst.accum\[2\]\[5\],20.72µm
u_integration_final.integration_inst.reg_bank_inst.accum\[6\]\[19\],20.72µm
net1574,20.72µm
net2298,20.72µm
net3395,20.72µm
net3910,20.72µm
_06212_,20.36µm
_03541_,20.31µm
_03606_,20.31µm
_11966_,20.31µm
_12772_,20.31µm
_13530_,20.31µm
_13566_,20.31µm
_17003_,20.31µm
net1691,20.31µm
_00043_,20.26µm
_01661_,20.26µm
_02069_,20.26µm
_02899_,20.26µm
_02975_,20.26µm
_03355_,20.26µm
_03364_,20.26µm
_03459_,20.26µm
_03706_,20.26µm
_04848_,20.26µm
_05008_,20.26µm
_05449_,20.26µm
_06806_,20.26µm
_09138_,20.26µm
_09737_,20.26µm
_11913_,20.26µm
_11964_,20.26µm
_12002_,20.26µm
_12094_,20.26µm
_12269_,20.26µm
_13239_,20.26µm
_13338_,20.26µm
_13941_,20.26µm
_14008_,20.26µm
_14521_,20.26µm
_15071_,20.26µm
_15299_,20.26µm
_16999_,20.26µm
_17370_,20.26µm
u_integration_final.integration_inst.command_parser_inst.o_data\[3\],20.26µm
u_integration_final.integration_inst.reg_bank_inst.accum\[3\]\[16\],20.26µm
u_integration_final.integration_inst.reg_bank_inst.accum\[5\]\[13\],20.26µm
net3255,20.26µm
_00032_,20.21µm
_00922_,20.21µm
_01643_,20.21µm
_01701_,20.21µm
_01714_,20.21µm
_01976_,20.21µm
_02220_,20.21µm
_02276_,20.21µm
_03159_,20.21µm
_04427_,20.21µm
_04564_,20.21µm
_04820_,20.21µm
_05052_,20.21µm
_05240_,20.21µm
_05427_,20.21µm
_05500_,20.21µm
_05632_,20.21µm
_05662_,20.21µm
_06174_,20.21µm
_06356_,20.21µm
_06641_,20.21µm
_07080_,20.21µm
_08628_,20.21µm
_09038_,20.21µm
_09717_,20.21µm
_09808_,20.21µm
_10036_,20.21µm
_10671_,20.21µm
_11255_,20.21µm
_11722_,20.21µm
_11759_,20.21µm
_12503_,20.21µm
_12842_,20.21µm
_13072_,20.21µm
_13357_,20.21µm
_13637_,20.21µm
_14657_,20.21µm
_15706_,20.21µm
_16642_,20.21µm
_16788_,20.21µm
_16940_,20.21µm
_17421_,20.21µm
_17432_,20.21µm
u_integration_final.integration_inst.command_parser_inst.o_quantizer_zero_point\[1\],20.21µm
u_integration_final.integration_inst.quantizer_inst.added_data\[28\],20.21µm
net1447,20.21µm
net1684,20.21µm
net2454,20.21µm
_00101_,20.16µm
_01705_,20.16µm
_01984_,20.16µm
_02395_,20.16µm
_03244_,20.16µm
_03508_,20.16µm
_03696_,20.16µm
_03777_,20.16µm
_03899_,20.16µm
_04578_,20.16µm
_05586_,20.16µm
_05591_,20.16µm
_05879_,20.16µm
_05970_,20.16µm
_06335_,20.16µm
_06676_,20.16µm
_06831_,20.16µm
_07556_,20.16µm
_07775_,20.16µm
_08095_,20.16µm
_08251_,20.16µm
_09040_,20.16µm
_10576_,20.16µm
_10982_,20.16µm
_11129_,20.16µm
_12869_,20.16µm
_13601_,20.16µm
_13871_,20.16µm
_14106_,20.16µm
_14383_,20.16µm
_15236_,20.16µm
_16535_,20.16µm
_17188_,20.16µm
_17239_,20.16µm
_17316_,20.16µm
_17606_,20.16µm
net297,20.16µm
net812,20.16µm
net3274,20.16µm
net3340,20.16µm
net3545,20.16µm
_06090_,19.8µm
_11965_,19.8µm
_12090_,19.8µm
_15557_,19.8µm
_07797_,19.75µm
_07830_,19.75µm
_08639_,19.75µm
_10820_,19.75µm
_12932_,19.75µm
_14793_,19.75µm
_16129_,19.75µm
_17382_,19.75µm
u_integration_final.integration_inst.mac_grid_inst.ROW_LOOP\[2\].COL_LOOP\[2\].mac_inst.product\[3\],19.75µm
u_integration_final.integration_inst.quantizer_inst.shifted_data\[41\],19.75µm
net1920,19.75µm
_01088_,19.7µm
_01686_,19.7µm
_02753_,19.7µm
_02766_,19.7µm
_02923_,19.7µm
_02992_,19.7µm
_02999_,19.7µm
_03165_,19.7µm
_03635_,19.7µm
_03759_,19.7µm
_03864_,19.7µm
_04143_,19.7µm
_05063_,19.7µm
_05239_,19.7µm
_05278_,19.7µm
_06143_,19.7µm
_07514_,19.7µm
_08751_,19.7µm
_09400_,19.7µm
_09838_,19.7µm
_10756_,19.7µm
_11609_,19.7µm
_11640_,19.7µm
_11692_,19.7µm
_11817_,19.7µm
_11916_,19.7µm
_12635_,19.7µm
_12729_,19.7µm
_12945_,19.7µm
_12953_,19.7µm
_13352_,19.7µm
_14929_,19.7µm
_15872_,19.7µm
_16823_,19.7µm
_17286_,19.7µm
_17437_,19.7µm
_17454_,19.7µm
u_integration_final.integration_inst.command_parser_inst.o_quantizer_zero_point\[5\],19.7µm
u_integration_final.integration_inst.quantizer_inst.added_data\[8\],19.7µm
u_integration_final.integration_inst.reg_bank_inst.accum\[1\]\[11\],19.7µm
u_integration_final.integration_inst.reg_bank_inst.accum\[1\]\[8\],19.7µm
u_integration_final.integration_inst.reg_bank_inst.accum\[6\]\[12\],19.7µm
_00139_,19.65µm
_01010_,19.65µm
_01679_,19.65µm
_03003_,19.65µm
_03085_,19.65µm
_03517_,19.65µm
_04142_,19.65µm
_04316_,19.65µm
_04395_,19.65µm
_04440_,19.65µm
_04835_,19.65µm
_06268_,19.65µm
_06474_,19.65µm
_07209_,19.65µm
_07512_,19.65µm
_07843_,19.65µm
_08656_,19.65µm
_09440_,19.65µm
_09713_,19.65µm
_10153_,19.65µm
_10354_,19.65µm
_10824_,19.65µm
_11433_,19.65µm
_11855_,19.65µm
_12526_,19.65µm
_12746_,19.65µm
_12916_,19.65µm
_13190_,19.65µm
_13787_,19.65µm
_13793_,19.65µm
_13797_,19.65µm
_14253_,19.65µm
_14349_,19.65µm
_14643_,19.65µm
_14655_,19.65µm
_14669_,19.65µm
_14958_,19.65µm
_14993_,19.65µm
_15057_,19.65µm
_15322_,19.65µm
_16291_,19.65µm
_16909_,19.65µm
_17196_,19.65µm
_17398_,19.65µm
u_integration_final.integration_inst.quantizer_inst.added_data\[16\],19.65µm
u_integration_final.integration_inst.reg_bank_inst.accum\[2\]\[16\],19.65µm
u_integration_final.integration_inst.reg_bank_inst.accum\[6\]\[1\],19.65µm
net494,19.65µm
_01380_,19.6µm
_02082_,19.6µm
_02416_,19.6µm
_03579_,19.6µm
_04209_,19.6µm
_04517_,19.6µm
_05397_,19.6µm
_06140_,19.6µm
_06203_,19.6µm
_06660_,19.6µm
_06777_,19.6µm
_07629_,19.6µm
_07912_,19.6µm
_08680_,19.6µm
_09595_,19.6µm
_09596_,19.6µm
_10155_,19.6µm
_10683_,19.6µm
_11811_,19.6µm
_12379_,19.6µm
_12943_,19.6µm
_13063_,19.6µm
_13138_,19.6µm
_13360_,19.6µm
_13426_,19.6µm
_14836_,19.6µm
_15125_,19.6µm
_15174_,19.6µm
_15269_,19.6µm
_15307_,19.6µm
_15636_,19.6µm
_15714_,19.6µm
_15782_,19.6µm
_15861_,19.6µm
_15996_,19.6µm
_16120_,19.6µm
_16416_,19.6µm
_16890_,19.6µm
_17131_,19.6µm
_17577_,19.6µm
net790,19.6µm
net1337,19.6µm
net1725,19.6µm
net3936,19.6µm
_05562_,19.24µm
_02716_,19.19µm
_03841_,19.19µm
_05705_,19.19µm
_13473_,19.19µm
_15203_,19.19µm
_16138_,19.19µm
_16866_,19.19µm
u_integration_final.integration_inst.command_parser_inst.i_data_rd\[3\],19.19µm
_02817_,19.14µm
_03028_,19.14µm
_03036_,19.14µm
_03353_,19.14µm
_04152_,19.14µm
_04157_,19.14µm
_04510_,19.14µm
_04526_,19.14µm
_05329_,19.14µm
_05382_,19.14µm
_06401_,19.14µm
_07044_,19.14µm
_07270_,19.14µm
_07726_,19.14µm
_08435_,19.14µm
_08788_,19.14µm
_10993_,19.14µm
_11178_,19.14µm
_11492_,19.14µm
_11687_,19.14µm
_11706_,19.14µm
_12952_,19.14µm
_13234_,19.14µm
_13650_,19.14µm
_13665_,19.14µm
_14199_,19.14µm
_14664_,19.14µm
_16133_,19.14µm
_17249_,19.14µm
_17279_,19.14µm
u_integration_final.integration_inst.quantizer_inst.added_data\[14\],19.14µm
u_integration_final.integration_inst.reg_bank_inst.accum\[1\]\[13\],19.14µm
u_integration_final.integration_inst.reg_bank_inst.accum\[3\]\[0\],19.14µm
u_integration_final.integration_inst.reg_bank_inst.accum\[6\]\[21\],19.14µm
u_integration_final.uart_inst.bg.counter\[3\],19.14µm
net3981,19.14µm
_00005_,19.09µm
_00604_,19.09µm
_01571_,19.09µm
_03101_,19.09µm
_03166_,19.09µm
_03319_,19.09µm
_03466_,19.09µm
_03523_,19.09µm
_04287_,19.09µm
_04444_,19.09µm
_04817_,19.09µm
_05127_,19.09µm
_05310_,19.09µm
_05532_,19.09µm
_05690_,19.09µm
_05880_,19.09µm
_06202_,19.09µm
_06320_,19.09µm
_06384_,19.09µm
_06822_,19.09µm
_07168_,19.09µm
_07326_,19.09µm
_07566_,19.09µm
_08130_,19.09µm
_08835_,19.09µm
_08917_,19.09µm
_09961_,19.09µm
_10503_,19.09µm
_11697_,19.09µm
_12011_,19.09µm
_12377_,19.09µm
_12618_,19.09µm
_12834_,19.09µm
_12938_,19.09µm
_13254_,19.09µm
_13807_,19.09µm
_14012_,19.09µm
_14309_,19.09µm
_14502_,19.09µm
_14607_,19.09µm
_14674_,19.09µm
_14682_,19.09µm
_15138_,19.09µm
_16731_,19.09µm
_16755_,19.09µm
_16775_,19.09µm
_16831_,19.09µm
_16910_,19.09µm
_17163_,19.09µm
_17415_,19.09µm
u_integration_final.integration_inst.mac_grid_inst.ROW_LOOP\[2\].COL_LOOP\[1\].mac_inst.product\[15\],19.09µm
u_integration_final.integration_inst.quantizer_inst.shifted_data\[45\],19.09µm
u_integration_final.integration_inst.reg_bank_inst.accum\[2\]\[8\],19.09µm
u_integration_final.integration_inst.reg_bank_inst.accum\[7\]\[10\],19.09µm
u_integration_final.integration_inst.reg_bank_inst.accum\[7\]\[9\],19.09µm
u_integration_final.integration_inst.reg_bank_inst.accum\[8\]\[11\],19.09µm
net795,19.09µm
net3095,19.09µm
_00953_,19.04µm
_01494_,19.04µm
_01616_,19.04µm
_01652_,19.04µm
_01916_,19.04µm
_02008_,19.04µm
_03454_,19.04µm
_03542_,19.04µm
_03926_,19.04µm
_04916_,19.04µm
_05487_,19.04µm
_05730_,19.04µm
_05755_,19.04µm
_05983_,19.04µm
_06359_,19.04µm
_07160_,19.04µm
_07603_,19.04µm
_08376_,19.04µm
_09097_,19.04µm
_09270_,19.04µm
_09788_,19.04µm
_09991_,19.04µm
_10390_,19.04µm
_11367_,19.04µm
_11601_,19.04µm
_11675_,19.04µm
_12436_,19.04µm
_12587_,19.04µm
_12673_,19.04µm
_12827_,19.04µm
_13004_,19.04µm
_13307_,19.04µm
_13542_,19.04µm
_13571_,19.04µm
_13886_,19.04µm
_14110_,19.04µm
_14170_,19.04µm
_14317_,19.04µm
_14444_,19.04µm
_14960_,19.04µm
_15443_,19.04µm
_15586_,19.04µm
_15887_,19.04µm
_15895_,19.04µm
_15997_,19.04µm
_16309_,19.04µm
_16394_,19.04µm
_16946_,19.04µm
_17552_,19.04µm
_17597_,19.04µm
u_integration_final.uart_inst.bg.counter\[14\],19.04µm
net1083,19.04µm
_07611_,18.76µm
_14529_,18.76µm
_06026_,18.73µm
_03312_,18.68µm
_06707_,18.68µm
_11627_,18.68µm
_01673_,18.63µm
_05118_,18.63µm
_07212_,18.63µm
_07543_,18.63µm
_09237_,18.63µm
_09913_,18.63µm
_10858_,18.63µm
_11070_,18.63µm
_13765_,18.63µm
_13789_,18.63µm
_16884_,18.63µm
_17562_,18.63µm
u_integration_final.integration_inst.reg_bank_inst.accum\[3\]\[8\],18.63µm
_00823_,18.58µm
_01606_,18.58µm
_01702_,18.58µm
_01874_,18.58µm
_02375_,18.58µm
_03495_,18.58µm
_03518_,18.58µm
_03594_,18.58µm
_03936_,18.58µm
_04269_,18.58µm
_05475_,18.58µm
_06374_,18.58µm
_06674_,18.58µm
_06835_,18.58µm
_06972_,18.58µm
_08757_,18.58µm
_09211_,18.58µm
_09534_,18.58µm
_10040_,18.58µm
_10985_,18.58µm
_11356_,18.58µm
_11738_,18.58µm
_12079_,18.58µm
_12104_,18.58µm
_12803_,18.58µm
_12847_,18.58µm
_12949_,18.58µm
_13106_,18.58µm
_13574_,18.58µm
_14679_,18.58µm
_14962_,18.58µm
_15231_,18.58µm
_15398_,18.58µm
_15964_,18.58µm
_16542_,18.58µm
_16756_,18.58µm
_16875_,18.58µm
_16991_,18.58µm
_17633_,18.58µm
u_integration_final.integration_inst.command_parser_inst.o_uart_tx_data\[3\],18.58µm
u_integration_final.integration_inst.quantizer_inst.zp_1\[3\],18.58µm
u_integration_final.integration_inst.reg_bank_inst.accum\[2\]\[10\],18.58µm
u_integration_final.integration_inst.reg_bank_inst.accum\[4\]\[5\],18.58µm
net907,18.58µm
net2813,18.58µm
_00571_,18.53µm
_02097_,18.53µm
_02263_,18.53µm
_02531_,18.53µm
_02732_,18.53µm
_03118_,18.53µm
_03370_,18.53µm
_03465_,18.53µm
_03904_,18.53µm
_04609_,18.53µm
_04865_,18.53µm
_05150_,18.53µm
_05379_,18.53µm
_05758_,18.53µm
_05972_,18.53µm
_06130_,18.53µm
_06275_,18.53µm
_06896_,18.53µm
_07027_,18.53µm
_07169_,18.53µm
_07555_,18.53µm
_07826_,18.53µm
_07885_,18.53µm
_08306_,18.53µm
_08632_,18.53µm
_08948_,18.53µm
_09084_,18.53µm
_09087_,18.53µm
_09419_,18.53µm
_09634_,18.53µm
_09647_,18.53µm
_10093_,18.53µm
_10312_,18.53µm
_10371_,18.53µm
_10380_,18.53µm
_11017_,18.53µm
_11417_,18.53µm
_11842_,18.53µm
_11949_,18.53µm
_12044_,18.53µm
_12701_,18.53µm
_13129_,18.53µm
_13815_,18.53µm
_14666_,18.53µm
_15910_,18.53µm
_16131_,18.53µm
_16632_,18.53µm
_16675_,18.53µm
_16798_,18.53µm
_16833_,18.53µm
_17598_,18.53µm
u_integration_final.integration_inst.reg_bank_inst.accum\[0\]\[12\],18.53µm
u_integration_final.integration_inst.reg_bank_inst.accum\[0\]\[5\],18.53µm
u_integration_final.integration_inst.reg_bank_inst.accum\[2\]\[21\],18.53µm
u_integration_final.integration_inst.reg_bank_inst.accum\[3\]\[13\],18.53µm
u_integration_final.integration_inst.reg_bank_inst.accum\[3\]\[14\],18.53µm
u_integration_final.integration_inst.reg_bank_inst.accum\[3\]\[15\],18.53µm
u_integration_final.integration_inst.reg_bank_inst.accum\[4\]\[12\],18.53µm
net1859,18.53µm
net2124,18.53µm
_00046_,18.48µm
_01260_,18.48µm
_01703_,18.48µm
_02067_,18.48µm
_02088_,18.48µm
_02377_,18.48µm
_02566_,18.48µm
_02945_,18.48µm
_04735_,18.48µm
_05153_,18.48µm
_05778_,18.48µm
_05820_,18.48µm
_05969_,18.48µm
_06277_,18.48µm
_06706_,18.48µm
_06709_,18.48µm
_07203_,18.48µm
_07618_,18.48µm
_09170_,18.48µm
_09781_,18.48µm
_10515_,18.48µm
_11800_,18.48µm
_12605_,18.48µm
_13014_,18.48µm
_13590_,18.48µm
_13885_,18.48µm
_13904_,18.48µm
_14549_,18.48µm
_14796_,18.48µm
_14883_,18.48µm
_15854_,18.48µm
_16355_,18.48µm
_16612_,18.48µm
_16646_,18.48µm
_16762_,18.48µm
_17084_,18.48µm
_17363_,18.48µm
u_integration_final.integration_inst.quantizer_inst.zp_0\[4\],18.48µm
u_integration_final.uart_inst.bg.counter\[31\],18.48µm
net949,18.48µm
net2471,18.48µm
_04587_,18.07µm
_06270_,18.07µm
_11753_,18.07µm
_13499_,18.07µm
_01361_,18.02µm
_01384_,18.02µm
_01418_,18.02µm
_01548_,18.02µm
_03174_,18.02µm
_03408_,18.02µm
_03704_,18.02µm
_03856_,18.02µm
_04242_,18.02µm
_04812_,18.02µm
_05352_,18.02µm
_06265_,18.02µm
_06337_,18.02µm
_06582_,18.02µm
_07336_,18.02µm
_07462_,18.02µm
_07742_,18.02µm
_08585_,18.02µm
_09547_,18.02µm
_10173_,18.02µm
_11557_,18.02µm
_11611_,18.02µm
_11854_,18.02µm
_11895_,18.02µm
_12688_,18.02µm
_12933_,18.02µm
_13374_,18.02µm
_13466_,18.02µm
_13563_,18.02µm
_13809_,18.02µm
_13934_,18.02µm
_14105_,18.02µm
_14650_,18.02µm
_15122_,18.02µm
_15162_,18.02µm
_15283_,18.02µm
_16217_,18.02µm
_17192_,18.02µm
u_integration_final.integration_inst.mac_grid_inst.overflow_array\[2\]\[0\],18.02µm
u_integration_final.integration_inst.reg_bank_inst.accum\[0\]\[19\],18.02µm
u_integration_final.integration_inst.reg_bank_inst.accum\[6\]\[7\],18.02µm
_00045_,17.97µm
_01310_,17.97µm
_01537_,17.97µm
_01565_,17.97µm
_01662_,17.97µm
_01978_,17.97µm
_02073_,17.97µm
_02309_,17.97µm
_02514_,17.97µm
_03752_,17.97µm
_04358_,17.97µm
_04497_,17.97µm
_04831_,17.97µm
_05315_,17.97µm
_05366_,17.97µm
_05544_,17.97µm
_05590_,17.97µm
_05658_,17.97µm
_06006_,17.97µm
_06043_,17.97µm
_06547_,17.97µm
_06883_,17.97µm
_07104_,17.97µm
_07107_,17.97µm
_07538_,17.97µm
_08361_,17.97µm
_08533_,17.97µm
_09391_,17.97µm
_09398_,17.97µm
_09828_,17.97µm
_10209_,17.97µm
_10215_,17.97µm
_10508_,17.97µm
_11713_,17.97µm
_11876_,17.97µm
_12033_,17.97µm
_12146_,17.97µm
_12506_,17.97µm
_12720_,17.97µm
_12835_,17.97µm
_12856_,17.97µm
_12939_,17.97µm
_13344_,17.97µm
_13641_,17.97µm
_13697_,17.97µm
_13840_,17.97µm
_13868_,17.97µm
_13882_,17.97µm
_14467_,17.97µm
_14526_,17.97µm
_14628_,17.97µm
_14635_,17.97µm
_14651_,17.97µm
_14695_,17.97µm
_15013_,17.97µm
_15046_,17.97µm
_15084_,17.97µm
_15086_,17.97µm
_15233_,17.97µm
_15414_,17.97µm
_16157_,17.97µm
_16175_,17.97µm
_16347_,17.97µm
_16348_,17.97µm
_16641_,17.97µm
_17330_,17.97µm
_17397_,17.97µm
u_integration_final.integration_inst.command_parser_inst.o_matrix_2\[1\],17.97µm
u_integration_final.integration_inst.quantizer_inst.added_data\[11\],17.97µm
u_integration_final.integration_inst.quantizer_inst.zp_1\[5\],17.97µm
u_integration_final.integration_inst.reg_bank_inst.accum\[4\]\[18\],17.97µm
u_integration_final.integration_inst.reg_bank_inst.mat_arr\[1\]\[5\],17.97µm
net3365,17.97µm
_00137_,17.92µm
_01449_,17.92µm
_01954_,17.92µm
_02126_,17.92µm
_03299_,17.92µm
_03599_,17.92µm
_03652_,17.92µm
_03900_,17.92µm
_03961_,17.92µm
_04109_,17.92µm
_04212_,17.92µm
_05482_,17.92µm
_05777_,17.92µm
_06199_,17.92µm
_07084_,17.92µm
_08592_,17.92µm
_08652_,17.92µm
_09840_,17.92µm
_10782_,17.92µm
_10811_,17.92µm
_11507_,17.92µm
_13505_,17.92µm
_13926_,17.92µm
_14416_,17.92µm
_14528_,17.92µm
_14587_,17.92µm
_14859_,17.92µm
_14944_,17.92µm
_15135_,17.92µm
_15165_,17.92µm
_15189_,17.92µm
_15317_,17.92µm
_15869_,17.92µm
_16194_,17.92µm
_16312_,17.92µm
_16400_,17.92µm
_16536_,17.92µm
_17114_,17.92µm
_17458_,17.92µm
_17621_,17.92µm
u_integration_final.integration_inst.quantizer_inst.added_data\[27\],17.92µm
u_integration_final.integration_inst.reg_bank_inst.accum\[2\]\[7\],17.92µm
net1378,17.92µm
net3006,17.92µm
net3575,17.92µm
_16872_,17.69µm
u_integration_final.integration_inst.reg_bank_inst.accum\[5\]\[21\],17.69µm
_10855_,17.56µm
_16283_,17.56µm
_02517_,17.51µm
_03066_,17.51µm
_03472_,17.51µm
_03647_,17.51µm
_04818_,17.51µm
_07279_,17.51µm
_12523_,17.51µm
_13903_,17.51µm
_14038_,17.51µm
_15137_,17.51µm
_16589_,17.51µm
_16972_,17.51µm
_01708_,17.46µm
_02801_,17.46µm
_02840_,17.46µm
_03075_,17.46µm
_03492_,17.46µm
_03739_,17.46µm
_04311_,17.46µm
_04699_,17.46µm
_04834_,17.46µm
_05062_,17.46µm
_05287_,17.46µm
_05796_,17.46µm
_05984_,17.46µm
_06101_,17.46µm
_06303_,17.46µm
_06486_,17.46µm
_07000_,17.46µm
_10044_,17.46µm
_10094_,17.46µm
_10212_,17.46µm
_10685_,17.46µm
_10972_,17.46µm
_11358_,17.46µm
_11475_,17.46µm
_11494_,17.46µm
_11701_,17.46µm
_13378_,17.46µm
_13770_,17.46µm
_14168_,17.46µm
_15226_,17.46µm
_15303_,17.46µm
_15399_,17.46µm
_16398_,17.46µm
_16415_,17.46µm
_16432_,17.46µm
_16730_,17.46µm
_16800_,17.46µm
_16832_,17.46µm
_16897_,17.46µm
_17028_,17.46µm
_17244_,17.46µm
_17412_,17.46µm
u_integration_final.integration_inst.reg_bank_inst.accum\[1\]\[12\],17.46µm
u_integration_final.integration_inst.reg_bank_inst.accum\[3\]\[3\],17.46µm
u_integration_final.integration_inst.reg_bank_inst.accum\[7\]\[8\],17.46µm
net711,17.46µm
_00543_,17.41µm
_01040_,17.41µm
_01104_,17.41µm
_01254_,17.41µm
_01593_,17.41µm
_02077_,17.41µm
_02546_,17.41µm
_02671_,17.41µm
_03009_,17.41µm
_03268_,17.41µm
_03341_,17.41µm
_03350_,17.41µm
_03386_,17.41µm
_04005_,17.41µm
_04011_,17.41µm
_04048_,17.41µm
_05170_,17.41µm
_05546_,17.41µm
_05578_,17.41µm
_05580_,17.41µm
_05851_,17.41µm
_06013_,17.41µm
_06095_,17.41µm
_06287_,17.41µm
_06375_,17.41µm
_06460_,17.41µm
_06664_,17.41µm
_06760_,17.41µm
_06787_,17.41µm
_07172_,17.41µm
_07737_,17.41µm
_07895_,17.41µm
_08109_,17.41µm
_08173_,17.41µm
_08569_,17.41µm
_08653_,17.41µm
_08864_,17.41µm
_09299_,17.41µm
_09363_,17.41µm
_10127_,17.41µm
_10135_,17.41µm
_10559_,17.41µm
_10686_,17.41µm
_10696_,17.41µm
_10831_,17.41µm
_12306_,17.41µm
_12710_,17.41µm
_12828_,17.41µm
_13390_,17.41µm
_13481_,17.41µm
_14291_,17.41µm
_15060_,17.41µm
_15080_,17.41µm
_15238_,17.41µm
_15478_,17.41µm
_15598_,17.41µm
_15684_,17.41µm
_15995_,17.41µm
_16664_,17.41µm
_17589_,17.41µm
u_integration_final.integration_inst.quantizer_inst.added_data\[36\],17.41µm
u_integration_final.integration_inst.reg_bank_inst.accum\[0\]\[15\],17.41µm
u_integration_final.integration_inst.reg_bank_inst.accum\[0\]\[20\],17.41µm
u_integration_final.integration_inst.reg_bank_inst.accum\[3\]\[2\],17.41µm
u_integration_final.integration_inst.reg_bank_inst.accum\[8\]\[19\],17.41µm
net1431,17.41µm
net1858,17.41µm
net2425,17.41µm
net2675,17.41µm
net2831,17.41µm
_00030_,17.36µm
_01692_,17.36µm
_01710_,17.36µm
_02573_,17.36µm
_02927_,17.36µm
_02933_,17.36µm
_03689_,17.36µm
_03757_,17.36µm
_03859_,17.36µm
_03917_,17.36µm
_04357_,17.36µm
_04591_,17.36µm
_04985_,17.36µm
_05698_,17.36µm
_06941_,17.36µm
_07020_,17.36µm
_07144_,17.36µm
_07219_,17.36µm
_07221_,17.36µm
_07688_,17.36µm
_07712_,17.36µm
_08790_,17.36µm
_08806_,17.36µm
_09811_,17.36µm
_10433_,17.36µm
_10437_,17.36µm
_10453_,17.36µm
_10554_,17.36µm
_10669_,17.36µm
_11689_,17.36µm
_11735_,17.36µm
_12276_,17.36µm
_12488_,17.36µm
_12533_,17.36µm
_12615_,17.36µm
_13393_,17.36µm
_13459_,17.36µm
_13795_,17.36µm
_14466_,17.36µm
_14501_,17.36µm
_14556_,17.36µm
_14653_,17.36µm
_14676_,17.36µm
_15134_,17.36µm
_15453_,17.36µm
_15698_,17.36µm
_15729_,17.36µm
_16539_,17.36µm
_17000_,17.36µm
_17460_,17.36µm
u_integration_final.uart_inst.bg.counter\[12\],17.36µm
u_integration_final.uart_inst.ur.dataBuf\[4\],17.36µm
net1563,17.36µm
_14033_,17.18µm
_03861_,17.13µm
_04789_,17.13µm
_06362_,17.13µm
_03807_,17µm
_02539_,16.95µm
_04141_,16.95µm
_04815_,16.95µm
_05849_,16.95µm
_06339_,16.95µm
_06873_,16.95µm
_09373_,16.95µm
_10363_,16.95µm
_10761_,16.95µm
_12057_,16.95µm
_13698_,16.95µm
_14259_,16.95µm
u_integration_final.integration_inst.command_parser_inst.o_data\[6\],16.95µm
net2301,16.95µm
_00740_,16.9µm
_01103_,16.9µm
_01579_,16.9µm
_02824_,16.9µm
_02861_,16.9µm
_02995_,16.9µm
_03173_,16.9µm
_03602_,16.9µm
_03964_,16.9µm
_05699_,16.9µm
_05749_,16.9µm
_05875_,16.9µm
_05961_,16.9µm
_06306_,16.9µm
_06358_,16.9µm
_06726_,16.9µm
_07268_,16.9µm
_07747_,16.9µm
_07937_,16.9µm
_09157_,16.9µm
_09212_,16.9µm
_09314_,16.9µm
_09728_,16.9µm
_10029_,16.9µm
_10170_,16.9µm
_10980_,16.9µm
_11968_,16.9µm
_12097_,16.9µm
_12643_,16.9µm
_12955_,16.9µm
_13452_,16.9µm
_14239_,16.9µm
_14313_,16.9µm
_14354_,16.9µm
_14864_,16.9µm
_14999_,16.9µm
_15095_,16.9µm
_15104_,16.9µm
_15175_,16.9µm
_15566_,16.9µm
_15677_,16.9µm
_15893_,16.9µm
_16577_,16.9µm
_16647_,16.9µm
_16810_,16.9µm
u_integration_final.integration_inst.reg_bank_inst.accum\[7\]\[22\],16.9µm
_00106_,16.85µm
_00708_,16.85µm
_02815_,16.85µm
_03311_,16.85µm
_03585_,16.85µm
_03860_,16.85µm
_03989_,16.85µm
_04328_,16.85µm
_04640_,16.85µm
_05964_,16.85µm
_06024_,16.85µm
_06152_,16.85µm
_06282_,16.85µm
_06424_,16.85µm
_06454_,16.85µm
_06770_,16.85µm
_06901_,16.85µm
_07161_,16.85µm
_07331_,16.85µm
_07690_,16.85µm
_07762_,16.85µm
_08981_,16.85µm
_09041_,16.85µm
_09154_,16.85µm
_09183_,16.85µm
_09798_,16.85µm
_09839_,16.85µm
_09879_,16.85µm
_10420_,16.85µm
_11240_,16.85µm
_11991_,16.85µm
_12005_,16.85µm
_12567_,16.85µm
_12679_,16.85µm
_12905_,16.85µm
_13192_,16.85µm
_13346_,16.85µm
_13350_,16.85µm
_13408_,16.85µm
_13503_,16.85µm
_14093_,16.85µm
_14439_,16.85µm
_15030_,16.85µm
_15140_,16.85µm
_15276_,16.85µm
_15404_,16.85µm
_15526_,16.85µm
_15593_,16.85µm
_15759_,16.85µm
_15822_,16.85µm
_16105_,16.85µm
_16340_,16.85µm
_16358_,16.85µm
_16484_,16.85µm
_16510_,16.85µm
_16640_,16.85µm
_17476_,16.85µm
_17490_,16.85µm
_17515_,16.85µm
_17611_,16.85µm
u_integration_final.integration_inst.command_parser_inst.i_data_rd\[2\],16.85µm
u_integration_final.integration_inst.quantizer_inst.added_data\[15\],16.85µm
u_integration_final.integration_inst.reg_bank_inst.accum\[0\]\[10\],16.85µm
u_integration_final.integration_inst.reg_bank_inst.accum\[0\]\[17\],16.85µm
u_integration_final.integration_inst.reg_bank_inst.accum\[4\]\[15\],16.85µm
u_integration_final.integration_inst.reg_bank_inst.mat_arr\[33\]\[6\],16.85µm
u_integration_final.uart_inst.ur.count16\[3\],16.85µm
u_integration_final.uart_inst.ut.dataBuf\[2\],16.85µm
net1831,16.85µm
net3214,16.85µm
_00754_,16.8µm
_01089_,16.8µm
_01199_,16.8µm
_01757_,16.8µm
_02811_,16.8µm
_02967_,16.8µm
_03160_,16.8µm
_03338_,16.8µm
_04095_,16.8µm
_04550_,16.8µm
_05023_,16.8µm
_05053_,16.8µm
_05549_,16.8µm
_05631_,16.8µm
_05905_,16.8µm
_07079_,16.8µm
_07602_,16.8µm
_07608_,16.8µm
_07660_,16.8µm
_08593_,16.8µm
_08659_,16.8µm
_08767_,16.8µm
_09120_,16.8µm
_09214_,16.8µm
_09232_,16.8µm
_09854_,16.8µm
_10099_,16.8µm
_10574_,16.8µm
_10581_,16.8µm
_10771_,16.8µm
_10816_,16.8µm
_11278_,16.8µm
_12996_,16.8µm
_13016_,16.8µm
_13035_,16.8µm
_13150_,16.8µm
_13366_,16.8µm
_13620_,16.8µm
_13819_,16.8µm
_14019_,16.8µm
_14198_,16.8µm
_14260_,16.8µm
_14365_,16.8µm
_14479_,16.8µm
_14645_,16.8µm
_14828_,16.8µm
_14870_,16.8µm
_14927_,16.8µm
_15011_,16.8µm
_15185_,16.8µm
_15213_,16.8µm
_15539_,16.8µm
_15611_,16.8µm
_15828_,16.8µm
_15923_,16.8µm
_15953_,16.8µm
_16126_,16.8µm
_16151_,16.8µm
_16649_,16.8µm
_16722_,16.8µm
_16865_,16.8µm
_16924_,16.8µm
_17423_,16.8µm
_17558_,16.8µm
u_integration_final.uart_inst.bg.counter\[23\],16.8µm
u_integration_final.uart_inst.ut.dataBuf\[4\],16.8µm
net2668,16.8µm
net2926,16.8µm
net3000,16.8µm
net3251,16.8µm
_14057_,16.57µm
_13540_,16.52µm
_03873_,16.39µm
_04567_,16.39µm
_05092_,16.39µm
_05511_,16.39µm
_06198_,16.39µm
_06559_,16.39µm
_07058_,16.39µm
_13105_,16.39µm
_13550_,16.39µm
_13977_,16.39µm
_16395_,16.39µm
_01712_,16.34µm
_01721_,16.34µm
_02104_,16.34µm
_02120_,16.34µm
_03021_,16.34µm
_03170_,16.34µm
_03181_,16.34µm
_03748_,16.34µm
_03763_,16.34µm
_03780_,16.34µm
_03806_,16.34µm
_04262_,16.34µm
_04459_,16.34µm
_04585_,16.34µm
_05010_,16.34µm
_05794_,16.34µm
_05798_,16.34µm
_05894_,16.34µm
_05975_,16.34µm
_05999_,16.34µm
_06761_,16.34µm
_07748_,16.34µm
_10206_,16.34µm
_10808_,16.34µm
_10819_,16.34µm
_11008_,16.34µm
_11508_,16.34µm
_11513_,16.34µm
_11969_,16.34µm
_12748_,16.34µm
_13584_,16.34µm
_13624_,16.34µm
_13655_,16.34µm
_14316_,16.34µm
_14341_,16.34µm
_14472_,16.34µm
_14533_,16.34µm
_14647_,16.34µm
_15289_,16.34µm
_15993_,16.34µm
_16145_,16.34µm
_16489_,16.34µm
_17534_,16.34µm
net2434,16.34µm
net2510,16.34µm
net3890,16.34µm
_00006_,16.29µm
_00584_,16.29µm
_01551_,16.29µm
_01609_,16.29µm
_03081_,16.29µm
_03484_,16.29µm
_03566_,16.29µm
_04099_,16.29µm
_04556_,16.29µm
_04566_,16.29µm
_04706_,16.29µm
_04813_,16.29µm
_04949_,16.29µm
_05117_,16.29µm
_05328_,16.29µm
_05363_,16.29µm
_05589_,16.29µm
_05641_,16.29µm
_05767_,16.29µm
_05814_,16.29µm
_06075_,16.29µm
_06114_,16.29µm
_06803_,16.29µm
_07005_,16.29µm
_07599_,16.29µm
_07985_,16.29µm
_08352_,16.29µm
_08492_,16.29µm
_08949_,16.29µm
_08954_,16.29µm
_09181_,16.29µm
_09220_,16.29µm
_09395_,16.29µm
_09683_,16.29µm
_10033_,16.29µm
_10045_,16.29µm
_10338_,16.29µm
_10667_,16.29µm
_10832_,16.29µm
_11056_,16.29µm
_11158_,16.29µm
_11617_,16.29µm
_11657_,16.29µm
_11718_,16.29µm
_11821_,16.29µm
_11878_,16.29µm
_12035_,16.29µm
_12629_,16.29µm
_12684_,16.29µm
_12707_,16.29µm
_12764_,16.29µm
_12789_,16.29µm
_13489_,16.29µm
_13579_,16.29µm
_13798_,16.29µm
_14553_,16.29µm
_14575_,16.29µm
_14973_,16.29µm
_15158_,16.29µm
_15220_,16.29µm
_15364_,16.29µm
_15388_,16.29µm
_15447_,16.29µm
_15913_,16.29µm
_15998_,16.29µm
_16078_,16.29µm
_16166_,16.29µm
_16749_,16.29µm
u_integration_final.integration_inst.command_parser_inst.o_data\[1\],16.29µm
u_integration_final.integration_inst.quantizer_inst.target_dtype_2\[1\],16.29µm
u_integration_final.integration_inst.reg_bank_inst.accum\[3\]\[18\],16.29µm
u_integration_final.integration_inst.reg_bank_inst.accum\[8\]\[1\],16.29µm
u_integration_final.uart_inst.bg.counter\[17\],16.29µm
net1417,16.29µm
net1909,16.29µm
net3282,16.29µm
_00911_,16.24µm
_01177_,16.24µm
_01713_,16.24µm
_02092_,16.24µm
_02167_,16.24µm
_02230_,16.24µm
_02345_,16.24µm
_02725_,16.24µm
_02954_,16.24µm
_03557_,16.24µm
_03749_,16.24µm
_03784_,16.24µm
_03914_,16.24µm
_03942_,16.24µm
_04332_,16.24µm
_04979_,16.24µm
_05044_,16.24µm
_05426_,16.24µm
_05582_,16.24µm
_05599_,16.24µm
_05660_,16.24µm
_05696_,16.24µm
_05787_,16.24µm
_05981_,16.24µm
_06041_,16.24µm
_06189_,16.24µm
_06237_,16.24µm
_06286_,16.24µm
_06475_,16.24µm
_06503_,16.24µm
_06623_,16.24µm
_07096_,16.24µm
_07434_,16.24µm
_08528_,16.24µm
_08909_,16.24µm
_09476_,16.24µm
_09689_,16.24µm
_09725_,16.24µm
_10512_,16.24µm
_10684_,16.24µm
_11328_,16.24µm
_11421_,16.24µm
_11591_,16.24µm
_11917_,16.24µm
_12304_,16.24µm
_12366_,16.24µm
_12460_,16.24µm
_12627_,16.24µm
_13197_,16.24µm
_13252_,16.24µm
_13672_,16.24µm
_13963_,16.24µm
_14219_,16.24µm
_14531_,16.24µm
_15128_,16.24µm
_15596_,16.24µm
_15633_,16.24µm
_15835_,16.24µm
_15959_,16.24µm
_16127_,16.24µm
_16240_,16.24µm
_16332_,16.24µm
_16638_,16.24µm
_16765_,16.24µm
_16783_,16.24µm
_16883_,16.24µm
_16950_,16.24µm
_17111_,16.24µm
_17228_,16.24µm
_17295_,16.24µm
_17297_,16.24µm
net1402,16.24µm
net2929,16.24µm
net3337,16.24µm
net3543,16.24µm
_12808_,15.88µm
_04326_,15.83µm
_04825_,15.83µm
_11830_,15.83µm
_13635_,15.83µm
_14058_,15.83µm
_14564_,15.83µm
_15357_,15.83µm
_16689_,15.83µm
_16973_,15.83µm
_00105_,15.78µm
_02472_,15.78µm
_02616_,15.78µm
_02868_,15.78µm
_03354_,15.78µm
_03359_,15.78µm
_03992_,15.78µm
_04475_,15.78µm
_04596_,15.78µm
_05350_,15.78µm
_05403_,15.78µm
_05504_,15.78µm
_06079_,15.78µm
_06133_,15.78µm
_06354_,15.78µm
_07276_,15.78µm
_08454_,15.78µm
_08598_,15.78µm
_09434_,15.78µm
_11834_,15.78µm
_12078_,15.78µm
_12092_,15.78µm
_12546_,15.78µm
_12580_,15.78µm
_12769_,15.78µm
_12820_,15.78µm
_13213_,15.78µm
_13235_,15.78µm
_13804_,15.78µm
_13821_,15.78µm
_14205_,15.78µm
_16029_,15.78µm
_16496_,15.78µm
_16719_,15.78µm
_16764_,15.78µm
_16874_,15.78µm
_17266_,15.78µm
_17270_,15.78µm
u_integration_final.integration_inst.quantizer_inst.shifted_data\[33\],15.78µm
u_integration_final.integration_inst.reg_bank_inst.accum\[0\]\[9\],15.78µm
u_integration_final.integration_inst.reg_bank_inst.accum\[5\]\[15\],15.78µm
u_integration_final.integration_inst.reg_bank_inst.accum\[5\]\[4\],15.78µm
u_integration_final.integration_inst.reg_bank_inst.accum\[7\]\[2\],15.78µm
net2776,15.78µm
_00648_,15.73µm
_01068_,15.73µm
_01574_,15.73µm
_01575_,15.73µm
_01639_,15.73µm
_02024_,15.73µm
_02193_,15.73µm
_02268_,15.73µm
_02679_,15.73µm
_02683_,15.73µm
_02751_,15.73µm
_02752_,15.73µm
_02957_,15.73µm
_02969_,15.73µm
_03448_,15.73µm
_03504_,15.73µm
_04087_,15.73µm
_04980_,15.73µm
_05238_,15.73µm
_05337_,15.73µm
_05404_,15.73µm
_05540_,15.73µm
_05917_,15.73µm
_05976_,15.73µm
_06001_,15.73µm
_06998_,15.73µm
_07108_,15.73µm
_07704_,15.73µm
_08273_,15.73µm
_08959_,15.73µm
_09147_,15.73µm
_11517_,15.73µm
_11704_,15.73µm
_11747_,15.73µm
_12084_,15.73µm
_12323_,15.73µm
_12399_,15.73µm
_12581_,15.73µm
_12591_,15.73µm
_12596_,15.73µm
_13160_,15.73µm
_13335_,15.73µm
_13805_,15.73µm
_14200_,15.73µm
_14261_,15.73µm
_14535_,15.73µm
_14539_,15.73µm
_14841_,15.73µm
_14914_,15.73µm
_15047_,15.73µm
_15198_,15.73µm
_15956_,15.73µm
_16082_,15.73µm
_16231_,15.73µm
_17167_,15.73µm
_17172_,15.73µm
_17267_,15.73µm
_17320_,15.73µm
_17546_,15.73µm
_17599_,15.73µm
u_integration_final.integration_inst.mac_grid_inst.ROW_LOOP\[1\].COL_LOOP\[0\].mac_inst.product\[4\],15.73µm
u_integration_final.uart_inst.ur.bitCount\[3\],15.73µm
u_integration_final.uart_inst.ur.dataBuf\[0\],15.73µm
net1702,15.73µm
net2345,15.73µm
_01073_,15.68µm
_01715_,15.68µm
_02205_,15.68µm
_02242_,15.68µm
_02252_,15.68µm
_02290_,15.68µm
_02297_,15.68µm
_02571_,15.68µm
_02579_,15.68µm
_02812_,15.68µm
_02848_,15.68µm
_02952_,15.68µm
_03053_,15.68µm
_03277_,15.68µm
_04008_,15.68µm
_04112_,15.68µm
_04206_,15.68µm
_04266_,15.68µm
_04428_,15.68µm
_04682_,15.68µm
_04816_,15.68µm
_04855_,15.68µm
_05301_,15.68µm
_05943_,15.68µm
_06679_,15.68µm
_07014_,15.68µm
_07088_,15.68µm
_07237_,15.68µm
_07771_,15.68µm
_08040_,15.68µm
_08650_,15.68µm
_08800_,15.68µm
_08842_,15.68µm
_09055_,15.68µm
_09163_,15.68µm
_09267_,15.68µm
_09447_,15.68µm
_09584_,15.68µm
_09654_,15.68µm
_10070_,15.68µm
_10491_,15.68µm
_10801_,15.68µm
_11449_,15.68µm
_11589_,15.68µm
_11630_,15.68µm
_11783_,15.68µm
_11985_,15.68µm
_12210_,15.68µm
_12300_,15.68µm
_12754_,15.68µm
_13144_,15.68µm
_13186_,15.68µm
_13455_,15.68µm
_13622_,15.68µm
_13706_,15.68µm
_14660_,15.68µm
_15153_,15.68µm
_15527_,15.68µm
_15666_,15.68µm
_15863_,15.68µm
_16207_,15.68µm
_16627_,15.68µm
_16712_,15.68µm
_16813_,15.68µm
_16861_,15.68µm
_17022_,15.68µm
_17378_,15.68µm
_17513_,15.68µm
_17523_,15.68µm
_17541_,15.68µm
net2063,15.68µm
net2653,15.68µm
net3336,15.68µm
net3913,15.68µm
_04679_,15.45µm
_11220_,15.4µm
_09356_,15.32µm
_03309_,15.27µm
_03340_,15.27µm
_03371_,15.27µm
_05025_,15.27µm
_06940_,15.27µm
_14951_,15.27µm
_15688_,15.27µm
_15859_,15.27µm
_17282_,15.27µm
u_integration_final.integration_inst.quantizer_inst.zp_1\[1\],15.27µm
u_integration_final.integration_inst.reg_bank_inst.accum\[7\]\[12\],15.27µm
_03812_,15.22µm
_04155_,15.22µm
_04911_,15.22µm
_04989_,15.22µm
_05636_,15.22µm
_05962_,15.22µm
_06028_,15.22µm
_06110_,15.22µm
_06165_,15.22µm
_06297_,15.22µm
_08633_,15.22µm
_09543_,15.22µm
_09565_,15.22µm
_09655_,15.22µm
_10138_,15.22µm
_11245_,15.22µm
_11518_,15.22µm
_11947_,15.22µm
_13315_,15.22µm
_13441_,15.22µm
_13589_,15.22µm
_13842_,15.22µm
_14890_,15.22µm
_15149_,15.22µm
_15312_,15.22µm
_15396_,15.22µm
_15407_,15.22µm
_15648_,15.22µm
_15798_,15.22µm
_16124_,15.22µm
_16513_,15.22µm
_16763_,15.22µm
_16887_,15.22µm
_16994_,15.22µm
_17030_,15.22µm
_17498_,15.22µm
u_integration_final.integration_inst.command_parser_inst.o_quantizer_zero_point\[4\],15.22µm
u_integration_final.integration_inst.quantizer_inst.added_data\[12\],15.22µm
u_integration_final.integration_inst.reg_bank_inst.accum\[1\]\[14\],15.22µm
u_integration_final.integration_inst.reg_bank_inst.accum\[7\]\[4\],15.22µm
u_integration_final.integration_inst.reg_bank_inst.accum\[7\]\[5\],15.22µm
u_integration_final.integration_inst.reg_bank_inst.accum\[8\]\[0\],15.22µm
u_integration_final.uart_inst.bg.counter\[11\],15.22µm
u_integration_final.uart_inst.bg.counter\[5\],15.22µm
net1336,15.22µm
net2354,15.22µm
_00052_,15.17µm
_00596_,15.17µm
_01284_,15.17µm
_01406_,15.17µm
_01630_,15.17µm
_02408_,15.17µm
_02524_,15.17µm
_02627_,15.17µm
_02634_,15.17µm
_02670_,15.17µm
_02768_,15.17µm
_02835_,15.17µm
_02987_,15.17µm
_02993_,15.17µm
_03164_,15.17µm
_03301_,15.17µm
_03349_,15.17µm
_03398_,15.17µm
_03402_,15.17µm
_03561_,15.17µm
_03615_,15.17µm
_04012_,15.17µm
_04208_,15.17µm
_04282_,15.17µm
_04335_,15.17µm
_04433_,15.17µm
_04680_,15.17µm
_04720_,15.17µm
_04988_,15.17µm
_05072_,15.17µm
_05678_,15.17µm
_06235_,15.17µm
_06241_,15.17µm
_06363_,15.17µm
_06420_,15.17µm
_06496_,15.17µm
_06564_,15.17µm
_06853_,15.17µm
_06966_,15.17µm
_07116_,15.17µm
_07125_,15.17µm
_07236_,15.17µm
_07480_,15.17µm
_08253_,15.17µm
_08329_,15.17µm
_08831_,15.17µm
_09102_,15.17µm
_09187_,15.17µm
_09317_,15.17µm
_09637_,15.17µm
_09668_,15.17µm
_09722_,15.17µm
_10358_,15.17µm
_11074_,15.17µm
_11448_,15.17µm
_11882_,15.17µm
_11935_,15.17µm
_12356_,15.17µm
_12504_,15.17µm
_12836_,15.17µm
_12912_,15.17µm
_12981_,15.17µm
_13125_,15.17µm
_13458_,15.17µm
_13727_,15.17µm
_13791_,15.17µm
_14056_,15.17µm
_14182_,15.17µm
_14266_,15.17µm
_14330_,15.17µm
_14548_,15.17µm
_14557_,15.17µm
_15099_,15.17µm
_15237_,15.17µm
_16051_,15.17µm
_16795_,15.17µm
_17024_,15.17µm
_17394_,15.17µm
_17511_,15.17µm
_17519_,15.17µm
u_integration_final.integration_inst.quantizer_inst.added_data\[46\],15.17µm
u_integration_final.integration_inst.reg_bank_inst.accum\[4\]\[22\],15.17µm
u_integration_final.integration_inst.reg_bank_inst.accum\[4\]\[4\],15.17µm
u_integration_final.integration_inst.reg_bank_inst.accum\[5\]\[0\],15.17µm
u_integration_final.integration_inst.reg_bank_inst.accum\[5\]\[7\],15.17µm
net3502,15.17µm
_00016_,15.12µm
_00594_,15.12µm
_00909_,15.12µm
_01086_,15.12µm
_01313_,15.12µm
_01509_,15.12µm
_01535_,15.12µm
_01726_,15.12µm
_02036_,15.12µm
_02255_,15.12µm
_02316_,15.12µm
_02513_,15.12µm
_02845_,15.12µm
_03069_,15.12µm
_03389_,15.12µm
_03664_,15.12µm
_03710_,15.12µm
_04076_,15.12µm
_04151_,15.12µm
_04633_,15.12µm
_04870_,15.12µm
_04882_,15.12µm
_04992_,15.12µm
_05018_,15.12µm
_05235_,15.12µm
_05395_,15.12µm
_05790_,15.12µm
_05791_,15.12µm
_05868_,15.12µm
_05873_,15.12µm
_05886_,15.12µm
_06230_,15.12µm
_07112_,15.12µm
_07222_,15.12µm
_07522_,15.12µm
_07532_,15.12µm
_07719_,15.12µm
_07720_,15.12µm
_08821_,15.12µm
_10411_,15.12µm
_10577_,15.12µm
_11686_,15.12µm
_11736_,15.12µm
_11740_,15.12µm
_11788_,15.12µm
_11884_,15.12µm
_12777_,15.12µm
_13245_,15.12µm
_13469_,15.12µm
_13702_,15.12µm
_14311_,15.12µm
_14384_,15.12µm
_14766_,15.12µm
_14961_,15.12µm
_15062_,15.12µm
_15264_,15.12µm
_15391_,15.12µm
_15840_,15.12µm
_15924_,15.12µm
_16092_,15.12µm
_16319_,15.12µm
_16574_,15.12µm
_16667_,15.12µm
_16704_,15.12µm
_16708_,15.12µm
_17426_,15.12µm
u_integration_final.integration_inst.mac_grid_inst.ROW_LOOP\[1\].COL_LOOP\[1\].mac_inst.product\[10\],15.12µm
u_integration_final.integration_inst.quantizer_inst.added_data\[32\],15.12µm
u_integration_final.integration_inst.quantizer_inst.shifted_data\[12\],15.12µm
net859,15.12µm
net2197,15.12µm
net2705,15.12µm
net2903,15.12µm
_05463_,14.94µm
_06597_,14.89µm
_14456_,14.76µm
_02189_,14.71µm
_04590_,14.71µm
_04899_,14.71µm
_05465_,14.71µm
_06062_,14.71µm
_06323_,14.71µm
_08197_,14.71µm
_09096_,14.71µm
_12268_,14.71µm
_12588_,14.71µm
_13491_,14.71µm
_14537_,14.71µm
_14543_,14.71µm
_16462_,14.71µm
_16841_,14.71µm
_17438_,14.71µm
_01700_,14.66µm
_02200_,14.66µm
_02254_,14.66µm
_02578_,14.66µm
_02977_,14.66µm
_03034_,14.66µm
_03040_,14.66µm
_03120_,14.66µm
_03478_,14.66µm
_03722_,14.66µm
_04258_,14.66µm
_04276_,14.66µm
_05438_,14.66µm
_05717_,14.66µm
_05773_,14.66µm
_06830_,14.66µm
_06926_,14.66µm
_07227_,14.66µm
_07727_,14.66µm
_08543_,14.66µm
_08710_,14.66µm
_09790_,14.66µm
_10842_,14.66µm
_11264_,14.66µm
_11428_,14.66µm
_11669_,14.66µm
_11937_,14.66µm
_12064_,14.66µm
_12102_,14.66µm
_13456_,14.66µm
_13485_,14.66µm
_13619_,14.66µm
_13639_,14.66µm
_13673_,14.66µm
_13782_,14.66µm
_14347_,14.66µm
_14594_,14.66µm
_14881_,14.66µm
_14970_,14.66µm
_15026_,14.66µm
_15115_,14.66µm
_15722_,14.66µm
_15799_,14.66µm
_15940_,14.66µm
_16267_,14.66µm
_16504_,14.66µm
_17355_,14.66µm
_17424_,14.66µm
u_integration_final.integration_inst.command_parser_inst.o_matrix_2\[0\],14.66µm
u_integration_final.integration_inst.reg_bank_inst.accum\[2\]\[9\],14.66µm
u_integration_final.integration_inst.reg_bank_inst.accum\[5\]\[16\],14.66µm
u_integration_final.integration_inst.reg_bank_inst.accum\[7\]\[13\],14.66µm
u_integration_final.integration_inst.reg_bank_inst.accum\[8\]\[20\],14.66µm
_00572_,14.61µm
_00733_,14.61µm
_00992_,14.61µm
_01126_,14.61µm
_01542_,14.61µm
_02066_,14.61µm
_02086_,14.61µm
_02207_,14.61µm
_02528_,14.61µm
_02661_,14.61µm
_02707_,14.61µm
_02739_,14.61µm
_03535_,14.61µm
_03713_,14.61µm
_04275_,14.61µm
_04338_,14.61µm
_04689_,14.61µm
_04824_,14.61µm
_04846_,14.61µm
_04884_,14.61µm
_05043_,14.61µm
_05119_,14.61µm
_05509_,14.61µm
_05605_,14.61µm
_05695_,14.61µm
_05843_,14.61µm
_06290_,14.61µm
_06387_,14.61µm
_06421_,14.61µm
_06471_,14.61µm
_06919_,14.61µm
_07059_,14.61µm
_07156_,14.61µm
_07378_,14.61µm
_07398_,14.61µm
_08900_,14.61µm
_09000_,14.61µm
_09745_,14.61µm
_09753_,14.61µm
_09762_,14.61µm
_10088_,14.61µm
_10275_,14.61µm
_10364_,14.61µm
_10366_,14.61µm
_11053_,14.61µm
_11061_,14.61µm
_11420_,14.61µm
_11569_,14.61µm
_11791_,14.61µm
_11841_,14.61µm
_11997_,14.61µm
_12045_,14.61µm
_12539_,14.61µm
_12814_,14.61µm
_12979_,14.61µm
_13536_,14.61µm
_13739_,14.61µm
_13802_,14.61µm
_13942_,14.61µm
_14339_,14.61µm
_14417_,14.61µm
_14640_,14.61µm
_14858_,14.61µm
_15294_,14.61µm
_15384_,14.61µm
_15646_,14.61µm
_15730_,14.61µm
_15738_,14.61µm
_15773_,14.61µm
_15936_,14.61µm
_16005_,14.61µm
_16010_,14.61µm
_16014_,14.61µm
_16020_,14.61µm
_16123_,14.61µm
_16177_,14.61µm
_16459_,14.61µm
_16643_,14.61µm
_16656_,14.61µm
_16702_,14.61µm
_17092_,14.61µm
_17250_,14.61µm
_17362_,14.61µm
_17471_,14.61µm
_17542_,14.61µm
u_integration_final.integration_inst.command_parser_inst.o_quantizer_zero_point\[0\],14.61µm
u_integration_final.integration_inst.reg_bank_inst.accum\[1\]\[21\],14.61µm
u_integration_final.integration_inst.reg_bank_inst.accum\[3\]\[10\],14.61µm
u_integration_final.uart_inst.ut.count16\[1\],14.61µm
net376,14.61µm
_00051_,14.56µm
_01852_,14.56µm
_02329_,14.56µm
_02712_,14.56µm
_02754_,14.56µm
_02814_,14.56µm
_02960_,14.56µm
_02990_,14.56µm
_03183_,14.56µm
_03253_,14.56µm
_03342_,14.56µm
_03379_,14.56µm
_04067_,14.56µm
_04068_,14.56µm
_04108_,14.56µm
_04359_,14.56µm
_04441_,14.56µm
_04502_,14.56µm
_04603_,14.56µm
_04906_,14.56µm
_04937_,14.56µm
_05754_,14.56µm
_05876_,14.56µm
_06487_,14.56µm
_07705_,14.56µm
_07721_,14.56µm
_07942_,14.56µm
_07971_,14.56µm
_08269_,14.56µm
_08298_,14.56µm
_09172_,14.56µm
_09585_,14.56µm
_09603_,14.56µm
_09648_,14.56µm
_09712_,14.56µm
_09978_,14.56µm
_10041_,14.56µm
_10644_,14.56µm
_11422_,14.56µm
_11909_,14.56µm
_12107_,14.56µm
_12125_,14.56µm
_12700_,14.56µm
_12730_,14.56µm
_13066_,14.56µm
_13493_,14.56µm
_13723_,14.56µm
_14142_,14.56µm
_14256_,14.56µm
_14572_,14.56µm
_15027_,14.56µm
_15054_,14.56µm
_15055_,14.56µm
_15228_,14.56µm
_15564_,14.56µm
_15632_,14.56µm
_16119_,14.56µm
_16237_,14.56µm
_16302_,14.56µm
_16364_,14.56µm
_16411_,14.56µm
_16794_,14.56µm
_17377_,14.56µm
u_integration_final.uart_inst.ur.count16\[1\],14.56µm
net2369,14.56µm
net3700,14.56µm
net4007,14.56µm
net4014,14.56µm
_02986_,14.2µm
_04052_,14.15µm
_07054_,14.15µm
_09275_,14.15µm
_10475_,14.15µm
_10814_,14.15µm
_13019_,14.15µm
_13696_,14.15µm
_14179_,14.15µm
_16672_,14.15µm
u_integration_final.integration_inst.quantizer_inst.shifted_data\[34\],14.15µm
u_integration_final.integration_inst.reg_bank_inst.accum\[4\]\[13\],14.15µm
u_integration_final.integration_inst.reg_bank_inst.accum\[6\]\[6\],14.15µm
_02160_,14.1µm
_02296_,14.1µm
_02419_,14.1µm
_02613_,14.1µm
_02820_,14.1µm
_02852_,14.1µm
_02871_,14.1µm
_02879_,14.1µm
_02930_,14.1µm
_03396_,14.1µm
_03643_,14.1µm
_03798_,14.1µm
_03811_,14.1µm
_04020_,14.1µm
_04323_,14.1µm
_04402_,14.1µm
_05140_,14.1µm
_05243_,14.1µm
_05672_,14.1µm
_05827_,14.1µm
_06022_,14.1µm
_06088_,14.1µm
_06347_,14.1µm
_06455_,14.1µm
_06470_,14.1µm
_06855_,14.1µm
_06876_,14.1µm
_07818_,14.1µm
_08778_,14.1µm
_08823_,14.1µm
_09152_,14.1µm
_09242_,14.1µm
_09417_,14.1µm
_09443_,14.1µm
_09787_,14.1µm
_10368_,14.1µm
_10379_,14.1µm
_11694_,14.1µm
_11859_,14.1µm
_11930_,14.1µm
_12446_,14.1µm
_12671_,14.1µm
_12946_,14.1µm
_13340_,14.1µm
_13453_,14.1µm
_13595_,14.1µm
_13794_,14.1µm
_13893_,14.1µm
_14026_,14.1µm
_14232_,14.1µm
_14427_,14.1µm
_14470_,14.1µm
_14506_,14.1µm
_14800_,14.1µm
_14991_,14.1µm
_15194_,14.1µm
_15284_,14.1µm
_15370_,14.1µm
_15717_,14.1µm
_16032_,14.1µm
_16826_,14.1µm
_16935_,14.1µm
_17019_,14.1µm
_17220_,14.1µm
_17602_,14.1µm
u_integration_final.integration_inst.command_parser_inst.i_data_rd\[5\],14.1µm
u_integration_final.integration_inst.reg_bank_inst.accum\[7\]\[14\],14.1µm
u_integration_final.integration_inst.reg_bank_inst.accum\[8\]\[16\],14.1µm
net1191,14.1µm
net1965,14.1µm
net2398,14.1µm
_00210_,14.05µm
_00576_,14.05µm
_00577_,14.05µm
_00600_,14.05µm
_00602_,14.05µm
_01087_,14.05µm
_01094_,14.05µm
_01197_,14.05µm
_01496_,14.05µm
_01584_,14.05µm
_01591_,14.05µm
_01592_,14.05µm
_01622_,14.05µm
_02099_,14.05µm
_02354_,14.05µm
_02724_,14.05µm
_02733_,14.05µm
_02734_,14.05µm
_02889_,14.05µm
_02988_,14.05µm
_03090_,14.05µm
_03125_,14.05µm
_03255_,14.05µm
_03412_,14.05µm
_03442_,14.05µm
_03754_,14.05µm
_03852_,14.05µm
_03920_,14.05µm
_04030_,14.05µm
_04125_,14.05µm
_04821_,14.05µm
_05042_,14.05µm
_05412_,14.05µm
_05455_,14.05µm
_05923_,14.05µm
_05966_,14.05µm
_06103_,14.05µm
_06293_,14.05µm
_06807_,14.05µm
_06862_,14.05µm
_07053_,14.05µm
_07153_,14.05µm
_07287_,14.05µm
_07991_,14.05µm
_07999_,14.05µm
_08311_,14.05µm
_08816_,14.05µm
_08818_,14.05µm
_09089_,14.05µm
_09116_,14.05µm
_09254_,14.05µm
_09460_,14.05µm
_09741_,14.05µm
_09988_,14.05µm
_10092_,14.05µm
_10178_,14.05µm
_10184_,14.05µm
_10228_,14.05µm
_10302_,14.05µm
_10668_,14.05µm
_11294_,14.05µm
_11425_,14.05µm
_11445_,14.05µm
_11541_,14.05µm
_11639_,14.05µm
_11856_,14.05µm
_11866_,14.05µm
_12336_,14.05µm
_12450_,14.05µm
_12525_,14.05µm
_12585_,14.05µm
_12736_,14.05µm
_12825_,14.05µm
_12975_,14.05µm
_13324_,14.05µm
_13695_,14.05µm
_14150_,14.05µm
_14258_,14.05µm
_14407_,14.05µm
_14459_,14.05µm
_14471_,14.05µm
_14507_,14.05µm
_14609_,14.05µm
_14728_,14.05µm
_14734_,14.05µm
_14874_,14.05µm
_14953_,14.05µm
_15014_,14.05µm
_15392_,14.05µm
_15525_,14.05µm
_15683_,14.05µm
_15725_,14.05µm
_15850_,14.05µm
_16041_,14.05µm
_16072_,14.05µm
_16111_,14.05µm
_16322_,14.05µm
_16502_,14.05µm
_16563_,14.05µm
_16686_,14.05µm
_16908_,14.05µm
_16966_,14.05µm
_17013_,14.05µm
_17020_,14.05µm
_17374_,14.05µm
_17461_,14.05µm
_17506_,14.05µm
_17565_,14.05µm
_17624_,14.05µm
u_integration_final.integration_inst.command_parser_inst.o_uart_tx_data\[4\],14.05µm
u_integration_final.integration_inst.reg_bank_inst.accum\[1\]\[6\],14.05µm
u_integration_final.integration_inst.reg_bank_inst.accum\[7\]\[17\],14.05µm
u_integration_final.integration_inst.reg_bank_inst.accum\[8\]\[5\],14.05µm
u_integration_final.integration_inst.reg_bank_inst.accum\[8\]\[9\],14.05µm
net2194,14.05µm
net3478,14.05µm
_00877_,14µm
_01753_,14µm
_01830_,14µm
_02244_,14µm
_02278_,14µm
_02370_,14µm
_02685_,14µm
_02884_,14µm
_03527_,14µm
_03611_,14µm
_03699_,14µm
_03997_,14µm
_04210_,14µm
_04336_,14µm
_04489_,14µm
_04563_,14µm
_04731_,14µm
_04782_,14µm
_04794_,14µm
_04856_,14µm
_04929_,14µm
_05005_,14µm
_05398_,14µm
_05484_,14µm
_05508_,14µm
_05601_,14µm
_05624_,14µm
_05689_,14µm
_06148_,14µm
_06450_,14µm
_06480_,14µm
_06858_,14µm
_06931_,14µm
_07226_,14µm
_07541_,14µm
_08234_,14µm
_08709_,14µm
_08829_,14µm
_09001_,14µm
_09330_,14µm
_09576_,14µm
_09618_,14µm
_09751_,14µm
_10021_,14µm
_10600_,14µm
_10661_,14µm
_11360_,14µm
_11708_,14µm
_11778_,14µm
_12080_,14µm
_12186_,14µm
_12236_,14µm
_12365_,14µm
_12433_,14µm
_12469_,14µm
_12657_,14µm
_12690_,14µm
_12900_,14µm
_13475_,14µm
_13909_,14µm
_14249_,14µm
_14468_,14µm
_14761_,14µm
_14945_,14µm
_15078_,14µm
_15183_,14µm
_15193_,14µm
_15386_,14µm
_15506_,14µm
_15572_,14µm
_15574_,14µm
_15640_,14µm
_15657_,14µm
_15742_,14µm
_16266_,14µm
_16438_,14µm
_16688_,14µm
_16766_,14µm
_16829_,14µm
_17014_,14µm
_17403_,14µm
_17466_,14µm
_17614_,14µm
_17627_,14µm
u_integration_final.integration_inst.command_parser_inst.o_uart_tx_data\[5\],14µm
u_integration_final.integration_inst.quantizer_inst.added_data\[35\],14µm
u_integration_final.integration_inst.reg_bank_inst.accum\[4\]\[16\],14µm
u_integration_final.uart_inst.bg.counter\[15\],14µm
u_integration_final.uart_inst.bg.counter\[6\],14µm
_07004_,13.77µm
_03691_,13.64µm
_04096_,13.59µm
_05823_,13.59µm
_06033_,13.59µm
_06439_,13.59µm
_06691_,13.59µm
_10220_,13.59µm
_15065_,13.59µm
_15286_,13.59µm
_17522_,13.59µm
u_integration_final.integration_inst.reg_bank_inst.accum\[5\]\[12\],13.59µm
net602,13.59µm
net1592,13.59µm
_02288_,13.54µm
_02614_,13.54µm
_02644_,13.54µm
_02744_,13.54µm
_03147_,13.54µm
_03352_,13.54µm
_03858_,13.54µm
_04196_,13.54µm
_04504_,13.54µm
_04572_,13.54µm
_04660_,13.54µm
_04676_,13.54µm
_04760_,13.54µm
_06233_,13.54µm
_06786_,13.54µm
_07145_,13.54µm
_10395_,13.54µm
_11598_,13.54µm
_11766_,13.54µm
_11790_,13.54µm
_11919_,13.54µm
_12439_,13.54µm
_12582_,13.54µm
_12589_,13.54µm
_12592_,13.54µm
_12843_,13.54µm
_12845_,13.54µm
_12965_,13.54µm
_13462_,13.54µm
_13471_,13.54µm
_13596_,13.54µm
_14176_,13.54µm
_14192_,13.54µm
_14392_,13.54µm
_14445_,13.54µm
_14465_,13.54µm
_14601_,13.54µm
_14681_,13.54µm
_15172_,13.54µm
_15248_,13.54µm
_15382_,13.54µm
_15701_,13.54µm
_15819_,13.54µm
_15982_,13.54µm
_16122_,13.54µm
_16128_,13.54µm
_16652_,13.54µm
_16811_,13.54µm
_17472_,13.54µm
_17629_,13.54µm
u_integration_final.integration_inst.quantizer_inst.shifted_data\[43\],13.54µm
u_integration_final.integration_inst.reg_bank_inst.accum\[1\]\[20\],13.54µm
u_integration_final.integration_inst.reg_bank_inst.accum\[4\]\[11\],13.54µm
u_integration_final.integration_inst.reg_bank_inst.accum\[5\]\[14\],13.54µm
u_integration_final.integration_inst.reg_bank_inst.accum\[8\]\[10\],13.54µm
u_integration_final.integration_inst.reg_bank_inst.accum\[8\]\[21\],13.54µm
net2907,13.54µm
_00393_,13.49µm
_00580_,13.49µm
_00711_,13.49µm
_01117_,13.49µm
_01179_,13.49µm
_01314_,13.49µm
_01390_,13.49µm
_01564_,13.49µm
_01582_,13.49µm
_01586_,13.49µm
_01723_,13.49µm
_01921_,13.49µm
_02206_,13.49µm
_02312_,13.49µm
_02511_,13.49µm
_03154_,13.49µm
_03394_,13.49µm
_03623_,13.49µm
_03639_,13.49µm
_03723_,13.49µm
_03888_,13.49µm
_04479_,13.49µm
_04692_,13.49µm
_04819_,13.49µm
_04892_,13.49µm
_05396_,13.49µm
_06273_,13.49µm
_06294_,13.49µm
_06321_,13.49µm
_06366_,13.49µm
_06610_,13.49µm
_07436_,13.49µm
_07691_,13.49µm
_08203_,13.49µm
_08205_,13.49µm
_08779_,13.49µm
_08802_,13.49µm
_08837_,13.49µm
_08914_,13.49µm
_09066_,13.49µm
_09086_,13.49µm
_09166_,13.49µm
_09589_,13.49µm
_09720_,13.49µm
_09993_,13.49µm
_10003_,13.49µm
_10189_,13.49µm
_10359_,13.49µm
_10426_,13.49µm
_10518_,13.49µm
_10900_,13.49µm
_11632_,13.49µm
_12448_,13.49µm
_13187_,13.49µm
_13286_,13.49µm
_13464_,13.49µm
_13559_,13.49µm
_13671_,13.49µm
_13769_,13.49µm
_14081_,13.49µm
_14141_,13.49µm
_14207_,13.49µm
_14492_,13.49µm
_14503_,13.49µm
_14551_,13.49µm
_14568_,13.49µm
_14586_,13.49µm
_14918_,13.49µm
_15123_,13.49µm
_15567_,13.49µm
_15695_,13.49µm
_15791_,13.49µm
_15836_,13.49µm
_16725_,13.49µm
_16881_,13.49µm
_16997_,13.49µm
_17064_,13.49µm
_17215_,13.49µm
_17392_,13.49µm
_17616_,13.49µm
u_integration_final.integration_inst.quantizer_inst.zp_0\[1\],13.49µm
u_integration_final.integration_inst.reg_bank_inst.accum\[4\]\[20\],13.49µm
u_integration_final.uart_inst.bg.counter\[21\],13.49µm
net3210,13.49µm
_00069_,13.44µm
_00534_,13.44µm
_01382_,13.44µm
_01534_,13.44µm
_02116_,13.44µm
_02184_,13.44µm
_02311_,13.44µm
_02448_,13.44µm
_03399_,13.44µm
_03428_,13.44µm
_03474_,13.44µm
_03633_,13.44µm
_03714_,13.44µm
_04268_,13.44µm
_04581_,13.44µm
_04623_,13.44µm
_04667_,13.44µm
_04847_,13.44µm
_04857_,13.44µm
_04883_,13.44µm
_04999_,13.44µm
_05277_,13.44µm
_05314_,13.44µm
_05469_,13.44µm
_05523_,13.44µm
_05529_,13.44µm
_05613_,13.44µm
_05888_,13.44µm
_05947_,13.44µm
_06064_,13.44µm
_06980_,13.44µm
_07126_,13.44µm
_07329_,13.44µm
_07587_,13.44µm
_07853_,13.44µm
_07906_,13.44µm
_08468_,13.44µm
_08478_,13.44µm
_08489_,13.44µm
_08912_,13.44µm
_09064_,13.44µm
_09221_,13.44µm
_09883_,13.44µm
_09971_,13.44µm
_10107_,13.44µm
_10240_,13.44µm
_10287_,13.44µm
_10419_,13.44µm
_10618_,13.44µm
_10624_,13.44µm
_10656_,13.44µm
_11592_,13.44µm
_11681_,13.44µm
_11749_,13.44µm
_12127_,13.44µm
_12130_,13.44µm
_12355_,13.44µm
_12418_,13.44µm
_12487_,13.44µm
_12517_,13.44µm
_12770_,13.44µm
_12774_,13.44µm
_12783_,13.44µm
_13643_,13.44µm
_14023_,13.44µm
_14178_,13.44µm
_14188_,13.44µm
_14306_,13.44µm
_14477_,13.44µm
_14615_,13.44µm
_15096_,13.44µm
_15389_,13.44µm
_15493_,13.44µm
_15531_,13.44µm
_15578_,13.44µm
_15746_,13.44µm
_15785_,13.44µm
_15929_,13.44µm
_16039_,13.44µm
_16174_,13.44µm
_16195_,13.44µm
_16330_,13.44µm
_16527_,13.44µm
_16812_,13.44µm
_16869_,13.44µm
_16879_,13.44µm
_17051_,13.44µm
_17301_,13.44µm
_17495_,13.44µm
_17572_,13.44µm
_17609_,13.44µm
u_integration_final.integration_inst.mac_grid_inst.ROW_LOOP\[1\].COL_LOOP\[0\].mac_inst.o_result\[15\],13.44µm
_03049_,13.03µm
_03055_,13.03µm
_03296_,13.03µm
_04474_,13.03µm
_05386_,13.03µm
_06149_,13.03µm
_06498_,13.03µm
_09914_,13.03µm
_09959_,13.03µm
_14652_,13.03µm
_15219_,13.03µm
_17497_,13.03µm
u_integration_final.integration_inst.reg_bank_inst.accum\[2\]\[19\],13.03µm
u_integration_final.integration_inst.reg_bank_inst.accum\[3\]\[4\],13.03µm
_01665_,12.98µm
_01949_,12.98µm
_02217_,12.98µm
_02253_,12.98µm
_02736_,12.98µm
_02951_,12.98µm
_03293_,12.98µm
_03325_,12.98µm
_03644_,12.98µm
_03758_,12.98µm
_03894_,12.98µm
_03937_,12.98µm
_04023_,12.98µm
_04524_,12.98µm
_04619_,12.98µm
_05184_,12.98µm
_05246_,12.98µm
_05365_,12.98µm
_05866_,12.98µm
_06228_,12.98µm
_06295_,12.98µm
_06304_,12.98µm
_06370_,12.98µm
_06478_,12.98µm
_06730_,12.98µm
_07070_,12.98µm
_07138_,12.98µm
_07183_,12.98µm
_08483_,12.98µm
_08711_,12.98µm
_08921_,12.98µm
_09218_,12.98µm
_09541_,12.98µm
_10649_,12.98µm
_10729_,12.98µm
_11006_,12.98µm
_12042_,12.98µm
_12070_,12.98µm
_12073_,12.98µm
_12083_,12.98µm
_12492_,12.98µm
_13003_,12.98µm
_13778_,12.98µm
_13849_,12.98µm
_13966_,12.98µm
_13988_,12.98µm
_14166_,12.98µm
_14333_,12.98µm
_14455_,12.98µm
_14486_,12.98µm
_14597_,12.98µm
_14750_,12.98µm
_14860_,12.98µm
_15356_,12.98µm
_15750_,12.98µm
_15957_,12.98µm
_16463_,12.98µm
_16487_,12.98µm
_16582_,12.98µm
_17184_,12.98µm
_17360_,12.98µm
_17372_,12.98µm
u_integration_final.integration_inst.quantizer_inst.added_data\[33\],12.98µm
u_integration_final.integration_inst.reg_bank_inst.accum\[7\]\[18\],12.98µm
u_integration_final.uart_inst.bg.counter\[19\],12.98µm
net2226,12.98µm
_07873_,12.97µm
_00140_,12.93µm
_00587_,12.93µm
_01074_,12.93µm
_01084_,12.93µm
_01183_,12.93µm
_01337_,12.93µm
_01432_,12.93µm
_01518_,12.93µm
_01521_,12.93µm
_01533_,12.93µm
_01550_,12.93µm
_01554_,12.93µm
_01627_,12.93µm
_01764_,12.93µm
_01776_,12.93µm
_01964_,12.93µm
_02079_,12.93µm
_02080_,12.93µm
_02115_,12.93µm
_02198_,12.93µm
_02257_,12.93µm
_02364_,12.93µm
_02802_,12.93µm
_02869_,12.93µm
_03020_,12.93µm
_03048_,12.93µm
_03176_,12.93µm
_03831_,12.93µm
_03944_,12.93µm
_04265_,12.93µm
_04288_,12.93µm
_04982_,12.93µm
_05143_,12.93µm
_05226_,12.93µm
_05741_,12.93µm
_05898_,12.93µm
_06215_,12.93µm
_06808_,12.93µm
_06947_,12.93µm
_07008_,12.93µm
_07394_,12.93µm
_07891_,12.93µm
_08168_,12.93µm
_08236_,12.93µm
_08365_,12.93µm
_08380_,12.93µm
_08798_,12.93µm
_08920_,12.93µm
_08930_,12.93µm
_08979_,12.93µm
_09059_,12.93µm
_09321_,12.93µm
_09341_,12.93µm
_09418_,12.93µm
_09605_,12.93µm
_09780_,12.93µm
_10221_,12.93µm
_10356_,12.93µm
_10376_,12.93µm
_11209_,12.93µm
_11662_,12.93µm
_11808_,12.93µm
_11836_,12.93µm
_11995_,12.93µm
_12089_,12.93µm
_12239_,12.93µm
_12334_,12.93µm
_12349_,12.93µm
_12502_,12.93µm
_12516_,12.93µm
_12645_,12.93µm
_12913_,12.93µm
_12924_,12.93µm
_13009_,12.93µm
_13435_,12.93µm
_13440_,12.93µm
_13478_,12.93µm
_13603_,12.93µm
_13783_,12.93µm
_14111_,12.93µm
_14404_,12.93µm
_14430_,12.93µm
_14570_,12.93µm
_14675_,12.93µm
_14713_,12.93µm
_14949_,12.93µm
_15103_,12.93µm
_15160_,12.93µm
_15164_,12.93µm
_15181_,12.93µm
_15223_,12.93µm
_15444_,12.93µm
_15604_,12.93µm
_15775_,12.93µm
_15825_,12.93µm
_15832_,12.93µm
_15967_,12.93µm
_15988_,12.93µm
_16009_,12.93µm
_16336_,12.93µm
_16387_,12.93µm
_16591_,12.93µm
_16666_,12.93µm
_16917_,12.93µm
_16925_,12.93µm
_17045_,12.93µm
_17118_,12.93µm
_17200_,12.93µm
_17242_,12.93µm
_17245_,12.93µm
_17328_,12.93µm
_17399_,12.93µm
_17433_,12.93µm
_17556_,12.93µm
u_integration_final.integration_inst.command_parser_inst.data_read_buf,12.93µm
u_integration_final.integration_inst.mac_grid_inst.overflow_array\[5\]\[0\],12.93µm
u_integration_final.integration_inst.quantizer_inst.added_data\[45\],12.93µm
u_integration_final.integration_inst.reg_bank_inst.accum\[4\]\[14\],12.93µm
u_integration_final.integration_inst.reg_bank_inst.accum\[4\]\[9\],12.93µm
u_integration_final.integration_inst.reg_bank_inst.accum\[5\]\[5\],12.93µm
u_integration_final.uart_inst.ut.bitCount\[3\],12.93µm
net964,12.93µm
net1175,12.93µm
net1233,12.93µm
net1962,12.93µm
net3868,12.93µm
net3892,12.93µm
_00102_,12.88µm
_00434_,12.88µm
_00610_,12.88µm
_00636_,12.88µm
_01368_,12.88µm
_01690_,12.88µm
_01959_,12.88µm
_02029_,12.88µm
_02083_,12.88µm
_02271_,12.88µm
_02292_,12.88µm
_02398_,12.88µm
_02464_,12.88µm
_02700_,12.88µm
_02935_,12.88µm
_03192_,12.88µm
_03555_,12.88µm
_03586_,12.88µm
_03653_,12.88µm
_03730_,12.88µm
_03828_,12.88µm
_03832_,12.88µm
_03874_,12.88µm
_03918_,12.88µm
_04069_,12.88µm
_04105_,12.88µm
_04132_,12.88µm
_04175_,12.88µm
_04234_,12.88µm
_04843_,12.88µm
_04877_,12.88µm
_05219_,12.88µm
_05305_,12.88µm
_05324_,12.88µm
_05501_,12.88µm
_05629_,12.88µm
_05747_,12.88µm
_06098_,12.88µm
_06342_,12.88µm
_06909_,12.88µm
_06995_,12.88µm
_07049_,12.88µm
_07346_,12.88µm
_07605_,12.88µm
_07656_,12.88µm
_08189_,12.88µm
_08244_,12.88µm
_08363_,12.88µm
_08660_,12.88µm
_08718_,12.88µm
_08753_,12.88µm
_09008_,12.88µm
_09070_,12.88µm
_09282_,12.88µm
_09560_,12.88µm
_10190_,12.88µm
_10578_,12.88µm
_10722_,12.88µm
_10780_,12.88µm
_10807_,12.88µm
_11273_,12.88µm
_11318_,12.88µm
_11515_,12.88µm
_11799_,12.88µm
_11880_,12.88µm
_11933_,12.88µm
_12204_,12.88µm
_12354_,12.88µm
_12756_,12.88µm
_12987_,12.88µm
_13037_,12.88µm
_13465_,12.88µm
_13644_,12.88µm
_13908_,12.88µm
_14096_,12.88µm
_14120_,12.88µm
_14436_,12.88µm
_14629_,12.88µm
_14884_,12.88µm
_15652_,12.88µm
_15693_,12.88µm
_15888_,12.88µm
_16125_,12.88µm
_16414_,12.88µm
_16429_,12.88µm
_16455_,12.88µm
_16740_,12.88µm
_16784_,12.88µm
_16785_,12.88µm
_16789_,12.88µm
_17144_,12.88µm
_17181_,12.88µm
_17417_,12.88µm
u_integration_final.integration_inst.quantizer_inst.added_data\[39\],12.88µm
u_integration_final.integration_inst.quantizer_inst.zp_0\[7\],12.88µm
net1387,12.88µm
net1521,12.88µm
net2880,12.88µm
_02976_,12.7µm
_15363_,12.52µm
_16000_,12.52µm
_02694_,12.47µm
_03622_,12.47µm
_05360_,12.47µm
_05896_,12.47µm
_06139_,12.47µm
_13281_,12.47µm
_14116_,12.47µm
_15169_,12.47µm
_16030_,12.47µm
_17570_,12.47µm
net1674,12.47µm
_00050_,12.42µm
_00142_,12.42µm
_01794_,12.42µm
_02599_,12.42µm
_02850_,12.42µm
_02886_,12.42µm
_02892_,12.42µm
_02908_,12.42µm
_03158_,12.42µm
_03167_,12.42µm
_03416_,12.42µm
_04302_,12.42µm
_04361_,12.42µm
_04539_,12.42µm
_04541_,12.42µm
_04548_,12.42µm
_04554_,12.42µm
_04579_,12.42µm
_04902_,12.42µm
_05124_,12.42µm
_05306_,12.42µm
_05753_,12.42µm
_05816_,12.42µm
_05974_,12.42µm
_06040_,12.42µm
_06086_,12.42µm
_06136_,12.42µm
_06345_,12.42µm
_06479_,12.42µm
_07527_,12.42µm
_08899_,12.42µm
_09033_,12.42µm
_09156_,12.42µm
_09490_,12.42µm
_09555_,12.42µm
_10106_,12.42µm
_10716_,12.42µm
_10786_,12.42µm
_11107_,12.42µm
_11426_,12.42µm
_11522_,12.42µm
_11863_,12.42µm
_11959_,12.42µm
_11998_,12.42µm
_12732_,12.42µm
_12817_,12.42µm
_13161_,12.42µm
_13555_,12.42µm
_13796_,12.42µm
_14197_,12.42µm
_14202_,12.42µm
_14670_,12.42µm
_14677_,12.42µm
_15141_,12.42µm
_15668_,12.42µm
_15748_,12.42µm
_15761_,12.42µm
_15965_,12.42µm
_16065_,12.42µm
_16537_,12.42µm
_17280_,12.42µm
_17308_,12.42µm
_17540_,12.42µm
u_integration_final.integration_inst.quantizer_inst.zp_1\[2\],12.42µm
u_integration_final.integration_inst.reg_bank_inst.accum\[3\]\[19\],12.42µm
net1296,12.42µm
_00088_,12.37µm
_00544_,12.37µm
_00988_,12.37µm
_01125_,12.37µm
_01196_,12.37µm
_01332_,12.37µm
_01424_,12.37µm
_01477_,12.37µm
_01519_,12.37µm
_01585_,12.37µm
_01594_,12.37µm
_01805_,12.37µm
_02172_,12.37µm
_02215_,12.37µm
_02259_,12.37µm
_02324_,12.37µm
_02731_,12.37µm
_02950_,12.37µm
_03018_,12.37µm
_03190_,12.37µm
_03335_,12.37µm
_03415_,12.37µm
_03434_,12.37µm
_03560_,12.37µm
_03634_,12.37µm
_04349_,12.37µm
_04602_,12.37µm
_04823_,12.37µm
_05040_,12.37µm
_05217_,12.37µm
_05400_,12.37µm
_05417_,12.37µm
_05433_,12.37µm
_05519_,12.37µm
_05684_,12.37µm
_05832_,12.37µm
_06188_,12.37µm
_06292_,12.37µm
_06502_,12.37µm
_06781_,12.37µm
_06813_,12.37µm
_07091_,12.37µm
_07553_,12.37µm
_07743_,12.37µm
_08187_,12.37µm
_08248_,12.37µm
_08258_,12.37µm
_08308_,12.37µm
_08335_,12.37µm
_08339_,12.37µm
_08384_,12.37µm
_08426_,12.37µm
_08676_,12.37µm
_08704_,12.37µm
_08843_,12.37µm
_08997_,12.37µm
_09277_,12.37µm
_09776_,12.37µm
_09947_,12.37µm
_10103_,12.37µm
_10248_,12.37µm
_10438_,12.37µm
_10676_,12.37µm
_10712_,12.37µm
_11078_,12.37µm
_11348_,12.37µm
_11642_,12.37µm
_11668_,12.37µm
_11750_,12.37µm
_12037_,12.37µm
_12422_,12.37µm
_12758_,12.37µm
_12815_,12.37µm
_12901_,12.37µm
_12963_,12.37µm
_13326_,12.37µm
_13361_,12.37µm
_13526_,12.37µm
_13591_,12.37µm
_14062_,12.37µm
_14268_,12.37µm
_14338_,12.37µm
_14395_,12.37µm
_14571_,12.37µm
_14771_,12.37µm
_14809_,12.37µm
_14882_,12.37µm
_15372_,12.37µm
_15727_,12.37µm
_15755_,12.37µm
_15870_,12.37µm
_16085_,12.37µm
_16116_,12.37µm
_16209_,12.37µm
_16220_,12.37µm
_16303_,12.37µm
_16327_,12.37µm
_16342_,12.37µm
_16534_,12.37µm
_16718_,12.37µm
_16928_,12.37µm
_16986_,12.37µm
_17134_,12.37µm
_17141_,12.37µm
_17203_,12.37µm
_17356_,12.37µm
u_integration_final.integration_inst.reg_bank_inst.rows_a_d\[1\]\[1\],12.37µm
net2955,12.37µm
net3560,12.37µm
_00536_,12.32µm
_00578_,12.32µm
_00657_,12.32µm
_00827_,12.32µm
_01006_,12.32µm
_01245_,12.32µm
_01647_,12.32µm
_01749_,12.32µm
_01820_,12.32µm
_02371_,12.32µm
_02445_,12.32µm
_02639_,12.32µm
_02706_,12.32µm
_02773_,12.32µm
_02792_,12.32µm
_02959_,12.32µm
_03155_,12.32µm
_03430_,12.32µm
_03666_,12.32µm
_03776_,12.32µm
_04017_,12.32µm
_04081_,12.32µm
_04264_,12.32µm
_04384_,12.32µm
_04405_,12.32µm
_04434_,12.32µm
_04451_,12.32µm
_04481_,12.32µm
_04784_,12.32µm
_05030_,12.32µm
_05249_,12.32µm
_05347_,12.32µm
_05362_,12.32µm
_05413_,12.32µm
_05434_,12.32µm
_05464_,12.32µm
_05478_,12.32µm
_06081_,12.32µm
_06348_,12.32µm
_06364_,12.32µm
_06483_,12.32µm
_06549_,12.32µm
_06555_,12.32µm
_06816_,12.32µm
_06851_,12.32µm
_06999_,12.32µm
_07103_,12.32µm
_07400_,12.32µm
_07529_,12.32µm
_07633_,12.32µm
_07962_,12.32µm
_08267_,12.32µm
_08343_,12.32µm
_08369_,12.32µm
_08551_,12.32µm
_08595_,12.32µm
_08646_,12.32µm
_08737_,12.32µm
_08844_,12.32µm
_09068_,12.32µm
_09122_,12.32µm
_09344_,12.32µm
_09396_,12.32µm
_09420_,12.32µm
_09536_,12.32µm
_09754_,12.32µm
_09810_,12.32µm
_10089_,12.32µm
_10098_,12.32µm
_10185_,12.32µm
_10269_,12.32µm
_10549_,12.32µm
_11010_,12.32µm
_11342_,12.32µm
_11377_,12.32µm
_11587_,12.32µm
_11824_,12.32µm
_11847_,12.32µm
_11925_,12.32µm
_11956_,12.32µm
_12056_,12.32µm
_12072_,12.32µm
_12126_,12.32µm
_12161_,12.32µm
_12256_,12.32µm
_12358_,12.32µm
_12373_,12.32µm
_12429_,12.32µm
_12434_,12.32µm
_12982_,12.32µm
_13044_,12.32µm
_13164_,12.32µm
_13231_,12.32µm
_13443_,12.32µm
_13553_,12.32µm
_13744_,12.32µm
_13766_,12.32µm
_13876_,12.32µm
_13998_,12.32µm
_14006_,12.32µm
_14139_,12.32µm
_14242_,12.32µm
_14300_,12.32µm
_14355_,12.32µm
_14443_,12.32µm
_14454_,12.32µm
_14499_,12.32µm
_14532_,12.32µm
_14560_,12.32µm
_14747_,12.32µm
_14854_,12.32µm
_14977_,12.32µm
_15147_,12.32µm
_15211_,12.32µm
_15480_,12.32µm
_15489_,12.32µm
_15609_,12.32µm
_15675_,12.32µm
_15777_,12.32µm
_15794_,12.32µm
_15943_,12.32µm
_16368_,12.32µm
_16423_,12.32µm
_16441_,12.32µm
_16529_,12.32µm
_16679_,12.32µm
_16842_,12.32µm
_17236_,12.32µm
_17291_,12.32µm
_17447_,12.32µm
_17470_,12.32µm
_17585_,12.32µm
_17607_,12.32µm
u_integration_final.integration_inst.quantizer_inst.target_dtype_0\[0\],12.32µm
net857,12.32µm
net1588,12.32µm
net2135,12.32µm
net2683,12.32µm
net3284,12.32µm
_15409_,12.09µm
_06405_,11.96µm
_13516_,11.96µm
_05596_,11.91µm
_05963_,11.91µm
_06127_,11.91µm
_09770_,11.91µm
_10091_,11.91µm
_11114_,11.91µm
_11457_,11.91µm
_11984_,11.91µm
_12374_,11.91µm
_13195_,11.91µm
_13319_,11.91µm
_13537_,11.91µm
_15868_,11.91µm
_16717_,11.91µm
_16743_,11.91µm
_17608_,11.91µm
u_integration_final.integration_inst.reg_bank_inst.accum\[4\]\[21\],11.91µm
u_integration_final.integration_inst.reg_bank_inst.accum\[5\]\[3\],11.91µm
u_integration_final.uart_inst.ut.bitCount\[1\],11.91µm
_01603_,11.86µm
_01704_,11.86µm
_02864_,11.86µm
_02955_,11.86µm
_03317_,11.86µm
_03618_,11.86µm
_04042_,11.86µm
_04239_,11.86µm
_04565_,11.86µm
_05178_,11.86µm
_05312_,11.86µm
_05319_,11.86µm
_05579_,11.86µm
_05877_,11.86µm
_05950_,11.86µm
_06120_,11.86µm
_06170_,11.86µm
_07119_,11.86µm
_07855_,11.86µm
_08514_,11.86µm
_08588_,11.86µm
_08768_,11.86µm
_08867_,11.86µm
_09026_,11.86µm
_09422_,11.86µm
_09775_,11.86µm
_10043_,11.86µm
_10080_,11.86µm
_10306_,11.86µm
_11556_,11.86µm
_11623_,11.86µm
_11726_,11.86µm
_11758_,11.86µm
_11986_,11.86µm
_12001_,11.86µm
_12062_,11.86µm
_12082_,11.86µm
_12522_,11.86µm
_12640_,11.86µm
_12656_,11.86µm
_12727_,11.86µm
_12798_,11.86µm
_12899_,11.86µm
_13406_,11.86µm
_13497_,11.86µm
_13613_,11.86µm
_13688_,11.86µm
_13779_,11.86µm
_13950_,11.86µm
_13962_,11.86µm
_14262_,11.86µm
_14265_,11.86µm
_14932_,11.86µm
_15077_,11.86µm
_15097_,11.86µm
_15201_,11.86µm
_15292_,11.86µm
_15519_,11.86µm
_15534_,11.86µm
_15638_,11.86µm
_16013_,11.86µm
_16068_,11.86µm
_16098_,11.86µm
_16512_,11.86µm
_16530_,11.86µm
_16678_,11.86µm
_16692_,11.86µm
_16750_,11.86µm
_16851_,11.86µm
_17001_,11.86µm
_17305_,11.86µm
_17317_,11.86µm
_17584_,11.86µm
_17594_,11.86µm
_17623_,11.86µm
u_integration_final.integration_inst.quantizer_inst.shifted_data\[42\],11.86µm
u_integration_final.integration_inst.reg_bank_inst.accum\[4\]\[19\],11.86µm
net1681,11.86µm
net1682,11.86µm
_00056_,11.81µm
_00192_,11.81µm
_00567_,11.81µm
_00595_,11.81µm
_00798_,11.81µm
_00859_,11.81µm
_00956_,11.81µm
_01039_,11.81µm
_01062_,11.81µm
_01080_,11.81µm
_01112_,11.81µm
_01192_,11.81µm
_01198_,11.81µm
_01514_,11.81µm
_01539_,11.81µm
_01659_,11.81µm
_01767_,11.81µm
_02050_,11.81µm
_02057_,11.81µm
_02165_,11.81µm
_02170_,11.81µm
_02247_,11.81µm
_02453_,11.81µm
_02532_,11.81µm
_02631_,11.81µm
_02677_,11.81µm
_02758_,11.81µm
_02844_,11.81µm
_03054_,11.81µm
_03123_,11.81µm
_03231_,11.81µm
_03551_,11.81µm
_03640_,11.81µm
_04115_,11.81µm
_04133_,11.81µm
_04215_,11.81µm
_04250_,11.81µm
_04449_,11.81µm
_04452_,11.81µm
_04522_,11.81µm
_04571_,11.81µm
_04631_,11.81µm
_04829_,11.81µm
_04921_,11.81µm
_05198_,11.81µm
_05261_,11.81µm
_05335_,11.81µm
_05470_,11.81µm
_05670_,11.81µm
_05842_,11.81µm
_05864_,11.81µm
_05903_,11.81µm
_05925_,11.81µm
_06092_,11.81µm
_06442_,11.81µm
_06467_,11.81µm
_06891_,11.81µm
_06913_,11.81µm
_06956_,11.81µm
_07002_,11.81µm
_07048_,11.81µm
_07255_,11.81µm
_07431_,11.81µm
_07664_,11.81µm
_07807_,11.81µm
_08249_,11.81µm
_08608_,11.81µm
_08968_,11.81µm
_09036_,11.81µm
_09184_,11.81µm
_09613_,11.81µm
_09635_,11.81µm
_09650_,11.81µm
_09833_,11.81µm
_10009_,11.81µm
_10167_,11.81µm
_10258_,11.81µm
_10272_,11.81µm
_10281_,11.81µm
_10610_,11.81µm
_10709_,11.81µm
_11051_,11.81µm
_11501_,11.81µm
_11620_,11.81µm
_11653_,11.81µm
_11809_,11.81µm
_11889_,11.81µm
_12103_,11.81µm
_12766_,11.81µm
_12892_,11.81µm
_13059_,11.81µm
_13089_,11.81µm
_13171_,11.81µm
_13217_,11.81µm
_13457_,11.81µm
_13511_,11.81µm
_13552_,11.81µm
_13743_,11.81µm
_14009_,11.81µm
_14163_,11.81µm
_14228_,11.81µm
_14345_,11.81µm
_14408_,11.81µm
_14513_,11.81µm
_14724_,11.81µm
_15012_,11.81µm
_15260_,11.81µm
_15310_,11.81µm
_15514_,11.81µm
_15650_,11.81µm
_15674_,11.81µm
_15881_,11.81µm
_16113_,11.81µm
_16168_,11.81µm
_16434_,11.81µm
_16526_,11.81µm
_17277_,11.81µm
_17349_,11.81µm
_17554_,11.81µm
u_integration_final.integration_inst.command_parser_inst.i_data_rd\[4\],11.81µm
u_integration_final.integration_inst.mac_grid_inst.overflow_array\[6\]\[0\],11.81µm
u_integration_final.integration_inst.quantizer_inst.target_dtype_1\[1\],11.81µm
u_integration_final.integration_inst.reg_bank_inst.accum\[6\]\[15\],11.81µm
u_integration_final.integration_inst.reg_bank_inst.accum\[8\]\[15\],11.81µm
net3116,11.81µm
_00463_,11.76µm
_00629_,11.76µm
_00836_,11.76µm
_01376_,11.76µm
_01416_,11.76µm
_01444_,11.76µm
_01634_,11.76µm
_01811_,11.76µm
_01867_,11.76µm
_02150_,11.76µm
_02232_,11.76µm
_02521_,11.76µm
_02740_,11.76µm
_02891_,11.76µm
_02918_,11.76µm
_03063_,11.76µm
_03144_,11.76µm
_03251_,11.76µm
_03423_,11.76µm
_03791_,11.76µm
_03836_,11.76µm
_03846_,11.76µm
_04138_,11.76µm
_04165_,11.76µm
_04224_,11.76µm
_04599_,11.76µm
_04651_,11.76µm
_04739_,11.76µm
_05024_,11.76µm
_05049_,11.76µm
_05111_,11.76µm
_05145_,11.76µm
_05436_,11.76µm
_05506_,11.76µm
_05560_,11.76µm
_05628_,11.76µm
_05680_,11.76µm
_05761_,11.76µm
_05939_,11.76µm
_05955_,11.76µm
_06361_,11.76µm
_06365_,11.76µm
_06476_,11.76µm
_06558_,11.76µm
_06692_,11.76µm
_06759_,11.76µm
_06856_,11.76µm
_06949_,11.76µm
_06957_,11.76µm
_07032_,11.76µm
_07176_,11.76µm
_07880_,11.76µm
_07964_,11.76µm
_08043_,11.76µm
_08046_,11.76µm
_08115_,11.76µm
_08139_,11.76µm
_08208_,11.76µm
_08246_,11.76µm
_08594_,11.76µm
_08965_,11.76µm
_08971_,11.76µm
_09039_,11.76µm
_09108_,11.76µm
_09162_,11.76µm
_09194_,11.76µm
_09209_,11.76µm
_09709_,11.76µm
_09893_,11.76µm
_09973_,11.76µm
_10083_,11.76µm
_10399_,11.76µm
_10499_,11.76µm
_10603_,11.76µm
_10622_,11.76µm
_10665_,11.76µm
_10748_,11.76µm
_10795_,11.76µm
_10981_,11.76µm
_11007_,11.76µm
_11124_,11.76µm
_11333_,11.76µm
_11409_,11.76µm
_11588_,11.76µm
_11846_,11.76µm
_12098_,11.76µm
_12134_,11.76µm
_12137_,11.76µm
_12165_,11.76µm
_12207_,11.76µm
_12273_,11.76µm
_13236_,11.76µm
_13749_,11.76µm
_13780_,11.76µm
_13902_,11.76µm
_13912_,11.76µm
_13958_,11.76µm
_14089_,11.76µm
_14133_,11.76µm
_14325_,11.76µm
_14374_,11.76µm
_14381_,11.76µm
_14389_,11.76µm
_14546_,11.76µm
_14816_,11.76µm
_14898_,11.76µm
_14921_,11.76µm
_15069_,11.76µm
_15076_,11.76µm
_15192_,11.76µm
_15206_,11.76µm
_15692_,11.76µm
_15724_,11.76µm
_15741_,11.76µm
_15751_,11.76µm
_15829_,11.76µm
_15833_,11.76µm
_15837_,11.76µm
_15852_,11.76µm
_15900_,11.76µm
_15912_,11.76µm
_15983_,11.76µm
_16052_,11.76µm
_16516_,11.76µm
_16622_,11.76µm
_16629_,11.76µm
_16691_,11.76µm
_16760_,11.76µm
_16820_,11.76µm
_16885_,11.76µm
_17058_,11.76µm
_17089_,11.76µm
_17112_,11.76µm
_17253_,11.76µm
_17440_,11.76µm
_17517_,11.76µm
u_integration_final.integration_inst.command_parser_inst.i_data_rd\[7\],11.76µm
u_integration_final.integration_inst.command_parser_inst.o_quantizer_scale\[23\],11.76µm
u_integration_final.integration_inst.mac_grid_inst.overflow_array\[7\]\[0\],11.76µm
u_integration_final.integration_inst.quantizer_inst.added_data\[17\],11.76µm
u_integration_final.integration_inst.quantizer_inst.added_data\[41\],11.76µm
net1153,11.76µm
net1187,11.76µm
net1562,11.76µm
net1650,11.76µm
net2073,11.76µm
net2248,11.76µm
net2607,11.76µm
net3117,11.76µm
_03837_,11.48µm
_13076_,11.4µm
_02140_,11.35µm
_04079_,11.35µm
_04868_,11.35µm
_06371_,11.35µm
_06491_,11.35µm
_06698_,11.35µm
_07064_,11.35µm
_08853_,11.35µm
_09078_,11.35µm
_09380_,11.35µm
_11963_,11.35µm
_12053_,11.35µm
_12519_,11.35µm
_14393_,11.35µm
_16018_,11.35µm
_17634_,11.35µm
_00001_,11.3µm
_02485_,11.3µm
_02562_,11.3µm
_02883_,11.3µm
_02919_,11.3µm
_03001_,11.3µm
_03005_,11.3µm
_03019_,11.3µm
_03026_,11.3µm
_03078_,11.3µm
_03425_,11.3µm
_03509_,11.3µm
_03584_,11.3µm
_03715_,11.3µm
_04169_,11.3µm
_04297_,11.3µm
_04629_,11.3µm
_04655_,11.3µm
_04727_,11.3µm
_04758_,11.3µm
_04773_,11.3µm
_04811_,11.3µm
_05013_,11.3µm
_05520_,11.3µm
_05573_,11.3µm
_05784_,11.3µm
_05856_,11.3µm
_06115_,11.3µm
_06269_,11.3µm
_06298_,11.3µm
_06311_,11.3µm
_06326_,11.3µm
_06484_,11.3µm
_06727_,11.3µm
_08221_,11.3µm
_10620_,11.3µm
_11015_,11.3µm
_11163_,11.3µm
_11405_,11.3µm
_11410_,11.3µm
_11634_,11.3µm
_11793_,11.3µm
_12494_,11.3µm
_12599_,11.3µm
_12607_,11.3µm
_12663_,11.3µm
_12664_,11.3µm
_13097_,11.3µm
_13533_,11.3µm
_13901_,11.3µm
_14063_,11.3µm
_14236_,11.3µm
_14358_,11.3µm
_14705_,11.3µm
_14985_,11.3µm
_15038_,11.3µm
_15093_,11.3µm
_15225_,11.3µm
_15246_,11.3µm
_15402_,11.3µm
_15583_,11.3µm
_15978_,11.3µm
_16099_,11.3µm
_16443_,11.3µm
_16467_,11.3µm
_16497_,11.3µm
_16777_,11.3µm
_16844_,11.3µm
_16891_,11.3µm
_17414_,11.3µm
_17575_,11.3µm
_17588_,11.3µm
u_integration_final.integration_inst.reg_bank_inst.accum\[8\]\[6\],11.3µm
_00019_,11.25µm
_00929_,11.25µm
_01076_,11.25µm
_01081_,11.25µm
_01194_,11.25µm
_01383_,11.25µm
_01502_,11.25µm
_01562_,11.25µm
_01730_,11.25µm
_01754_,11.25µm
_02021_,11.25µm
_02248_,11.25µm
_02749_,11.25µm
_02785_,11.25µm
_02800_,11.25µm
_02865_,11.25µm
_03058_,11.25µm
_03074_,11.25µm
_03094_,11.25µm
_03115_,11.25µm
_03285_,11.25µm
_03513_,11.25µm
_03703_,11.25µm
_03787_,11.25µm
_04062_,11.25µm
_04331_,11.25µm
_04718_,11.25µm
_04869_,11.25µm
_04983_,11.25µm
_05292_,11.25µm
_05383_,11.25µm
_05491_,11.25µm
_05493_,11.25µm
_05990_,11.25µm
_06104_,11.25µm
_06157_,11.25µm
_06172_,11.25µm
_06197_,11.25µm
_06236_,11.25µm
_06322_,11.25µm
_06446_,11.25µm
_06701_,11.25µm
_06778_,11.25µm
_06859_,11.25µm
_07013_,11.25µm
_07028_,11.25µm
_07290_,11.25µm
_07332_,11.25µm
_07411_,11.25µm
_07418_,11.25µm
_07533_,11.25µm
_07659_,11.25µm
_08326_,11.25µm
_08577_,11.25µm
_08908_,11.25µm
_08911_,11.25µm
_08974_,11.25µm
_09015_,11.25µm
_09029_,11.25µm
_09407_,11.25µm
_09468_,11.25µm
_09525_,11.25µm
_09677_,11.25µm
_09682_,11.25µm
_09873_,11.25µm
_09880_,11.25µm
_09905_,11.25µm
_09992_,11.25µm
_10013_,11.25µm
_10482_,11.25µm
_10636_,11.25µm
_10745_,11.25µm
_10788_,11.25µm
_10939_,11.25µm
_11429_,11.25µm
_11827_,11.25µm
_12211_,11.25µm
_12544_,11.25µm
_12630_,11.25µm
_12708_,11.25µm
_12962_,11.25µm
_13117_,11.25µm
_13222_,11.25µm
_13554_,11.25µm
_13623_,11.25µm
_13664_,11.25µm
_14136_,11.25µm
_14342_,11.25µm
_14485_,11.25µm
_14554_,11.25µm
_14581_,11.25µm
_14866_,11.25µm
_15772_,11.25µm
_15774_,11.25µm
_15930_,11.25µm
_16505_,11.25µm
_16787_,11.25µm
_16863_,11.25µm
_16960_,11.25µm
_16979_,11.25µm
_17007_,11.25µm
_17031_,11.25µm
_17107_,11.25µm
_17327_,11.25µm
_17340_,11.25µm
_17493_,11.25µm
_17508_,11.25µm
u_integration_final.integration_inst.reg_bank_inst.accum\[1\]\[0\],11.25µm
u_integration_final.integration_inst.reg_bank_inst.accum\[2\]\[3\],11.25µm
u_integration_final.uart_inst.ut.dataBuf\[3\],11.25µm
net694,11.25µm
net1385,11.25µm
net1931,11.25µm
net3922,11.25µm
_00062_,11.2µm
_00066_,11.2µm
_00129_,11.2µm
_00700_,11.2µm
_00796_,11.2µm
_00976_,11.2µm
_00995_,11.2µm
_01367_,11.2µm
_02131_,11.2µm
_02204_,11.2µm
_02281_,11.2µm
_02287_,11.2µm
_02358_,11.2µm
_02362_,11.2µm
_02367_,11.2µm
_02405_,11.2µm
_02454_,11.2µm
_02523_,11.2µm
_02550_,11.2µm
_02722_,11.2µm
_02847_,11.2µm
_02940_,11.2µm
_03037_,11.2µm
_03107_,11.2µm
_03197_,11.2µm
_03395_,11.2µm
_03569_,11.2µm
_03821_,11.2µm
_04036_,11.2µm
_04120_,11.2µm
_04371_,11.2µm
_04525_,11.2µm
_04532_,11.2µm
_04547_,11.2µm
_04781_,11.2µm
_04841_,11.2µm
_05206_,11.2µm
_05370_,11.2µm
_05447_,11.2µm
_05457_,11.2µm
_05515_,11.2µm
_05543_,11.2µm
_05585_,11.2µm
_05602_,11.2µm
_05846_,11.2µm
_05994_,11.2µm
_06009_,11.2µm
_06185_,11.2µm
_06251_,11.2µm
_06256_,11.2µm
_06696_,11.2µm
_06733_,11.2µm
_06782_,11.2µm
_07118_,11.2µm
_07288_,11.2µm
_07341_,11.2µm
_07350_,11.2µm
_07710_,11.2µm
_07729_,11.2µm
_08086_,11.2µm
_08096_,11.2µm
_08108_,11.2µm
_08288_,11.2µm
_08398_,11.2µm
_08400_,11.2µm
_08431_,11.2µm
_08450_,11.2µm
_08756_,11.2µm
_08894_,11.2µm
_08940_,11.2µm
_09127_,11.2µm
_09182_,11.2µm
_09333_,11.2µm
_09432_,11.2µm
_09627_,11.2µm
_09731_,11.2µm
_09773_,11.2µm
_10739_,11.2µm
_10755_,11.2µm
_11030_,11.2µm
_11069_,11.2µm
_11093_,11.2µm
_11133_,11.2µm
_11186_,11.2µm
_11441_,11.2µm
_11453_,11.2µm
_11552_,11.2µm
_11555_,11.2µm
_11615_,11.2µm
_11741_,11.2µm
_11746_,11.2µm
_11802_,11.2µm
_11825_,11.2µm
_12058_,11.2µm
_12112_,11.2µm
_12139_,11.2µm
_12143_,11.2µm
_12171_,11.2µm
_12209_,11.2µm
_12275_,11.2µm
_12325_,11.2µm
_12455_,11.2µm
_12518_,11.2µm
_12524_,11.2µm
_12529_,11.2µm
_12542_,11.2µm
_12566_,11.2µm
_12838_,11.2µm
_12925_,11.2µm
_13022_,11.2µm
_13132_,11.2µm
_13560_,11.2µm
_13681_,11.2µm
_13711_,11.2µm
_13756_,11.2µm
_13846_,11.2µm
_13993_,11.2µm
_14162_,11.2µm
_14431_,11.2µm
_14474_,11.2µm
_14498_,11.2µm
_14598_,11.2µm
_14779_,11.2µm
_14955_,11.2µm
_14956_,11.2µm
_15073_,11.2µm
_15156_,11.2µm
_15218_,11.2µm
_15379_,11.2µm
_15393_,11.2µm
_15487_,11.2µm
_15743_,11.2µm
_15767_,11.2µm
_15898_,11.2µm
_16008_,11.2µm
_16352_,11.2µm
_16556_,11.2µm
_16806_,11.2µm
_16840_,11.2µm
_17018_,11.2µm
_17065_,11.2µm
_17150_,11.2µm
_17274_,11.2µm
_17410_,11.2µm
_17450_,11.2µm
_17612_,11.2µm
u_integration_final.integration_inst.mac_grid_inst.ROW_LOOP\[2\].COL_LOOP\[1\].mac_inst.o_result\[8\],11.2µm
u_integration_final.integration_inst.mac_grid_inst.overflow_array\[4\]\[0\],11.2µm
u_integration_final.integration_inst.quantizer_inst.zp_0\[0\],11.2µm
u_integration_final.uart_inst.bg.counter\[27\],11.2µm
net231,11.2µm
net403,11.2µm
net683,11.2µm
net982,11.2µm
net1315,11.2µm
net1729,11.2µm
net1988,11.2µm
net2087,11.2µm
net3396,11.2µm
net3549,11.2µm
_15849_,10.92µm
u_integration_final.uart_inst.bg.counter\[20\],10.92µm
_15536_,10.84µm
_02784_,10.79µm
_02880_,10.79µm
_02921_,10.79µm
_04124_,10.79µm
_04310_,10.79µm
_04330_,10.79µm
_06301_,10.79µm
_09081_,10.79µm
_09716_,10.79µm
_12378_,10.79µm
_12593_,10.79µm
_12715_,10.79µm
_12737_,10.79µm
_14215_,10.79µm
_14451_,10.79µm
_14867_,10.79µm
_15129_,10.79µm
_15855_,10.79µm
_01447_,10.74µm
_01698_,10.74µm
_01707_,10.74µm
_01849_,10.74µm
_03331_,10.74µm
_03889_,10.74µm
_03902_,10.74µm
_04057_,10.74µm
_04145_,10.74µm
_04424_,10.74µm
_04468_,10.74µm
_04771_,10.74µm
_04885_,10.74µm
_05603_,10.74µm
_05644_,10.74µm
_05857_,10.74µm
_05893_,10.74µm
_06227_,10.74µm
_06376_,10.74µm
_06510_,10.74µm
_06667_,10.74µm
_06958_,10.74µm
_07072_,10.74µm
_07730_,10.74µm
_07989_,10.74µm
_08576_,10.74µm
_08604_,10.74µm
_08919_,10.74µm
_09125_,10.74µm
_09144_,10.74µm
_09325_,10.74µm
_09729_,10.74µm
_10102_,10.74µm
_10456_,10.74µm
_10496_,10.74µm
_11337_,10.74µm
_11474_,10.74µm
_11511_,10.74µm
_11608_,10.74µm
_11698_,10.74µm
_11886_,10.74µm
_11957_,10.74µm
_12071_,10.74µm
_12217_,10.74µm
_12568_,10.74µm
_12602_,10.74µm
_12636_,10.74µm
_12703_,10.74µm
_13229_,10.74µm
_13301_,10.74µm
_13365_,10.74µm
_13403_,10.74µm
_13761_,10.74µm
_14299_,10.74µm
_14452_,10.74µm
_15200_,10.74µm
_15275_,10.74µm
_15319_,10.74µm
_15533_,10.74µm
_15643_,10.74µm
_15932_,10.74µm
_15948_,10.74µm
_15960_,10.74µm
_16033_,10.74µm
_16063_,10.74µm
_16244_,10.74µm
_16500_,10.74µm
_16597_,10.74µm
_16650_,10.74µm
_16774_,10.74µm
u_integration_final.integration_inst.mac_grid_inst.ROW_LOOP\[1\].COL_LOOP\[1\].mac_inst.product\[11\],10.74µm
u_integration_final.integration_inst.reg_bank_inst.accum\[5\]\[6\],10.74µm
u_integration_final.integration_inst.reg_bank_inst.accum\[7\]\[11\],10.74µm
u_integration_final.integration_inst.reg_bank_inst.mat_arr\[19\]\[6\],10.74µm
net2400,10.74µm
_00597_,10.69µm
_00734_,10.69µm
_00757_,10.69µm
_00968_,10.69µm
_01071_,10.69µm
_01082_,10.69µm
_01186_,10.69µm
_01218_,10.69µm
_01263_,10.69µm
_01265_,10.69µm
_01266_,10.69µm
_01287_,10.69µm
_01306_,10.69µm
_01394_,10.69µm
_01396_,10.69µm
_01522_,10.69µm
_01526_,10.69µm
_01590_,10.69µm
_02305_,10.69µm
_02390_,10.69µm
_02556_,10.69µm
_02648_,10.69µm
_02983_,10.69µm
_03029_,10.69µm
_03228_,10.69µm
_03376_,10.69µm
_03390_,10.69µm
_03810_,10.69µm
_03963_,10.69µm
_04004_,10.69µm
_04039_,10.69µm
_04213_,10.69µm
_04363_,10.69µm
_04779_,10.69µm
_04786_,10.69µm
_04904_,10.69µm
_04919_,10.69µm
_05012_,10.69µm
_05144_,10.69µm
_05390_,10.69µm
_05444_,10.69µm
_05517_,10.69µm
_05566_,10.69µm
_05789_,10.69µm
_05808_,10.69µm
_06084_,10.69µm
_06137_,10.69µm
_06208_,10.69µm
_06329_,10.69µm
_06336_,10.69µm
_06422_,10.69µm
_06894_,10.69µm
_06982_,10.69µm
_07023_,10.69µm
_07140_,10.69µm
_07150_,10.69µm
_07576_,10.69µm
_07890_,10.69µm
_08138_,10.69µm
_08322_,10.69µm
_08331_,10.69µm
_08612_,10.69µm
_08694_,10.69µm
_08744_,10.69µm
_08808_,10.69µm
_08983_,10.69µm
_09280_,10.69µm
_09482_,10.69µm
_09491_,10.69µm
_09544_,10.69µm
_09633_,10.69µm
_09829_,10.69µm
_09987_,10.69µm
_10016_,10.69µm
_10055_,10.69µm
_10747_,10.69µm
_11285_,10.69µm
_11383_,10.69µm
_11455_,10.69µm
_11652_,10.69µm
_11672_,10.69µm
_12030_,10.69µm
_12086_,10.69µm
_12326_,10.69µm
_12549_,10.69µm
_12625_,10.69µm
_12648_,10.69µm
_12665_,10.69µm
_12669_,10.69µm
_12743_,10.69µm
_12904_,10.69µm
_12921_,10.69µm
_13151_,10.69µm
_13237_,10.69µm
_13331_,10.69µm
_13354_,10.69µm
_13576_,10.69µm
_13922_,10.69µm
_13999_,10.69µm
_14024_,10.69µm
_14164_,10.69µm
_14284_,10.69µm
_14442_,10.69µm
_14511_,10.69µm
_14611_,10.69µm
_14631_,10.69µm
_14690_,10.69µm
_14765_,10.69µm
_14941_,10.69µm
_15009_,10.69µm
_15176_,10.69µm
_15321_,10.69µm
_15360_,10.69µm
_15545_,10.69µm
_15581_,10.69µm
_15811_,10.69µm
_15920_,10.69µm
_15931_,10.69µm
_16306_,10.69µm
_16310_,10.69µm
_16541_,10.69µm
_16626_,10.69µm
_16700_,10.69µm
_16751_,10.69µm
_16790_,10.69µm
_16902_,10.69µm
_17117_,10.69µm
_17147_,10.69µm
_17240_,10.69µm
_17246_,10.69µm
_17395_,10.69µm
_17402_,10.69µm
_17456_,10.69µm
_17507_,10.69µm
net3,10.69µm
u_integration_final.integration_inst.quantizer_inst.added_data\[44\],10.69µm
u_integration_final.integration_inst.reg_bank_inst.matrix_signed\[1\]\[0\],10.69µm
net1983,10.69µm
net2604,10.69µm
net2848,10.69µm
_00008_,10.64µm
_00037_,10.64µm
_00568_,10.64µm
_00680_,10.64µm
_00818_,10.64µm
_00905_,10.64µm
_01146_,10.64µm
_01154_,10.64µm
_01230_,10.64µm
_01276_,10.64µm
_01379_,10.64µm
_01458_,10.64µm
_01568_,10.64µm
_01649_,10.64µm
_01773_,10.64µm
_01777_,10.64µm
_02068_,10.64µm
_02090_,10.64µm
_02235_,10.64µm
_02275_,10.64µm
_02966_,10.64µm
_03099_,10.64µm
_03130_,10.64µm
_03153_,10.64µm
_03221_,10.64µm
_03282_,10.64µm
_03463_,10.64µm
_03625_,10.64µm
_03631_,10.64µm
_03700_,10.64µm
_03910_,10.64µm
_04056_,10.64µm
_04094_,10.64µm
_04134_,10.64µm
_04173_,10.64µm
_04194_,10.64µm
_04422_,10.64µm
_04555_,10.64µm
_04559_,10.64µm
_04592_,10.64µm
_04671_,10.64µm
_04920_,10.64µm
_05000_,10.64µm
_05017_,10.64µm
_05158_,10.64µm
_05368_,10.64µm
_05415_,10.64µm
_05499_,10.64µm
_05772_,10.64µm
_06007_,10.64µm
_06020_,10.64µm
_06083_,10.64µm
_06495_,10.64µm
_06864_,10.64µm
_06970_,10.64µm
_07050_,10.64µm
_07157_,10.64µm
_07274_,10.64µm
_07334_,10.64µm
_07570_,10.64µm
_07632_,10.64µm
_07821_,10.64µm
_07898_,10.64µm
_07965_,10.64µm
_08573_,10.64µm
_08602_,10.64µm
_08614_,10.64µm
_08896_,10.64µm
_08901_,10.64µm
_09030_,10.64µm
_09128_,10.64µm
_09186_,10.64µm
_09329_,10.64µm
_09368_,10.64µm
_09370_,10.64µm
_09523_,10.64µm
_09672_,10.64µm
_09684_,10.64µm
_09711_,10.64µm
_09888_,10.64µm
_10310_,10.64µm
_10314_,10.64µm
_10406_,10.64µm
_10473_,10.64µm
_10749_,10.64µm
_10800_,10.64µm
_10840_,10.64µm
_11011_,10.64µm
_11230_,10.64µm
_11350_,10.64µm
_11665_,10.64µm
_11688_,10.64µm
_11768_,10.64µm
_11868_,10.64µm
_11939_,10.64µm
_11952_,10.64µm
_11988_,10.64µm
_12075_,10.64µm
_12088_,10.64µm
_12180_,10.64µm
_12473_,10.64µm
_12478_,10.64µm
_12510_,10.64µm
_12535_,10.64µm
_12537_,10.64µm
_12543_,10.64µm
_12559_,10.64µm
_12682_,10.64µm
_13120_,10.64µm
_13293_,10.64µm
_13832_,10.64µm
_13920_,10.64µm
_13931_,10.64µm
_13997_,10.64µm
_14324_,10.64µm
_14462_,10.64µm
_14776_,10.64µm
_14865_,10.64µm
_14900_,10.64µm
_14940_,10.64µm
_14963_,10.64µm
_15324_,10.64µm
_15355_,10.64µm
_15430_,10.64µm
_15517_,10.64µm
_15662_,10.64µm
_15817_,10.64µm
_16037_,10.64µm
_16329_,10.64µm
_16380_,10.64µm
_16430_,10.64µm
_16465_,10.64µm
_16483_,10.64µm
_16517_,10.64µm
_16695_,10.64µm
_16729_,10.64µm
_16742_,10.64µm
_16757_,10.64µm
_16759_,10.64µm
_16871_,10.64µm
_17081_,10.64µm
_17130_,10.64µm
_17190_,10.64µm
_17198_,10.64µm
_17251_,10.64µm
_17260_,10.64µm
_17296_,10.64µm
_17333_,10.64µm
_17486_,10.64µm
_17492_,10.64µm
_17535_,10.64µm
u_integration_final.integration_inst.quantizer_inst.zp_0\[5\],10.64µm
net98,10.64µm
net1446,10.64µm
net2910,10.64µm
_06863_,10.36µm
_03462_,10.23µm
_03657_,10.23µm
_04837_,10.23µm
_05212_,10.23µm
_05373_,10.23µm
_06111_,10.23µm
_06325_,10.23µm
_08559_,10.23µm
_10914_,10.23µm
_11003_,10.23µm
_11316_,10.23µm
_12649_,10.23µm
_13684_,10.23µm
_14562_,10.23µm
_15234_,10.23µm
_16571_,10.23µm
_17463_,10.23µm
net2730,10.23µm
_01879_,10.18µm
_02822_,10.18µm
_03025_,10.18µm
_03071_,10.18µm
_03133_,10.18µm
_03194_,10.18µm
_03515_,10.18µm
_03576_,10.18µm
_03801_,10.18µm
_03951_,10.18µm
_04097_,10.18µm
_04182_,10.18µm
_04621_,10.18µm
_04875_,10.18µm
_05446_,10.18µm
_05769_,10.18µm
_05801_,10.18µm
_05885_,10.18µm
_05889_,10.18µm
_05977_,10.18µm
_06050_,10.18µm
_06147_,10.18µm
_06150_,10.18µm
_06452_,10.18µm
_06878_,10.18µm
_06951_,10.18µm
_07060_,10.18µm
_08313_,10.18µm
_08558_,10.18µm
_09077_,10.18µm
_09265_,10.18µm
_09621_,10.18µm
_09815_,10.18µm
_10207_,10.18µm
_10653_,10.18µm
_11678_,10.18µm
_11700_,10.18µm
_12003_,10.18µm
_12352_,10.18µm
_12619_,10.18µm
_12705_,10.18µm
_12837_,10.18µm
_12936_,10.18µm
_13358_,10.18µm
_13454_,10.18µm
_13609_,10.18µm
_13812_,10.18µm
_13967_,10.18µm
_14371_,10.18µm
_15025_,10.18µm
_15139_,10.18µm
_15265_,10.18µm
_15716_,10.18µm
_15954_,10.18µm
_16007_,10.18µm
_16118_,10.18µm
_16477_,10.18µm
_16584_,10.18µm
_16873_,10.18µm
_16971_,10.18µm
_17091_,10.18µm
_17431_,10.18µm
_17482_,10.18µm
u_integration_final.integration_inst.quantizer_inst.added_data\[25\],10.18µm
net2327,10.18µm
net2894,10.18µm
net3836,10.18µm
_00100_,10.13µm
_00138_,10.13µm
_00537_,10.13µm
_00673_,10.13µm
_00726_,10.13µm
_01014_,10.13µm
_01045_,10.13µm
_01106_,10.13µm
_01119_,10.13µm
_01127_,10.13µm
_01243_,10.13µm
_01761_,10.13µm
_03050_,10.13µm
_03121_,10.13µm
_03789_,10.13µm
_04339_,10.13µm
_04372_,10.13µm
_04494_,10.13µm
_04513_,10.13µm
_04520_,10.13µm
_04600_,10.13µm
_04694_,10.13µm
_04704_,10.13µm
_04775_,10.13µm
_04946_,10.13µm
_05075_,10.13µm
_05135_,10.13µm
_05196_,10.13µm
_05371_,10.13µm
_05516_,10.13µm
_05526_,10.13µm
_05554_,10.13µm
_05598_,10.13µm
_05731_,10.13µm
_05780_,10.13µm
_05782_,10.13µm
_05954_,10.13µm
_06069_,10.13µm
_06155_,10.13µm
_06288_,10.13µm
_06327_,10.13µm
_06544_,10.13µm
_06870_,10.13µm
_06943_,10.13µm
_06977_,10.13µm
_07468_,10.13µm
_07500_,10.13µm
_07528_,10.13µm
_07673_,10.13µm
_07779_,10.13µm
_07927_,10.13µm
_07932_,10.13µm
_08014_,10.13µm
_08127_,10.13µm
_08225_,10.13µm
_08637_,10.13µm
_08645_,10.13µm
_08664_,10.13µm
_08695_,10.13µm
_08700_,10.13µm
_08750_,10.13µm
_08904_,10.13µm
_08932_,10.13µm
_09198_,10.13µm
_09556_,10.13µm
_09797_,10.13µm
_09827_,10.13µm
_09960_,10.13µm
_10051_,10.13µm
_10062_,10.13µm
_10151_,10.13µm
_10292_,10.13µm
_10309_,10.13µm
_10445_,10.13µm
_10687_,10.13µm
_10689_,10.13µm
_11001_,10.13µm
_11126_,10.13µm
_11267_,10.13µm
_11331_,10.13µm
_11335_,10.13µm
_11351_,10.13µm
_11610_,10.13µm
_11613_,10.13µm
_11685_,10.13µm
_11780_,10.13µm
_12041_,10.13µm
_12193_,10.13µm
_12548_,10.13µm
_12576_,10.13µm
_12586_,10.13µm
_12692_,10.13µm
_12706_,10.13µm
_12711_,10.13µm
_12880_,10.13µm
_12890_,10.13µm
_12922_,10.13µm
_12926_,10.13µm
_13058_,10.13µm
_13246_,10.13µm
_13405_,10.13µm
_13451_,10.13µm
_13534_,10.13µm
_13548_,10.13µm
_13570_,10.13µm
_13856_,10.13µm
_13932_,10.13µm
_14005_,10.13µm
_14254_,10.13µm
_14399_,10.13µm
_14418_,10.13µm
_14425_,10.13µm
_14437_,10.13µm
_14662_,10.13µm
_14692_,10.13µm
_14950_,10.13µm
_14968_,10.13µm
_15028_,10.13µm
_15044_,10.13µm
_15053_,10.13µm
_15239_,10.13µm
_15451_,10.13µm
_15452_,10.13µm
_15653_,10.13µm
_15731_,10.13µm
_15976_,10.13µm
_16069_,10.13µm
_16070_,10.13µm
_16238_,10.13µm
_16253_,10.13µm
_16555_,10.13µm
_16568_,10.13µm
_16904_,10.13µm
_16913_,10.13µm
_16956_,10.13µm
_17004_,10.13µm
_17219_,10.13µm
_17336_,10.13µm
_17524_,10.13µm
_17531_,10.13µm
_17596_,10.13µm
net339,10.13µm
net2215,10.13µm
net2794,10.13µm
net3791,10.13µm
_00183_,10.08µm
_00674_,10.08µm
_00749_,10.08µm
_00825_,10.08µm
_00830_,10.08µm
_01175_,10.08µm
_01338_,10.08µm
_01491_,10.08µm
_01492_,10.08µm
_01681_,10.08µm
_02360_,10.08µm
_02393_,10.08µm
_02621_,10.08µm
_02668_,10.08µm
_02709_,10.08µm
_02742_,10.08µm
_02837_,10.08µm
_02855_,10.08µm
_03207_,10.08µm
_03344_,10.08µm
_03345_,10.08µm
_03496_,10.08µm
_03512_,10.08µm
_03565_,10.08µm
_03614_,10.08µm
_03701_,10.08µm
_03773_,10.08µm
_03775_,10.08µm
_03855_,10.08µm
_03934_,10.08µm
_04027_,10.08µm
_04029_,10.08µm
_04195_,10.08µm
_04226_,10.08µm
_04252_,10.08µm
_04253_,10.08µm
_04325_,10.08µm
_04370_,10.08µm
_04506_,10.08µm
_04614_,10.08µm
_04627_,10.08µm
_05130_,10.08µm
_05149_,10.08µm
_05445_,10.08µm
_05495_,10.08µm
_05687_,10.08µm
_05724_,10.08µm
_05763_,10.08µm
_05924_,10.08µm
_05938_,10.08µm
_05960_,10.08µm
_05992_,10.08µm
_06016_,10.08µm
_06087_,10.08µm
_06355_,10.08µm
_06388_,10.08µm
_06542_,10.08µm
_06725_,10.08µm
_06934_,10.08µm
_07018_,10.08µm
_07134_,10.08µm
_07289_,10.08µm
_07510_,10.08µm
_07565_,10.08µm
_07601_,10.08µm
_07789_,10.08µm
_08292_,10.08µm
_08345_,10.08µm
_08351_,10.08µm
_08540_,10.08µm
_08763_,10.08µm
_08814_,10.08µm
_08905_,10.08µm
_08906_,10.08µm
_09062_,10.08µm
_09146_,10.08µm
_09155_,10.08µm
_09210_,10.08µm
_09374_,10.08µm
_09381_,10.08µm
_09455_,10.08µm
_09533_,10.08µm
_09693_,10.08µm
_09696_,10.08µm
_09785_,10.08µm
_09933_,10.08µm
_09996_,10.08µm
_10165_,10.08µm
_10210_,10.08µm
_10320_,10.08µm
_10498_,10.08µm
_10545_,10.08µm
_10710_,10.08µm
_10767_,10.08µm
_10770_,10.08µm
_10826_,10.08µm
_10830_,10.08µm
_11071_,10.08µm
_11100_,10.08µm
_11326_,10.08µm
_11460_,10.08µm
_11461_,10.08µm
_11468_,10.08µm
_11624_,10.08µm
_11752_,10.08µm
_11764_,10.08µm
_11815_,10.08µm
_11833_,10.08µm
_11960_,10.08µm
_12189_,10.08µm
_12238_,10.08µm
_12253_,10.08µm
_12385_,10.08µm
_12398_,10.08µm
_12414_,10.08µm
_12431_,10.08µm
_12453_,10.08µm
_12490_,10.08µm
_12575_,10.08µm
_12617_,10.08µm
_12652_,10.08µm
_12654_,10.08µm
_12826_,10.08µm
_12910_,10.08µm
_12915_,10.08µm
_12918_,10.08µm
_12959_,10.08µm
_13090_,10.08µm
_13265_,10.08µm
_13369_,10.08µm
_13382_,10.08µm
_13396_,10.08µm
_13410_,10.08µm
_13524_,10.08µm
_13680_,10.08µm
_13752_,10.08µm
_13772_,10.08µm
_13781_,10.08µm
_13817_,10.08µm
_13853_,10.08µm
_13854_,10.08µm
_13930_,10.08µm
_14351_,10.08µm
_14352_,10.08µm
_14363_,10.08µm
_14406_,10.08µm
_14434_,10.08µm
_14711_,10.08µm
_14730_,10.08µm
_14897_,10.08µm
_15010_,10.08µm
_15045_,10.08µm
_15085_,10.08µm
_15258_,10.08µm
_15354_,10.08µm
_15376_,10.08µm
_15397_,10.08µm
_15403_,10.08µm
_15594_,10.08µm
_15786_,10.08µm
_15866_,10.08µm
_15880_,10.08µm
_16006_,10.08µm
_16079_,10.08µm
_16155_,10.08µm
_16161_,10.08µm
_16745_,10.08µm
_16768_,10.08µm
_16856_,10.08µm
_17034_,10.08µm
_17067_,10.08µm
_17127_,10.08µm
_17256_,10.08µm
_17439_,10.08µm
_17568_,10.08µm
_17625_,10.08µm
u_integration_final.integration_inst.reg_bank_inst.accum\[8\]\[8\],10.08µm
net2449,10.08µm
_05142_,9.85µm
_02964_,9.8µm
_02699_,9.67µm
_02929_,9.67µm
_03421_,9.67µm
_09409_,9.67µm
_11033_,9.67µm
_12105_,9.67µm
_12776_,9.67µm
_12792_,9.67µm
_12816_,9.67µm
_13226_,9.67µm
_14530_,9.67µm
_16446_,9.67µm
u_integration_final.integration_inst.quantizer_inst.added_data\[13\],9.67µm
u_integration_final.uart_inst.ut.dataBuf\[6\],9.67µm
net2792,9.67µm
_00319_,9.62µm
_01670_,9.62µm
_01724_,9.62µm
_01932_,9.62µm
_02012_,9.62µm
_02202_,9.62µm
_02665_,9.62µm
_02680_,9.62µm
_02939_,9.62µm
_02946_,9.62µm
_03016_,9.62µm
_03106_,9.62µm
_03269_,9.62µm
_03946_,9.62µm
_04123_,9.62µm
_04188_,9.62µm
_04291_,9.62µm
_04362_,9.62µm
_04981_,9.62µm
_04995_,9.62µm
_05077_,9.62µm
_05109_,9.62µm
_05131_,9.62µm
_05190_,9.62µm
_05254_,9.62µm
_05456_,9.62µm
_05621_,9.62µm
_05634_,9.62µm
_05646_,9.62µm
_05993_,9.62µm
_06059_,9.62µm
_06066_,9.62µm
_06078_,9.62µm
_06226_,9.62µm
_06720_,9.62µm
_07101_,9.62µm
_07451_,9.62µm
_08826_,9.62µm
_09149_,9.62µm
_09225_,9.62µm
_09342_,9.62µm
_10274_,9.62µm
_10333_,9.62µm
_10746_,9.62µm
_11009_,9.62µm
_11073_,9.62µm
_11962_,9.62µm
_12496_,9.62µm
_12555_,9.62µm
_12569_,9.62µm
_12626_,9.62µm
_12632_,9.62µm
_12800_,9.62µm
_13385_,9.62µm
_13490_,9.62µm
_13513_,9.62µm
_13562_,9.62µm
_13594_,9.62µm
_13618_,9.62µm
_13785_,9.62µm
_13880_,9.62µm
_14154_,9.62µm
_14421_,9.62µm
_14487_,9.62µm
_14600_,9.62µm
_14863_,9.62µm
_15108_,9.62µm
_15110_,9.62µm
_15327_,9.62µm
_15728_,9.62µm
_16139_,9.62µm
_16146_,9.62µm
_16447_,9.62µm
_16482_,9.62µm
_16564_,9.62µm
_16696_,9.62µm
_16727_,9.62µm
_17247_,9.62µm
u_integration_final.integration_inst.reg_bank_inst.accum\[7\]\[6\],9.62µm
net2039,9.62µm
_00538_,9.57µm
_00710_,9.57µm
_00762_,9.57µm
_00785_,9.57µm
_00908_,9.57µm
_01182_,9.57µm
_01188_,9.57µm
_01195_,9.57µm
_01225_,9.57µm
_01475_,9.57µm
_01515_,9.57µm
_01576_,9.57µm
_01612_,9.57µm
_01674_,9.57µm
_01738_,9.57µm
_01968_,9.57µm
_01988_,9.57µm
_02128_,9.57µm
_02138_,9.57µm
_02154_,9.57µm
_02273_,9.57µm
_02439_,9.57µm
_02440_,9.57µm
_02761_,9.57µm
_02807_,9.57µm
_02819_,9.57µm
_02873_,9.57µm
_02979_,9.57µm
_03104_,9.57µm
_03278_,9.57µm
_03520_,9.57µm
_03528_,9.57µm
_03736_,9.57µm
_03895_,9.57µm
_03998_,9.57µm
_04022_,9.57µm
_04050_,9.57µm
_04119_,9.57µm
_04161_,9.57µm
_04167_,9.57µm
_04270_,9.57µm
_04488_,9.57µm
_04620_,9.57µm
_04708_,9.57µm
_04764_,9.57µm
_05076_,9.57µm
_05079_,9.57µm
_05258_,9.57µm
_05541_,9.57µm
_05570_,9.57µm
_05721_,9.57µm
_05809_,9.57µm
_05867_,9.57µm
_05934_,9.57µm
_06031_,9.57µm
_06100_,9.57µm
_06272_,9.57µm
_06731_,9.57µm
_07026_,9.57µm
_07036_,9.57µm
_07075_,9.57µm
_07277_,9.57µm
_07302_,9.57µm
_07312_,9.57µm
_07531_,9.57µm
_07548_,9.57µm
_07676_,9.57µm
_07782_,9.57µm
_07811_,9.57µm
_07904_,9.57µm
_07924_,9.57µm
_07946_,9.57µm
_07978_,9.57µm
_08049_,9.57µm
_08186_,9.57µm
_08238_,9.57µm
_08254_,9.57µm
_08546_,9.57µm
_08623_,9.57µm
_08762_,9.57µm
_09028_,9.57µm
_09067_,9.57µm
_09121_,9.57µm
_09392_,9.57µm
_09495_,9.57µm
_09553_,9.57µm
_09730_,9.57µm
_10171_,9.57µm
_10270_,9.57µm
_10370_,9.57µm
_10432_,9.57µm
_10485_,9.57µm
_10486_,9.57µm
_10550_,9.57µm
_10720_,9.57µm
_10787_,9.57µm
_10803_,9.57µm
_11060_,9.57µm
_11363_,9.57µm
_11626_,9.57µm
_11648_,9.57µm
_11684_,9.57µm
_12081_,9.57µm
_12675_,9.57µm
_12791_,9.57µm
_12923_,9.57µm
_13255_,9.57µm
_13282_,9.57µm
_13284_,9.57µm
_13647_,9.57µm
_13652_,9.57µm
_13881_,9.57µm
_13989_,9.57µm
_14153_,9.57µm
_14473_,9.57µm
_14621_,9.57µm
_14626_,9.57µm
_14649_,9.57µm
_14685_,9.57µm
_14699_,9.57µm
_14704_,9.57µm
_14718_,9.57µm
_14893_,9.57µm
_14920_,9.57µm
_14926_,9.57µm
_15142_,9.57µm
_15145_,9.57µm
_15168_,9.57µm
_15247_,9.57µm
_15600_,9.57µm
_15659_,9.57µm
_15687_,9.57µm
_15927_,9.57µm
_16308_,9.57µm
_16344_,9.57µm
_16562_,9.57µm
_16793_,9.57µm
_16830_,9.57µm
_16944_,9.57µm
_17061_,9.57µm
_17140_,9.57µm
_17194_,9.57µm
_17208_,9.57µm
_17209_,9.57µm
_17303_,9.57µm
_17422_,9.57µm
_17428_,9.57µm
_17502_,9.57µm
u_integration_final.integration_inst.reg_bank_inst.accum\[4\]\[6\],9.57µm
net1054,9.57µm
net1147,9.57µm
net2089,9.57µm
net2155,9.57µm
net3162,9.57µm
_00002_,9.52µm
_00457_,9.52µm
_00541_,9.52µm
_00573_,9.52µm
_00661_,9.52µm
_00703_,9.52µm
_00767_,9.52µm
_00839_,9.52µm
_00910_,9.52µm
_01168_,9.52µm
_01256_,9.52µm
_01264_,9.52µm
_01304_,9.52µm
_01325_,9.52µm
_01363_,9.52µm
_01365_,9.52µm
_01374_,9.52µm
_01398_,9.52µm
_01429_,9.52µm
_01555_,9.52µm
_01654_,9.52µm
_01687_,9.52µm
_01756_,9.52µm
_01759_,9.52µm
_01774_,9.52µm
_01915_,9.52µm
_01980_,9.52µm
_02032_,9.52µm
_02052_,9.52µm
_02133_,9.52µm
_02267_,9.52µm
_02318_,9.52µm
_02501_,9.52µm
_02667_,9.52µm
_02710_,9.52µm
_02956_,9.52µm
_02989_,9.52µm
_03032_,9.52µm
_03138_,9.52µm
_03213_,9.52µm
_03256_,9.52µm
_03257_,9.52µm
_03507_,9.52µm
_03564_,9.52µm
_03642_,9.52µm
_03684_,9.52µm
_03726_,9.52µm
_03755_,9.52µm
_03930_,9.52µm
_03935_,9.52µm
_03993_,9.52µm
_03999_,9.52µm
_04018_,9.52µm
_04111_,9.52µm
_04181_,9.52µm
_04247_,9.52µm
_04261_,9.52µm
_04314_,9.52µm
_04317_,9.52µm
_04329_,9.52µm
_04348_,9.52µm
_04421_,9.52µm
_04482_,9.52µm
_04485_,9.52µm
_04487_,9.52µm
_04686_,9.52µm
_04852_,9.52µm
_04881_,9.52µm
_05223_,9.52µm
_05291_,9.52µm
_05339_,9.52µm
_05489_,9.52µm
_05498_,9.52µm
_05567_,9.52µm
_05587_,9.52µm
_05606_,9.52µm
_05742_,9.52µm
_05752_,9.52µm
_05771_,9.52µm
_05930_,9.52µm
_06029_,9.52µm
_06048_,9.52µm
_06052_,9.52µm
_06055_,9.52µm
_06116_,9.52µm
_06262_,9.52µm
_06267_,9.52µm
_06313_,9.52µm
_06315_,9.52µm
_06435_,9.52µm
_06521_,9.52µm
_06666_,9.52µm
_06877_,9.52µm
_07078_,9.52µm
_07155_,9.52µm
_07233_,9.52µm
_07345_,9.52µm
_07395_,9.52µm
_07713_,9.52µm
_07936_,9.52µm
_07948_,9.52µm
_07977_,9.52µm
_07998_,9.52µm
_08145_,9.52µm
_08172_,9.52µm
_08223_,9.52µm
_08317_,9.52µm
_08349_,9.52µm
_08357_,9.52µm
_08371_,9.52µm
_08488_,9.52µm
_08561_,9.52µm
_08626_,9.52µm
_08667_,9.52µm
_08883_,9.52µm
_08902_,9.52µm
_08935_,9.52µm
_08950_,9.52µm
_09050_,9.52µm
_09118_,9.52µm
_09204_,9.52µm
_09328_,9.52µm
_09378_,9.52µm
_09521_,9.52µm
_09901_,9.52µm
_09976_,9.52µm
_10015_,9.52µm
_10263_,9.52µm
_10271_,9.52µm
_10335_,9.52µm
_10345_,9.52µm
_10351_,9.52µm
_10382_,9.52µm
_10425_,9.52µm
_10471_,9.52µm
_10571_,9.52µm
_10619_,9.52µm
_10763_,9.52µm
_10784_,9.52µm
_11249_,9.52µm
_11365_,9.52µm
_11435_,9.52µm
_11466_,9.52µm
_11715_,9.52µm
_11767_,9.52µm
_11804_,9.52µm
_11860_,9.52µm
_11890_,9.52µm
_11892_,9.52µm
_12259_,9.52µm
_12362_,9.52µm
_12714_,9.52µm
_12859_,9.52µm
_12978_,9.52µm
_12989_,9.52µm
_13119_,9.52µm
_13154_,9.52µm
_13200_,9.52µm
_13269_,9.52µm
_13279_,9.52µm
_13531_,9.52µm
_13535_,9.52µm
_13645_,9.52µm
_13678_,9.52µm
_13683_,9.52µm
_13784_,9.52µm
_14080_,9.52µm
_14715_,9.52µm
_14764_,9.52µm
_14781_,9.52µm
_14817_,9.52µm
_14913_,9.52µm
_15075_,9.52µm
_15230_,9.52µm
_15280_,9.52µm
_15377_,9.52µm
_15378_,9.52µm
_15412_,9.52µm
_15595_,9.52µm
_15615_,9.52µm
_15709_,9.52µm
_15768_,9.52µm
_15807_,9.52µm
_16043_,9.52µm
_16141_,9.52µm
_16170_,9.52µm
_16279_,9.52µm
_16323_,9.52µm
_16451_,9.52µm
_16486_,9.52µm
_16677_,9.52µm
_16706_,9.52µm
_16791_,9.52µm
_16818_,9.52µm
_16858_,9.52µm
_16969_,9.52µm
_16990_,9.52µm
_17054_,9.52µm
_17083_,9.52µm
_17325_,9.52µm
_17501_,9.52µm
_17521_,9.52µm
_17539_,9.52µm
u_integration_final.uart_inst.bg.counter\[24\],9.52µm
net185,9.52µm
net749,9.52µm
net941,9.52µm
net2968,9.52µm
_02576_,9.24µm
_03149_,9.24µm
_07907_,9.24µm
_12662_,9.16µm
_13933_,9.16µm
_03959_,9.11µm
_04038_,9.11µm
_05214_,9.11µm
_05525_,9.11µm
_05727_,9.11µm
_06340_,9.11µm
_08530_,9.11µm
_08918_,9.11µm
_09786_,9.11µm
_11781_,9.11µm
_11870_,9.11µm
_14545_,9.11µm
_16381_,9.11µm
_16998_,9.11µm
_02659_,9.06µm
_02803_,9.06µm
_02862_,9.06µm
_02895_,9.06µm
_03196_,9.06µm
_03724_,9.06µm
_04101_,9.06µm
_04512_,9.06µm
_04537_,9.06µm
_04558_,9.06µm
_04741_,9.06µm
_04840_,9.06µm
_05060_,9.06µm
_05146_,9.06µm
_05232_,9.06µm
_05299_,9.06µm
_05321_,9.06µm
_05393_,9.06µm
_05429_,9.06µm
_06132_,9.06µm
_06296_,9.06µm
_06981_,9.06µm
_07872_,9.06µm
_07953_,9.06µm
_08227_,9.06µm
_08325_,9.06µm
_08743_,9.06µm
_09359_,9.06µm
_09486_,9.06µm
_10412_,9.06µm
_10516_,9.06µm
_10546_,9.06µm
_10765_,9.06µm
_11247_,9.06µm
_11299_,9.06µm
_11908_,9.06µm
_12169_,9.06µm
_12484_,9.06µm
_12561_,9.06µm
_12647_,9.06µm
_12694_,9.06µm
_12763_,9.06µm
_12841_,9.06µm
_13256_,9.06µm
_13329_,9.06µm
_13387_,9.06µm
_13476_,9.06µm
_14085_,9.06µm
_14187_,9.06µm
_14386_,9.06µm
_14450_,9.06µm
_15188_,9.06µm
_15330_,9.06µm
_15733_,9.06µm
_15862_,9.06µm
_15885_,9.06µm
_15897_,9.06µm
_16025_,9.06µm
_16224_,9.06µm
_16701_,9.06µm
_16957_,9.06µm
_17430_,9.06µm
u_integration_final.integration_inst.command_parser_inst.o_data\[7\],9.06µm
_00622_,9.01µm
_00702_,9.01µm
_00737_,9.01µm
_00894_,9.01µm
_01041_,9.01µm
_01044_,9.01µm
_01083_,9.01µm
_01092_,9.01µm
_01118_,9.01µm
_01228_,9.01µm
_01561_,9.01µm
_01666_,9.01µm
_01743_,9.01µm
_02241_,9.01µm
_02447_,9.01µm
_02497_,9.01µm
_02609_,9.01µm
_02738_,9.01µm
_02799_,9.01µm
_02982_,9.01µm
_02997_,9.01µm
_03084_,9.01µm
_03226_,9.01µm
_03413_,9.01µm
_03521_,9.01µm
_03578_,9.01µm
_03679_,9.01µm
_03733_,9.01µm
_03765_,9.01µm
_03938_,9.01µm
_03945_,9.01µm
_03958_,9.01µm
_04043_,9.01µm
_04049_,9.01µm
_04086_,9.01µm
_04088_,9.01µm
_04324_,9.01µm
_04343_,9.01µm
_04403_,9.01µm
_04438_,9.01µm
_04469_,9.01µm
_04891_,9.01µm
_05085_,9.01µm
_05121_,9.01µm
_05338_,9.01µm
_05358_,9.01µm
_05563_,9.01µm
_05609_,9.01µm
_05706_,9.01µm
_05797_,9.01µm
_05874_,9.01µm
_06309_,9.01µm
_06466_,9.01µm
_06882_,9.01µm
_06929_,9.01µm
_07006_,9.01µm
_07373_,9.01µm
_07793_,9.01µm
_07940_,9.01µm
_08126_,9.01µm
_08141_,9.01µm
_08502_,9.01µm
_08624_,9.01µm
_09286_,9.01µm
_09327_,9.01µm
_09438_,9.01µm
_09472_,9.01µm
_09509_,9.01µm
_09653_,9.01µm
_09664_,9.01µm
_09699_,9.01µm
_09766_,9.01µm
_10073_,9.01µm
_10097_,9.01µm
_10113_,9.01µm
_10307_,9.01µm
_10429_,9.01µm
_10588_,9.01µm
_10629_,9.01µm
_10762_,9.01µm
_10913_,9.01µm
_11469_,9.01µm
_11486_,9.01µm
_11563_,9.01µm
_11582_,9.01µm
_11651_,9.01µm
_11850_,9.01µm
_12201_,9.01µm
_12226_,9.01µm
_12272_,9.01µm
_12419_,9.01µm
_12878_,9.01µm
_13065_,9.01µm
_13682_,9.01µm
_13788_,9.01µm
_13844_,9.01µm
_13869_,9.01µm
_14409_,9.01µm
_14423_,9.01µm
_14478_,9.01µm
_14512_,9.01µm
_14642_,9.01µm
_14892_,9.01µm
_14916_,9.01µm
_14990_,9.01µm
_15107_,9.01µm
_15208_,9.01µm
_15249_,9.01µm
_15253_,9.01µm
_15263_,9.01µm
_15720_,9.01µm
_15753_,9.01µm
_15857_,9.01µm
_15896_,9.01µm
_15971_,9.01µm
_16071_,9.01µm
_16106_,9.01µm
_16228_,9.01µm
_16232_,9.01µm
_16241_,9.01µm
_16249_,9.01µm
_16255_,9.01µm
_16262_,9.01µm
_16269_,9.01µm
_16298_,9.01µm
_16594_,9.01µm
_16600_,9.01µm
_16737_,9.01µm
_17169_,9.01µm
_17388_,9.01µm
_17401_,9.01µm
_17451_,9.01µm
_17603_,9.01µm
u_integration_final.integration_inst.mac_grid_inst.ROW_LOOP\[2\].COL_LOOP\[2\].mac_inst.product\[5\],9.01µm
u_integration_final.integration_inst.reg_bank_inst.rows_b\[0\],9.01µm
net3295,9.01µm
_00011_,8.96µm
_00061_,8.96µm
_00555_,8.96µm
_00654_,8.96µm
_00866_,8.96µm
_00899_,8.96µm
_00901_,8.96µm
_00970_,8.96µm
_01043_,8.96µm
_01185_,8.96µm
_01224_,8.96µm
_01246_,8.96µm
_01275_,8.96µm
_01391_,8.96µm
_01446_,8.96µm
_01691_,8.96µm
_01951_,8.96µm
_02006_,8.96µm
_02177_,8.96µm
_02262_,8.96µm
_02307_,8.96µm
_02322_,8.96µm
_02474_,8.96µm
_02516_,8.96µm
_02620_,8.96µm
_02662_,8.96µm
_02673_,8.96µm
_02678_,8.96µm
_02721_,8.96µm
_02774_,8.96µm
_02898_,8.96µm
_02903_,8.96µm
_03134_,8.96µm
_03203_,8.96µm
_03227_,8.96µm
_03235_,8.96µm
_03276_,8.96µm
_03314_,8.96µm
_03318_,8.96µm
_03502_,8.96µm
_03510_,8.96µm
_03567_,8.96µm
_03572_,8.96µm
_03655_,8.96µm
_03772_,8.96µm
_03816_,8.96µm
_03839_,8.96µm
_03854_,8.96µm
_03916_,8.96µm
_03991_,8.96µm
_04014_,8.96µm
_04021_,8.96µm
_04037_,8.96µm
_04082_,8.96µm
_04113_,8.96µm
_04376_,8.96µm
_04470_,8.96µm
_04545_,8.96µm
_04569_,8.96µm
_04673_,8.96µm
_04787_,8.96µm
_04822_,8.96µm
_04851_,8.96µm
_04924_,8.96µm
_04928_,8.96µm
_04990_,8.96µm
_05047_,8.96µm
_05183_,8.96µm
_05204_,8.96µm
_05210_,8.96µm
_05231_,8.96µm
_05248_,8.96µm
_05275_,8.96µm
_05431_,8.96µm
_05441_,8.96µm
_05468_,8.96µm
_05472_,8.96µm
_05542_,8.96µm
_05681_,8.96µm
_05703_,8.96µm
_05704_,8.96µm
_05841_,8.96µm
_05909_,8.96µm
_05942_,8.96µm
_06054_,8.96µm
_06134_,8.96µm
_06142_,8.96µm
_06146_,8.96µm
_06187_,8.96µm
_06207_,8.96µm
_06225_,8.96µm
_06281_,8.96µm
_06382_,8.96µm
_06393_,8.96µm
_06407_,8.96µm
_06654_,8.96µm
_06740_,8.96µm
_06844_,8.96µm
_07111_,8.96µm
_07229_,8.96µm
_07304_,8.96µm
_07440_,8.96µm
_07557_,8.96µm
_07631_,8.96µm
_07666_,8.96µm
_07715_,8.96µm
_07856_,8.96µm
_07884_,8.96µm
_07968_,8.96µm
_08064_,8.96µm
_08556_,8.96µm
_08698_,8.96µm
_08723_,8.96µm
_08741_,8.96µm
_08805_,8.96µm
_08839_,8.96µm
_08847_,8.96µm
_08869_,8.96µm
_09034_,8.96µm
_09134_,8.96µm
_09179_,8.96µm
_09331_,8.96µm
_09348_,8.96µm
_09515_,8.96µm
_09610_,8.96µm
_09702_,8.96µm
_09746_,8.96µm
_09858_,8.96µm
_09897_,8.96µm
_09930_,8.96µm
_10085_,8.96µm
_10086_,8.96µm
_10214_,8.96µm
_10224_,8.96µm
_10259_,8.96µm
_10262_,8.96µm
_10527_,8.96µm
_10635_,8.96µm
_10637_,8.96µm
_10659_,8.96µm
_10663_,8.96µm
_10845_,8.96µm
_11084_,8.96µm
_11268_,8.96µm
_11389_,8.96µm
_11431_,8.96µm
_11497_,8.96µm
_11509_,8.96µm
_11529_,8.96µm
_11676_,8.96µm
_11717_,8.96µm
_11727_,8.96µm
_11729_,8.96µm
_11730_,8.96µm
_11765_,8.96µm
_11782_,8.96µm
_11873_,8.96µm
_11989_,8.96µm
_12023_,8.96µm
_12142_,8.96µm
_12167_,8.96µm
_12470_,8.96µm
_12574_,8.96µm
_12719_,8.96µm
_12964_,8.96µm
_13011_,8.96µm
_13041_,8.96µm
_13114_,8.96µm
_13145_,8.96µm
_13224_,8.96µm
_13312_,8.96µm
_13317_,8.96µm
_13347_,8.96µm
_13431_,8.96µm
_13522_,8.96µm
_13577_,8.96µm
_13649_,8.96µm
_13686_,8.96µm
_13745_,8.96µm
_13753_,8.96µm
_13858_,8.96µm
_14184_,8.96µm
_14252_,8.96µm
_14285_,8.96µm
_14307_,8.96µm
_14372_,8.96µm
_14394_,8.96µm
_14426_,8.96µm
_14435_,8.96µm
_14637_,8.96µm
_14638_,8.96µm
_14696_,8.96µm
_14839_,8.96µm
_14969_,8.96µm
_15000_,8.96µm
_15032_,8.96µm
_15051_,8.96µm
_15222_,8.96µm
_15304_,8.96µm
_15358_,8.96µm
_15371_,8.96µm
_15680_,8.96µm
_15718_,8.96µm
_15792_,8.96µm
_15831_,8.96µm
_15877_,8.96µm
_15891_,8.96µm
_15942_,8.96µm
_16054_,8.96µm
_16095_,8.96µm
_16153_,8.96µm
_16233_,8.96µm
_16333_,8.96µm
_16343_,8.96µm
_16531_,8.96µm
_16588_,8.96µm
_16661_,8.96µm
_16665_,8.96µm
_16780_,8.96µm
_16853_,8.96µm
_16955_,8.96µm
_17006_,8.96µm
_17026_,8.96µm
_17075_,8.96µm
_17135_,8.96µm
_17171_,8.96µm
_17288_,8.96µm
_17341_,8.96µm
_17367_,8.96µm
_17473_,8.96µm
_17520_,8.96µm
_17555_,8.96µm
_17620_,8.96µm
_17631_,8.96µm
u_integration_final.integration_inst.reg_bank_inst.accum\[5\]\[10\],8.96µm
u_integration_final.integration_inst.reg_bank_inst.mat_arr\[29\]\[6\],8.96µm
net704,8.96µm
net1044,8.96µm
net1685,8.96µm
net2240,8.96µm
net2498,8.96µm
net2961,8.96µm
net3783,8.96µm
_05002_,8.78µm
_10332_,8.6µm
_03017_,8.55µm
_03783_,8.55µm
_04207_,8.55µm
_04217_,8.55µm
_04406_,8.55µm
_09500_,8.55µm
_12681_,8.55µm
_15001_,8.55µm
_16328_,8.55µm
_17557_,8.55µm
u_integration_final.integration_inst.reg_bank_inst.mat_arr\[34\]\[1\],8.55µm
_00094_,8.5µm
_01020_,8.5µm
_01880_,8.5µm
_01903_,8.5µm
_02089_,8.5µm
_02103_,8.5µm
_02397_,8.5µm
_02714_,8.5µm
_02821_,8.5µm
_03008_,8.5µm
_03067_,8.5µm
_03237_,8.5µm
_03627_,8.5µm
_03822_,8.5µm
_04000_,8.5µm
_04060_,8.5µm
_04162_,8.5µm
_04254_,8.5µm
_04289_,8.5µm
_04612_,8.5µm
_04624_,8.5µm
_04658_,8.5µm
_04675_,8.5µm
_05229_,8.5µm
_05682_,8.5µm
_05686_,8.5µm
_05738_,8.5µm
_05813_,8.5µm
_05847_,8.5µm
_05946_,8.5µm
_06085_,8.5µm
_06113_,8.5µm
_06742_,8.5µm
_07012_,8.5µm
_07241_,8.5µm
_07644_,8.5µm
_08252_,8.5µm
_08771_,8.5µm
_08809_,8.5µm
_09831_,8.5µm
_10298_,8.5µm
_10688_,8.5µm
_11012_,8.5µm
_11728_,8.5µm
_11858_,8.5µm
_11867_,8.5µm
_11941_,8.5µm
_11951_,8.5µm
_12177_,8.5µm
_12264_,8.5µm
_12702_,8.5µm
_12796_,8.5µm
_13056_,8.5µm
_13288_,8.5µm
_13343_,8.5µm
_13460_,8.5µm
_13786_,8.5µm
_14152_,8.5µm
_14263_,8.5µm
_14483_,8.5µm
_14524_,8.5µm
_14663_,8.5µm
_14984_,8.5µm
_15002_,8.5µm
_15088_,8.5µm
_15159_,8.5µm
_15591_,8.5µm
_15694_,8.5µm
_15824_,8.5µm
_16372_,8.5µm
_16521_,8.5µm
_16573_,8.5µm
_16715_,8.5µm
_16728_,8.5µm
_17223_,8.5µm
_17269_,8.5µm
_17537_,8.5µm
_17569_,8.5µm
u_integration_final.integration_inst.reg_bank_inst.accum\[5\]\[11\],8.5µm
net3087,8.5µm
_00136_,8.45µm
_00174_,8.45µm
_00423_,8.45µm
_00601_,8.45µm
_00698_,8.45µm
_00745_,8.45µm
_00814_,8.45µm
_00833_,8.45µm
_00835_,8.45µm
_00913_,8.45µm
_01009_,8.45µm
_01155_,8.45µm
_01237_,8.45µm
_01315_,8.45µm
_01440_,8.45µm
_01507_,8.45µm
_01680_,8.45µm
_01808_,8.45µm
_01876_,8.45µm
_02195_,8.45µm
_02409_,8.45µm
_02457_,8.45µm
_02567_,8.45µm
_02711_,8.45µm
_02932_,8.45µm
_03060_,8.45µm
_03103_,8.45µm
_03150_,8.45µm
_03168_,8.45µm
_03493_,8.45µm
_03563_,8.45µm
_03711_,8.45µm
_03984_,8.45µm
_04190_,8.45µm
_04237_,8.45µm
_04340_,8.45µm
_04350_,8.45µm
_04420_,8.45µm
_04646_,8.45µm
_04853_,8.45µm
_04917_,8.45µm
_05028_,8.45µm
_05056_,8.45µm
_05228_,8.45µm
_05253_,8.45µm
_05453_,8.45µm
_05486_,8.45µm
_05561_,8.45µm
_05588_,8.45µm
_05653_,8.45µm
_05899_,8.45µm
_06018_,8.45µm
_06039_,8.45µm
_06091_,8.45µm
_06131_,8.45µm
_06163_,8.45µm
_06164_,8.45µm
_06177_,8.45µm
_06360_,8.45µm
_06434_,8.45µm
_06451_,8.45µm
_06677_,8.45µm
_06774_,8.45µm
_06983_,8.45µm
_06985_,8.45µm
_07082_,8.45µm
_07087_,8.45µm
_07128_,8.45µm
_07722_,8.45µm
_07745_,8.45µm
_07764_,8.45µm
_07945_,8.45µm
_08146_,8.45µm
_08250_,8.45µm
_08336_,8.45µm
_08411_,8.45µm
_08541_,8.45µm
_08640_,8.45µm
_08703_,8.45µm
_08749_,8.45µm
_08773_,8.45µm
_08874_,8.45µm
_08879_,8.45µm
_09188_,8.45µm
_09229_,8.45µm
_09435_,8.45µm
_09463_,8.45µm
_09540_,8.45µm
_09573_,8.45µm
_09577_,8.45µm
_09750_,8.45µm
_09956_,8.45µm
_09966_,8.45µm
_10060_,8.45µm
_10137_,8.45µm
_10149_,8.45µm
_10161_,8.45µm
_10205_,8.45µm
_10213_,8.45µm
_10243_,8.45µm
_10251_,8.45µm
_10265_,8.45µm
_10308_,8.45µm
_10325_,8.45µm
_10372_,8.45µm
_10783_,8.45µm
_11691_,8.45µm
_11712_,8.45µm
_11743_,8.45µm
_11894_,8.45µm
_11950_,8.45µm
_12147_,8.45µm
_12363_,8.45µm
_12405_,8.45µm
_12507_,8.45µm
_12508_,8.45µm
_12633_,8.45µm
_12809_,8.45µm
_12997_,8.45µm
_13212_,8.45µm
_13314_,8.45µm
_13519_,8.45µm
_13611_,8.45µm
_14241_,8.45µm
_14298_,8.45µm
_14448_,8.45µm
_14555_,8.45µm
_15333_,8.45µm
_15431_,8.45µm
_15538_,8.45µm
_15711_,8.45µm
_15892_,8.45µm
_15925_,8.45µm
_15949_,8.45µm
_16046_,8.45µm
_16091_,8.45µm
_16172_,8.45µm
_16189_,8.45µm
_16404_,8.45µm
_16601_,8.45µm
_16623_,8.45µm
_16676_,8.45µm
_16752_,8.45µm
_16855_,8.45µm
_16943_,8.45µm
_16958_,8.45µm
_17071_,8.45µm
_17100_,8.45µm
_17315_,8.45µm
_17512_,8.45µm
_17567_,8.45µm
u_integration_final.integration_inst.reg_bank_inst.accum\[3\]\[5\],8.45µm
u_integration_final.uart_inst.bg.counter\[30\],8.45µm
net515,8.45µm
net1732,8.45µm
net3294,8.45µm
_00054_,8.4µm
_00060_,8.4µm
_00133_,8.4µm
_00607_,8.4µm
_00616_,8.4µm
_00653_,8.4µm
_00669_,8.4µm
_00753_,8.4µm
_00820_,8.4µm
_00864_,8.4µm
_00867_,8.4µm
_00932_,8.4µm
_00957_,8.4µm
_00959_,8.4µm
_00977_,8.4µm
_01021_,8.4µm
_01048_,8.4µm
_01123_,8.4µm
_01130_,8.4µm
_01161_,8.4µm
_01323_,8.4µm
_01339_,8.4µm
_01340_,8.4µm
_01358_,8.4µm
_01405_,8.4µm
_01414_,8.4µm
_01421_,8.4µm
_01455_,8.4µm
_01474_,8.4µm
_01482_,8.4µm
_01483_,8.4µm
_01488_,8.4µm
_01499_,8.4µm
_01512_,8.4µm
_01641_,8.4µm
_01672_,8.4µm
_01729_,8.4µm
_02062_,8.4µm
_02158_,8.4µm
_02308_,8.4µm
_02369_,8.4µm
_02413_,8.4µm
_02470_,8.4µm
_02479_,8.4µm
_02525_,8.4µm
_02530_,8.4µm
_02533_,8.4µm
_02809_,8.4µm
_02836_,8.4µm
_02843_,8.4µm
_02846_,8.4µm
_02863_,8.4µm
_02912_,8.4µm
_02942_,8.4µm
_03061_,8.4µm
_03062_,8.4µm
_03070_,8.4µm
_03356_,8.4µm
_03456_,8.4µm
_03482_,8.4µm
_03488_,8.4µm
_03516_,8.4µm
_03547_,8.4µm
_03549_,8.4µm
_03571_,8.4µm
_03574_,8.4µm
_03707_,8.4µm
_03819_,8.4µm
_03834_,8.4µm
_03851_,8.4µm
_03871_,8.4µm
_03950_,8.4µm
_04075_,8.4µm
_04205_,8.4µm
_04251_,8.4µm
_04263_,8.4µm
_04439_,8.4µm
_04450_,8.4µm
_04533_,8.4µm
_04549_,8.4µm
_04632_,8.4µm
_04662_,8.4µm
_04672_,8.4µm
_04678_,8.4µm
_04744_,8.4µm
_04807_,8.4µm
_04826_,8.4µm
_04896_,8.4µm
_04960_,8.4µm
_05104_,8.4µm
_05134_,8.4µm
_05164_,8.4µm
_05165_,8.4µm
_05185_,8.4µm
_05188_,8.4µm
_05220_,8.4µm
_05222_,8.4µm
_05247_,8.4µm
_05252_,8.4µm
_05323_,8.4µm
_05345_,8.4µm
_05416_,8.4µm
_05420_,8.4µm
_05439_,8.4µm
_05454_,8.4µm
_05538_,8.4µm
_05666_,8.4µm
_05669_,8.4µm
_05688_,8.4µm
_05719_,8.4µm
_05770_,8.4µm
_05799_,8.4µm
_05811_,8.4µm
_05933_,8.4µm
_05952_,8.4µm
_06011_,8.4µm
_06204_,8.4µm
_06220_,8.4µm
_06224_,8.4µm
_06255_,8.4µm
_06324_,8.4µm
_06377_,8.4µm
_06734_,8.4µm
_06802_,8.4µm
_06826_,8.4µm
_06920_,8.4µm
_06933_,8.4µm
_07019_,8.4µm
_07105_,8.4µm
_07202_,8.4µm
_07266_,8.4µm
_07305_,8.4µm
_07376_,8.4µm
_07385_,8.4µm
_07397_,8.4µm
_07701_,8.4µm
_07716_,8.4µm
_07848_,8.4µm
_07866_,8.4µm
_07869_,8.4µm
_07886_,8.4µm
_07911_,8.4µm
_07930_,8.4µm
_07938_,8.4µm
_08107_,8.4µm
_08147_,8.4µm
_08182_,8.4µm
_08193_,8.4µm
_08226_,8.4µm
_08459_,8.4µm
_08579_,8.4µm
_08838_,8.4µm
_08856_,8.4µm
_09071_,8.4µm
_09091_,8.4µm
_09130_,8.4µm
_09241_,8.4µm
_09406_,8.4µm
_09520_,8.4µm
_09561_,8.4µm
_09568_,8.4µm
_09887_,8.4µm
_09929_,8.4µm
_09943_,8.4µm
_10001_,8.4µm
_10079_,8.4µm
_10144_,8.4µm
_10180_,8.4µm
_10188_,8.4µm
_10234_,8.4µm
_10331_,8.4µm
_10414_,8.4µm
_10450_,8.4µm
_10666_,8.4µm
_10704_,8.4µm
_10705_,8.4µm
_10738_,8.4µm
_10740_,8.4µm
_10799_,8.4µm
_11066_,8.4µm
_11185_,8.4µm
_11213_,8.4µm
_11265_,8.4µm
_11403_,8.4µm
_11737_,8.4µm
_11742_,8.4µm
_11814_,8.4µm
_11881_,8.4µm
_11981_,8.4µm
_12020_,8.4µm
_12074_,8.4µm
_12124_,8.4µm
_12155_,8.4µm
_12240_,8.4µm
_12250_,8.4µm
_12277_,8.4µm
_12282_,8.4µm
_12308_,8.4µm
_12383_,8.4µm
_12392_,8.4µm
_12406_,8.4µm
_12409_,8.4µm
_12486_,8.4µm
_12641_,8.4µm
_12747_,8.4µm
_12818_,8.4µm
_12849_,8.4µm
_12873_,8.4µm
_12919_,8.4µm
_12994_,8.4µm
_13071_,8.4µm
_13133_,8.4µm
_13177_,8.4µm
_13215_,8.4µm
_13244_,8.4µm
_13311_,8.4µm
_13339_,8.4µm
_13399_,8.4µm
_13415_,8.4µm
_13572_,8.4µm
_13669_,8.4µm
_13674_,8.4µm
_13835_,8.4µm
_13940_,8.4µm
_13970_,8.4µm
_13995_,8.4µm
_14050_,8.4µm
_14185_,8.4µm
_14255_,8.4µm
_14315_,8.4µm
_14411_,8.4µm
_14540_,8.4µm
_14563_,8.4µm
_14616_,8.4µm
_14708_,8.4µm
_14737_,8.4µm
_14902_,8.4µm
_15033_,8.4µm
_15163_,8.4µm
_15214_,8.4µm
_15251_,8.4µm
_15361_,8.4µm
_15375_,8.4µm
_15422_,8.4µm
_15433_,8.4µm
_15435_,8.4µm
_15458_,8.4µm
_15491_,8.4µm
_15682_,8.4µm
_15749_,8.4µm
_15764_,8.4µm
_15884_,8.4µm
_15991_,8.4µm
_16265_,8.4µm
_16297_,8.4µm
_16366_,8.4µm
_16437_,8.4µm
_16495_,8.4µm
_16613_,8.4µm
_16628_,8.4µm
_16654_,8.4µm
_16817_,8.4µm
_17049_,8.4µm
_17110_,8.4µm
_17195_,8.4µm
_17265_,8.4µm
_17446_,8.4µm
_17462_,8.4µm
u_integration_final.uart_inst.bg.counter\[4\],8.4µm
net544,8.4µm
net1190,8.4µm
net1251,8.4µm
net1583,8.4µm
net3955,8.4µm
_16782_,8.22µm
_08257_,8.17µm
_01694_,7.99µm
_03591_,7.99µm
_03876_,7.99µm
_05551_,7.99µm
_08406_,7.99µm
_09139_,7.99µm
_09141_,7.99µm
_11289_,7.99µm
_11510_,7.99µm
_11922_,7.99µm
_12451_,7.99µm
_14901_,7.99µm
_15232_,7.99µm
_15637_,7.99µm
_15902_,7.99µm
_16399_,7.99µm
u_integration_final.integration_inst.quantizer_inst.added_data\[24\],7.99µm
_01139_,7.94µm
_01636_,7.94µm
_02399_,7.94µm
_02401_,7.94µm
_02466_,7.94µm
_02596_,7.94µm
_02646_,7.94µm
_02674_,7.94µm
_03116_,7.94µm
_03218_,7.94µm
_03429_,7.94µm
_03788_,7.94µm
_03940_,7.94µm
_04114_,7.94µm
_04197_,7.94µm
_04767_,7.94µm
_04777_,7.94µm
_04833_,7.94µm
_04926_,7.94µm
_05082_,7.94µm
_05084_,7.94µm
_05192_,7.94µm
_05521_,7.94µm
_05594_,7.94µm
_05860_,7.94µm
_05907_,7.94µm
_05910_,7.94µm
_05945_,7.94µm
_05957_,7.94µm
_06181_,7.94µm
_06234_,7.94µm
_06300_,7.94µm
_06410_,7.94µm
_06584_,7.94µm
_06885_,7.94µm
_07179_,7.94µm
_07318_,7.94µm
_07706_,7.94µm
_07714_,7.94µm
_08424_,7.94µm
_08682_,7.94µm
_08817_,7.94µm
_08942_,7.94µm
_08998_,7.94µm
_09009_,7.94µm
_09126_,7.94µm
_09168_,7.94µm
_09387_,7.94µm
_09514_,7.94µm
_09706_,7.94µm
_09794_,7.94µm
_09836_,7.94µm
_09866_,7.94µm
_10026_,7.94µm
_10253_,7.94µm
_10315_,7.94µm
_10510_,7.94µm
_11520_,7.94µm
_11845_,7.94µm
_12054_,7.94µm
_12114_,7.94µm
_12156_,7.94µm
_12229_,7.94µm
_12369_,7.94µm
_12464_,7.94µm
_12500_,7.94µm
_12501_,7.94µm
_12545_,7.94µm
_12806_,7.94µm
_13359_,7.94µm
_13500_,7.94µm
_13632_,7.94µm
_14226_,7.94µm
_14267_,7.94µm
_14282_,7.94µm
_14314_,7.94µm
_14460_,7.94µm
_14852_,7.94µm
_15006_,7.94µm
_15345_,7.94µm
_15362_,7.94µm
_15483_,7.94µm
_15699_,7.94µm
_15762_,7.94µm
_15769_,7.94µm
_15826_,7.94µm
_15834_,7.94µm
_15911_,7.94µm
_15919_,7.94µm
_15950_,7.94µm
_16216_,7.94µm
_16645_,7.94µm
_16670_,7.94µm
_16948_,7.94µm
_17133_,7.94µm
_17174_,7.94µm
_17185_,7.94µm
_17283_,7.94µm
_17442_,7.94µm
_17632_,7.94µm
u_integration_final.integration_inst.command_parser_inst.o_uart_tx_data\[1\],7.94µm
u_integration_final.integration_inst.quantizer_inst.added_data\[9\],7.94µm
net1875,7.94µm
net1956,7.94µm
_00000_,7.89µm
_00010_,7.89µm
_00284_,7.89µm
_00322_,7.89µm
_00361_,7.89µm
_00547_,7.89µm
_00592_,7.89µm
_00750_,7.89µm
_00759_,7.89µm
_00772_,7.89µm
_00841_,7.89µm
_00931_,7.89µm
_00960_,7.89µm
_00981_,7.89µm
_01004_,7.89µm
_01056_,7.89µm
_01061_,7.89µm
_01091_,7.89µm
_01159_,7.89µm
_01184_,7.89µm
_01311_,7.89µm
_01329_,7.89µm
_01415_,7.89µm
_01420_,7.89µm
_01520_,7.89µm
_01531_,7.89µm
_01543_,7.89µm
_01635_,7.89µm
_01719_,7.89µm
_01904_,7.89µm
_01908_,7.89µm
_02096_,7.89µm
_02368_,7.89µm
_02373_,7.89µm
_02537_,7.89µm
_02645_,7.89µm
_03230_,7.89µm
_03292_,7.89µm
_03444_,7.89µm
_03481_,7.89µm
_03673_,7.89µm
_03720_,7.89µm
_03969_,7.89µm
_04055_,7.89µm
_04543_,7.89µm
_04546_,7.89µm
_04776_,7.89µm
_04861_,7.89µm
_04935_,7.89µm
_04947_,7.89µm
_04978_,7.89µm
_05083_,7.89µm
_05485_,7.89µm
_05716_,7.89µm
_05764_,7.89µm
_06082_,7.89µm
_06119_,7.89µm
_06210_,7.89µm
_06792_,7.89µm
_06818_,7.89µm
_06872_,7.89µm
_07264_,7.89µm
_07425_,7.89µm
_07646_,7.89µm
_07670_,7.89µm
_07893_,7.89µm
_07899_,7.89µm
_07939_,7.89µm
_08110_,7.89µm
_08323_,7.89µm
_08324_,7.89µm
_08327_,7.89µm
_08332_,7.89µm
_08386_,7.89µm
_08564_,7.89µm
_08760_,7.89µm
_08868_,7.89µm
_08873_,7.89µm
_09023_,7.89µm
_09058_,7.89µm
_09388_,7.89µm
_09617_,7.89µm
_09669_,7.89µm
_09920_,7.89µm
_09927_,7.89µm
_09940_,7.89µm
_09950_,7.89µm
_10052_,7.89µm
_10108_,7.89µm
_10319_,7.89µm
_10477_,7.89µm
_10535_,7.89µm
_10695_,7.89µm
_11067_,7.89µm
_11288_,7.89µm
_11478_,7.89µm
_11488_,7.89µm
_11543_,7.89µm
_11695_,7.89µm
_11745_,7.89µm
_11797_,7.89µm
_12133_,7.89µm
_12327_,7.89µm
_12489_,7.89µm
_12616_,7.89µm
_12685_,7.89µm
_12739_,7.89µm
_12745_,7.89µm
_12956_,7.89µm
_12990_,7.89µm
_13006_,7.89µm
_13007_,7.89µm
_13077_,7.89µm
_13214_,7.89µm
_13216_,7.89µm
_13283_,7.89µm
_13333_,7.89µm
_13438_,7.89µm
_13588_,7.89µm
_13651_,7.89µm
_13653_,7.89µm
_13837_,7.89µm
_13915_,7.89µm
_14034_,7.89µm
_14072_,7.89µm
_14091_,7.89µm
_14335_,7.89µm
_14768_,7.89µm
_14820_,7.89µm
_14835_,7.89µm
_14917_,7.89µm
_15106_,7.89µm
_15780_,7.89µm
_15789_,7.89µm
_15838_,7.89µm
_15944_,7.89µm
_15962_,7.89µm
_15990_,7.89µm
_16223_,7.89µm
_16234_,7.89µm
_16305_,7.89µm
_16383_,7.89µm
_16401_,7.89µm
_16407_,7.89µm
_16417_,7.89µm
_16433_,7.89µm
_16445_,7.89µm
_16464_,7.89µm
_16558_,7.89µm
_16631_,7.89µm
_16634_,7.89µm
_16848_,7.89µm
_16930_,7.89µm
_17085_,7.89µm
_17157_,7.89µm
_17635_,7.89µm
u_integration_final.integration_inst.quantizer_inst.added_data\[43\],7.89µm
u_integration_final.integration_inst.reg_bank_inst.accum\[0\]\[3\],7.89µm
u_integration_final.integration_inst.reg_bank_inst.rows_a_d\[2\]\[1\],7.89µm
u_integration_final.uart_inst.bg.counter\[25\],7.89µm
_00187_,7.84µm
_00224_,7.84µm
_00261_,7.84µm
_00265_,7.84µm
_00335_,7.84µm
_00349_,7.84µm
_00379_,7.84µm
_00465_,7.84µm
_00511_,7.84µm
_00540_,7.84µm
_00603_,7.84µm
_00614_,7.84µm
_00645_,7.84µm
_00668_,7.84µm
_00675_,7.84µm
_00746_,7.84µm
_00813_,7.84µm
_00826_,7.84µm
_00832_,7.84µm
_00849_,7.84µm
_00860_,7.84µm
_00874_,7.84µm
_00907_,7.84µm
_00912_,7.84µm
_00938_,7.84µm
_01000_,7.84µm
_01001_,7.84µm
_01102_,7.84µm
_01115_,7.84µm
_01180_,7.84µm
_01193_,7.84µm
_01201_,7.84µm
_01205_,7.84µm
_01247_,7.84µm
_01248_,7.84µm
_01288_,7.84µm
_01296_,7.84µm
_01300_,7.84µm
_01336_,7.84µm
_01352_,7.84µm
_01423_,7.84µm
_01425_,7.84µm
_01448_,7.84µm
_01468_,7.84µm
_01497_,7.84µm
_01559_,7.84µm
_01587_,7.84µm
_01676_,7.84µm
_01677_,7.84µm
_01678_,7.84µm
_01682_,7.84µm
_01693_,7.84µm
_01746_,7.84µm
_01914_,7.84µm
_02149_,7.84µm
_02176_,7.84µm
_02192_,7.84µm
_02265_,7.84µm
_02291_,7.84µm
_02352_,7.84µm
_02378_,7.84µm
_02383_,7.84µm
_02414_,7.84µm
_02483_,7.84µm
_02527_,7.84µm
_02617_,7.84µm
_02689_,7.84µm
_02692_,7.84µm
_02701_,7.84µm
_02719_,7.84µm
_02743_,7.84µm
_02750_,7.84µm
_02841_,7.84µm
_02885_,7.84µm
_02897_,7.84µm
_02958_,7.84µm
_03013_,7.84µm
_03077_,7.84µm
_03132_,7.84µm
_03141_,7.84µm
_03204_,7.84µm
_03234_,7.84µm
_03479_,7.84µm
_03489_,7.84µm
_03539_,7.84µm
_03592_,7.84µm
_03694_,7.84µm
_03792_,7.84µm
_03838_,7.84µm
_03847_,7.84µm
_03903_,7.84µm
_03919_,7.84µm
_04078_,7.84µm
_04107_,7.84µm
_04136_,7.84µm
_04163_,7.84µm
_04211_,7.84µm
_04235_,7.84µm
_04245_,7.84µm
_04267_,7.84µm
_04322_,7.84µm
_04355_,7.84µm
_04454_,7.84µm
_04464_,7.84µm
_04519_,7.84µm
_04601_,7.84µm
_04688_,7.84µm
_04697_,7.84µm
_04710_,7.84µm
_04717_,7.84µm
_04763_,7.84µm
_04783_,7.84µm
_04808_,7.84µm
_04810_,7.84µm
_04814_,7.84µm
_04827_,7.84µm
_04880_,7.84µm
_04912_,7.84µm
_04914_,7.84µm
_04925_,7.84µm
_05016_,7.84µm
_05039_,7.84µm
_05045_,7.84µm
_05055_,7.84µm
_05070_,7.84µm
_05081_,7.84µm
_05141_,7.84µm
_05151_,7.84µm
_05156_,7.84µm
_05191_,7.84µm
_05237_,7.84µm
_05257_,7.84µm
_05259_,7.84µm
_05356_,7.84µm
_05369_,7.84µm
_05392_,7.84µm
_05410_,7.84µm
_05664_,7.84µm
_05685_,7.84µm
_05702_,7.84µm
_05837_,7.84µm
_05845_,7.84µm
_05956_,7.84µm
_05979_,7.84µm
_06183_,7.84µm
_06190_,7.84µm
_06229_,7.84µm
_06242_,7.84µm
_06243_,7.84µm
_06264_,7.84µm
_06279_,7.84µm
_06319_,7.84µm
_06346_,7.84µm
_06511_,7.84µm
_06520_,7.84µm
_06749_,7.84µm
_06768_,7.84µm
_06898_,7.84µm
_06993_,7.84µm
_07040_,7.84µm
_07062_,7.84µm
_07120_,7.84µm
_07141_,7.84µm
_07220_,7.84µm
_07296_,7.84µm
_07301_,7.84µm
_07314_,7.84µm
_07365_,7.84µm
_07416_,7.84µm
_07645_,7.84µm
_07677_,7.84µm
_07740_,7.84µm
_07759_,7.84µm
_07760_,7.84µm
_07769_,7.84µm
_07883_,7.84µm
_07979_,7.84µm
_08000_,7.84µm
_08080_,7.84µm
_08150_,7.84µm
_08180_,7.84µm
_08207_,7.84µm
_08211_,7.84µm
_08213_,7.84µm
_08333_,7.84µm
_08338_,7.84µm
_08392_,7.84µm
_08562_,7.84µm
_08616_,7.84µm
_08641_,7.84µm
_08675_,7.84µm
_08684_,7.84µm
_08857_,7.84µm
_08907_,7.84µm
_08961_,7.84µm
_08996_,7.84µm
_09037_,7.84µm
_09049_,7.84µm
_09117_,7.84µm
_09136_,7.84µm
_09153_,7.84µm
_09247_,7.84µm
_09271_,7.84µm
_09303_,7.84µm
_09312_,7.84µm
_09337_,7.84µm
_09353_,7.84µm
_09386_,7.84µm
_09448_,7.84µm
_09458_,7.84µm
_09478_,7.84µm
_09501_,7.84µm
_09566_,7.84µm
_09657_,7.84µm
_09727_,7.84µm
_09852_,7.84µm
_09857_,7.84µm
_09903_,7.84µm
_09917_,7.84µm
_09936_,7.84µm
_09986_,7.84µm
_10064_,7.84µm
_10069_,7.84µm
_10128_,7.84µm
_10199_,7.84µm
_10267_,7.84µm
_10313_,7.84µm
_10378_,7.84µm
_10408_,7.84µm
_10434_,7.84µm
_10484_,7.84µm
_10513_,7.84µm
_10537_,7.84µm
_10557_,7.84µm
_10580_,7.84µm
_10594_,7.84µm
_10602_,7.84µm
_10724_,7.84µm
_10750_,7.84µm
_10802_,7.84µm
_11034_,7.84µm
_11052_,7.84µm
_11162_,7.84µm
_11221_,7.84µm
_11246_,7.84µm
_11259_,7.84µm
_11290_,7.84µm
_11345_,7.84µm
_11470_,7.84µm
_11476_,7.84µm
_11571_,7.84µm
_11683_,7.84µm
_11774_,7.84µm
_11776_,7.84µm
_11795_,7.84µm
_11883_,7.84µm
_11915_,7.84µm
_12007_,7.84µm
_12047_,7.84µm
_12157_,7.84µm
_12266_,7.84µm
_12302_,7.84µm
_12303_,7.84µm
_12329_,7.84µm
_12335_,7.84µm
_12370_,7.84µm
_12402_,7.84µm
_12423_,7.84µm
_12480_,7.84µm
_12493_,7.84µm
_12515_,7.84µm
_12521_,7.84µm
_12558_,7.84µm
_12560_,7.84µm
_12577_,7.84µm
_12724_,7.84µm
_12784_,7.84µm
_12831_,7.84µm
_12840_,7.84µm
_12882_,7.84µm
_13001_,7.84µm
_13162_,7.84µm
_13178_,7.84µm
_13362_,7.84µm
_13444_,7.84µm
_13495_,7.84µm
_13496_,7.84µm
_13545_,7.84µm
_13705_,7.84µm
_13799_,7.84µm
_13843_,7.84µm
_13848_,7.84µm
_13875_,7.84µm
_13990_,7.84µm
_14041_,7.84µm
_14071_,7.84µm
_14107_,7.84µm
_14118_,7.84µm
_14119_,7.84µm
_14140_,7.84µm
_14237_,7.84µm
_14336_,7.84µm
_14337_,7.84µm
_14398_,7.84µm
_14476_,7.84µm
_14481_,7.84µm
_14491_,7.84µm
_14582_,7.84µm
_14584_,7.84µm
_14639_,7.84µm
_14680_,7.84µm
_14741_,7.84µm
_14782_,7.84µm
_14872_,7.84µm
_14924_,7.84µm
_14938_,7.84µm
_14948_,7.84µm
_14994_,7.84µm
_15015_,7.84µm
_15017_,7.84µm
_15068_,7.84µm
_15148_,7.84µm
_15152_,7.84µm
_15179_,7.84µm
_15182_,7.84µm
_15227_,7.84µm
_15254_,7.84µm
_15434_,7.84µm
_15482_,7.84µm
_15510_,7.84µm
_15535_,7.84µm
_15618_,7.84µm
_15723_,7.84µm
_15745_,7.84µm
_15756_,7.84µm
_15783_,7.84µm
_15808_,7.84µm
_15823_,7.84µm
_15841_,7.84µm
_15853_,7.84µm
_15955_,7.84µm
_15961_,7.84µm
_15963_,7.84µm
_16050_,7.84µm
_16121_,7.84µm
_16144_,7.84µm
_16178_,7.84µm
_16360_,7.84µm
_16475_,7.84µm
_16525_,7.84µm
_16538_,7.84µm
_16590_,7.84µm
_16595_,7.84µm
_16617_,7.84µm
_16658_,7.84µm
_16682_,7.84µm
_16716_,7.84µm
_16816_,7.84µm
_16824_,7.84µm
_16827_,7.84µm
_16867_,7.84µm
_16900_,7.84µm
_16903_,7.84µm
_16977_,7.84µm
_17055_,7.84µm
_17080_,7.84µm
_17095_,7.84µm
_17136_,7.84µm
_17332_,7.84µm
_17411_,7.84µm
_17441_,7.84µm
_17448_,7.84µm
_17485_,7.84µm
_17509_,7.84µm
u_integration_final.integration_inst.reg_bank_inst.accum\[2\]\[18\],7.84µm
u_integration_final.integration_inst.reg_bank_inst.accum\[2\]\[4\],7.84µm
net265,7.84µm
net839,7.84µm
net1942,7.84µm
net1968,7.84µm
net2219,7.84µm
net2678,7.84µm
net3179,7.84µm
net3600,7.84µm
_08705_,7.61µm
_09958_,7.61µm
_06857_,7.56µm
_14899_,7.56µm
_03045_,7.43µm
_03179_,7.43µm
_04446_,7.43µm
_04890_,7.43µm
_05424_,7.43µm
_05527_,7.43µm
_05623_,7.43µm
_06080_,7.43µm
_06108_,7.43µm
_08133_,7.43µm
_09016_,7.43µm
_09347_,7.43µm
_09681_,7.43µm
_11843_,7.43µm
_12242_,7.43µm
_13479_,7.43µm
_13694_,7.43µm
_15171_,7.43µm
_16335_,7.43µm
_00446_,7.38µm
_01660_,7.38µm
_02101_,7.38µm
_02300_,7.38µm
_02759_,7.38µm
_02968_,7.38µm
_03366_,7.38µm
_03605_,7.38µm
_03608_,7.38µm
_03804_,7.38µm
_03872_,7.38µm
_04135_,7.38µm
_04416_,7.38µm
_04515_,7.38µm
_04557_,7.38µm
_04598_,7.38µm
_04737_,7.38µm
_04801_,7.38µm
_05004_,7.38µm
_05080_,7.38µm
_05251_,7.38µm
_05297_,7.38µm
_05303_,7.38µm
_05513_,7.38µm
_05616_,7.38µm
_05657_,7.38µm
_05729_,7.38µm
_05762_,7.38µm
_05891_,7.38µm
_06021_,7.38µm
_06122_,7.38µm
_06488_,7.38µm
_07094_,7.38µm
_07095_,7.38µm
_07610_,7.38µm
_07858_,7.38µm
_07982_,7.38µm
_08231_,7.38µm
_08410_,7.38µm
_09830_,7.38µm
_09859_,7.38µm
_10407_,7.38µm
_10569_,7.38µm
_10611_,7.38µm
_11784_,7.38µm
_11899_,7.38µm
_11900_,7.38µm
_12225_,7.38µm
_12723_,7.38µm
_13102_,7.38µm
_13309_,7.38µm
_13328_,7.38µm
_13602_,7.38µm
_13762_,7.38µm
_14303_,7.38µm
_14772_,7.38µm
_14943_,7.38µm
_14965_,7.38µm
_15335_,7.38µm
_15561_,7.38µm
_15601_,7.38µm
_15934_,7.38µm
_16016_,7.38µm
_16112_,7.38µm
_16519_,7.38µm
_16637_,7.38µm
_16822_,7.38µm
_17124_,7.38µm
_17186_,7.38µm
_17479_,7.38µm
_00070_,7.33µm
_00158_,7.33µm
_00440_,7.33µm
_00491_,7.33µm
_00689_,7.33µm
_00771_,7.33µm
_00795_,7.33µm
_00821_,7.33µm
_00853_,7.33µm
_01038_,7.33µm
_01072_,7.33µm
_01075_,7.33µm
_01110_,7.33µm
_01121_,7.33µm
_01165_,7.33µm
_01189_,7.33µm
_01208_,7.33µm
_01222_,7.33µm
_01328_,7.33µm
_01472_,7.33µm
_01528_,7.33µm
_01780_,7.33µm
_02274_,7.33µm
_02359_,7.33µm
_02669_,7.33µm
_02672_,7.33µm
_02763_,7.33µm
_02953_,7.33µm
_02981_,7.33µm
_02991_,7.33µm
_03131_,7.33µm
_03212_,7.33µm
_03219_,7.33µm
_03232_,7.33µm
_03242_,7.33µm
_03426_,7.33µm
_03813_,7.33µm
_03911_,7.33µm
_03913_,7.33µm
_04425_,7.33µm
_05036_,7.33µm
_05256_,7.33µm
_05473_,7.33µm
_05812_,7.33µm
_05871_,7.33µm
_06318_,7.33µm
_06681_,7.33µm
_06716_,7.33µm
_07231_,7.33µm
_07291_,7.33µm
_07360_,7.33µm
_07402_,7.33µm
_07519_,7.33µm
_07654_,7.33µm
_07957_,7.33µm
_08394_,7.33µm
_08578_,7.33µm
_08717_,7.33µm
_08735_,7.33µm
_09053_,7.33µm
_09065_,7.33µm
_09150_,7.33µm
_09276_,7.33µm
_09283_,7.33µm
_09345_,7.33µm
_09531_,7.33µm
_09658_,7.33µm
_09796_,7.33µm
_09819_,7.33µm
_09878_,7.33µm
_09944_,7.33µm
_10068_,7.33µm
_10290_,7.33µm
_10323_,7.33µm
_10349_,7.33µm
_10409_,7.33µm
_10529_,7.33µm
_10638_,7.33µm
_10658_,7.33µm
_11148_,7.33µm
_11248_,7.33µm
_11324_,7.33µm
_11325_,7.33µm
_11380_,7.33µm
_11454_,7.33µm
_11504_,7.33µm
_11761_,7.33µm
_11785_,7.33µm
_12149_,7.33µm
_12162_,7.33µm
_12283_,7.33µm
_12495_,7.33µm
_12532_,7.33µm
_12579_,7.33µm
_12620_,7.33µm
_12622_,7.33µm
_12676_,7.33µm
_12733_,7.33µm
_12740_,7.33µm
_12862_,7.33µm
_12928_,7.33µm
_12984_,7.33µm
_13064_,7.33µm
_13218_,7.33µm
_13308_,7.33µm
_13732_,7.33µm
_14048_,7.33µm
_14143_,7.33µm
_14201_,7.33µm
_14329_,7.33µm
_14405_,7.33µm
_14544_,7.33µm
_14719_,7.33µm
_14762_,7.33µm
_14885_,7.33µm
_14906_,7.33µm
_14925_,7.33µm
_15003_,7.33µm
_15215_,7.33µm
_15288_,7.33µm
_15420_,7.33µm
_15702_,7.33µm
_15800_,7.33µm
_15951_,7.33µm
_16101_,7.33µm
_16192_,7.33µm
_16208_,7.33µm
_16373_,7.33µm
_16390_,7.33µm
_16485_,7.33µm
_16596_,7.33µm
_16714_,7.33µm
_16992_,7.33µm
_17109_,7.33µm
_17155_,7.33µm
_17298_,7.33µm
_17561_,7.33µm
u_integration_final.integration_inst.reg_bank_inst.mat_arr\[28\]\[3\],7.33µm
u_integration_final.uart_inst.ut.dataBuf\[0\],7.33µm
net601,7.33µm
net3022,7.33µm
net3335,7.33µm
net3580,7.33µm
net3677,7.33µm
_00033_,7.28µm
_00296_,7.28µm
_00574_,7.28µm
_00586_,7.28µm
_00599_,7.28µm
_00611_,7.28µm
_00619_,7.28µm
_00635_,7.28µm
_00638_,7.28µm
_00656_,7.28µm
_00686_,7.28µm
_00725_,7.28µm
_00730_,7.28µm
_00731_,7.28µm
_00739_,7.28µm
_00803_,7.28µm
_00850_,7.28µm
_00854_,7.28µm
_00869_,7.28µm
_00880_,7.28µm
_00883_,7.28µm
_00895_,7.28µm
_00896_,7.28µm
_00935_,7.28µm
_00940_,7.28µm
_00943_,7.28µm
_00949_,7.28µm
_00963_,7.28µm
_01008_,7.28µm
_01059_,7.28µm
_01063_,7.28µm
_01078_,7.28µm
_01113_,7.28µm
_01133_,7.28µm
_01150_,7.28µm
_01215_,7.28µm
_01274_,7.28µm
_01278_,7.28µm
_01283_,7.28µm
_01292_,7.28µm
_01298_,7.28µm
_01316_,7.28µm
_01322_,7.28µm
_01333_,7.28µm
_01370_,7.28µm
_01435_,7.28µm
_01439_,7.28µm
_01442_,7.28µm
_01456_,7.28µm
_01489_,7.28µm
_01498_,7.28µm
_01553_,7.28µm
_01589_,7.28µm
_01610_,7.28µm
_01614_,7.28µm
_01626_,7.28µm
_01642_,7.28µm
_01663_,7.28µm
_01731_,7.28µm
_01846_,7.28µm
_01907_,7.28µm
_01963_,7.28µm
_01971_,7.28µm
_02053_,7.28µm
_02061_,7.28µm
_02124_,7.28µm
_02141_,7.28µm
_02178_,7.28µm
_02261_,7.28µm
_02286_,7.28µm
_02320_,7.28µm
_02735_,7.28µm
_02818_,7.28µm
_02829_,7.28µm
_02893_,7.28µm
_02900_,7.28µm
_02926_,7.28µm
_02973_,7.28µm
_03030_,7.28µm
_03031_,7.28µm
_03043_,7.28µm
_03065_,7.28µm
_03076_,7.28µm
_03143_,7.28µm
_03233_,7.28µm
_03236_,7.28µm
_03259_,7.28µm
_03420_,7.28µm
_03455_,7.28µm
_03494_,7.28µm
_03590_,7.28µm
_03593_,7.28µm
_03598_,7.28µm
_03620_,7.28µm
_03628_,7.28µm
_03663_,7.28µm
_03693_,7.28µm
_03732_,7.28µm
_03745_,7.28µm
_03746_,7.28µm
_03881_,7.28µm
_03906_,7.28µm
_03912_,7.28µm
_03929_,7.28µm
_03947_,7.28µm
_04010_,7.28µm
_04016_,7.28µm
_04072_,7.28µm
_04093_,7.28µm
_04150_,7.28µm
_04214_,7.28µm
_04220_,7.28µm
_04225_,7.28µm
_04271_,7.28µm
_04304_,7.28µm
_04313_,7.28µm
_04318_,7.28µm
_04321_,7.28µm
_04341_,7.28µm
_04387_,7.28µm
_04508_,7.28µm
_04576_,7.28µm
_04597_,7.28µm
_04605_,7.28µm
_04634_,7.28µm
_04668_,7.28µm
_04670_,7.28µm
_04674_,7.28µm
_04691_,7.28µm
_04759_,7.28µm
_04798_,7.28µm
_04839_,7.28µm
_04842_,7.28µm
_04918_,7.28µm
_04962_,7.28µm
_04971_,7.28µm
_05014_,7.28µm
_05035_,7.28µm
_05171_,7.28µm
_05266_,7.28µm
_05270_,7.28µm
_05280_,7.28µm
_05346_,7.28µm
_05418_,7.28µm
_05432_,7.28µm
_05442_,7.28µm
_05452_,7.28µm
_05572_,7.28µm
_05648_,7.28µm
_05707_,7.28µm
_05732_,7.28µm
_05854_,7.28µm
_05858_,7.28µm
_05887_,7.28µm
_05913_,7.28µm
_05922_,7.28µm
_06004_,7.28µm
_06063_,7.28µm
_06109_,7.28µm
_06138_,7.28µm
_06213_,7.28µm
_06232_,7.28µm
_06253_,7.28µm
_06257_,7.28µm
_06418_,7.28µm
_06419_,7.28µm
_06532_,7.28µm
_06535_,7.28µm
_06563_,7.28µm
_06700_,7.28µm
_06850_,7.28µm
_06903_,7.28µm
_06907_,7.28µm
_06944_,7.28µm
_06948_,7.28µm
_06975_,7.28µm
_07007_,7.28µm
_07047_,7.28µm
_07061_,7.28µm
_07110_,7.28µm
_07142_,7.28µm
_07149_,7.28µm
_07151_,7.28µm
_07154_,7.28µm
_07181_,7.28µm
_07259_,7.28µm
_07309_,7.28µm
_07316_,7.28µm
_07352_,7.28µm
_07362_,7.28µm
_07381_,7.28µm
_07396_,7.28µm
_07662_,7.28µm
_07684_,7.28µm
_07723_,7.28µm
_07857_,7.28µm
_07875_,7.28µm
_07955_,7.28µm
_07970_,7.28µm
_07976_,7.28µm
_08023_,7.28µm
_08031_,7.28µm
_08075_,7.28µm
_08088_,7.28µm
_08097_,7.28µm
_08153_,7.28µm
_08195_,7.28µm
_08296_,7.28µm
_08355_,7.28µm
_08373_,7.28µm
_08464_,7.28µm
_08583_,7.28µm
_08678_,7.28µm
_08722_,7.28µm
_08830_,7.28µm
_08846_,7.28µm
_08848_,7.28µm
_08892_,7.28µm
_08993_,7.28µm
_09073_,7.28µm
_09075_,7.28µm
_09085_,7.28µm
_09133_,7.28µm
_09223_,7.28µm
_09257_,7.28µm
_09263_,7.28µm
_09302_,7.28µm
_09307_,7.28µm
_09340_,7.28µm
_09404_,7.28µm
_09441_,7.28µm
_09579_,7.28µm
_09594_,7.28µm
_09645_,7.28µm
_09659_,7.28µm
_09694_,7.28µm
_09747_,7.28µm
_09769_,7.28µm
_09813_,7.28µm
_09850_,7.28µm
_09870_,7.28µm
_09886_,7.28µm
_09926_,7.28µm
_10023_,7.28µm
_10047_,7.28µm
_10050_,7.28µm
_10087_,7.28µm
_10122_,7.28µm
_10129_,7.28µm
_10136_,7.28µm
_10140_,7.28µm
_10158_,7.28µm
_10175_,7.28µm
_10186_,7.28µm
_10191_,7.28µm
_10231_,7.28µm
_10244_,7.28µm
_10337_,7.28µm
_10389_,7.28µm
_10393_,7.28µm
_10472_,7.28µm
_10521_,7.28µm
_10539_,7.28µm
_10556_,7.28µm
_10560_,7.28µm
_10573_,7.28µm
_10612_,7.28µm
_10651_,7.28µm
_10672_,7.28µm
_10721_,7.28µm
_10735_,7.28µm
_10754_,7.28µm
_10789_,7.28µm
_10792_,7.28µm
_10798_,7.28µm
_10805_,7.28µm
_10806_,7.28µm
_10865_,7.28µm
_10934_,7.28µm
_11103_,7.28µm
_11276_,7.28µm
_11277_,7.28µm
_11282_,7.28µm
_11304_,7.28µm
_11359_,7.28µm
_11379_,7.28µm
_11447_,7.28µm
_11496_,7.28µm
_11512_,7.28µm
_11548_,7.28µm
_11560_,7.28µm
_11564_,7.28µm
_11578_,7.28µm
_11631_,7.28µm
_11635_,7.28µm
_11828_,7.28µm
_11837_,7.28µm
_11840_,7.28µm
_11848_,7.28µm
_11852_,7.28µm
_11877_,7.28µm
_11905_,7.28µm
_11929_,7.28µm
_11942_,7.28µm
_11982_,7.28µm
_12029_,7.28µm
_12065_,7.28µm
_12067_,7.28µm
_12176_,7.28µm
_12220_,7.28µm
_12223_,7.28µm
_12261_,7.28µm
_12263_,7.28µm
_12360_,7.28µm
_12454_,7.28µm
_12536_,7.28µm
_12563_,7.28µm
_12659_,7.28µm
_12693_,7.28µm
_12830_,7.28µm
_12852_,7.28µm
_12877_,7.28µm
_12884_,7.28µm
_12888_,7.28µm
_13053_,7.28µm
_13079_,7.28µm
_13126_,7.28µm
_13189_,7.28µm
_13211_,7.28µm
_13310_,7.28µm
_13313_,7.28µm
_13356_,7.28µm
_13375_,7.28µm
_13381_,7.28µm
_13388_,7.28µm
_13433_,7.28µm
_13483_,7.28µm
_13518_,7.28µm
_13541_,7.28µm
_13585_,7.28µm
_13592_,7.28µm
_13607_,7.28µm
_13630_,7.28µm
_13662_,7.28µm
_13699_,7.28µm
_13722_,7.28µm
_13747_,7.28µm
_13775_,7.28µm
_13979_,7.28µm
_13985_,7.28µm
_14030_,7.28µm
_14067_,7.28µm
_14158_,7.28µm
_14186_,7.28µm
_14218_,7.28µm
_14246_,7.28µm
_14247_,7.28µm
_14277_,7.28µm
_14289_,7.28µm
_14294_,7.28µm
_14305_,7.28µm
_14312_,7.28µm
_14387_,7.28µm
_14419_,7.28µm
_14440_,7.28µm
_14447_,7.28µm
_14500_,7.28µm
_14593_,7.28µm
_14619_,7.28µm
_14623_,7.28µm
_14624_,7.28µm
_14641_,7.28µm
_14697_,7.28µm
_14706_,7.28µm
_14707_,7.28µm
_14758_,7.28µm
_14759_,7.28µm
_14801_,7.28µm
_14844_,7.28µm
_14851_,7.28µm
_14855_,7.28µm
_14888_,7.28µm
_14905_,7.28µm
_14922_,7.28µm
_15007_,7.28µm
_15029_,7.28µm
_15031_,7.28µm
_15091_,7.28µm
_15126_,7.28µm
_15195_,7.28µm
_15199_,7.28µm
_15365_,7.28µm
_15408_,7.28µm
_15418_,7.28µm
_15461_,7.28µm
_15498_,7.28µm
_15584_,7.28µm
_15616_,7.28µm
_15620_,7.28µm
_15624_,7.28µm
_15645_,7.28µm
_15651_,7.28µm
_15909_,7.28µm
_15937_,7.28µm
_16040_,7.28µm
_16061_,7.28µm
_16103_,7.28µm
_16173_,7.28µm
_16203_,7.28µm
_16256_,7.28µm
_16259_,7.28µm
_16278_,7.28µm
_16337_,7.28µm
_16494_,7.28µm
_16668_,7.28µm
_16685_,7.28µm
_16746_,7.28µm
_16761_,7.28µm
_16860_,7.28µm
_16954_,7.28µm
_16982_,7.28µm
_16985_,7.28µm
_16987_,7.28µm
_17035_,7.28µm
_17042_,7.28µm
_17048_,7.28µm
_17101_,7.28µm
_17103_,7.28µm
_17108_,7.28µm
_17235_,7.28µm
_17261_,7.28µm
_17361_,7.28µm
_17376_,7.28µm
_17387_,7.28µm
_17499_,7.28µm
_17516_,7.28µm
_17544_,7.28µm
_17563_,7.28µm
_17573_,7.28µm
_17580_,7.28µm
u_integration_final.uart_inst.ur.inSync\[0\],7.28µm
u_integration_final.uart_inst.ut.dataBuf\[1\],7.28µm
net305,7.28µm
net963,7.28µm
net980,7.28µm
net1133,7.28µm
net1565,7.28µm
net1715,7.28µm
net2602,7.28µm
net2799,7.28µm
net2882,7.28µm
_14244_,7.05µm
_03146_,6.87µm
_04041_,6.87µm
_05255_,6.87µm
_05583_,6.87µm
_08991_,6.87µm
_10443_,6.87µm
_15036_,6.87µm
_15865_,6.87µm
_15966_,6.87µm
_15984_,6.87µm
_01028_,6.82µm
_01577_,6.82µm
_01664_,6.82µm
_02186_,6.82µm
_02337_,6.82µm
_02356_,6.82µm
_02604_,6.82µm
_02702_,6.82µm
_02708_,6.82µm
_02747_,6.82µm
_02831_,6.82µm
_02936_,6.82µm
_03152_,6.82µm
_03224_,6.82µm
_03436_,6.82µm
_03464_,6.82µm
_03677_,6.82µm
_03762_,6.82µm
_03768_,6.82µm
_03957_,6.82µm
_04098_,6.82µm
_04299_,6.82µm
_04356_,6.82µm
_04453_,6.82µm
_04745_,6.82µm
_04751_,6.82µm
_04963_,6.82µm
_05317_,6.82µm
_05401_,6.82µm
_05569_,6.82µm
_05619_,6.82µm
_05840_,6.82µm
_05844_,6.82µm
_06317_,6.82µm
_06333_,6.82µm
_06461_,6.82µm
_07081_,6.82µm
_07364_,6.82µm
_07371_,6.82µm
_07647_,6.82µm
_07649_,6.82µm
_07870_,6.82µm
_08204_,6.82µm
_08448_,6.82µm
_08553_,6.82µm
_08599_,6.82µm
_08688_,6.82µm
_09005_,6.82µm
_09094_,6.82µm
_09563_,6.82µm
_09607_,6.82µm
_09638_,6.82µm
_10330_,6.82µm
_10360_,6.82µm
_10719_,6.82µm
_11075_,6.82µm
_11443_,6.82µm
_11498_,6.82µm
_11724_,6.82µm
_11775_,6.82µm
_11912_,6.82µm
_11946_,6.82µm
_12296_,6.82µm
_12668_,6.82µm
_12867_,6.82µm
_12876_,6.82µm
_12998_,6.82µm
_13423_,6.82µm
_13488_,6.82µm
_13525_,6.82µm
_13735_,6.82µm
_14090_,6.82µm
_14195_,6.82µm
_14377_,6.82µm
_14396_,6.82µm
_14552_,6.82µm
_14561_,6.82µm
_14743_,6.82µm
_14862_,6.82µm
_14871_,6.82µm
_15177_,6.82µm
_15523_,6.82µm
_15793_,6.82µm
_15858_,6.82µm
_15941_,6.82µm
_16011_,6.82µm
_16229_,6.82µm
_16444_,6.82µm
_16572_,6.82µm
_16989_,6.82µm
_17319_,6.82µm
_17576_,6.82µm
_17587_,6.82µm
net1166,6.82µm
net1302,6.82µm
net2502,6.82µm
_00027_,6.77µm
_00236_,6.77µm
_00273_,6.77µm
_00484_,6.77µm
_00533_,6.77µm
_00563_,6.77µm
_00681_,6.77µm
_00692_,6.77µm
_00695_,6.77µm
_00701_,6.77µm
_00707_,6.77µm
_00717_,6.77µm
_00848_,6.77µm
_00858_,6.77µm
_00884_,6.77µm
_00886_,6.77µm
_00891_,6.77µm
_00955_,6.77µm
_00979_,6.77µm
_00999_,6.77µm
_01065_,6.77µm
_01070_,6.77µm
_01090_,6.77µm
_01107_,6.77µm
_01134_,6.77µm
_01299_,6.77µm
_01345_,6.77µm
_01369_,6.77µm
_01392_,6.77µm
_01441_,6.77µm
_01467_,6.77µm
_01581_,6.77µm
_01796_,6.77µm
_01858_,6.77µm
_01944_,6.77µm
_02013_,6.77µm
_02216_,6.77µm
_02239_,6.77µm
_02280_,6.77µm
_02767_,6.77µm
_03304_,6.77µm
_03406_,6.77µm
_03419_,6.77µm
_03446_,6.77µm
_03514_,6.77µm
_03690_,6.77µm
_03829_,6.77µm
_03915_,6.77µm
_04836_,6.77µm
_04905_,6.77µm
_04967_,6.77µm
_04970_,6.77µm
_05128_,6.77µm
_05313_,6.77µm
_05351_,6.77µm
_05460_,6.77µm
_05553_,6.77µm
_05649_,6.77µm
_05768_,6.77µm
_06005_,6.77µm
_06201_,6.77µm
_06283_,6.77µm
_06291_,6.77µm
_06428_,6.77µm
_06800_,6.77µm
_06908_,6.77µm
_07034_,6.77µm
_07129_,6.77µm
_07493_,6.77µm
_07591_,6.77µm
_07665_,6.77µm
_07681_,6.77µm
_07788_,6.77µm
_07798_,6.77µm
_07831_,6.77µm
_07847_,6.77µm
_07887_,6.77µm
_07983_,6.77µm
_08171_,6.77µm
_08407_,6.77µm
_08618_,6.77µm
_08732_,6.77µm
_08736_,6.77µm
_08794_,6.77µm
_08825_,6.77µm
_08840_,6.77µm
_08926_,6.77µm
_08936_,6.77µm
_08985_,6.77µm
_09052_,6.77µm
_09111_,6.77µm
_09217_,6.77µm
_09355_,6.77µm
_09382_,6.77µm
_09524_,6.77µm
_09735_,6.77µm
_09779_,6.77µm
_09821_,6.77µm
_09916_,6.77µm
_10143_,6.77µm
_10187_,6.77µm
_10266_,6.77µm
_10492_,6.77µm
_10509_,6.77µm
_10523_,6.77µm
_10673_,6.77µm
_10990_,6.77µm
_11263_,6.77µm
_11462_,6.77µm
_11499_,6.77µm
_11503_,6.77µm
_11723_,6.77µm
_12032_,6.77µm
_12034_,6.77µm
_12215_,6.77µm
_12288_,6.77µm
_12313_,6.77µm
_12339_,6.77µm
_12449_,6.77µm
_12509_,6.77µm
_12594_,6.77µm
_12897_,6.77µm
_13274_,6.77µm
_13294_,6.77µm
_13404_,6.77µm
_13448_,6.77µm
_13811_,6.77µm
_13866_,6.77µm
_13972_,6.77µm
_14014_,6.77µm
_15016_,6.77µm
_15337_,6.77µm
_15575_,6.77µm
_15603_,6.77µm
_16015_,6.77µm
_16028_,6.77µm
_16198_,6.77µm
_16200_,6.77µm
_16440_,6.77µm
_16493_,6.77µm
_16607_,6.77µm
_16724_,6.77µm
_16747_,6.77µm
_16796_,6.77µm
_16912_,6.77µm
_17063_,6.77µm
_17088_,6.77µm
_17129_,6.77µm
_17168_,6.77µm
_17514_,6.77µm
_17545_,6.77µm
net1234,6.77µm
net1322,6.77µm
_00026_,6.72µm
_00068_,6.72µm
_00090_,6.72µm
_00147_,6.72µm
_00248_,6.72µm
_00310_,6.72µm
_00316_,6.72µm
_00350_,6.72µm
_00566_,6.72µm
_00613_,6.72µm
_00712_,6.72µm
_00718_,6.72µm
_00765_,6.72µm
_00784_,6.72µm
_00822_,6.72µm
_00868_,6.72µm
_00882_,6.72µm
_00893_,6.72µm
_00930_,6.72µm
_00996_,6.72µm
_01034_,6.72µm
_01108_,6.72µm
_01120_,6.72µm
_01137_,6.72µm
_01156_,6.72µm
_01227_,6.72µm
_01232_,6.72µm
_01236_,6.72µm
_01317_,6.72µm
_01320_,6.72µm
_01330_,6.72µm
_01331_,6.72µm
_01350_,6.72µm
_01356_,6.72µm
_01386_,6.72µm
_01404_,6.72µm
_01454_,6.72µm
_01493_,6.72µm
_01523_,6.72µm
_01541_,6.72µm
_01570_,6.72µm
_01621_,6.72µm
_01667_,6.72µm
_01772_,6.72µm
_01827_,6.72µm
_02049_,6.72µm
_02071_,6.72µm
_02118_,6.72µm
_02123_,6.72µm
_02157_,6.72µm
_02166_,6.72µm
_02181_,6.72µm
_02269_,6.72µm
_02282_,6.72µm
_02349_,6.72µm
_02402_,6.72µm
_02458_,6.72µm
_02489_,6.72µm
_02505_,6.72µm
_02512_,6.72µm
_02529_,6.72µm
_02559_,6.72µm
_02586_,6.72µm
_02600_,6.72µm
_02608_,6.72µm
_02745_,6.72µm
_02796_,6.72µm
_03064_,6.72µm
_03129_,6.72µm
_03169_,6.72µm
_03185_,6.72µm
_03191_,6.72µm
_03210_,6.72µm
_03322_,6.72µm
_03333_,6.72µm
_03384_,6.72µm
_03511_,6.72µm
_03537_,6.72µm
_03600_,6.72µm
_03747_,6.72µm
_03824_,6.72µm
_03850_,6.72µm
_03953_,6.72µm
_03983_,6.72µm
_04066_,6.72µm
_04071_,6.72µm
_04090_,6.72µm
_04129_,6.72µm
_04140_,6.72µm
_04160_,6.72µm
_04172_,6.72µm
_04193_,6.72µm
_04236_,6.72µm
_04286_,6.72µm
_04298_,6.72µm
_04352_,6.72µm
_04377_,6.72µm
_04411_,6.72µm
_04431_,6.72µm
_04462_,6.72µm
_04483_,6.72µm
_04492_,6.72µm
_04503_,6.72µm
_04529_,6.72µm
_04531_,6.72µm
_04586_,6.72µm
_04618_,6.72µm
_04681_,6.72µm
_04740_,6.72µm
_04876_,6.72µm
_04901_,6.72µm
_04915_,6.72µm
_05031_,6.72µm
_05051_,6.72µm
_05112_,6.72µm
_05114_,6.72µm
_05120_,6.72µm
_05159_,6.72µm
_05163_,6.72µm
_05180_,6.72µm
_05187_,6.72µm
_05218_,6.72µm
_05260_,6.72µm
_05281_,6.72µm
_05364_,6.72µm
_05414_,6.72µm
_05423_,6.72µm
_05528_,6.72µm
_05537_,6.72µm
_05568_,6.72µm
_05595_,6.72µm
_05597_,6.72µm
_05651_,6.72µm
_05663_,6.72µm
_05674_,6.72µm
_05726_,6.72µm
_05785_,6.72µm
_05800_,6.72µm
_05928_,6.72µm
_05996_,6.72µm
_06049_,6.72µm
_06077_,6.72µm
_06106_,6.72µm
_06123_,6.72µm
_06125_,6.72µm
_06158_,6.72µm
_06160_,6.72µm
_06166_,6.72µm
_06175_,6.72µm
_06184_,6.72µm
_06195_,6.72µm
_06211_,6.72µm
_06344_,6.72µm
_06392_,6.72µm
_06494_,6.72µm
_06737_,6.72µm
_06848_,6.72µm
_06875_,6.72µm
_06936_,6.72µm
_06961_,6.72µm
_06971_,6.72µm
_06997_,6.72µm
_07051_,6.72µm
_07057_,6.72µm
_07066_,6.72µm
_07300_,6.72µm
_07415_,6.72µm
_07501_,6.72µm
_07536_,6.72µm
_07573_,6.72µm
_07586_,6.72µm
_07622_,6.72µm
_07672_,6.72µm
_07755_,6.72µm
_07768_,6.72µm
_07776_,6.72µm
_07813_,6.72µm
_07814_,6.72µm
_07908_,6.72µm
_08078_,6.72µm
_08099_,6.72µm
_08103_,6.72µm
_08174_,6.72µm
_08201_,6.72µm
_08290_,6.72µm
_08341_,6.72µm
_08382_,6.72µm
_08686_,6.72µm
_08702_,6.72µm
_08725_,6.72µm
_08792_,6.72µm
_08910_,6.72µm
_08966_,6.72µm
_08972_,6.72µm
_09006_,6.72µm
_09061_,6.72µm
_09095_,6.72µm
_09100_,6.72µm
_09160_,6.72µm
_09216_,6.72µm
_09260_,6.72µm
_09269_,6.72µm
_09290_,6.72µm
_09423_,6.72µm
_09424_,6.72µm
_09502_,6.72µm
_09504_,6.72µm
_09583_,6.72µm
_09604_,6.72µm
_09625_,6.72µm
_09695_,6.72µm
_09705_,6.72µm
_09802_,6.72µm
_09822_,6.72µm
_09868_,6.72µm
_09889_,6.72µm
_10027_,6.72µm
_10124_,6.72µm
_10223_,6.72µm
_10246_,6.72µm
_10423_,6.72µm
_10531_,6.72µm
_10542_,6.72µm
_10589_,6.72µm
_10609_,6.72µm
_10616_,6.72µm
_10652_,6.72µm
_10681_,6.72µm
_10692_,6.72µm
_10707_,6.72µm
_10791_,6.72µm
_11020_,6.72µm
_11317_,6.72µm
_11353_,6.72µm
_11371_,6.72µm
_11385_,6.72µm
_11387_,6.72µm
_11427_,6.72µm
_11437_,6.72µm
_11539_,6.72µm
_11551_,6.72µm
_11553_,6.72µm
_11573_,6.72µm
_11666_,6.72µm
_11674_,6.72µm
_11682_,6.72µm
_11910_,6.72µm
_12050_,6.72µm
_12068_,6.72µm
_12076_,6.72µm
_12138_,6.72µm
_12152_,6.72µm
_12344_,6.72µm
_12467_,6.72µm
_12476_,6.72µm
_12540_,6.72µm
_12584_,6.72µm
_12680_,6.72µm
_12687_,6.72µm
_12757_,6.72µm
_12775_,6.72µm
_12788_,6.72µm
_12941_,6.72µm
_12951_,6.72µm
_12957_,6.72µm
_12985_,6.72µm
_13094_,6.72µm
_13337_,6.72µm
_13348_,6.72µm
_13402_,6.72µm
_13424_,6.72µm
_13580_,6.72µm
_13583_,6.72µm
_13621_,6.72µm
_13628_,6.72µm
_13700_,6.72µm
_13716_,6.72µm
_13746_,6.72µm
_13776_,6.72µm
_13826_,6.72µm
_13839_,6.72µm
_13855_,6.72µm
_13994_,6.72µm
_14003_,6.72µm
_14125_,6.72µm
_14145_,6.72µm
_14220_,6.72µm
_14271_,6.72µm
_14272_,6.72µm
_14310_,6.72µm
_14382_,6.72µm
_14403_,6.72µm
_14480_,6.72µm
_14614_,6.72µm
_14656_,6.72µm
_14686_,6.72µm
_14694_,6.72µm
_14751_,6.72µm
_14787_,6.72µm
_14798_,6.72µm
_14804_,6.72µm
_14807_,6.72µm
_14937_,6.72µm
_14988_,6.72µm
_14989_,6.72µm
_14992_,6.72µm
_15004_,6.72µm
_15067_,6.72µm
_15082_,6.72µm
_15112_,6.72µm
_15116_,6.72µm
_15167_,6.72µm
_15235_,6.72µm
_15240_,6.72µm
_15271_,6.72µm
_15277_,6.72µm
_15350_,6.72µm
_15423_,6.72µm
_15424_,6.72µm
_15470_,6.72µm
_15502_,6.72µm
_15509_,6.72µm
_15530_,6.72µm
_15627_,6.72µm
_15673_,6.72µm
_15713_,6.72µm
_15886_,6.72µm
_15908_,6.72µm
_15915_,6.72µm
_15981_,6.72µm
_16090_,6.72µm
_16096_,6.72µm
_16114_,6.72µm
_16117_,6.72µm
_16132_,6.72µm
_16156_,6.72µm
_16160_,6.72µm
_16186_,6.72µm
_16187_,6.72µm
_16190_,6.72µm
_16191_,6.72µm
_16251_,6.72µm
_16282_,6.72µm
_16331_,6.72µm
_16341_,6.72µm
_16356_,6.72µm
_16410_,6.72µm
_16418_,6.72µm
_16492_,6.72µm
_16507_,6.72µm
_16522_,6.72µm
_16543_,6.72µm
_16644_,6.72µm
_16653_,6.72µm
_16705_,6.72µm
_16769_,6.72µm
_16809_,6.72µm
_16847_,6.72µm
_16931_,6.72µm
_16983_,6.72µm
_17106_,6.72µm
_17183_,6.72µm
_17221_,6.72µm
_17241_,6.72µm
_17255_,6.72µm
_17273_,6.72µm
_17284_,6.72µm
_17306_,6.72µm
_17420_,6.72µm
_17443_,6.72µm
_17477_,6.72µm
_17593_,6.72µm
_17600_,6.72µm
_17618_,6.72µm
_17626_,6.72µm
net753,6.72µm
net1273,6.72µm
net1639,6.72µm
net2571,6.72µm
net2712,6.72µm
net3390,6.72µm
_13899_,6.44µm
_02162_,6.31µm
_05268_,6.31µm
_06240_,6.31µm
_10018_,6.31µm
_14846_,6.31µm
_15681_,6.31µm
_17601_,6.31µm
_00628_,6.26µm
_00873_,6.26µm
_00958_,6.26µm
_01864_,6.26µm
_02174_,6.26µm
_02663_,6.26µm
_02718_,6.26µm
_02795_,6.26µm
_03012_,6.26µm
_03148_,6.26µm
_03151_,6.26µm
_03195_,6.26µm
_03741_,6.26µm
_03869_,6.26µm
_04309_,6.26µm
_04530_,6.26µm
_04538_,6.26µm
_04628_,6.26µm
_04772_,6.26µm
_05610_,6.26µm
_05878_,6.26µm
_06017_,6.26µm
_06076_,6.26µm
_06383_,6.26µm
_07017_,6.26µm
_07171_,6.26µm
_07230_,6.26µm
_07896_,6.26µm
_08209_,6.26µm
_08575_,6.26µm
_08992_,6.26µm
_09532_,6.26µm
_09651_,6.26µm
_09772_,6.26µm
_10002_,6.26µm
_10048_,6.26µm
_10192_,6.26µm
_10195_,6.26µm
_10261_,6.26µm
_10585_,6.26µm
_10713_,6.26µm
_11645_,6.26µm
_11656_,6.26µm
_11696_,6.26µm
_11734_,6.26µm
_11751_,6.26µm
_11885_,6.26µm
_11928_,6.26µm
_11994_,6.26µm
_12321_,6.26µm
_12415_,6.26µm
_12463_,6.26µm
_12658_,6.26µm
_12872_,6.26µm
_12874_,6.26µm
_12992_,6.26µm
_13116_,6.26µm
_13123_,6.26µm
_13660_,6.26µm
_14047_,6.26µm
_14274_,6.26µm
_14368_,6.26µm
_14380_,6.26µm
_14845_,6.26µm
_15173_,6.26µm
_15278_,6.26µm
_15331_,6.26µm
_15860_,6.26µm
_16083_,6.26µm
_16210_,6.26µm
_16254_,6.26µm
_16293_,6.26µm
_16452_,6.26µm
_16674_,6.26µm
_16709_,6.26µm
_16933_,6.26µm
_17359_,6.26µm
u_integration_final.integration_inst.quantizer_inst.target_dtype_2\[2\],6.26µm
net437,6.26µm
net771,6.26µm
net1851,6.26µm
_00034_,6.21µm
_00146_,6.21µm
_00162_,6.21µm
_00176_,6.21µm
_00315_,6.21µm
_00397_,6.21µm
_00403_,6.21µm
_00417_,6.21µm
_00522_,6.21µm
_00554_,6.21µm
_00590_,6.21µm
_00618_,6.21µm
_00659_,6.21µm
_00709_,6.21µm
_00713_,6.21µm
_00794_,6.21µm
_00812_,6.21µm
_00914_,6.21µm
_01016_,6.21µm
_01053_,6.21µm
_01054_,6.21µm
_01079_,6.21µm
_01170_,6.21µm
_01212_,6.21µm
_01213_,6.21µm
_01214_,6.21µm
_01251_,6.21µm
_01257_,6.21µm
_01280_,6.21µm
_01324_,6.21µm
_01411_,6.21µm
_01445_,6.21µm
_01457_,6.21µm
_01505_,6.21µm
_01755_,6.21µm
_01769_,6.21µm
_01969_,6.21µm
_02004_,6.21µm
_02168_,6.21µm
_02302_,6.21µm
_02471_,6.21µm
_02584_,6.21µm
_02937_,6.21µm
_03186_,6.21µm
_03206_,6.21µm
_03279_,6.21µm
_03297_,6.21µm
_03346_,6.21µm
_03445_,6.21µm
_03833_,6.21µm
_04032_,6.21µm
_04684_,6.21µm
_04828_,6.21µm
_04867_,6.21µm
_04959_,6.21µm
_05096_,6.21µm
_05105_,6.21µm
_05245_,6.21µm
_05815_,6.21µm
_06027_,6.21µm
_06182_,6.21µm
_06221_,6.21µm
_06390_,6.21µm
_07547_,6.21µm
_07661_,6.21µm
_07816_,6.21µm
_07914_,6.21µm
_07926_,6.21µm
_08140_,6.21µm
_08176_,6.21µm
_08243_,6.21µm
_08314_,6.21µm
_08342_,6.21µm
_08527_,6.21µm
_08631_,6.21µm
_08696_,6.21µm
_08789_,6.21µm
_08804_,6.21µm
_08860_,6.21µm
_08871_,6.21µm
_08884_,6.21µm
_08951_,6.21µm
_08967_,6.21µm
_09011_,6.21µm
_09112_,6.21µm
_09284_,6.21µm
_09316_,6.21µm
_09319_,6.21µm
_09375_,6.21µm
_09411_,6.21µm
_09428_,6.21µm
_09436_,6.21µm
_09465_,6.21µm
_09494_,6.21µm
_09662_,6.21µm
_09767_,6.21µm
_09882_,6.21µm
_09919_,6.21µm
_10030_,6.21µm
_10156_,6.21µm
_10179_,6.21µm
_10447_,6.21µm
_10465_,6.21µm
_11244_,6.21µm
_11341_,6.21µm
_11489_,6.21µm
_11871_,6.21µm
_12158_,6.21µm
_12247_,6.21µm
_12260_,6.21µm
_12394_,6.21µm
_12430_,6.21µm
_12634_,6.21µm
_12865_,6.21µm
_12908_,6.21µm
_12991_,6.21µm
_13000_,6.21µm
_13062_,6.21µm
_13165_,6.21µm
_13461_,6.21µm
_13502_,6.21µm
_13575_,6.21µm
_14169_,6.21µm
_14189_,6.21µm
_14429_,6.21µm
_14490_,6.21µm
_14678_,6.21µm
_14727_,6.21µm
_14783_,6.21µm
_14837_,6.21µm
_14895_,6.21µm
_15298_,6.21µm
_15339_,6.21µm
_15346_,6.21µm
_15466_,6.21µm
_15553_,6.21µm
_15554_,6.21µm
_15663_,6.21µm
_15696_,6.21µm
_15843_,6.21µm
_15867_,6.21µm
_15979_,6.21µm
_16149_,6.21µm
_16154_,6.21µm
_16204_,6.21µm
_16779_,6.21µm
_16850_,6.21µm
_16911_,6.21µm
_16947_,6.21µm
_17104_,6.21µm
_17162_,6.21µm
_17224_,6.21µm
_17281_,6.21µm
_17302_,6.21µm
_17371_,6.21µm
_17391_,6.21µm
_17393_,6.21µm
u_integration_final.integration_inst.reg_bank_inst.accum\[2\]\[12\],6.21µm
u_integration_final.integration_inst.reg_bank_inst.accum\[2\]\[20\],6.21µm
u_integration_final.integration_inst.reg_bank_inst.accum\[5\]\[1\],6.21µm
net2270,6.21µm
_00040_,6.16µm
_00067_,6.16µm
_00205_,6.16µm
_00239_,6.16µm
_00280_,6.16µm
_00281_,6.16µm
_00364_,6.16µm
_00365_,6.16µm
_00548_,6.16µm
_00556_,6.16µm
_00605_,6.16µm
_00694_,6.16µm
_00781_,6.16µm
_00936_,6.16µm
_00942_,6.16µm
_00964_,6.16µm
_00965_,6.16µm
_01003_,6.16µm
_01022_,6.16µm
_01051_,6.16µm
_01064_,6.16µm
_01100_,6.16µm
_01128_,6.16µm
_01158_,6.16µm
_01162_,6.16µm
_01164_,6.16µm
_01239_,6.16µm
_01290_,6.16µm
_01480_,6.16µm
_01513_,6.16µm
_01552_,6.16µm
_01567_,6.16µm
_01595_,6.16µm
_01655_,6.16µm
_01683_,6.16µm
_01689_,6.16µm
_01728_,6.16µm
_01748_,6.16µm
_01752_,6.16µm
_01991_,6.16µm
_02058_,6.16µm
_02325_,6.16µm
_02355_,6.16µm
_02554_,6.16µm
_02577_,6.16µm
_02647_,6.16µm
_02675_,6.16µm
_02684_,6.16µm
_02723_,6.16µm
_02828_,6.16µm
_02915_,6.16µm
_02972_,6.16µm
_03033_,6.16µm
_03372_,6.16µm
_03405_,6.16µm
_03545_,6.16µm
_03632_,6.16µm
_03651_,6.16µm
_03731_,6.16µm
_03737_,6.16µm
_03760_,6.16µm
_03830_,6.16µm
_03982_,6.16µm
_04046_,6.16µm
_04051_,6.16µm
_04058_,6.16µm
_04219_,6.16µm
_04277_,6.16µm
_04285_,6.16µm
_04305_,6.16µm
_04408_,6.16µm
_04409_,6.16µm
_04540_,6.16µm
_04577_,6.16µm
_04613_,6.16µm
_04615_,6.16µm
_04650_,6.16µm
_04698_,6.16µm
_04725_,6.16µm
_04806_,6.16µm
_04909_,6.16µm
_04975_,6.16µm
_05168_,6.16µm
_05189_,6.16µm
_05202_,6.16µm
_05264_,6.16µm
_05318_,6.16µm
_05353_,6.16µm
_05355_,6.16µm
_05422_,6.16µm
_05512_,6.16µm
_05571_,6.16µm
_05635_,6.16µm
_05656_,6.16µm
_05668_,6.16µm
_05723_,6.16µm
_05861_,6.16µm
_05895_,6.16µm
_05912_,6.16µm
_05953_,6.16µm
_05991_,6.16µm
_06135_,6.16µm
_06144_,6.16µm
_06171_,6.16µm
_06310_,6.16µm
_06350_,6.16µm
_06574_,6.16µm
_06622_,6.16µm
_06688_,6.16µm
_06718_,6.16µm
_06722_,6.16µm
_06842_,6.16µm
_06978_,6.16µm
_06986_,6.16µm
_06990_,6.16µm
_07100_,6.16µm
_07133_,6.16µm
_07269_,6.16µm
_07307_,6.16µm
_07311_,6.16µm
_07367_,6.16µm
_07544_,6.16µm
_07678_,6.16µm
_07738_,6.16µm
_07817_,6.16µm
_07877_,6.16µm
_07923_,6.16µm
_07934_,6.16µm
_07949_,6.16µm
_08020_,6.16µm
_08052_,6.16µm
_08112_,6.16µm
_08152_,6.16µm
_08157_,6.16µm
_08275_,6.16µm
_08347_,6.16µm
_08378_,6.16µm
_08388_,6.16µm
_08402_,6.16µm
_08416_,6.16µm
_08477_,6.16µm
_08636_,6.16µm
_08638_,6.16µm
_08697_,6.16µm
_08728_,6.16µm
_08870_,6.16µm
_08898_,6.16µm
_09057_,6.16µm
_09060_,6.16µm
_09110_,6.16µm
_09213_,6.16µm
_09268_,6.16µm
_09285_,6.16µm
_09301_,6.16µm
_09324_,6.16µm
_09339_,6.16µm
_09401_,6.16µm
_09431_,6.16µm
_09481_,6.16µm
_09487_,6.16µm
_09496_,6.16µm
_09542_,6.16µm
_09549_,6.16µm
_09628_,6.16µm
_09686_,6.16µm
_09759_,6.16µm
_09871_,6.16µm
_09935_,6.16µm
_09968_,6.16µm
_10012_,6.16µm
_10022_,6.16µm
_10067_,6.16µm
_10075_,6.16µm
_10104_,6.16µm
_10131_,6.16µm
_10245_,6.16µm
_10249_,6.16µm
_10283_,6.16µm
_10334_,6.16µm
_10365_,6.16µm
_10377_,6.16µm
_10397_,6.16µm
_10405_,6.16µm
_10427_,6.16µm
_10451_,6.16µm
_10459_,6.16µm
_10470_,6.16µm
_10662_,6.16µm
_10677_,6.16µm
_10779_,6.16µm
_10785_,6.16µm
_11121_,6.16µm
_11287_,6.16µm
_11340_,6.16µm
_11472_,6.16µm
_11514_,6.16µm
_11636_,6.16µm
_11671_,6.16µm
_11771_,6.16µm
_11874_,6.16µm
_11990_,6.16µm
_11992_,6.16µm
_12077_,6.16µm
_12128_,6.16µm
_12164_,6.16µm
_12200_,6.16µm
_12221_,6.16µm
_12230_,6.16µm
_12232_,6.16µm
_12280_,6.16µm
_12331_,6.16µm
_12368_,6.16µm
_12371_,6.16µm
_12391_,6.16µm
_12441_,6.16µm
_12466_,6.16µm
_12468_,6.16µm
_12595_,6.16µm
_12639_,6.16µm
_12767_,6.16µm
_12795_,6.16µm
_12907_,6.16µm
_12968_,6.16µm
_12974_,6.16µm
_13047_,6.16µm
_13173_,6.16µm
_13384_,6.16µm
_13392_,6.16µm
_13395_,6.16µm
_13445_,6.16µm
_13482_,6.16µm
_13549_,6.16µm
_13616_,6.16µm
_13676_,6.16µm
_13724_,6.16µm
_13733_,6.16µm
_13764_,6.16µm
_13768_,6.16µm
_13850_,6.16µm
_13936_,6.16µm
_13949_,6.16µm
_13956_,6.16µm
_14108_,6.16µm
_14180_,6.16µm
_14203_,6.16µm
_14223_,6.16µm
_14225_,6.16µm
_14343_,6.16µm
_14441_,6.16µm
_14558_,6.16µm
_14591_,6.16µm
_14625_,6.16µm
_14630_,6.16µm
_14672_,6.16µm
_14684_,6.16µm
_14842_,6.16µm
_14903_,6.16µm
_14983_,6.16µm
_14997_,6.16µm
_15094_,6.16µm
_15341_,6.16µm
_15343_,6.16µm
_15438_,6.16µm
_15446_,6.16µm
_15484_,6.16µm
_15504_,6.16µm
_15543_,6.16µm
_15608_,6.16µm
_15658_,6.16µm
_15704_,6.16µm
_15736_,6.16µm
_15757_,6.16µm
_15771_,6.16µm
_15804_,6.16µm
_16058_,6.16µm
_16097_,6.16µm
_16225_,6.16µm
_16458_,6.16µm
_16520_,6.16µm
_16576_,6.16µm
_16592_,6.16µm
_16655_,6.16µm
_16660_,6.16µm
_16710_,6.16µm
_16773_,6.16µm
_16792_,6.16µm
_16846_,6.16µm
_16905_,6.16µm
_16907_,6.16µm
_16988_,6.16µm
_17074_,6.16µm
_17137_,6.16µm
_17318_,6.16µm
_17346_,6.16µm
_17350_,6.16µm
_17369_,6.16µm
_17400_,6.16µm
_17427_,6.16µm
_17457_,6.16µm
_17481_,6.16µm
_17488_,6.16µm
u_integration_final.integration_inst.quantizer_inst.zp_0\[6\],6.16µm
u_integration_final.integration_inst.reg_bank_inst.accum\[2\]\[0\],6.16µm
u_integration_final.integration_inst.reg_bank_inst.accum\[2\]\[14\],6.16µm
u_integration_final.uart_inst.bg.counter\[22\],6.16µm
net404,6.16µm
net1062,6.16µm
net1099,6.16µm
net1216,6.16µm
net1225,6.16µm
net1810,6.16µm
net2174,6.16µm
net3834,6.16µm
net3907,6.16µm
_05565_,5.8µm
_02515_,5.75µm
_07658_,5.75µm
_08811_,5.75µm
_10268_,5.75µm
_14275_,5.75µm
_15196_,5.75µm
_15970_,5.75µm
_00200_,5.7µm
_00678_,5.7µm
_00856_,5.7µm
_00890_,5.7µm
_00946_,5.7µm
_00971_,5.7µm
_00993_,5.7µm
_01015_,5.7µm
_01019_,5.7µm
_01294_,5.7µm
_01671_,5.7µm
_01792_,5.7µm
_02203_,5.7µm
_02526_,5.7µm
_02690_,5.7µm
_02888_,5.7µm
_03393_,5.7µm
_03497_,5.7µm
_03648_,5.7µm
_03922_,5.7µm
_04177_,5.7µm
_04303_,5.7µm
_04417_,5.7µm
_05322_,5.7µm
_05407_,5.7µm
_05701_,5.7µm
_05748_,5.7µm
_05980_,5.7µm
_06249_,5.7µm
_06263_,5.7µm
_06284_,5.7µm
_06328_,5.7µm
_06663_,5.7µm
_07243_,5.7µm
_07772_,5.7µm
_07803_,5.7µm
_08028_,5.7µm
_08124_,5.7µm
_08178_,5.7µm
_08692_,5.7µm
_08782_,5.7µm
_08880_,5.7µm
_09031_,5.7µm
_09266_,5.7µm
_09311_,5.7µm
_09692_,5.7µm
_09907_,5.7µm
_09925_,5.7µm
_10159_,5.7µm
_10296_,5.7µm
_10384_,5.7µm
_11818_,5.7µm
_12021_,5.7µm
_13143_,5.7µm
_13638_,5.7µm
_13737_,5.7µm
_13841_,5.7µm
_14235_,5.7µm
_14733_,5.7µm
_15187_,5.7µm
_15497_,5.7µm
_15660_,5.7µm
_15914_,5.7µm
_15917_,5.7µm
_16075_,5.7µm
_16164_,5.7µm
_16408_,5.7µm
_16566_,5.7µm
_16888_,5.7µm
_16941_,5.7µm
_17254_,5.7µm
_17551_,5.7µm
u_integration_final.integration_inst.mac_grid_inst.overflow_array\[3\]\[0\],5.7µm
u_integration_final.integration_inst.mac_grid_inst.overflow_array\[8\]\[0\],5.7µm
net1629,5.7µm
net2962,5.7µm
_00166_,5.65µm
_00186_,5.65µm
_00327_,5.65µm
_00376_,5.65µm
_00418_,5.65µm
_00436_,5.65µm
_00452_,5.65µm
_00589_,5.65µm
_00672_,5.65µm
_00761_,5.65µm
_00829_,5.65µm
_00862_,5.65µm
_00865_,5.65µm
_00871_,5.65µm
_00900_,5.65µm
_00926_,5.65µm
_00945_,5.65µm
_00951_,5.65µm
_00994_,5.65µm
_01007_,5.65µm
_01067_,5.65µm
_01095_,5.65µm
_01153_,5.65µm
_01190_,5.65µm
_01206_,5.65µm
_01219_,5.65µm
_01255_,5.65µm
_01261_,5.65µm
_01267_,5.65µm
_01281_,5.65µm
_01327_,5.65µm
_01437_,5.65µm
_01452_,5.65µm
_02033_,5.65µm
_02038_,5.65µm
_02044_,5.65µm
_02093_,5.65µm
_02110_,5.65µm
_02112_,5.65µm
_02142_,5.65µm
_02223_,5.65µm
_02231_,5.65µm
_02246_,5.65µm
_02270_,5.65µm
_02294_,5.65µm
_02384_,5.65µm
_02666_,5.65µm
_02872_,5.65µm
_02924_,5.65µm
_03241_,5.65µm
_03334_,5.65µm
_03361_,5.65µm
_03435_,5.65µm
_03526_,5.65µm
_03573_,5.65µm
_03924_,5.65µm
_03981_,5.65µm
_04644_,5.65µm
_04711_,5.65µm
_04726_,5.65µm
_05236_,5.65µm
_05514_,5.65µm
_06037_,5.65µm
_06396_,5.65µm
_06764_,5.65µm
_06773_,5.65µm
_06785_,5.65µm
_06910_,5.65µm
_06942_,5.65µm
_06955_,5.65µm
_07205_,5.65µm
_07391_,5.65µm
_07902_,5.65µm
_08318_,5.65µm
_08654_,5.65µm
_08766_,5.65µm
_08886_,5.65µm
_08986_,5.65µm
_09017_,5.65µm
_09021_,5.65µm
_09362_,5.65µm
_09519_,5.65µm
_09646_,5.65µm
_09777_,5.65µm
_09921_,5.65µm
_09923_,5.65µm
_09965_,5.65µm
_09975_,5.65µm
_10082_,5.65µm
_10100_,5.65µm
_10123_,5.65µm
_10148_,5.65µm
_10169_,5.65µm
_10396_,5.65µm
_10500_,5.65µm
_10608_,5.65µm
_10675_,5.65µm
_11382_,5.65µm
_11408_,5.65µm
_11524_,5.65µm
_11533_,5.65µm
_11534_,5.65µm
_11658_,5.65µm
_11679_,5.65µm
_12055_,5.65µm
_12172_,5.65µm
_12298_,5.65µm
_12353_,5.65µm
_12534_,5.65µm
_12562_,5.65µm
_12969_,5.65µm
_13084_,5.65µm
_13110_,5.65µm
_13140_,5.65µm
_13208_,5.65µm
_13349_,5.65µm
_13412_,5.65µm
_13472_,5.65µm
_13581_,5.65µm
_13836_,5.65µm
_13857_,5.65µm
_13870_,5.65µm
_14051_,5.65µm
_14079_,5.65µm
_14222_,5.65µm
_14595_,5.65µm
_14703_,5.65µm
_14843_,5.65µm
_14873_,5.65µm
_14878_,5.65µm
_15186_,5.65µm
_15347_,5.65µm
_15454_,5.65µm
_15513_,5.65µm
_15560_,5.65µm
_15802_,5.65µm
_16182_,5.65µm
_16318_,5.65µm
_16428_,5.65µm
_16442_,5.65µm
_16570_,5.65µm
_16609_,5.65µm
_16614_,5.65µm
_16673_,5.65µm
_16899_,5.65µm
_17156_,5.65µm
_17287_,5.65µm
_17323_,5.65µm
_17348_,5.65µm
_17408_,5.65µm
_17628_,5.65µm
u_integration_final.integration_inst.reg_bank_inst.accum\[0\]\[4\],5.65µm
u_integration_final.integration_inst.reg_bank_inst.accum\[3\]\[22\],5.65µm
u_integration_final.integration_inst.reg_bank_inst.cols_a_d\[0\]\[1\],5.65µm
u_integration_final.integration_inst.reg_bank_inst.rows_a_d\[0\]\[0\],5.65µm
net3153,5.65µm
net3622,5.65µm
_00141_,5.6µm
_00249_,5.6µm
_00256_,5.6µm
_00274_,5.6µm
_00355_,5.6µm
_00367_,5.6µm
_00370_,5.6µm
_00400_,5.6µm
_00415_,5.6µm
_00448_,5.6µm
_00461_,5.6µm
_00549_,5.6µm
_00553_,5.6µm
_00570_,5.6µm
_00624_,5.6µm
_00647_,5.6µm
_00744_,5.6µm
_00774_,5.6µm
_00776_,5.6µm
_00792_,5.6µm
_00808_,5.6µm
_00810_,5.6µm
_00811_,5.6µm
_00828_,5.6µm
_00837_,5.6µm
_00852_,5.6µm
_00875_,5.6µm
_00879_,5.6µm
_00918_,5.6µm
_01023_,5.6µm
_01025_,5.6µm
_01027_,5.6µm
_01109_,5.6µm
_01141_,5.6µm
_01143_,5.6µm
_01172_,5.6µm
_01210_,5.6µm
_01223_,5.6µm
_01271_,5.6µm
_01272_,5.6µm
_01297_,5.6µm
_01334_,5.6µm
_01349_,5.6µm
_01407_,5.6µm
_01410_,5.6µm
_01463_,5.6µm
_01464_,5.6µm
_01478_,5.6µm
_01479_,5.6µm
_01580_,5.6µm
_01716_,5.6µm
_01762_,5.6µm
_01802_,5.6µm
_01920_,5.6µm
_01974_,5.6µm
_01977_,5.6µm
_02018_,5.6µm
_02100_,5.6µm
_02156_,5.6µm
_02251_,5.6µm
_02266_,5.6µm
_02272_,5.6µm
_02425_,5.6µm
_02574_,5.6µm
_02615_,5.6µm
_02649_,5.6µm
_02737_,5.6µm
_02757_,5.6µm
_02805_,5.6µm
_02905_,5.6µm
_02944_,5.6µm
_02984_,5.6µm
_03086_,5.6µm
_03135_,5.6µm
_03223_,5.6µm
_03246_,5.6µm
_03303_,5.6µm
_03316_,5.6µm
_03422_,5.6µm
_03636_,5.6µm
_03665_,5.6µm
_03667_,5.6µm
_03882_,5.6µm
_03925_,5.6µm
_03933_,5.6µm
_03967_,5.6µm
_04168_,5.6µm
_04201_,5.6µm
_04204_,5.6µm
_04218_,5.6µm
_04369_,5.6µm
_04419_,5.6µm
_04445_,5.6µm
_04500_,5.6µm
_04785_,5.6µm
_04805_,5.6µm
_04903_,5.6µm
_04991_,5.6µm
_04996_,5.6µm
_05132_,5.6µm
_05138_,5.6µm
_05205_,5.6µm
_05300_,5.6µm
_05320_,5.6µm
_05325_,5.6µm
_05326_,5.6µm
_05344_,5.6µm
_05451_,5.6µm
_05461_,5.6µm
_05518_,5.6µm
_05604_,5.6µm
_05608_,5.6µm
_05637_,5.6µm
_05679_,5.6µm
_05779_,5.6µm
_05865_,5.6µm
_05921_,5.6µm
_05929_,5.6µm
_05935_,5.6µm
_06019_,5.6µm
_06071_,5.6µm
_06258_,5.6µm
_06562_,5.6µm
_06646_,5.6µm
_06671_,5.6µm
_06719_,5.6µm
_06754_,5.6µm
_06914_,5.6µm
_06937_,5.6µm
_06963_,5.6µm
_07041_,5.6µm
_07052_,5.6µm
_07068_,5.6µm
_07707_,5.6µm
_07754_,5.6µm
_07756_,5.6µm
_07785_,5.6µm
_07800_,5.6µm
_07802_,5.6µm
_07825_,5.6µm
_07835_,5.6µm
_08101_,5.6µm
_08154_,5.6µm
_08245_,5.6µm
_08281_,5.6µm
_08319_,5.6µm
_08321_,5.6µm
_08390_,5.6µm
_08405_,5.6µm
_08429_,5.6µm
_08600_,5.6µm
_08601_,5.6µm
_08630_,5.6µm
_08663_,5.6µm
_08666_,5.6µm
_08819_,5.6µm
_08824_,5.6µm
_08833_,5.6µm
_08859_,5.6µm
_08929_,5.6µm
_08962_,5.6µm
_09002_,5.6µm
_09243_,5.6µm
_09367_,5.6µm
_09372_,5.6µm
_09399_,5.6µm
_09464_,5.6µm
_09558_,5.6µm
_09578_,5.6µm
_09620_,5.6µm
_09630_,5.6µm
_09721_,5.6µm
_09764_,5.6µm
_09784_,5.6µm
_09861_,5.6µm
_09892_,5.6µm
_09896_,5.6µm
_09915_,5.6µm
_09946_,5.6µm
_09963_,5.6µm
_09999_,5.6µm
_10006_,5.6µm
_10084_,5.6µm
_10111_,5.6µm
_10118_,5.6µm
_10142_,5.6µm
_10154_,5.6µm
_10522_,5.6µm
_10544_,5.6µm
_10599_,5.6µm
_10670_,5.6µm
_10691_,5.6µm
_10737_,5.6µm
_11092_,5.6µm
_11272_,5.6µm
_11308_,5.6µm
_11314_,5.6µm
_11438_,5.6µm
_11606_,5.6µm
_11629_,5.6µm
_11721_,5.6µm
_11762_,5.6µm
_11786_,5.6µm
_11839_,5.6µm
_11924_,5.6µm
_12024_,5.6µm
_12038_,5.6µm
_12150_,5.6µm
_12190_,5.6µm
_12206_,5.6µm
_12234_,5.6µm
_12367_,5.6µm
_12437_,5.6µm
_12513_,5.6µm
_12606_,5.6µm
_12839_,5.6µm
_12909_,5.6µm
_12948_,5.6µm
_13128_,5.6µm
_13230_,5.6µm
_13233_,5.6µm
_13325_,5.6µm
_13345_,5.6µm
_13397_,5.6µm
_13450_,5.6µm
_13463_,5.6µm
_13565_,5.6µm
_13634_,5.6µm
_13667_,5.6µm
_13759_,5.6µm
_13883_,5.6µm
_13953_,5.6µm
_14127_,5.6µm
_14190_,5.6µm
_14210_,5.6µm
_14217_,5.6µm
_14279_,5.6µm
_14286_,5.6µm
_14304_,5.6µm
_14328_,5.6µm
_14391_,5.6µm
_14414_,5.6µm
_14590_,5.6µm
_14627_,5.6µm
_14636_,5.6µm
_14716_,5.6µm
_14746_,5.6µm
_14818_,5.6µm
_14821_,5.6µm
_14954_,5.6µm
_14978_,5.6µm
_14981_,5.6µm
_15132_,5.6µm
_15180_,5.6µm
_15245_,5.6µm
_15259_,5.6µm
_15296_,5.6µm
_15351_,5.6µm
_15442_,5.6µm
_15547_,5.6µm
_15559_,5.6µm
_15635_,5.6µm
_15665_,5.6µm
_15721_,5.6µm
_15737_,5.6µm
_15781_,5.6µm
_15922_,5.6µm
_15952_,5.6µm
_15987_,5.6µm
_16057_,5.6µm
_16080_,5.6µm
_16196_,5.6µm
_16324_,5.6µm
_16370_,5.6µm
_16386_,5.6µm
_16427_,5.6µm
_16436_,5.6µm
_16583_,5.6µm
_16593_,5.6µm
_16605_,5.6µm
_16808_,5.6µm
_16914_,5.6µm
_16951_,5.6µm
_16975_,5.6µm
_17037_,5.6µm
_17098_,5.6µm
_17102_,5.6µm
_17182_,5.6µm
_17214_,5.6µm
_17264_,5.6µm
_17354_,5.6µm
_17390_,5.6µm
_17538_,5.6µm
_17571_,5.6µm
_17583_,5.6µm
u_integration_final.uart_inst.bg.counter\[10\],5.6µm
net382,5.6µm
net695,5.6µm
net709,5.6µm
net880,5.6µm
net3499,5.6µm
net3672,5.6µm
net3705,5.6µm
net3866,5.6µm
_07380_,5.32µm
_14075_,5.32µm
_05892_,5.19µm
_13625_,5.19µm
_00253_,5.14µm
_00259_,5.14µm
_00354_,5.14µm
_00404_,5.14µm
_02372_,5.14µm
_02594_,5.14µm
_02756_,5.14µm
_03091_,5.14µm
_03156_,5.14µm
_04542_,5.14µm
_04972_,5.14µm
_05343_,5.14µm
_06065_,5.14µm
_06192_,5.14µm
_06743_,5.14µm
_07414_,5.14µm
_07619_,5.14µm
_07709_,5.14µm
_07718_,5.14µm
_07905_,5.14µm
_08220_,5.14µm
_08240_,5.14µm
_08337_,5.14µm
_08412_,5.14µm
_08733_,5.14µm
_08832_,5.14µm
_09022_,5.14µm
_09032_,5.14µm
_09093_,5.14µm
_09236_,5.14µm
_09383_,5.14µm
_09732_,5.14µm
_09912_,5.14µm
_10077_,5.14µm
_10996_,5.14µm
_11000_,5.14µm
_11794_,5.14µm
_12026_,5.14µm
_12314_,5.14µm
_12550_,5.14µm
_12881_,5.14µm
_13010_,5.14µm
_13860_,5.14µm
_14632_,5.14µm
_14687_,5.14µm
_15373_,5.14µm
_15641_,5.14µm
_15801_,5.14µm
_15928_,5.14µm
_16115_,5.14µm
_16273_,5.14µm
_16518_,5.14µm
_17027_,5.14µm
_17029_,5.14µm
_17062_,5.14µm
_17170_,5.14µm
_17177_,5.14µm
_17504_,5.14µm
_00031_,5.09µm
_00244_,5.09µm
_00348_,5.09µm
_00368_,5.09µm
_00413_,5.09µm
_00512_,5.09µm
_00550_,5.09µm
_00649_,5.09µm
_00652_,5.09µm
_00752_,5.09µm
_00778_,5.09µm
_00793_,5.09µm
_00838_,5.09µm
_00861_,5.09µm
_00947_,5.09µm
_00967_,5.09µm
_00982_,5.09µm
_01132_,5.09µm
_01173_,5.09µm
_01181_,5.09µm
_01291_,5.09µm
_01318_,5.09µm
_01427_,5.09µm
_01470_,5.09µm
_01540_,5.09µm
_01696_,5.09µm
_01793_,5.09µm
_01882_,5.09µm
_02105_,5.09µm
_02106_,5.09µm
_02127_,5.09µm
_02314_,5.09µm
_02503_,5.09µm
_03051_,5.09µm
_03327_,5.09µm
_03548_,5.09µm
_03676_,5.09µm
_04659_,5.09µm
_04761_,5.09µm
_05115_,5.09µm
_05175_,5.09µm
_05490_,5.09µm
_05944_,5.09µm
_06126_,5.09µm
_06162_,5.09µm
_06176_,5.09µm
_06214_,5.09µm
_06427_,5.09µm
_06763_,5.09µm
_07097_,5.09µm
_07190_,5.09µm
_07420_,5.09µm
_07428_,5.09µm
_07438_,5.09µm
_08625_,5.09µm
_08648_,5.09µm
_08661_,5.09µm
_08687_,5.09µm
_08988_,5.09µm
_09010_,5.09µm
_09206_,5.09µm
_09249_,5.09µm
_09346_,5.09µm
_09371_,5.09µm
_09415_,5.09µm
_09475_,5.09µm
_09590_,5.09µm
_09820_,5.09µm
_09954_,5.09µm
_10076_,5.09µm
_10117_,5.09µm
_10326_,5.09µm
_10341_,5.09µm
_10362_,5.09µm
_10385_,5.09µm
_10415_,5.09µm
_10442_,5.09µm
_10462_,5.09µm
_10505_,5.09µm
_10532_,5.09µm
_10593_,5.09µm
_10642_,5.09µm
_10725_,5.09µm
_10895_,5.09µm
_11300_,5.09µm
_12271_,5.09µm
_12317_,5.09µm
_12328_,5.09µm
_12628_,5.09µm
_12980_,5.09µm
_13112_,5.09µm
_13134_,5.09µm
_13167_,5.09µm
_13174_,5.09µm
_13419_,5.09µm
_13828_,5.09µm
_13937_,5.09µm
_14276_,5.09µm
_14605_,5.09µm
_14959_,5.09µm
_14974_,5.09µm
_15481_,5.09µm
_15552_,5.09µm
_15577_,5.09µm
_15612_,5.09µm
_15763_,5.09µm
_15815_,5.09µm
_15890_,5.09µm
_16086_,5.09µm
_16162_,5.09µm
_16274_,5.09µm
_16509_,5.09µm
_16580_,5.09µm
_16581_,5.09µm
_16585_,5.09µm
_16610_,5.09µm
_17069_,5.09µm
u_integration_final.integration_inst.reg_bank_inst.accum\[2\]\[11\],5.09µm
net1598,5.09µm
_00035_,5.04µm
_00047_,5.04µm
_00053_,5.04µm
_00086_,5.04µm
_00098_,5.04µm
_00110_,5.04µm
_00161_,5.04µm
_00181_,5.04µm
_00202_,5.04µm
_00215_,5.04µm
_00220_,5.04µm
_00232_,5.04µm
_00235_,5.04µm
_00257_,5.04µm
_00286_,5.04µm
_00320_,5.04µm
_00329_,5.04µm
_00353_,5.04µm
_00372_,5.04µm
_00374_,5.04µm
_00477_,5.04µm
_00480_,5.04µm
_00496_,5.04µm
_00542_,5.04µm
_00560_,5.04µm
_00562_,5.04µm
_00581_,5.04µm
_00634_,5.04µm
_00641_,5.04µm
_00655_,5.04µm
_00660_,5.04µm
_00716_,5.04µm
_00720_,5.04µm
_00738_,5.04µm
_00741_,5.04µm
_00742_,5.04µm
_00748_,5.04µm
_00756_,5.04µm
_00770_,5.04µm
_00777_,5.04µm
_00780_,5.04µm
_00807_,5.04µm
_00817_,5.04µm
_00831_,5.04µm
_00840_,5.04µm
_00844_,5.04µm
_00845_,5.04µm
_00857_,5.04µm
_00876_,5.04µm
_00889_,5.04µm
_00916_,5.04µm
_00919_,5.04µm
_00920_,5.04µm
_00923_,5.04µm
_00925_,5.04µm
_00974_,5.04µm
_00991_,5.04µm
_01013_,5.04µm
_01035_,5.04µm
_01049_,5.04µm
_01124_,5.04µm
_01140_,5.04µm
_01144_,5.04µm
_01167_,5.04µm
_01171_,5.04µm
_01174_,5.04µm
_01203_,5.04µm
_01217_,5.04µm
_01231_,5.04µm
_01240_,5.04µm
_01242_,5.04µm
_01249_,5.04µm
_01252_,5.04µm
_01262_,5.04µm
_01268_,5.04µm
_01270_,5.04µm
_01289_,5.04µm
_01295_,5.04µm
_01342_,5.04µm
_01347_,5.04µm
_01364_,5.04µm
_01373_,5.04µm
_01395_,5.04µm
_01399_,5.04µm
_01402_,5.04µm
_01409_,5.04µm
_01431_,5.04µm
_01450_,5.04µm
_01453_,5.04µm
_01527_,5.04µm
_01544_,5.04µm
_01572_,5.04µm
_01578_,5.04µm
_01929_,5.04µm
_01966_,5.04µm
_01999_,5.04µm
_02000_,5.04µm
_02028_,5.04µm
_02048_,5.04µm
_02070_,5.04µm
_02102_,5.04µm
_02107_,5.04µm
_02122_,5.04µm
_02137_,5.04µm
_02139_,5.04µm
_02187_,5.04µm
_02417_,5.04µm
_02434_,5.04µm
_02553_,5.04µm
_02560_,5.04µm
_02572_,5.04µm
_02593_,5.04µm
_02625_,5.04µm
_02720_,5.04µm
_03073_,5.04µm
_03082_,5.04µm
_03095_,5.04µm
_03198_,5.04µm
_03522_,5.04µm
_03595_,5.04µm
_03601_,5.04µm
_03660_,5.04µm
_03802_,5.04µm
_03803_,5.04µm
_03885_,5.04µm
_03971_,5.04µm
_04118_,5.04µm
_04156_,5.04µm
_04178_,5.04µm
_04308_,5.04µm
_04388_,5.04µm
_04436_,5.04µm
_04570_,5.04µm
_04677_,5.04µm
_04723_,5.04µm
_04752_,5.04µm
_04879_,5.04µm
_04973_,5.04µm
_05046_,5.04µm
_05155_,5.04µm
_05295_,5.04µm
_05311_,5.04µm
_05334_,5.04µm
_05372_,5.04µm
_05430_,5.04µm
_05492_,5.04µm
_05552_,5.04µm
_05558_,5.04µm
_05655_,5.04µm
_05795_,5.04µm
_05817_,5.04µm
_05859_,5.04µm
_05916_,5.04µm
_05949_,5.04µm
_06046_,5.04µm
_06047_,5.04µm
_06058_,5.04µm
_06169_,5.04µm
_06369_,5.04µm
_06634_,5.04µm
_06639_,5.04µm
_06753_,5.04µm
_06812_,5.04µm
_06861_,5.04µm
_06869_,5.04µm
_06895_,5.04µm
_06935_,5.04µm
_07063_,5.04µm
_07146_,5.04µm
_07253_,5.04µm
_07481_,5.04µm
_07542_,5.04µm
_07643_,5.04µm
_07765_,5.04µm
_07778_,5.04µm
_07828_,5.04µm
_07839_,5.04µm
_07903_,5.04µm
_08017_,5.04µm
_08037_,5.04µm
_08105_,5.04µm
_08162_,5.04µm
_08163_,5.04µm
_08264_,5.04µm
_08271_,5.04µm
_08300_,5.04µm
_08396_,5.04µm
_08742_,5.04µm
_08807_,5.04µm
_08820_,5.04µm
_08850_,5.04µm
_08969_,5.04µm
_09013_,5.04µm
_09035_,5.04µm
_09124_,5.04µm
_09140_,5.04µm
_09245_,5.04µm
_09296_,5.04µm
_09326_,5.04µm
_09354_,5.04µm
_09369_,5.04µm
_09451_,5.04µm
_09574_,5.04µm
_09609_,5.04µm
_09667_,5.04µm
_09932_,5.04µm
_09948_,5.04µm
_09957_,5.04µm
_10000_,5.04µm
_10130_,5.04µm
_10139_,5.04µm
_10162_,5.04µm
_10182_,5.04µm
_10197_,5.04µm
_10229_,5.04µm
_10255_,5.04µm
_10282_,5.04µm
_10291_,5.04µm
_10328_,5.04µm
_10431_,5.04µm
_10440_,5.04µm
_10517_,5.04µm
_10534_,5.04µm
_10595_,5.04µm
_10625_,5.04µm
_10702_,5.04µm
_10726_,5.04µm
_11269_,5.04µm
_11271_,5.04µm
_11281_,5.04µm
_11291_,5.04µm
_11388_,5.04µm
_11412_,5.04µm
_11440_,5.04µm
_11493_,5.04µm
_11495_,5.04µm
_11572_,5.04µm
_11581_,5.04µm
_11605_,5.04µm
_11625_,5.04µm
_11670_,5.04µm
_11819_,5.04µm
_11861_,5.04µm
_11920_,5.04µm
_11961_,5.04µm
_11972_,5.04µm
_11999_,5.04µm
_12119_,5.04µm
_12135_,5.04µm
_12148_,5.04µm
_12166_,5.04µm
_12231_,5.04µm
_12235_,5.04µm
_12309_,5.04µm
_12337_,5.04µm
_12364_,5.04µm
_12417_,5.04µm
_12499_,5.04µm
_12520_,5.04µm
_12530_,5.04µm
_12551_,5.04µm
_12557_,5.04µm
_12717_,5.04µm
_12742_,5.04µm
_12761_,5.04µm
_12875_,5.04µm
_13032_,5.04µm
_13052_,5.04µm
_13121_,5.04µm
_13131_,5.04µm
_13139_,5.04µm
_13153_,5.04µm
_13223_,5.04µm
_13225_,5.04µm
_13238_,5.04µm
_13287_,5.04µm
_13322_,5.04µm
_13442_,5.04µm
_13528_,5.04µm
_13742_,5.04µm
_13820_,5.04µm
_13887_,5.04µm
_13948_,5.04µm
_13957_,5.04µm
_13964_,5.04µm
_14010_,5.04µm
_14042_,5.04µm
_14054_,5.04µm
_14074_,5.04µm
_14103_,5.04µm
_14123_,5.04µm
_14297_,5.04µm
_14302_,5.04µm
_14400_,5.04µm
_14523_,5.04µm
_14589_,5.04µm
_14603_,5.04µm
_14767_,5.04µm
_14794_,5.04µm
_14847_,5.04µm
_14877_,5.04µm
_15101_,5.04µm
_15117_,5.04µm
_15124_,5.04µm
_15136_,5.04µm
_15190_,5.04µm
_15217_,5.04µm
_15261_,5.04µm
_15318_,5.04µm
_15326_,5.04µm
_15374_,5.04µm
_15439_,5.04µm
_15457_,5.04µm
_15528_,5.04µm
_15540_,5.04µm
_15558_,5.04µm
_15678_,5.04µm
_15697_,5.04µm
_15805_,5.04µm
_15827_,5.04µm
_15874_,5.04µm
_15894_,5.04µm
_15899_,5.04µm
_16023_,5.04µm
_16184_,5.04µm
_16188_,5.04µm
_16230_,5.04µm
_16247_,5.04µm
_16257_,5.04µm
_16304_,5.04µm
_16379_,5.04µm
_16480_,5.04µm
_16532_,5.04µm
_16699_,5.04µm
_16738_,5.04µm
_16896_,5.04µm
_16916_,5.04µm
_16970_,5.04µm
_16993_,5.04µm
_17076_,5.04µm
_17199_,5.04µm
_17311_,5.04µm
_17338_,5.04µm
_17464_,5.04µm
u_integration_final.uart_inst.bg.counter\[16\],5.04µm
u_integration_final.uart_inst.bg.counter\[28\],5.04µm
u_integration_final.uart_inst.bg.counter\[7\],5.04µm
u_integration_final.uart_inst.ut.count16\[2\],5.04µm
net780,5.04µm
net1245,5.04µm
net1496,5.04µm
net1716,5.04µm
net1745,5.04µm
net2437,5.04µm
net3215,5.04µm
net3421,5.04µm
net3781,5.04µm
_01688_,4.76µm
_17530_,4.76µm
_05819_,4.63µm
_10081_,4.63µm
_10543_,4.63µm
_10634_,4.63µm
_10697_,4.63µm
_00760_,4.58µm
_00928_,4.58µm
_01608_,4.58µm
_03112_,4.58µm
_03403_,4.58µm
_03735_,4.58µm
_03844_,4.58µm
_04495_,4.58µm
_04743_,4.58µm
_05927_,4.58µm
_06372_,4.58µm
_06748_,4.58µm
_06884_,4.58µm
_07139_,4.58µm
_07245_,4.58µm
_07410_,4.58µm
_07628_,4.58µm
_08184_,4.58µm
_08229_,4.58µm
_08242_,4.58µm
_09014_,4.58µm
_09294_,4.58µm
_09389_,4.58µm
_09466_,4.58µm
_09484_,4.58µm
_09738_,4.58µm
_09934_,4.58µm
_10146_,4.58µm
_10383_,4.58µm
_10448_,4.58µm
_10641_,4.58µm
_11619_,4.58µm
_12040_,4.58µm
_12347_,4.58µm
_12471_,4.58µm
_13061_,4.58µm
_13232_,4.58µm
_13512_,4.58µm
_13721_,4.58µm
_14362_,4.58µm
_14505_,4.58µm
_14673_,4.58µm
_14709_,4.58µm
_14942_,4.58µm
_15656_,4.58µm
_15906_,4.58µm
_15994_,4.58µm
_16181_,4.58µm
_16183_,4.58µm
_16406_,4.58µm
_16561_,4.58µm
_16602_,4.58µm
_16698_,4.58µm
_17023_,4.58µm
u_integration_final.integration_inst.quantizer_inst.shifted_data\[47\],4.58µm
net1963,4.58µm
net2207,4.58µm
_00081_,4.53µm
_00203_,4.53µm
_00334_,4.53µm
_00815_,4.53µm
_01220_,4.53µm
_01253_,4.53µm
_01875_,4.53µm
_01981_,4.53µm
_02134_,4.53µm
_02317_,4.53µm
_02357_,4.53µm
_02465_,4.53µm
_03079_,4.53µm
_03612_,4.53µm
_04392_,4.53µm
_05744_,4.53µm
_06523_,4.53µm
_06823_,4.53µm
_07564_,4.53µm
_07888_,4.53µm
_07984_,4.53µm
_08005_,4.53µm
_08148_,4.53µm
_08409_,4.53µm
_08442_,4.53µm
_08490_,4.53µm
_08607_,4.53µm
_08713_,4.53µm
_08822_,4.53µm
_08945_,4.53µm
_08960_,4.53µm
_09199_,4.53µm
_09700_,4.53µm
_09774_,4.53µm
_09864_,4.53µm
_09872_,4.53µm
_10005_,4.53µm
_10373_,4.53µm
_10422_,4.53µm
_10511_,4.53µm
_10706_,4.53µm
_10796_,4.53µm
_11465_,4.53µm
_12151_,4.53µm
_12274_,4.53µm
_12299_,4.53µm
_12322_,4.53µm
_12410_,4.53µm
_12651_,4.53µm
_12832_,4.53µm
_12868_,4.53µm
_13045_,4.53µm
_13098_,4.53µm
_13122_,4.53µm
_13825_,4.53µm
_13852_,4.53µm
_14032_,4.53µm
_14040_,4.53µm
_14295_,4.53µm
_14525_,4.53µm
_14879_,4.53µm
_15421_,4.53µm
_15450_,4.53µm
_15546_,4.53µm
_15816_,4.53µm
_15847_,4.53µm
_16107_,4.53µm
_16625_,4.53µm
_17052_,4.53µm
_17166_,4.53µm
net2460,4.53µm
net3241,4.53µm
net3771,4.53µm
_00003_,4.48µm
_00131_,4.48µm
_00134_,4.48µm
_00233_,4.48µm
_00337_,4.48µm
_00425_,4.48µm
_00430_,4.48µm
_00488_,4.48µm
_00490_,4.48µm
_00501_,4.48µm
_00525_,4.48µm
_00530_,4.48µm
_00546_,4.48µm
_00551_,4.48µm
_00575_,4.48µm
_00585_,4.48µm
_00593_,4.48µm
_00606_,4.48µm
_00617_,4.48µm
_00625_,4.48µm
_00630_,4.48µm
_00690_,4.48µm
_00704_,4.48µm
_00721_,4.48µm
_00747_,4.48µm
_00751_,4.48µm
_00763_,4.48µm
_00775_,4.48µm
_00824_,4.48µm
_00846_,4.48µm
_00847_,4.48µm
_00851_,4.48µm
_00887_,4.48µm
_00903_,4.48µm
_00904_,4.48µm
_00927_,4.48µm
_00975_,4.48µm
_00983_,4.48µm
_00997_,4.48µm
_01011_,4.48µm
_01024_,4.48µm
_01026_,4.48µm
_01029_,4.48µm
_01050_,4.48µm
_01052_,4.48µm
_01058_,4.48µm
_01093_,4.48µm
_01098_,4.48µm
_01099_,4.48µm
_01122_,4.48µm
_01131_,4.48µm
_01145_,4.48µm
_01157_,4.48µm
_01166_,4.48µm
_01178_,4.48µm
_01202_,4.48µm
_01207_,4.48µm
_01226_,4.48µm
_01229_,4.48µm
_01235_,4.48µm
_01238_,4.48µm
_01250_,4.48µm
_01285_,4.48µm
_01293_,4.48µm
_01305_,4.48µm
_01308_,4.48µm
_01335_,4.48µm
_01343_,4.48µm
_01344_,4.48µm
_01353_,4.48µm
_01359_,4.48µm
_01360_,4.48µm
_01362_,4.48µm
_01372_,4.48µm
_01389_,4.48µm
_01412_,4.48µm
_01413_,4.48µm
_01417_,4.48µm
_01422_,4.48µm
_01459_,4.48µm
_01460_,4.48µm
_01487_,4.48µm
_01503_,4.48µm
_01516_,4.48µm
_01525_,4.48µm
_01547_,4.48µm
_01549_,4.48µm
_01556_,4.48µm
_01563_,4.48µm
_01618_,4.48µm
_01644_,4.48µm
_01684_,4.48µm
_01771_,4.48µm
_01902_,4.48µm
_01983_,4.48µm
_02001_,4.48µm
_02005_,4.48µm
_02051_,4.48µm
_02121_,4.48µm
_02151_,4.48µm
_02155_,4.48µm
_02164_,4.48µm
_02169_,4.48µm
_02245_,4.48µm
_02249_,4.48µm
_02279_,4.48µm
_02310_,4.48µm
_02339_,4.48µm
_02406_,4.48µm
_02418_,4.48µm
_02422_,4.48µm
_02477_,4.48µm
_02487_,4.48µm
_02522_,4.48µm
_02536_,4.48µm
_02582_,4.48µm
_02633_,4.48µm
_02641_,4.48µm
_02695_,4.48µm
_02713_,4.48µm
_02772_,4.48µm
_02878_,4.48µm
_02922_,4.48µm
_03088_,4.48µm
_03240_,4.48µm
_03243_,4.48µm
_03245_,4.48µm
_03343_,4.48µm
_03378_,4.48µm
_03460_,4.48µm
_03613_,4.48µm
_03619_,4.48µm
_03697_,4.48µm
_03721_,4.48µm
_03786_,4.48µm
_03795_,4.48µm
_03863_,4.48µm
_04430_,4.48µm
_04435_,4.48µm
_04536_,4.48µm
_04551_,4.48µm
_04553_,4.48µm
_04611_,4.48µm
_04804_,4.48µm
_04974_,4.48µm
_05033_,4.48µm
_05074_,4.48µm
_05123_,4.48µm
_05162_,4.48µm
_05211_,4.48µm
_05225_,4.48µm
_05294_,4.48µm
_05411_,4.48µm
_05437_,4.48µm
_05507_,4.48µm
_05524_,4.48µm
_05564_,4.48µm
_05683_,4.48µm
_05839_,4.48µm
_06074_,4.48µm
_06316_,4.48µm
_06408_,4.48µm
_06518_,4.48µm
_06540_,4.48µm
_06565_,4.48µm
_06579_,4.48µm
_06611_,4.48µm
_06651_,4.48µm
_06658_,4.48µm
_06724_,4.48µm
_06747_,4.48µm
_06755_,4.48µm
_06757_,4.48µm
_06790_,4.48µm
_06795_,4.48µm
_06825_,4.48µm
_07010_,4.48µm
_07042_,4.48µm
_07089_,4.48µm
_07189_,4.48µm
_07204_,4.48µm
_07240_,4.48µm
_07246_,4.48µm
_07294_,4.48µm
_07359_,4.48µm
_07389_,4.48µm
_07433_,4.48µm
_07582_,4.48µm
_07597_,4.48µm
_07669_,4.48µm
_07680_,4.48µm
_07693_,4.48µm
_07696_,4.48µm
_07753_,4.48µm
_07781_,4.48µm
_07794_,4.48µm
_07799_,4.48µm
_07801_,4.48µm
_07838_,4.48µm
_07851_,4.48µm
_07860_,4.48µm
_07900_,4.48µm
_07920_,4.48µm
_07951_,4.48µm
_07987_,4.48µm
_08070_,4.48µm
_08082_,4.48µm
_08090_,4.48µm
_08104_,4.48µm
_08233_,4.48µm
_08302_,4.48µm
_08353_,4.48µm
_08404_,4.48µm
_08500_,4.48µm
_08526_,4.48µm
_08606_,4.48µm
_08642_,4.48µm
_08651_,4.48µm
_08671_,4.48µm
_08683_,4.48µm
_08780_,4.48µm
_08813_,4.48µm
_08834_,4.48µm
_08872_,4.48µm
_08933_,4.48µm
_08947_,4.48µm
_08994_,4.48µm
_09020_,4.48µm
_09069_,4.48µm
_09072_,4.48µm
_09113_,4.48µm
_09159_,4.48µm
_09191_,4.48µm
_09202_,4.48µm
_09222_,4.48µm
_09255_,4.48µm
_09322_,4.48µm
_09332_,4.48µm
_09338_,4.48µm
_09364_,4.48µm
_09393_,4.48µm
_09403_,4.48µm
_09405_,4.48µm
_09479_,4.48µm
_09598_,4.48µm
_09611_,4.48µm
_09697_,4.48µm
_09704_,4.48µm
_09783_,4.48µm
_09832_,4.48µm
_10028_,4.48µm
_10054_,4.48µm
_10058_,4.48µm
_10078_,4.48µm
_10183_,4.48µm
_10198_,4.48µm
_10254_,4.48µm
_10299_,4.48µm
_10303_,4.48µm
_10355_,4.48µm
_10404_,4.48µm
_10428_,4.48µm
_10436_,4.48µm
_10441_,4.48µm
_10455_,4.48µm
_10467_,4.48µm
_10490_,4.48µm
_10536_,4.48µm
_10540_,4.48µm
_10565_,4.48µm
_10623_,4.48µm
_10648_,4.48µm
_10650_,4.48µm
_10718_,4.48µm
_10736_,4.48µm
_10797_,4.48µm
_11077_,4.48µm
_11125_,4.48µm
_11138_,4.48µm
_11266_,4.48µm
_11309_,4.48µm
_11343_,4.48µm
_11471_,4.48µm
_11482_,4.48µm
_11530_,4.48µm
_11574_,4.48µm
_11644_,4.48µm
_11693_,4.48µm
_11772_,4.48µm
_11897_,4.48µm
_11932_,4.48µm
_12091_,4.48µm
_12141_,4.48µm
_12159_,4.48µm
_12243_,4.48µm
_12311_,4.48µm
_12388_,4.48µm
_12416_,4.48µm
_12461_,4.48µm
_12462_,4.48µm
_12477_,4.48µm
_12547_,4.48µm
_12597_,4.48µm
_12611_,4.48µm
_12631_,4.48µm
_12644_,4.48µm
_12712_,4.48µm
_12741_,4.48µm
_12793_,4.48µm
_12799_,4.48µm
_12813_,4.48µm
_12857_,4.48µm
_12973_,4.48µm
_12983_,4.48µm
_13002_,4.48µm
_13023_,4.48µm
_13027_,4.48µm
_13043_,4.48µm
_13100_,4.48µm
_13115_,4.48µm
_13130_,4.48µm
_13137_,4.48µm
_13204_,4.48µm
_13320_,4.48µm
_13380_,4.48µm
_13529_,4.48µm
_13544_,4.48µm
_13568_,4.48µm
_13659_,4.48µm
_13707_,4.48µm
_13872_,4.48µm
_13894_,4.48µm
_13897_,4.48µm
_13918_,4.48µm
_13971_,4.48µm
_14025_,4.48µm
_14086_,4.48µm
_14087_,4.48µm
_14117_,4.48µm
_14278_,4.48µm
_14346_,4.48µm
_14375_,4.48µm
_14378_,4.48µm
_14410_,4.48µm
_14415_,4.48µm
_14469_,4.48µm
_14569_,4.48µm
_14688_,4.48µm
_14723_,4.48µm
_14805_,4.48µm
_14853_,4.48µm
_14857_,4.48µm
_14868_,4.48µm
_14964_,4.48µm
_14976_,4.48µm
_14982_,4.48µm
_15150_,4.48µm
_15154_,4.48µm
_15216_,4.48µm
_15274_,4.48µm
_15282_,4.48µm
_15311_,4.48µm
_15313_,4.48µm
_15429_,4.48µm
_15436_,4.48µm
_15496_,4.48µm
_15511_,4.48µm
_15573_,4.48µm
_15610_,4.48µm
_15639_,4.48µm
_15754_,4.48µm
_15797_,4.48µm
_15871_,4.48µm
_15933_,4.48µm
_15958_,4.48µm
_15985_,4.48µm
_16004_,4.48µm
_16045_,4.48µm
_16049_,4.48µm
_16108_,4.48µm
_16171_,4.48µm
_16413_,4.48µm
_16457_,4.48µm
_16491_,4.48µm
_16503_,4.48µm
_16560_,4.48µm
_16611_,4.48µm
_16615_,4.48µm
_16753_,4.48µm
_16974_,4.48µm
_16980_,4.48µm
_16995_,4.48µm
_17033_,4.48µm
_17040_,4.48µm
_17046_,4.48µm
_17050_,4.48µm
_17072_,4.48µm
_17113_,4.48µm
_17145_,4.48µm
_17213_,4.48µm
_17294_,4.48µm
_17351_,4.48µm
_17452_,4.48µm
_17505_,4.48µm
_17553_,4.48µm
net445,4.48µm
net797,4.48µm
net805,4.48µm
net1206,4.48µm
net1329,4.48µm
net1440,4.48µm
net1472,4.48µm
net1673,4.48µm
net1762,4.48µm
net1838,4.48µm
net2622,4.48µm
net2767,4.48µm
net2785,4.48µm
net2872,4.48µm
net3086,4.48µm
net3242,4.48µm
net3298,4.48µm
net3775,4.48µm
net3985,4.48µm
_01387_,4.42µm
_05302_,4.2µm
_08752_,4.07µm
_14370_,4.07µm
_00085_,4.02µm
_00087_,4.02µm
_00089_,4.02µm
_00095_,4.02µm
_00150_,4.02µm
_00182_,4.02µm
_00216_,4.02µm
_00307_,4.02µm
_00401_,4.02µm
_00410_,4.02µm
_00479_,4.02µm
_02056_,4.02µm
_02175_,4.02µm
_02238_,4.02µm
_02331_,4.02µm
_02760_,4.02µm
_02775_,4.02µm
_02867_,4.02µm
_02920_,4.02µm
_03102_,4.02µm
_03108_,4.02µm
_03298_,4.02µm
_03438_,4.02µm
_03471_,4.02µm
_03645_,4.02µm
_03843_,4.02µm
_04007_,4.02µm
_04278_,4.02µm
_04366_,4.02µm
_04442_,4.02µm
_05421_,4.02µm
_05620_,4.02µm
_05973_,4.02µm
_06846_,4.02µm
_07238_,4.02µm
_07242_,4.02µm
_07342_,4.02µm
_07652_,4.02µm
_07702_,4.02µm
_07767_,4.02µm
_08008_,4.02µm
_08058_,4.02µm
_08328_,4.02µm
_08644_,4.02µm
_08803_,4.02µm
_09098_,4.02µm
_09119_,4.02µm
_09131_,4.02µm
_09718_,4.02µm
_09789_,4.02µm
_09843_,4.02µm
_09874_,4.02µm
_10147_,4.02µm
_10218_,4.02µm
_10242_,4.02µm
_10273_,4.02µm
_10460_,4.02µm
_10660_,4.02µm
_10781_,4.02µm
_11321_,4.02µm
_11378_,4.02µm
_12332_,4.02µm
_12397_,4.02µm
_13107_,4.02µm
_13194_,4.02µm
_13751_,4.02µm
_13917_,4.02µm
_13974_,4.02µm
_14224_,4.02µm
_14811_,4.02µm
_14822_,4.02µm
_15118_,4.02µm
_15353_,4.02µm
_15462_,4.02µm
_15918_,4.02µm
_16076_,4.02µm
_16252_,4.02µm
_16307_,4.02µm
_16321_,4.02µm
_16397_,4.02µm
_16889_,4.02µm
_17234_,4.02µm
_17434_,4.02µm
_00331_,3.97µm
_00663_,3.97µm
_00736_,3.97µm
_01269_,3.97µm
_01419_,3.97µm
_01833_,3.97µm
_01970_,3.97µm
_01997_,3.97µm
_02031_,3.97µm
_02323_,3.97µm
_02476_,3.97µm
_03136_,3.97µm
_03996_,3.97µm
_05071_,3.97µm
_05804_,3.97µm
_06788_,3.97µm
_07037_,3.97µm
_07383_,3.97µm
_07698_,3.97µm
_07833_,3.97µm
_08748_,3.97µm
_08765_,3.97µm
_09197_,3.97µm
_09279_,3.97µm
_09297_,3.97µm
_09557_,3.97µm
_10017_,3.97µm
_10020_,3.97µm
_10301_,3.97µm
_10520_,3.97µm
_10551_,3.97µm
_10628_,3.97µm
_11484_,3.97µm
_11487_,3.97µm
_11561_,3.97µm
_12061_,3.97µm
_12199_,3.97µm
_12514_,3.97µm
_12677_,3.97µm
_12988_,3.97µm
_13275_,3.97µm
_13291_,3.97µm
_13427_,3.97µm
_13428_,3.97µm
_13507_,3.97µm
_13758_,3.97µm
_13943_,3.97µm
_14113_,3.97µm
_15512_,3.97µm
_16193_,3.97µm
_16288_,3.97µm
_16720_,3.97µm
_17073_,3.97µm
_17159_,3.97µm
_00042_,3.92µm
_00063_,3.92µm
_00079_,3.92µm
_00082_,3.92µm
_00083_,3.92µm
_00128_,3.92µm
_00160_,3.92µm
_00165_,3.92µm
_00169_,3.92µm
_00177_,3.92µm
_00178_,3.92µm
_00179_,3.92µm
_00180_,3.92µm
_00194_,3.92µm
_00196_,3.92µm
_00204_,3.92µm
_00208_,3.92µm
_00212_,3.92µm
_00213_,3.92µm
_00214_,3.92µm
_00221_,3.92µm
_00222_,3.92µm
_00223_,3.92µm
_00226_,3.92µm
_00228_,3.92µm
_00241_,3.92µm
_00247_,3.92µm
_00252_,3.92µm
_00255_,3.92µm
_00264_,3.92µm
_00276_,3.92µm
_00289_,3.92µm
_00290_,3.92µm
_00301_,3.92µm
_00304_,3.92µm
_00311_,3.92µm
_00313_,3.92µm
_00325_,3.92µm
_00339_,3.92µm
_00341_,3.92µm
_00342_,3.92µm
_00345_,3.92µm
_00347_,3.92µm
_00351_,3.92µm
_00357_,3.92µm
_00359_,3.92µm
_00363_,3.92µm
_00377_,3.92µm
_00381_,3.92µm
_00384_,3.92µm
_00395_,3.92µm
_00398_,3.92µm
_00399_,3.92µm
_00407_,3.92µm
_00412_,3.92µm
_00414_,3.92µm
_00416_,3.92µm
_00432_,3.92µm
_00435_,3.92µm
_00447_,3.92µm
_00462_,3.92µm
_00469_,3.92µm
_00470_,3.92µm
_00474_,3.92µm
_00481_,3.92µm
_00482_,3.92µm
_00492_,3.92µm
_00497_,3.92µm
_00503_,3.92µm
_00506_,3.92µm
_00510_,3.92µm
_00513_,3.92µm
_00514_,3.92µm
_00518_,3.92µm
_00520_,3.92µm
_00523_,3.92µm
_00524_,3.92µm
_00529_,3.92µm
_00531_,3.92µm
_00532_,3.92µm
_00558_,3.92µm
_00561_,3.92µm
_00582_,3.92µm
_00591_,3.92µm
_00608_,3.92µm
_00609_,3.92µm
_00620_,3.92µm
_00627_,3.92µm
_00633_,3.92µm
_00640_,3.92µm
_00643_,3.92µm
_00658_,3.92µm
_00666_,3.92µm
_00677_,3.92µm
_00682_,3.92µm
_00699_,3.92µm
_00714_,3.92µm
_00764_,3.92µm
_00773_,3.92µm
_00779_,3.92µm
_00782_,3.92µm
_00787_,3.92µm
_00789_,3.92µm
_00791_,3.92µm
_00797_,3.92µm
_00800_,3.92µm
_00804_,3.92µm
_00872_,3.92µm
_00878_,3.92µm
_00906_,3.92µm
_00924_,3.92µm
_00934_,3.92µm
_00944_,3.92µm
_00980_,3.92µm
_00986_,3.92µm
_01017_,3.92µm
_01018_,3.92µm
_01032_,3.92µm
_01037_,3.92µm
_01069_,3.92µm
_01085_,3.92µm
_01114_,3.92µm
_01136_,3.92µm
_01138_,3.92µm
_01160_,3.92µm
_01169_,3.92µm
_01176_,3.92µm
_01187_,3.92µm
_01204_,3.92µm
_01211_,3.92µm
_01216_,3.92µm
_01221_,3.92µm
_01258_,3.92µm
_01259_,3.92µm
_01346_,3.92µm
_01351_,3.92µm
_01375_,3.92µm
_01408_,3.92µm
_01426_,3.92µm
_01434_,3.92µm
_01443_,3.92µm
_01473_,3.92µm
_01481_,3.92µm
_01484_,3.92µm
_01490_,3.92µm
_01501_,3.92µm
_01506_,3.92µm
_01538_,3.92µm
_01546_,3.92µm
_01569_,3.92µm
_01573_,3.92µm
_01583_,3.92µm
_01763_,3.92µm
_01779_,3.92µm
_01834_,3.92µm
_01935_,3.92µm
_01975_,3.92µm
_01993_,3.92µm
_02016_,3.92µm
_02025_,3.92µm
_02035_,3.92µm
_02039_,3.92µm
_02084_,3.92µm
_02130_,3.92µm
_02143_,3.92µm
_02188_,3.92µm
_02199_,3.92µm
_02214_,3.92µm
_02293_,3.92µm
_02321_,3.92µm
_02330_,3.92µm
_02334_,3.92µm
_02391_,3.92µm
_02396_,3.92µm
_02415_,3.92µm
_02441_,3.92µm
_02446_,3.92µm
_02463_,3.92µm
_02469_,3.92µm
_02495_,3.92µm
_02502_,3.92µm
_02504_,3.92µm
_02506_,3.92µm
_02535_,3.92µm
_02540_,3.92µm
_02580_,3.92µm
_02643_,3.92µm
_02651_,3.92µm
_02682_,3.92µm
_02741_,3.92µm
_02777_,3.92µm
_02786_,3.92µm
_02857_,3.92µm
_02911_,3.92µm
_02931_,3.92µm
_02996_,3.92µm
_03006_,3.92µm
_03113_,3.92µm
_03281_,3.92µm
_03313_,3.92µm
_03320_,3.92µm
_03323_,3.92µm
_03337_,3.92µm
_03411_,3.92µm
_03450_,3.92µm
_03503_,3.92µm
_03554_,3.92µm
_03556_,3.92µm
_03610_,3.92µm
_03687_,3.92µm
_03718_,3.92µm
_03729_,3.92µm
_03744_,3.92µm
_03853_,3.92µm
_03870_,3.92µm
_03893_,3.92µm
_03956_,3.92µm
_03977_,3.92µm
_04013_,3.92µm
_04159_,3.92µm
_04280_,3.92µm
_04368_,3.92µm
_04432_,3.92µm
_04511_,3.92µm
_04654_,3.92µm
_04663_,3.92µm
_04736_,3.92µm
_04750_,3.92µm
_04871_,3.92µm
_04948_,3.92µm
_04956_,3.92µm
_05020_,3.92µm
_05021_,3.92µm
_05095_,3.92µm
_05152_,3.92µm
_05186_,3.92µm
_05244_,3.92µm
_05263_,3.92µm
_05316_,3.92µm
_05389_,3.92µm
_05448_,3.92µm
_05462_,3.92µm
_05476_,3.92µm
_05531_,3.92µm
_05533_,3.92µm
_05600_,3.92µm
_05630_,3.92µm
_05645_,3.92µm
_05715_,3.92µm
_05781_,3.92µm
_05793_,3.92µm
_05818_,3.92µm
_05850_,3.92µm
_05863_,3.92µm
_05968_,3.92µm
_05997_,3.92µm
_06045_,3.92µm
_06056_,3.92µm
_06093_,3.92µm
_06112_,3.92µm
_06254_,3.92µm
_06367_,3.92µm
_06381_,3.92µm
_06561_,3.92µm
_06619_,3.92µm
_06629_,3.92µm
_06632_,3.92µm
_06661_,3.92µm
_06675_,3.92µm
_06713_,3.92µm
_06745_,3.92µm
_06746_,3.92µm
_06752_,3.92µm
_06779_,3.92µm
_06801_,3.92µm
_06840_,3.92µm
_06845_,3.92µm
_06866_,3.92µm
_06890_,3.92µm
_06904_,3.92µm
_06915_,3.92µm
_06945_,3.92µm
_06964_,3.92µm
_06989_,3.92µm
_07001_,3.92µm
_07033_,3.92µm
_07086_,3.92µm
_07136_,3.92µm
_07208_,3.92µm
_07293_,3.92µm
_07295_,3.92µm
_07403_,3.92µm
_07409_,3.92µm
_07412_,3.92µm
_07417_,3.92µm
_07439_,3.92µm
_07521_,3.92µm
_07546_,3.92µm
_07554_,3.92µm
_07595_,3.92µm
_07607_,3.92µm
_07625_,3.92µm
_07639_,3.92µm
_07640_,3.92µm
_07683_,3.92µm
_07686_,3.92µm
_07805_,3.92µm
_07823_,3.92µm
_07834_,3.92µm
_07863_,3.92µm
_07928_,3.92µm
_07935_,3.92µm
_07943_,3.92µm
_07980_,3.92µm
_08091_,3.92µm
_08156_,3.92µm
_08158_,3.92µm
_08177_,3.92µm
_08216_,3.92µm
_08279_,3.92µm
_08282_,3.92µm
_08330_,3.92µm
_08462_,3.92µm
_08505_,3.92µm
_08716_,3.92µm
_08721_,3.92µm
_08734_,3.92µm
_08739_,3.92µm
_08755_,3.92µm
_08781_,3.92µm
_08801_,3.92µm
_08841_,3.92µm
_08881_,3.92µm
_08882_,3.92µm
_08952_,3.92µm
_08980_,3.92µm
_08999_,3.92µm
_09047_,3.92µm
_09099_,3.92µm
_09148_,3.92µm
_09151_,3.92µm
_09189_,3.92µm
_09219_,3.92µm
_09259_,3.92µm
_09351_,3.92µm
_09384_,3.92µm
_09394_,3.92µm
_09397_,3.92µm
_09437_,3.92µm
_09449_,3.92µm
_09474_,3.92µm
_09477_,3.92µm
_09498_,3.92µm
_09526_,3.92µm
_09582_,3.92µm
_09593_,3.92µm
_09619_,3.92µm
_09623_,3.92µm
_09644_,3.92µm
_09676_,3.92µm
_09685_,3.92µm
_09688_,3.92µm
_09698_,3.92µm
_09714_,3.92µm
_09743_,3.92µm
_09801_,3.92µm
_09834_,3.92µm
_09846_,3.92µm
_09865_,3.92µm
_09867_,3.92µm
_09881_,3.92µm
_09891_,3.92µm
_09909_,3.92µm
_09941_,3.92µm
_09952_,3.92µm
_09955_,3.92µm
_09977_,3.92µm
_09981_,3.92µm
_10049_,3.92µm
_10114_,3.92µm
_10133_,3.92µm
_10181_,3.92µm
_10201_,3.92µm
_10256_,3.92µm
_10295_,3.92µm
_10336_,3.92µm
_10340_,3.92µm
_10444_,3.92µm
_10480_,3.92µm
_10514_,3.92µm
_10558_,3.92µm
_10566_,3.92µm
_10568_,3.92µm
_10572_,3.92µm
_10575_,3.92µm
_10607_,3.92µm
_10631_,3.92µm
_10640_,3.92µm
_10646_,3.92µm
_10657_,3.92µm
_10701_,3.92µm
_10714_,3.92µm
_10731_,3.92µm
_10733_,3.92µm
_10752_,3.92µm
_10768_,3.92µm
_10769_,3.92µm
_10793_,3.92µm
_10977_,3.92µm
_11191_,3.92µm
_11223_,3.92µm
_11250_,3.92µm
_11260_,3.92µm
_11275_,3.92µm
_11505_,3.92µm
_11526_,3.92µm
_11549_,3.92µm
_11558_,3.92µm
_11646_,3.92µm
_11655_,3.92µm
_11690_,3.92µm
_11707_,3.92µm
_11714_,3.92µm
_11805_,3.92µm
_12093_,3.92µm
_12116_,3.92µm
_12153_,3.92µm
_12163_,3.92µm
_12246_,3.92µm
_12255_,3.92µm
_12307_,3.92µm
_12318_,3.92µm
_12340_,3.92µm
_12348_,3.92µm
_12381_,3.92µm
_12407_,3.92µm
_12438_,3.92µm
_12498_,3.92µm
_12552_,3.92µm
_12614_,3.92µm
_12683_,3.92µm
_12698_,3.92µm
_12713_,3.92µm
_12721_,3.92µm
_12829_,3.92µm
_12846_,3.92µm
_13013_,3.92µm
_13036_,3.92µm
_13048_,3.92µm
_13080_,3.92µm
_13081_,3.92µm
_13083_,3.92µm
_13113_,3.92µm
_13146_,3.92µm
_13172_,3.92µm
_13185_,3.92µm
_13262_,3.92µm
_13270_,3.92µm
_13289_,3.92µm
_13379_,3.92µm
_13413_,3.92µm
_13515_,3.92µm
_13640_,3.92µm
_13692_,3.92µm
_13701_,3.92µm
_13730_,3.92µm
_13734_,3.92µm
_13736_,3.92µm
_13738_,3.92µm
_13748_,3.92µm
_13816_,3.92µm
_13822_,3.92µm
_13838_,3.92µm
_13845_,3.92µm
_13873_,3.92µm
_13877_,3.92µm
_13895_,3.92µm
_13911_,3.92µm
_13919_,3.92µm
_13944_,3.92µm
_14001_,3.92µm
_14018_,3.92µm
_14131_,3.92µm
_14155_,3.92µm
_14181_,3.92µm
_14212_,3.92µm
_14216_,3.92µm
_14248_,3.92µm
_14332_,3.92µm
_14424_,3.92µm
_14496_,3.92µm
_14517_,3.92µm
_14668_,3.92µm
_14689_,3.92µm
_14700_,3.92µm
_14760_,3.92µm
_14769_,3.92µm
_14815_,3.92µm
_14946_,3.92µm
_15008_,3.92µm
_15020_,3.92µm
_15022_,3.92µm
_15130_,3.92µm
_15224_,3.92µm
_15262_,3.92µm
_15281_,3.92µm
_15295_,3.92µm
_15315_,3.92µm
_15352_,3.92µm
_15416_,3.92µm
_15425_,3.92µm
_15427_,3.92µm
_15494_,3.92µm
_15521_,3.92µm
_15634_,3.92µm
_15760_,3.92µm
_15812_,3.92µm
_15851_,3.92µm
_16031_,3.92µm
_16081_,3.92µm
_16093_,3.92µm
_16163_,3.92µm
_16180_,3.92µm
_16201_,3.92µm
_16202_,3.92µm
_16218_,3.92µm
_16226_,3.92µm
_16236_,3.92µm
_16242_,3.92µm
_16268_,3.92µm
_16353_,3.92µm
_16363_,3.92µm
_16391_,3.92µm
_16453_,3.92µm
_16479_,3.92µm
_16548_,3.92µm
_16553_,3.92µm
_16690_,3.92µm
_16776_,3.92µm
_16801_,3.92µm
_16807_,3.92µm
_16939_,3.92µm
_16968_,3.92µm
_16981_,3.92µm
_17053_,3.92µm
_17093_,3.92µm
_17160_,3.92µm
_17197_,3.92µm
_17314_,3.92µm
_17475_,3.92µm
_17491_,3.92µm
_17564_,3.92µm
_17605_,3.92µm
net772,3.92µm
net1551,3.92µm
net1763,3.92µm
net1927,3.92µm
net2079,3.92µm
net2464,3.92µm
net2569,3.92µm
net2837,3.92µm
net3386,3.92µm
net3710,3.92µm
_08259_,3.64µm
_08754_,3.64µm
_10493_,3.51µm
_00004_,3.46µm
_00064_,3.46µm
_00097_,3.46µm
_01870_,3.46µm
_02114_,3.46µm
_02185_,3.46µm
_02304_,3.46µm
_02407_,3.46µm
_02624_,3.46µm
_02781_,3.46µm
_03111_,3.46µm
_03440_,3.46µm
_03491_,3.46µm
_03499_,3.46µm
_03799_,3.46µm
_04501_,3.46µm
_04666_,3.46µm
_04770_,3.46µm
_04910_,3.46µm
_04994_,3.46µm
_05067_,3.46µm
_05110_,3.46µm
_05200_,3.46µm
_05216_,3.46µm
_05471_,3.46µm
_05775_,3.46µm
_05985_,3.46µm
_06121_,3.46µm
_06209_,3.46µm
_06314_,3.46µm
_06506_,3.46µm
_06685_,3.46µm
_06767_,3.46µm
_06783_,3.46µm
_07114_,3.46µm
_07280_,3.46µm
_07283_,3.46µm
_07292_,3.46µm
_07319_,3.46µm
_07388_,3.46µm
_07596_,3.46µm
_07960_,3.46µm
_08164_,3.46µm
_08262_,3.46µm
_08730_,3.46µm
_08812_,3.46µm
_09171_,3.46µm
_09238_,3.46µm
_09306_,3.46µm
_09390_,3.46µm
_09402_,3.46µm
_09529_,3.46µm
_09592_,3.46µm
_09756_,3.46µm
_10196_,3.46µm
_10458_,3.46µm
_10476_,3.46µm
_10694_,3.46µm
_10717_,3.46µm
_10723_,3.46µm
_10804_,3.46µm
_12031_,3.46µm
_12132_,3.46µm
_12281_,3.46µm
_12421_,3.46µm
_12427_,3.46µm
_12475_,3.46µm
_12642_,3.46µm
_12976_,3.46µm
_13082_,3.46µm
_13109_,3.46µm
_13196_,3.46µm
_13259_,3.46µm
_13330_,3.46µm
_13411_,3.46µm
_13429_,3.46µm
_13582_,3.46µm
_13987_,3.46µm
_14159_,3.46µm
_14196_,3.46µm
_14322_,3.46µm
_14579_,3.46µm
_14731_,3.46µm
_14753_,3.46µm
_14824_,3.46µm
_14975_,3.46µm
_15042_,3.46µm
_15590_,3.46µm
_16056_,3.46µm
_16315_,3.46µm
_16961_,3.46µm
_17099_,3.46µm
net1200,3.46µm
net1362,3.46µm
_01990_,3.41µm
_02159_,3.41µm
_02379_,3.41µm
_02590_,3.41µm
_03072_,3.41µm
_03117_,3.41µm
_03142_,3.41µm
_03205_,3.41µm
_04045_,3.41µm
_05987_,3.41µm
_06250_,3.41µm
_06925_,3.41µm
_06988_,3.41µm
_07840_,3.41µm
_07956_,3.41µm
_08286_,3.41µm
_08572_,3.41µm
_08995_,3.41µm
_09318_,3.41µm
_09410_,3.41µm
_09470_,3.41µm
_09615_,3.41µm
_10954_,3.41µm
_11234_,3.41µm
_11305_,3.41µm
_11349_,3.41µm
_11452_,3.41µm
_12145_,3.41µm
_12914_,3.41µm
_12971_,3.41µm
_13372_,3.41µm
_15576_,3.41µm
_15752_,3.41µm
_16158_,3.41µm
_16179_,3.41µm
_16549_,3.41µm
_17293_,3.41µm
net512,3.41µm
net571,3.41µm
net4008,3.41µm
_00013_,3.36µm
_00036_,3.36µm
_00044_,3.36µm
_00059_,3.36µm
_00065_,3.36µm
_00130_,3.36µm
_00132_,3.36µm
_00164_,3.36µm
_00170_,3.36µm
_00173_,3.36µm
_00175_,3.36µm
_00184_,3.36µm
_00193_,3.36µm
_00197_,3.36µm
_00218_,3.36µm
_00227_,3.36µm
_00229_,3.36µm
_00237_,3.36µm
_00245_,3.36µm
_00246_,3.36µm
_00251_,3.36µm
_00258_,3.36µm
_00260_,3.36µm
_00263_,3.36µm
_00266_,3.36µm
_00267_,3.36µm
_00282_,3.36µm
_00283_,3.36µm
_00285_,3.36µm
_00291_,3.36µm
_00293_,3.36µm
_00294_,3.36µm
_00298_,3.36µm
_00300_,3.36µm
_00303_,3.36µm
_00305_,3.36µm
_00308_,3.36µm
_00312_,3.36µm
_00356_,3.36µm
_00358_,3.36µm
_00366_,3.36µm
_00371_,3.36µm
_00373_,3.36µm
_00380_,3.36µm
_00382_,3.36µm
_00383_,3.36µm
_00386_,3.36µm
_00390_,3.36µm
_00396_,3.36µm
_00405_,3.36µm
_00406_,3.36µm
_00419_,3.36µm
_00422_,3.36µm
_00424_,3.36µm
_00429_,3.36µm
_00431_,3.36µm
_00450_,3.36µm
_00453_,3.36µm
_00466_,3.36µm
_00468_,3.36µm
_00473_,3.36µm
_00498_,3.36µm
_00499_,3.36µm
_00500_,3.36µm
_00507_,3.36µm
_00508_,3.36µm
_00509_,3.36µm
_00519_,3.36µm
_00527_,3.36µm
_00528_,3.36µm
_00545_,3.36µm
_00583_,3.36µm
_00588_,3.36µm
_00612_,3.36µm
_00623_,3.36µm
_00631_,3.36µm
_00632_,3.36µm
_00637_,3.36µm
_00639_,3.36µm
_00642_,3.36µm
_00662_,3.36µm
_00664_,3.36µm
_00665_,3.36µm
_00670_,3.36µm
_00671_,3.36µm
_00676_,3.36µm
_00684_,3.36µm
_00685_,3.36µm
_00687_,3.36µm
_00688_,3.36µm
_00691_,3.36µm
_00693_,3.36µm
_00696_,3.36µm
_00697_,3.36µm
_00706_,3.36µm
_00715_,3.36µm
_00723_,3.36µm
_00724_,3.36µm
_00727_,3.36µm
_00728_,3.36µm
_00729_,3.36µm
_00735_,3.36µm
_00755_,3.36µm
_00758_,3.36µm
_00766_,3.36µm
_00768_,3.36µm
_00769_,3.36µm
_00783_,3.36µm
_00786_,3.36µm
_00788_,3.36µm
_00801_,3.36µm
_00805_,3.36µm
_00806_,3.36µm
_00809_,3.36µm
_00842_,3.36µm
_00843_,3.36µm
_00863_,3.36µm
_00881_,3.36µm
_00892_,3.36µm
_00898_,3.36µm
_00902_,3.36µm
_00915_,3.36µm
_00937_,3.36µm
_00941_,3.36µm
_00954_,3.36µm
_00961_,3.36µm
_00962_,3.36µm
_00966_,3.36µm
_00972_,3.36µm
_00973_,3.36µm
_00978_,3.36µm
_00985_,3.36µm
_00989_,3.36µm
_00998_,3.36µm
_01005_,3.36µm
_01033_,3.36µm
_01036_,3.36µm
_01047_,3.36µm
_01055_,3.36µm
_01060_,3.36µm
_01097_,3.36µm
_01105_,3.36µm
_01111_,3.36µm
_01116_,3.36µm
_01135_,3.36µm
_01149_,3.36µm
_01163_,3.36µm
_01191_,3.36µm
_01209_,3.36µm
_01241_,3.36µm
_01277_,3.36µm
_01279_,3.36µm
_01307_,3.36µm
_01326_,3.36µm
_01354_,3.36µm
_01355_,3.36µm
_01366_,3.36µm
_01377_,3.36µm
_01378_,3.36µm
_01381_,3.36µm
_01388_,3.36µm
_01393_,3.36µm
_01401_,3.36µm
_01433_,3.36µm
_01436_,3.36µm
_01451_,3.36µm
_01465_,3.36µm
_01469_,3.36µm
_01471_,3.36µm
_01485_,3.36µm
_01495_,3.36µm
_01500_,3.36µm
_01511_,3.36µm
_01536_,3.36µm
_01545_,3.36µm
_01619_,3.36µm
_01638_,3.36µm
_01651_,3.36µm
_01669_,3.36µm
_01734_,3.36µm
_01821_,3.36µm
_01877_,3.36µm
_01878_,3.36µm
_01986_,3.36µm
_01995_,3.36µm
_02003_,3.36µm
_02063_,3.36µm
_02065_,3.36µm
_02085_,3.36µm
_02091_,3.36µm
_02094_,3.36µm
_02117_,3.36µm
_02144_,3.36µm
_02147_,3.36µm
_02171_,3.36µm
_02183_,3.36µm
_02191_,3.36µm
_02208_,3.36µm
_02210_,3.36µm
_02218_,3.36µm
_02234_,3.36µm
_02260_,3.36µm
_02285_,3.36µm
_02381_,3.36µm
_02394_,3.36µm
_02420_,3.36µm
_02426_,3.36µm
_02428_,3.36µm
_02430_,3.36µm
_02460_,3.36µm
_02498_,3.36µm
_02499_,3.36µm
_02542_,3.36µm
_02563_,3.36µm
_02587_,3.36µm
_02588_,3.36µm
_02618_,3.36µm
_02623_,3.36µm
_02628_,3.36µm
_02636_,3.36µm
_02650_,3.36µm
_02778_,3.36µm
_02779_,3.36µm
_02787_,3.36µm
_02790_,3.36µm
_02839_,3.36µm
_02860_,3.36µm
_02949_,3.36µm
_03022_,3.36µm
_03024_,3.36µm
_03068_,3.36µm
_03189_,3.36µm
_03209_,3.36µm
_03220_,3.36µm
_03222_,3.36µm
_03260_,3.36µm
_03266_,3.36µm
_03271_,3.36µm
_03289_,3.36µm
_03310_,3.36µm
_03358_,3.36µm
_03432_,3.36µm
_03531_,3.36µm
_03533_,3.36µm
_03583_,3.36µm
_03778_,3.36µm
_03827_,3.36µm
_03868_,3.36µm
_03880_,3.36µm
_03962_,3.36µm
_04104_,3.36µm
_04106_,3.36µm
_04176_,3.36µm
_04228_,3.36µm
_04229_,3.36µm
_04295_,3.36µm
_04399_,3.36µm
_04606_,3.36µm
_04657_,3.36µm
_04714_,3.36µm
_04797_,3.36µm
_04799_,3.36µm
_04850_,3.36µm
_04923_,3.36µm
_04930_,3.36µm
_04932_,3.36µm
_04936_,3.36µm
_04998_,3.36µm
_05011_,3.36µm
_05078_,3.36µm
_05090_,3.36µm
_05103_,3.36µm
_05177_,3.36µm
_05296_,3.36µm
_05377_,3.36µm
_05402_,3.36µm
_05576_,3.36µm
_05639_,3.36µm
_05675_,3.36µm
_05739_,3.36µm
_05783_,3.36µm
_05826_,3.36µm
_05881_,3.36µm
_05897_,3.36µm
_05908_,3.36µm
_06000_,3.36µm
_06260_,3.36µm
_06302_,3.36µm
_06343_,3.36µm
_06395_,3.36µm
_06490_,3.36µm
_06538_,3.36µm
_06612_,3.36µm
_06702_,3.36µm
_06821_,3.36µm
_06828_,3.36µm
_06881_,3.36µm
_06886_,3.36µm
_06893_,3.36µm
_06902_,3.36µm
_06916_,3.36µm
_06950_,3.36µm
_07009_,3.36µm
_07021_,3.36µm
_07073_,3.36µm
_07109_,3.36µm
_07117_,3.36µm
_07124_,3.36µm
_07143_,3.36µm
_07158_,3.36µm
_07178_,3.36µm
_07207_,3.36µm
_07218_,3.36µm
_07235_,3.36µm
_07343_,3.36µm
_07361_,3.36µm
_07379_,3.36µm
_07505_,3.36µm
_07604_,3.36µm
_07623_,3.36µm
_07650_,3.36µm
_07668_,3.36µm
_07703_,3.36µm
_07711_,3.36µm
_07773_,3.36µm
_07784_,3.36µm
_07824_,3.36µm
_07836_,3.36µm
_07845_,3.36µm
_07850_,3.36µm
_07864_,3.36µm
_07871_,3.36µm
_07878_,3.36µm
_07881_,3.36µm
_07909_,3.36µm
_07929_,3.36µm
_07933_,3.36µm
_07966_,3.36µm
_08034_,3.36µm
_08076_,3.36µm
_08106_,3.36µm
_08121_,3.36µm
_08219_,3.36µm
_08304_,3.36µm
_08316_,3.36µm
_08320_,3.36µm
_08358_,3.36µm
_08375_,3.36µm
_08565_,3.36µm
_08634_,3.36µm
_08668_,3.36µm
_08672_,3.36µm
_08677_,3.36µm
_08685_,3.36µm
_08729_,3.36µm
_08738_,3.36µm
_08740_,3.36µm
_08747_,3.36µm
_08769_,3.36µm
_08772_,3.36µm
_08791_,3.36µm
_08845_,3.36µm
_08854_,3.36µm
_08877_,3.36µm
_08885_,3.36µm
_08887_,3.36µm
_08890_,3.36µm
_08895_,3.36µm
_08953_,3.36µm
_08958_,3.36µm
_08964_,3.36µm
_09004_,3.36µm
_09025_,3.36µm
_09074_,3.36µm
_09079_,3.36µm
_09129_,3.36µm
_09137_,3.36µm
_09193_,3.36µm
_09208_,3.36µm
_09234_,3.36µm
_09273_,3.36µm
_09304_,3.36µm
_09323_,3.36µm
_09350_,3.36µm
_09408_,3.36µm
_09412_,3.36µm
_09446_,3.36µm
_09457_,3.36µm
_09471_,3.36µm
_09480_,3.36µm
_09512_,3.36µm
_09517_,3.36µm
_09518_,3.36µm
_09612_,3.36µm
_09640_,3.36µm
_09641_,3.36µm
_09643_,3.36µm
_09661_,3.36µm
_09663_,3.36µm
_09691_,3.36µm
_09701_,3.36µm
_09757_,3.36µm
_09778_,3.36µm
_09793_,3.36µm
_09837_,3.36µm
_09869_,3.36µm
_09875_,3.36µm
_09885_,3.36µm
_09898_,3.36µm
_09902_,3.36µm
_09928_,3.36µm
_09931_,3.36µm
_09937_,3.36µm
_09964_,3.36µm
_09974_,3.36µm
_09984_,3.36µm
_09997_,3.36µm
_10025_,3.36µm
_10035_,3.36µm
_10037_,3.36µm
_10042_,3.36µm
_10125_,3.36µm
_10172_,3.36µm
_10193_,3.36µm
_10235_,3.36µm
_10237_,3.36µm
_10278_,3.36µm
_10297_,3.36µm
_10305_,3.36µm
_10343_,3.36µm
_10357_,3.36µm
_10398_,3.36µm
_10416_,3.36µm
_10430_,3.36µm
_10506_,3.36µm
_10533_,3.36µm
_10547_,3.36µm
_10553_,3.36µm
_10563_,3.36µm
_10567_,3.36µm
_10582_,3.36µm
_10601_,3.36µm
_10605_,3.36µm
_10613_,3.36µm
_10615_,3.36µm
_10643_,3.36µm
_10655_,3.36µm
_10664_,3.36µm
_10764_,3.36µm
_10809_,3.36µm
_10987_,3.36µm
_11204_,3.36µm
_11239_,3.36µm
_11307_,3.36µm
_11339_,3.36µm
_11352_,3.36µm
_11393_,3.36µm
_11396_,3.36µm
_11442_,3.36µm
_11519_,3.36µm
_11532_,3.36µm
_11540_,3.36µm
_11544_,3.36µm
_11586_,3.36µm
_11612_,3.36µm
_11628_,3.36µm
_11660_,3.36µm
_11711_,3.36µm
_11716_,3.36µm
_11760_,3.36µm
_11906_,3.36µm
_11996_,3.36µm
_12009_,3.36µm
_12016_,3.36µm
_12025_,3.36µm
_12052_,3.36µm
_12100_,3.36µm
_12120_,3.36µm
_12122_,3.36µm
_12129_,3.36µm
_12183_,3.36µm
_12248_,3.36µm
_12251_,3.36µm
_12258_,3.36µm
_12262_,3.36µm
_12291_,3.36µm
_12319_,3.36µm
_12343_,3.36µm
_12384_,3.36µm
_12425_,3.36µm
_12485_,3.36µm
_12565_,3.36µm
_12610_,3.36µm
_12773_,3.36µm
_12824_,3.36µm
_12851_,3.36µm
_12870_,3.36µm
_12887_,3.36µm
_12903_,3.36µm
_12961_,3.36µm
_13057_,3.36µm
_13068_,3.36µm
_13078_,3.36µm
_13096_,3.36µm
_13168_,3.36µm
_13191_,3.36µm
_13206_,3.36µm
_13209_,3.36µm
_13221_,3.36µm
_13241_,3.36µm
_13242_,3.36µm
_13250_,3.36µm
_13251_,3.36µm
_13273_,3.36µm
_13327_,3.36µm
_13341_,3.36µm
_13351_,3.36µm
_13368_,3.36µm
_13373_,3.36µm
_13434_,3.36µm
_13492_,3.36µm
_13504_,3.36µm
_13510_,3.36µm
_13520_,3.36µm
_13556_,3.36µm
_13586_,3.36µm
_13598_,3.36µm
_13614_,3.36µm
_13703_,3.36µm
_13714_,3.36µm
_13729_,3.36µm
_13741_,3.36µm
_13760_,3.36µm
_13827_,3.36µm
_13831_,3.36µm
_13859_,3.36µm
_13862_,3.36µm
_13890_,3.36µm
_13973_,3.36µm
_13984_,3.36µm
_14052_,3.36µm
_14070_,3.36µm
_14126_,3.36µm
_14151_,3.36µm
_14157_,3.36µm
_14234_,3.36µm
_14257_,3.36µm
_14402_,3.36µm
_14482_,3.36µm
_14541_,3.36µm
_14542_,3.36µm
_14592_,3.36µm
_14599_,3.36µm
_14618_,3.36µm
_14658_,3.36µm
_14714_,3.36µm
_14725_,3.36µm
_14735_,3.36µm
_14752_,3.36µm
_14757_,3.36µm
_14774_,3.36µm
_14785_,3.36µm
_14788_,3.36µm
_14795_,3.36µm
_14803_,3.36µm
_14823_,3.36µm
_14834_,3.36µm
_14876_,3.36µm
_14957_,3.36µm
_15098_,3.36µm
_15114_,3.36µm
_15197_,3.36µm
_15268_,3.36µm
_15340_,3.36µm
_15366_,3.36µm
_15367_,3.36µm
_15432_,3.36µm
_15448_,3.36µm
_15463_,3.36µm
_15464_,3.36µm
_15495_,3.36µm
_15515_,3.36µm
_15522_,3.36µm
_15548_,3.36µm
_15555_,3.36µm
_15562_,3.36µm
_15569_,3.36µm
_15676_,3.36µm
_15685_,3.36µm
_15784_,3.36µm
_15821_,3.36µm
_15935_,3.36µm
_16012_,3.36µm
_16059_,3.36µm
_16064_,3.36µm
_16067_,3.36µm
_16074_,3.36µm
_16094_,3.36µm
_16205_,3.36µm
_16206_,3.36µm
_16271_,3.36µm
_16287_,3.36µm
_16294_,3.36µm
_16346_,3.36µm
_16350_,3.36µm
_16376_,3.36µm
_16384_,3.36µm
_16389_,3.36µm
_16412_,3.36µm
_16523_,3.36µm
_16797_,3.36µm
_16893_,3.36µm
_16895_,3.36µm
_16967_,3.36µm
_17043_,3.36µm
_17059_,3.36µm
_17123_,3.36µm
_17161_,3.36µm
_17202_,3.36µm
_17248_,3.36µm
_17289_,3.36µm
_17300_,3.36µm
_17324_,3.36µm
_17380_,3.36µm
_17528_,3.36µm
_17578_,3.36µm
_17590_,3.36µm
u_integration_final.integration_inst.quantizer_inst.zp_0\[2\],3.36µm
u_integration_final.integration_inst.quantizer_inst.zp_0\[3\],3.36µm
u_integration_final.integration_inst.reg_bank_inst.cols_a_d\[0\]\[0\],3.36µm
u_integration_final.integration_inst.reg_bank_inst.cols_a_d\[1\]\[1\],3.36µm
u_integration_final.integration_inst.reg_bank_inst.cols_a_d\[2\]\[0\],3.36µm
net677,3.36µm
net691,3.36µm
net735,3.36µm
net785,3.36µm
net806,3.36µm
net831,3.36µm
net910,3.36µm
net937,3.36µm
net1686,3.36µm
net1869,3.36µm
net2010,3.36µm
net2069,3.36µm
net2467,3.36µm
net2595,3.36µm
net3224,3.36µm
net3801,3.36µm
net3821,3.36µm
net3839,3.36µm
net3887,3.36µm
_06897_,3.08µm
_11241_,3.08µm
_11224_,2.95µm
_01736_,2.9µm
_01745_,2.9µm
_02020_,2.9µm
_02219_,2.9µm
_02224_,2.9µm
_02435_,2.9µm
_02518_,2.9µm
_02565_,2.9µm
_02717_,2.9µm
_02833_,2.9µm
_02887_,2.9µm
_02925_,2.9µm
_03092_,2.9µm
_03109_,2.9µm
_03589_,2.9µm
_03928_,2.9µm
_04595_,2.9µm
_04933_,2.9µm
_05029_,2.9µm
_05250_,2.9µm
_06141_,2.9µm
_06341_,2.9µm
_07039_,2.9µm
_07216_,2.9µm
_07313_,2.9µm
_07401_,2.9µm
_07540_,2.9µm
_07792_,2.9µm
_07841_,2.9µm
_07894_,2.9µm
_07990_,2.9µm
_08055_,2.9µm
_08119_,2.9µm
_08161_,2.9µm
_08239_,2.9µm
_08334_,2.9µm
_08552_,2.9µm
_08589_,2.9µm
_09044_,2.9µm
_09135_,2.9µm
_09510_,2.9µm
_09851_,2.9µm
_09853_,2.9µm
_09982_,2.9µm
_10318_,2.9µm
_10921_,2.9µm
_11258_,2.9µm
_11659_,2.9µm
_12196_,2.9µm
_12289_,2.9µm
_12387_,2.9µm
_12995_,2.9µm
_13421_,2.9µm
_13666_,2.9µm
_13833_,2.9µm
_13945_,2.9µm
_14060_,2.9µm
_14810_,2.9µm
_15415_,2.9µm
_15476_,2.9µm
_16060_,2.9µm
_16219_,2.9µm
_16466_,2.9µm
_16707_,2.9µm
_16739_,2.9µm
_16804_,2.9µm
_16819_,2.9µm
_17008_,2.9µm
_17038_,2.9µm
_17044_,2.9µm
_17057_,2.9µm
_17299_,2.9µm
net52,2.9µm
_01939_,2.85µm
_02087_,2.85µm
_02161_,2.85µm
_02771_,2.85µm
_03793_,2.85µm
_04894_,2.85µm
_05728_,2.85µm
_07558_,2.85µm
_07600_,2.85µm
_07620_,2.85µm
_07655_,2.85µm
_08340_,2.85µm
_09899_,2.85µm
_10008_,2.85µm
_11157_,2.85µm
_11374_,2.85µm
_00025_,2.8µm
_00041_,2.8µm
_00058_,2.8µm
_00091_,2.8µm
_00092_,2.8µm
_00093_,2.8µm
_00143_,2.8µm
_00167_,2.8µm
_00172_,2.8µm
_00189_,2.8µm
_00199_,2.8µm
_00230_,2.8µm
_00243_,2.8µm
_00254_,2.8µm
_00268_,2.8µm
_00272_,2.8µm
_00278_,2.8µm
_00288_,2.8µm
_00309_,2.8µm
_00314_,2.8µm
_00338_,2.8µm
_00438_,2.8µm
_00439_,2.8µm
_00454_,2.8µm
_00478_,2.8µm
_00535_,2.8µm
_00539_,2.8µm
_00557_,2.8µm
_00559_,2.8µm
_00564_,2.8µm
_00565_,2.8µm
_00598_,2.8µm
_00615_,2.8µm
_00621_,2.8µm
_00626_,2.8µm
_00644_,2.8µm
_00650_,2.8µm
_00651_,2.8µm
_00667_,2.8µm
_00679_,2.8µm
_00683_,2.8µm
_00705_,2.8µm
_00719_,2.8µm
_00722_,2.8µm
_00732_,2.8µm
_00790_,2.8µm
_00799_,2.8µm
_00802_,2.8µm
_00816_,2.8µm
_00819_,2.8µm
_00834_,2.8µm
_00855_,2.8µm
_00870_,2.8µm
_00885_,2.8µm
_00888_,2.8µm
_00917_,2.8µm
_00921_,2.8µm
_00933_,2.8µm
_00939_,2.8µm
_00948_,2.8µm
_00950_,2.8µm
_00969_,2.8µm
_00984_,2.8µm
_00987_,2.8µm
_00990_,2.8µm
_01002_,2.8µm
_01012_,2.8µm
_01030_,2.8µm
_01031_,2.8µm
_01042_,2.8µm
_01046_,2.8µm
_01057_,2.8µm
_01066_,2.8µm
_01077_,2.8µm
_01096_,2.8µm
_01101_,2.8µm
_01129_,2.8µm
_01142_,2.8µm
_01147_,2.8µm
_01148_,2.8µm
_01151_,2.8µm
_01152_,2.8µm
_01200_,2.8µm
_01233_,2.8µm
_01234_,2.8µm
_01244_,2.8µm
_01273_,2.8µm
_01282_,2.8µm
_01286_,2.8µm
_01302_,2.8µm
_01303_,2.8µm
_01309_,2.8µm
_01312_,2.8µm
_01319_,2.8µm
_01321_,2.8µm
_01341_,2.8µm
_01357_,2.8µm
_01371_,2.8µm
_01385_,2.8µm
_01397_,2.8µm
_01400_,2.8µm
_01403_,2.8µm
_01428_,2.8µm
_01430_,2.8µm
_01461_,2.8µm
_01462_,2.8µm
_01466_,2.8µm
_01476_,2.8µm
_01486_,2.8µm
_01508_,2.8µm
_01510_,2.8µm
_01517_,2.8µm
_01524_,2.8µm
_01529_,2.8µm
_01530_,2.8µm
_01532_,2.8µm
_01558_,2.8µm
_01560_,2.8µm
_01566_,2.8µm
_01588_,2.8µm
_01628_,2.8µm
_01637_,2.8µm
_01646_,2.8µm
_01668_,2.8µm
_01733_,2.8µm
_01739_,2.8µm
_01740_,2.8µm
_01747_,2.8µm
_01751_,2.8µm
_01768_,2.8µm
_01775_,2.8µm
_01778_,2.8µm
_01853_,2.8µm
_01871_,2.8µm
_01960_,2.8µm
_02002_,2.8µm
_02037_,2.8µm
_02119_,2.8µm
_02190_,2.8µm
_02194_,2.8µm
_02201_,2.8µm
_02211_,2.8µm
_02295_,2.8µm
_02315_,2.8µm
_02335_,2.8µm
_02366_,2.8µm
_02386_,2.8µm
_02388_,2.8µm
_02421_,2.8µm
_02423_,2.8µm
_02443_,2.8µm
_02455_,2.8µm
_02461_,2.8µm
_02491_,2.8µm
_02494_,2.8µm
_02545_,2.8µm
_02602_,2.8µm
_02603_,2.8µm
_02630_,2.8µm
_02638_,2.8µm
_02660_,2.8µm
_02765_,2.8µm
_02782_,2.8µm
_02794_,2.8µm
_02854_,2.8µm
_02877_,2.8µm
_02906_,2.8µm
_02948_,2.8µm
_03007_,2.8µm
_03047_,2.8µm
_03083_,2.8µm
_03119_,2.8µm
_03201_,2.8µm
_03202_,2.8µm
_03215_,2.8µm
_03239_,2.8µm
_03254_,2.8µm
_03274_,2.8µm
_03284_,2.8µm
_03328_,2.8µm
_03382_,2.8µm
_03391_,2.8µm
_03449_,2.8µm
_03461_,2.8µm
_03477_,2.8µm
_03485_,2.8µm
_03568_,2.8µm
_03624_,2.8µm
_03658_,2.8µm
_03708_,2.8µm
_03877_,2.8µm
_03898_,2.8µm
_03960_,2.8µm
_03972_,2.8µm
_03979_,2.8µm
_04053_,2.8µm
_04061_,2.8µm
_04146_,2.8µm
_04187_,2.8µm
_04296_,2.8µm
_04301_,2.8µm
_04312_,2.8µm
_04315_,2.8µm
_04381_,2.8µm
_04382_,2.8µm
_04390_,2.8µm
_04412_,2.8µm
_04467_,2.8µm
_04478_,2.8µm
_04480_,2.8µm
_04516_,2.8µm
_04518_,2.8µm
_04584_,2.8µm
_04604_,2.8µm
_04622_,2.8µm
_04625_,2.8µm
_04630_,2.8µm
_04645_,2.8µm
_04661_,2.8µm
_04734_,2.8µm
_04754_,2.8µm
_04757_,2.8µm
_04766_,2.8µm
_04774_,2.8µm
_04780_,2.8µm
_04793_,2.8µm
_04862_,2.8µm
_04878_,2.8µm
_04889_,2.8µm
_04897_,2.8µm
_04898_,2.8µm
_04908_,2.8µm
_04987_,2.8µm
_05068_,2.8µm
_05089_,2.8µm
_05100_,2.8µm
_05182_,2.8µm
_05197_,2.8µm
_05265_,2.8µm
_05284_,2.8µm
_05288_,2.8µm
_05289_,2.8µm
_05309_,2.8µm
_05331_,2.8µm
_05349_,2.8µm
_05408_,2.8µm
_05435_,2.8µm
_05467_,2.8µm
_05488_,2.8µm
_05503_,2.8µm
_05510_,2.8µm
_05550_,2.8µm
_05593_,2.8µm
_05615_,2.8µm
_05627_,2.8µm
_05633_,2.8µm
_05652_,2.8µm
_05693_,2.8µm
_05713_,2.8µm
_05722_,2.8µm
_05751_,2.8µm
_05776_,2.8µm
_05786_,2.8µm
_05788_,2.8µm
_05872_,2.8µm
_05941_,2.8µm
_06003_,2.8µm
_06070_,2.8µm
_06089_,2.8µm
_06105_,2.8µm
_06154_,2.8µm
_06159_,2.8µm
_06173_,2.8µm
_06219_,2.8µm
_06245_,2.8µm
_06259_,2.8µm
_06353_,2.8µm
_06397_,2.8µm
_06497_,2.8µm
_06507_,2.8µm
_06569_,2.8µm
_06576_,2.8µm
_06689_,2.8µm
_06736_,2.8µm
_06776_,2.8µm
_06793_,2.8µm
_06798_,2.8µm
_06811_,2.8µm
_06874_,2.8µm
_06879_,2.8µm
_06892_,2.8µm
_06917_,2.8µm
_06967_,2.8µm
_06974_,2.8µm
_06976_,2.8µm
_06994_,2.8µm
_06996_,2.8µm
_07011_,2.8µm
_07025_,2.8µm
_07055_,2.8µm
_07077_,2.8µm
_07090_,2.8µm
_07098_,2.8µm
_07106_,2.8µm
_07132_,2.8µm
_07147_,2.8µm
_07159_,2.8µm
_07163_,2.8µm
_07232_,2.8µm
_07244_,2.8µm
_07258_,2.8µm
_07285_,2.8µm
_07299_,2.8µm
_07303_,2.8µm
_07306_,2.8µm
_07308_,2.8µm
_07363_,2.8µm
_07390_,2.8µm
_07404_,2.8µm
_07407_,2.8µm
_07442_,2.8µm
_07504_,2.8µm
_07545_,2.8µm
_07575_,2.8µm
_07578_,2.8µm
_07585_,2.8µm
_07637_,2.8µm
_07695_,2.8µm
_07697_,2.8µm
_07735_,2.8µm
_07744_,2.8µm
_07746_,2.8µm
_07750_,2.8µm
_07770_,2.8µm
_07790_,2.8µm
_07844_,2.8µm
_07889_,2.8µm
_07944_,2.8µm
_07963_,2.8µm
_07967_,2.8µm
_07994_,2.8µm
_07996_,2.8µm
_08061_,2.8µm
_08089_,2.8µm
_08113_,2.8µm
_08125_,2.8µm
_08129_,2.8µm
_08142_,2.8µm
_08166_,2.8µm
_08215_,2.8µm
_08247_,2.8µm
_08256_,2.8µm
_08315_,2.8µm
_08344_,2.8µm
_08367_,2.8µm
_08463_,2.8µm
_08501_,2.8µm
_08504_,2.8µm
_08539_,2.8µm
_08566_,2.8µm
_08605_,2.8µm
_08610_,2.8µm
_08613_,2.8µm
_08619_,2.8µm
_08629_,2.8µm
_08673_,2.8µm
_08679_,2.8µm
_08681_,2.8µm
_08708_,2.8µm
_08727_,2.8µm
_08731_,2.8µm
_08746_,2.8µm
_08775_,2.8µm
_08851_,2.8µm
_08861_,2.8µm
_08891_,2.8µm
_08916_,2.8µm
_08924_,2.8µm
_08927_,2.8µm
_08944_,2.8µm
_08955_,2.8µm
_08978_,2.8µm
_08987_,2.8µm
_08989_,2.8µm
_09012_,2.8µm
_09018_,2.8µm
_09063_,2.8µm
_09105_,2.8µm
_09123_,2.8µm
_09132_,2.8µm
_09164_,2.8µm
_09196_,2.8µm
_09203_,2.8µm
_09231_,2.8µm
_09251_,2.8µm
_09253_,2.8µm
_09336_,2.8µm
_09366_,2.8µm
_09425_,2.8µm
_09452_,2.8µm
_09489_,2.8µm
_09492_,2.8µm
_09513_,2.8µm
_09516_,2.8µm
_09522_,2.8µm
_09587_,2.8µm
_09622_,2.8µm
_09631_,2.8µm
_09660_,2.8µm
_09678_,2.8µm
_09680_,2.8µm
_09690_,2.8µm
_09715_,2.8µm
_09792_,2.8µm
_09812_,2.8µm
_09876_,2.8µm
_09894_,2.8µm
_09895_,2.8µm
_09911_,2.8µm
_09939_,2.8µm
_09942_,2.8µm
_09945_,2.8µm
_09980_,2.8µm
_09989_,2.8µm
_10007_,2.8µm
_10010_,2.8µm
_10014_,2.8µm
_10024_,2.8µm
_10056_,2.8µm
_10072_,2.8µm
_10141_,2.8µm
_10157_,2.8µm
_10160_,2.8µm
_10168_,2.8µm
_10176_,2.8µm
_10194_,2.8µm
_10232_,2.8µm
_10252_,2.8µm
_10257_,2.8µm
_10260_,2.8µm
_10284_,2.8µm
_10304_,2.8µm
_10322_,2.8µm
_10329_,2.8µm
_10353_,2.8µm
_10392_,2.8µm
_10403_,2.8µm
_10410_,2.8µm
_10418_,2.8µm
_10435_,2.8µm
_10461_,2.8µm
_10474_,2.8µm
_10495_,2.8µm
_10519_,2.8µm
_10552_,2.8µm
_10562_,2.8µm
_10579_,2.8µm
_10596_,2.8µm
_10598_,2.8µm
_10604_,2.8µm
_10617_,2.8µm
_10674_,2.8µm
_10693_,2.8µm
_10711_,2.8µm
_10715_,2.8µm
_10727_,2.8µm
_10751_,2.8µm
_10760_,2.8µm
_11161_,2.8µm
_11207_,2.8µm
_11208_,2.8µm
_11236_,2.8µm
_11256_,2.8µm
_11274_,2.8µm
_11292_,2.8µm
_11295_,2.8µm
_11303_,2.8µm
_11313_,2.8µm
_11376_,2.8µm
_11400_,2.8µm
_11401_,2.8µm
_11411_,2.8µm
_11458_,2.8µm
_11483_,2.8µm
_11528_,2.8µm
_11535_,2.8µm
_11545_,2.8µm
_11607_,2.8µm
_11702_,2.8µm
_11725_,2.8µm
_11756_,2.8µm
_11822_,2.8µm
_11857_,2.8µm
_11879_,2.8µm
_11976_,2.8µm
_12004_,2.8µm
_12028_,2.8µm
_12036_,2.8µm
_12043_,2.8µm
_12051_,2.8µm
_12059_,2.8µm
_12060_,2.8µm
_12108_,2.8µm
_12115_,2.8µm
_12160_,2.8µm
_12178_,2.8µm
_12214_,2.8µm
_12265_,2.8µm
_12293_,2.8µm
_12320_,2.8µm
_12338_,2.8µm
_12346_,2.8µm
_12372_,2.8µm
_12403_,2.8µm
_12472_,2.8µm
_12600_,2.8µm
_12609_,2.8µm
_12661_,2.8µm
_12790_,2.8µm
_12819_,2.8µm
_12848_,2.8µm
_12853_,2.8µm
_12858_,2.8µm
_12902_,2.8µm
_12966_,2.8µm
_12970_,2.8µm
_12993_,2.8µm
_13012_,2.8µm
_13050_,2.8µm
_13092_,2.8µm
_13111_,2.8µm
_13135_,2.8µm
_13142_,2.8µm
_13163_,2.8µm
_13203_,2.8µm
_13240_,2.8µm
_13247_,2.8µm
_13267_,2.8µm
_13297_,2.8µm
_13323_,2.8µm
_13371_,2.8µm
_13407_,2.8µm
_13422_,2.8µm
_13432_,2.8µm
_13604_,2.8µm
_13690_,2.8µm
_13720_,2.8µm
_13774_,2.8µm
_13824_,2.8µm
_13830_,2.8µm
_13847_,2.8µm
_13851_,2.8µm
_13913_,2.8µm
_13921_,2.8µm
_13925_,2.8µm
_13951_,2.8µm
_13952_,2.8µm
_13968_,2.8µm
_14004_,2.8µm
_14017_,2.8µm
_14053_,2.8µm
_14073_,2.8µm
_14094_,2.8µm
_14095_,2.8µm
_14167_,2.8µm
_14206_,2.8µm
_14245_,2.8µm
_14292_,2.8µm
_14353_,2.8µm
_14359_,2.8µm
_14369_,2.8µm
_14514_,2.8µm
_14573_,2.8µm
_14620_,2.8µm
_14633_,2.8µm
_14691_,2.8µm
_14693_,2.8µm
_14717_,2.8µm
_14726_,2.8µm
_14732_,2.8µm
_14744_,2.8µm
_14775_,2.8µm
_14808_,2.8µm
_14829_,2.8µm
_14838_,2.8µm
_14933_,2.8µm
_14966_,2.8µm
_14972_,2.8µm
_14995_,2.8µm
_15061_,2.8µm
_15081_,2.8µm
_15100_,2.8µm
_15119_,2.8µm
_15328_,2.8µm
_15359_,2.8µm
_15441_,2.8µm
_15455_,2.8µm
_15456_,2.8µm
_15467_,2.8µm
_15524_,2.8µm
_15563_,2.8µm
_15606_,2.8µm
_15614_,2.8µm
_15619_,2.8µm
_15647_,2.8µm
_15719_,2.8µm
_15747_,2.8µm
_15796_,2.8µm
_15813_,2.8µm
_15818_,2.8µm
_15907_,2.8µm
_15921_,2.8µm
_16044_,2.8µm
_16062_,2.8µm
_16100_,2.8µm
_16109_,2.8µm
_16270_,2.8µm
_16286_,2.8µm
_16316_,2.8µm
_16359_,2.8µm
_16481_,2.8µm
_16528_,2.8µm
_16552_,2.8µm
_16557_,2.8µm
_16598_,2.8µm
_16606_,2.8µm
_16619_,2.8µm
_16687_,2.8µm
_16733_,2.8µm
_16799_,2.8µm
_16837_,2.8µm
_16901_,2.8µm
_16929_,2.8µm
_16932_,2.8µm
_16936_,2.8µm
_16938_,2.8µm
_16949_,2.8µm
_16953_,2.8µm
_16965_,2.8µm
_17015_,2.8µm
_17032_,2.8µm
_17036_,2.8µm
_17066_,2.8µm
_17078_,2.8µm
_17142_,2.8µm
_17143_,2.8µm
_17149_,2.8µm
_17175_,2.8µm
_17259_,2.8µm
_17339_,2.8µm
_17343_,2.8µm
_17344_,2.8µm
_17467_,2.8µm
_17619_,2.8µm
u_integration_final.integration_inst.quantizer_inst.target_dtype_1\[2\],2.8µm
u_integration_final.integration_inst.reg_bank_inst.accum\[2\]\[1\],2.8µm
u_integration_final.integration_inst.reg_bank_inst.cols_a_d\[1\]\[0\],2.8µm
u_integration_final.integration_inst.reg_bank_inst.cols_a_d\[2\]\[1\],2.8µm
u_integration_final.uart_inst.bg.counter\[13\],2.8µm
net1220,2.8µm
net2427,2.8µm
net3983,2.8µm
_01604_,2.74µm
_10880_,2.52µm
_01781_,2.34µm
_02111_,2.34µm
_02125_,2.34µm
_02236_,2.34µm
_02444_,2.34µm
_02632_,2.34µm
_02658_,2.34µm
_02791_,2.34µm
_02890_,2.34µm
_03110_,2.34µm
_03570_,2.34µm
_03654_,2.34µm
_03712_,2.34µm
_03766_,2.34µm
_04166_,2.34µm
_04415_,2.34µm
_04514_,2.34µm
_04954_,2.34µm
_05001_,2.34µm
_05027_,2.34µm
_05097_,2.34µm
_05108_,2.34µm
_05336_,2.34µm
_05342_,2.34µm
_05458_,2.34µm
_05626_,2.34µm
_05825_,2.34µm
_06053_,2.34µm
_06248_,2.34µm
_06252_,2.34µm
_06285_,2.34µm
_06308_,2.34µm
_06635_,2.34µm
_07421_,2.34µm
_07549_,2.34µm
_07777_,2.34µm
_07810_,2.34µm
_07822_,2.34µm
_07865_,2.34µm
_07919_,2.34µm
_07958_,2.34µm
_07988_,2.34µm
_08447_,2.34µm
_08785_,2.34µm
_08815_,2.34µm
_08876_,2.34µm
_08984_,2.34µm
_09056_,2.34µm
_09335_,2.34µm
_09456_,2.34µm
_09461_,2.34µm
_09488_,2.34µm
_09493_,2.34µm
_09570_,2.34µm
_09597_,2.34µm
_09602_,2.34µm
_09652_,2.34µm
_09656_,2.34µm
_09845_,2.34µm
_09862_,2.34µm
_09884_,2.34µm
_09951_,2.34µm
_10004_,2.34µm
_10011_,2.34µm
_10019_,2.34µm
_10121_,2.34µm
_10166_,2.34µm
_10200_,2.34µm
_10289_,2.34µm
_10344_,2.34µm
_10469_,2.34µm
_10502_,2.34µm
_10555_,2.34µm
_10590_,2.34µm
_10630_,2.34µm
_10645_,2.34µm
_10970_,2.34µm
_11415_,2.34µm
_11602_,2.34µm
_11705_,2.34µm
_12864_,2.34µm
_12866_,2.34µm
_13070_,2.34µm
_13091_,2.34µm
_13149_,2.34µm
_13316_,2.34µm
_13480_,2.34µm
_13924_,2.34µm
_14016_,2.34µm
_14432_,2.34µm
_14736_,2.34µm
_14802_,2.34µm
_15039_,2.34µm
_15329_,2.34µm
_15488_,2.34µm
_15599_,2.34µm
_15712_,2.34µm
_16176_,2.34µm
_16197_,2.34µm
_16648_,2.34µm
_16781_,2.34µm
_16839_,2.34µm
_16942_,2.34µm
_16952_,2.34µm
_17047_,2.34µm
_17068_,2.34µm
_17368_,2.34µm
_17404_,2.34µm
net3118,2.34µm
_01817_,2.29µm
_04074_,2.29µm
_09379_,2.29µm
_16554_,2.29µm
_16945_,2.29µm
net1223,2.29µm
_00155_,2.24µm
_00159_,2.24µm
_00168_,2.24µm
_00171_,2.24µm
_00188_,2.24µm
_00207_,2.24µm
_00242_,2.24µm
_00277_,2.24µm
_00287_,2.24µm
_00295_,2.24µm
_00297_,2.24µm
_00321_,2.24µm
_00330_,2.24µm
_00333_,2.24µm
_00346_,2.24µm
_00369_,2.24µm
_00387_,2.24µm
_00408_,2.24µm
_00411_,2.24µm
_00420_,2.24µm
_00428_,2.24µm
_00442_,2.24µm
_00444_,2.24µm
_00449_,2.24µm
_00459_,2.24µm
_00464_,2.24µm
_00472_,2.24µm
_00489_,2.24µm
_00517_,2.24µm
_00552_,2.24µm
_01625_,2.24µm
_01653_,2.24µm
_01744_,2.24µm
_01760_,2.24µm
_01765_,2.24µm
_01766_,2.24µm
_01770_,2.24µm
_01785_,2.24µm
_01814_,2.24µm
_01925_,2.24µm
_01982_,2.24µm
_01985_,2.24µm
_02014_,2.24µm
_02015_,2.24µm
_02022_,2.24µm
_02054_,2.24µm
_02078_,2.24µm
_02098_,2.24µm
_02179_,2.24µm
_02332_,2.24µm
_02344_,2.24µm
_02353_,2.24µm
_02376_,2.24µm
_02403_,2.24µm
_02404_,2.24µm
_02442_,2.24µm
_02473_,2.24µm
_02481_,2.24µm
_02486_,2.24µm
_02500_,2.24µm
_02548_,2.24µm
_02598_,2.24µm
_02622_,2.24µm
_02769_,2.24µm
_02808_,2.24µm
_02916_,2.24µm
_02934_,2.24µm
_03010_,2.24µm
_03093_,2.24µm
_03137_,2.24µm
_03200_,2.24µm
_03238_,2.24µm
_03270_,2.24µm
_03374_,2.24µm
_03909_,2.24µm
_04009_,2.24µm
_04401_,2.24µm
_04568_,2.24µm
_04696_,2.24µm
_04778_,2.24µm
_04790_,2.24µm
_04795_,2.24µm
_04854_,2.24µm
_04874_,2.24µm
_04957_,2.24µm
_05009_,2.24µm
_05209_,2.24µm
_05298_,2.24µm
_05304_,2.24µm
_05367_,2.24µm
_05374_,2.24µm
_05394_,2.24µm
_05428_,2.24µm
_05535_,2.24µm
_05545_,2.24µm
_05575_,2.24µm
_05607_,2.24µm
_05618_,2.24µm
_05700_,2.24µm
_05734_,2.24µm
_05757_,2.24µm
_05760_,2.24µm
_05766_,2.24µm
_05822_,2.24µm
_05838_,2.24µm
_05852_,2.24µm
_05870_,2.24µm
_05920_,2.24µm
_05931_,2.24µm
_06060_,2.24µm
_06067_,2.24µm
_06107_,2.24µm
_06223_,2.24µm
_06332_,2.24µm
_06334_,2.24µm
_06595_,2.24µm
_06669_,2.24µm
_06815_,2.24µm
_06819_,2.24µm
_06827_,2.24µm
_06836_,2.24µm
_06838_,2.24µm
_06923_,2.24µm
_06924_,2.24µm
_06969_,2.24µm
_07069_,2.24µm
_07113_,2.24µm
_07247_,2.24µm
_07297_,2.24µm
_07339_,2.24µm
_07344_,2.24µm
_07351_,2.24µm
_07384_,2.24µm
_07393_,2.24µm
_07422_,2.24µm
_07432_,2.24µm
_07613_,2.24µm
_07653_,2.24µm
_07725_,2.24µm
_07728_,2.24µm
_07731_,2.24µm
_07761_,2.24µm
_07819_,2.24µm
_07892_,2.24µm
_07961_,2.24µm
_07973_,2.24µm
_07997_,2.24µm
_08093_,2.24µm
_08135_,2.24µm
_08137_,2.24µm
_08149_,2.24µm
_08199_,2.24µm
_08294_,2.24µm
_08465_,2.24µm
_08476_,2.24µm
_08670_,2.24µm
_08745_,2.24µm
_08799_,2.24µm
_08828_,2.24µm
_08858_,2.24µm
_08897_,2.24µm
_08957_,2.24µm
_09027_,2.24µm
_09082_,2.24µm
_09114_,2.24µm
_09177_,2.24µm
_09178_,2.24µm
_09201_,2.24µm
_09207_,2.24µm
_09308_,2.24µm
_09309_,2.24µm
_09313_,2.24µm
_09357_,2.24µm
_09358_,2.24µm
_09360_,2.24µm
_09421_,2.24µm
_09445_,2.24µm
_09453_,2.24µm
_09462_,2.24µm
_09507_,2.24µm
_09508_,2.24µm
_09528_,2.24µm
_09546_,2.24µm
_09552_,2.24µm
_09572_,2.24µm
_09608_,2.24µm
_09642_,2.24µm
_09649_,2.24µm
_09724_,2.24µm
_09733_,2.24µm
_09739_,2.24µm
_09748_,2.24µm
_09771_,2.24µm
_09844_,2.24µm
_09856_,2.24µm
_09860_,2.24µm
_09938_,2.24µm
_09949_,2.24µm
_09953_,2.24µm
_09962_,2.24µm
_09979_,2.24µm
_09994_,2.24µm
_10031_,2.24µm
_10112_,2.24µm
_10134_,2.24µm
_10150_,2.24µm
_10202_,2.24µm
_10280_,2.24µm
_10346_,2.24µm
_10401_,2.24µm
_10481_,2.24µm
_10488_,2.24µm
_10548_,2.24µm
_10564_,2.24µm
_10583_,2.24µm
_10614_,2.24µm
_10621_,2.24µm
_10734_,2.24µm
_10772_,2.24µm
_10778_,2.24µm
_11284_,2.24µm
_11297_,2.24µm
_11327_,2.24µm
_11386_,2.24µm
_11414_,2.24µm
_11480_,2.24µm
_11547_,2.24µm
_11567_,2.24µm
_11643_,2.24µm
_11732_,2.24µm
_11816_,2.24µm
_11907_,2.24µm
_12066_,2.24µm
_12131_,2.24µm
_12174_,2.24µm
_12208_,2.24µm
_12222_,2.24µm
_12252_,2.24µm
_12267_,2.24µm
_12389_,2.24µm
_12432_,2.24µm
_12505_,2.24µm
_12672_,2.24µm
_12674_,2.24µm
_12725_,2.24µm
_12786_,2.24µm
_12883_,2.24µm
_12977_,2.24µm
_12986_,2.24µm
_12999_,2.24µm
_13008_,2.24µm
_13025_,2.24µm
_13029_,2.24µm
_13054_,2.24µm
_13055_,2.24µm
_13181_,2.24µm
_13188_,2.24µm
_13207_,2.24µm
_13263_,2.24µm
_13370_,2.24µm
_13416_,2.24µm
_13610_,2.24µm
_13710_,2.24µm
_13726_,2.24µm
_13731_,2.24µm
_13864_,2.24µm
_13865_,2.24µm
_13905_,2.24µm
_13916_,2.24µm
_13976_,2.24µm
_13981_,2.24µm
_14011_,2.24µm
_14039_,2.24µm
_14076_,2.24µm
_14135_,2.24µm
_14146_,2.24µm
_14208_,2.24µm
_14453_,2.24µm
_14484_,2.24µm
_14565_,2.24µm
_14617_,2.24µm
_14698_,2.24µm
_14712_,2.24µm
_14797_,2.24µm
_14825_,2.24µm
_14830_,2.24µm
_14886_,2.24µm
_15021_,2.24µm
_15050_,2.24µm
_15074_,2.24µm
_15087_,2.24µm
_15127_,2.24µm
_15204_,2.24µm
_15267_,2.24µm
_15290_,2.24µm
_15300_,2.24µm
_15306_,2.24µm
_15380_,2.24µm
_15419_,2.24µm
_15465_,2.24µm
_15477_,2.24µm
_15479_,2.24µm
_15505_,2.24µm
_15587_,2.24µm
_15607_,2.24µm
_15613_,2.24µm
_15740_,2.24µm
_16034_,2.24µm
_16165_,2.24µm
_16199_,2.24µm
_16212_,2.24µm
_16281_,2.24µm
_16285_,2.24µm
_16320_,2.24µm
_16338_,2.24µm
_16435_,2.24µm
_16550_,2.24µm
_16636_,2.24µm
_16639_,2.24µm
_16693_,2.24µm
_16772_,2.24µm
_16934_,2.24µm
_16937_,2.24µm
_17087_,2.24µm
_17128_,2.24µm
_17193_,2.24µm
_17207_,2.24µm
_17307_,2.24µm
_17358_,2.24µm
_17407_,2.24µm
_17496_,2.24µm
_17549_,2.24µm
_17574_,2.24µm
u_integration_final.integration_inst.reg_bank_inst.mat_arr\[8\]\[6\],2.24µm
net1524,2.24µm
net2304,2.24µm
net2963,2.24µm
net3520,2.24µm
_01927_,1.78µm
_01979_,1.78µm
_03199_,1.78µm
_04860_,1.78µm
_07441_,1.78µm
_07577_,1.78µm
_07724_,1.78µm
_08849_,1.78µm
_09145_,1.78µm
_09922_,1.78µm
_10032_,1.78µm
_11279_,1.78µm
_13199_,1.78µm
_14786_,1.78µm
_16134_,1.78µm
_16976_,1.78µm
_17148_,1.78µm
net789,1.78µm
_00154_,1.68µm
_00156_,1.68µm
_00157_,1.68µm
_00163_,1.68µm
_00185_,1.68µm
_00190_,1.68µm
_00191_,1.68µm
_00195_,1.68µm
_00198_,1.68µm
_00201_,1.68µm
_00206_,1.68µm
_00209_,1.68µm
_00211_,1.68µm
_00217_,1.68µm
_00219_,1.68µm
_00225_,1.68µm
_00231_,1.68µm
_00234_,1.68µm
_00238_,1.68µm
_00240_,1.68µm
_00250_,1.68µm
_00262_,1.68µm
_00269_,1.68µm
_00270_,1.68µm
_00271_,1.68µm
_00275_,1.68µm
_00279_,1.68µm
_00292_,1.68µm
_00299_,1.68µm
_00302_,1.68µm
_00306_,1.68µm
_00317_,1.68µm
_00318_,1.68µm
_00323_,1.68µm
_00324_,1.68µm
_00326_,1.68µm
_00328_,1.68µm
_00332_,1.68µm
_00336_,1.68µm
_00340_,1.68µm
_00343_,1.68µm
_00344_,1.68µm
_00352_,1.68µm
_00360_,1.68µm
_00362_,1.68µm
_00375_,1.68µm
_00378_,1.68µm
_00385_,1.68µm
_00388_,1.68µm
_00389_,1.68µm
_00391_,1.68µm
_00392_,1.68µm
_00394_,1.68µm
_00402_,1.68µm
_00409_,1.68µm
_00421_,1.68µm
_00426_,1.68µm
_00427_,1.68µm
_00433_,1.68µm
_00437_,1.68µm
_00441_,1.68µm
_00443_,1.68µm
_00445_,1.68µm
_00451_,1.68µm
_00455_,1.68µm
_00456_,1.68µm
_00458_,1.68µm
_00460_,1.68µm
_00467_,1.68µm
_00471_,1.68µm
_00475_,1.68µm
_00476_,1.68µm
_00483_,1.68µm
_00485_,1.68µm
_00486_,1.68µm
_00487_,1.68µm
_00493_,1.68µm
_00494_,1.68µm
_00495_,1.68µm
_00502_,1.68µm
_00504_,1.68µm
_00505_,1.68µm
_00515_,1.68µm
_00516_,1.68µm
_00521_,1.68µm
_00526_,1.68µm
_01648_,1.68µm
_01709_,1.68µm
_01741_,1.68µm
_01742_,1.68µm
_01750_,1.68µm
_01758_,1.68µm
_01840_,1.68µm
_01945_,1.68µm
_01967_,1.68µm
_02007_,1.68µm
_02145_,1.68µm
_02212_,1.68µm
_02240_,1.68µm
_02250_,1.68µm
_02319_,1.68µm
_02347_,1.68µm
_02361_,1.68µm
_02374_,1.68µm
_02392_,1.68µm
_02746_,1.68µm
_02793_,1.68µm
_03180_,1.68µm
_03208_,1.68µm
_03214_,1.68µm
_03216_,1.68µm
_03229_,1.68µm
_03291_,1.68µm
_03678_,1.68µm
_03965_,1.68µm
_04128_,1.68µm
_04144_,1.68µm
_04170_,1.68µm
_04375_,1.68µm
_04505_,1.68µm
_04562_,1.68µm
_04648_,1.68µm
_04712_,1.68µm
_05034_,1.68µm
_05102_,1.68µm
_05160_,1.68µm
_05213_,1.68µm
_05276_,1.68µm
_05361_,1.68µm
_05505_,1.68µm
_05548_,1.68µm
_05640_,1.68µm
_05718_,1.68µm
_05855_,1.68µm
_05890_,1.68µm
_05958_,1.68µm
_05988_,1.68µm
_06010_,1.68µm
_06014_,1.68µm
_06180_,1.68µm
_06414_,1.68µm
_06527_,1.68µm
_06546_,1.68µm
_06605_,1.68µm
_06973_,1.68µm
_07046_,1.68µm
_07074_,1.68µm
_07122_,1.68µm
_07167_,1.68µm
_07193_,1.68µm
_07298_,1.68µm
_07310_,1.68µm
_07315_,1.68µm
_07375_,1.68µm
_07387_,1.68µm
_07443_,1.68µm
_07630_,1.68µm
_07634_,1.68µm
_07687_,1.68µm
_07734_,1.68µm
_07809_,1.68µm
_07837_,1.68µm
_07950_,1.68µm
_08026_,1.68µm
_08084_,1.68µm
_08144_,1.68µm
_08160_,1.68µm
_08165_,1.68µm
_08191_,1.68µm
_08241_,1.68µm
_08310_,1.68µm
_08354_,1.68µm
_08408_,1.68µm
_08793_,1.68µm
_08878_,1.68µm
_08888_,1.68µm
_08903_,1.68µm
_08970_,1.68µm
_08973_,1.68µm
_09019_,1.68µm
_09083_,1.68µm
_09143_,1.68µm
_09224_,1.68µm
_09272_,1.68µm
_09467_,1.68µm
_09639_,1.68µm
_09752_,1.68µm
_09877_,1.68µm
_09900_,1.68µm
_09969_,1.68µm
_10132_,1.68µm
_10145_,1.68µm
_10174_,1.68µm
_10204_,1.68µm
_10222_,1.68µm
_10388_,1.68µm
_10424_,1.68µm
_10454_,1.68µm
_10483_,1.68µm
_10497_,1.68µm
_10678_,1.68µm
_11059_,1.68µm
_11132_,1.68µm
_11197_,1.68µm
_11262_,1.68µm
_11312_,1.68µm
_11329_,1.68µm
_11344_,1.68µm
_11397_,1.68µm
_11439_,1.68µm
_11633_,1.68µm
_11667_,1.68µm
_11733_,1.68µm
_11748_,1.68µm
_11891_,1.68µm
_11945_,1.68µm
_11980_,1.68µm
_12010_,1.68µm
_12136_,1.68µm
_12144_,1.68µm
_12203_,1.68µm
_12305_,1.68µm
_12312_,1.68µm
_12330_,1.68µm
_12357_,1.68µm
_12420_,1.68µm
_12491_,1.68µm
_12812_,1.68µm
_12822_,1.68µm
_12844_,1.68µm
_12861_,1.68µm
_12886_,1.68µm
_12972_,1.68µm
_13046_,1.68µm
_13295_,1.68µm
_13538_,1.68µm
_13593_,1.68µm
_13709_,1.68µm
_13740_,1.68µm
_13763_,1.68µm
_13773_,1.68µm
_13801_,1.68µm
_14015_,1.68µm
_14031_,1.68µm
_14044_,1.68µm
_14287_,1.68µm
_14366_,1.68µm
_14583_,1.68µm
_14701_,1.68µm
_14702_,1.68µm
_14721_,1.68µm
_14745_,1.68µm
_14789_,1.68µm
_15320_,1.68µm
_15323_,1.68µm
_15368_,1.68µm
_15413_,1.68µm
_15426_,1.68µm
_15542_,1.68µm
_15622_,1.68µm
_15710_,1.68µm
_16102_,1.68µm
_16185_,1.68µm
_16248_,1.68µm
_16420_,1.68µm
_16421_,1.68µm
_16544_,1.68µm
_16859_,1.68µm
_16918_,1.68µm
_16922_,1.68µm
_16964_,1.68µm
_17039_,1.68µm
_17077_,1.68µm
_17126_,1.68µm
_17366_,1.68µm
_17425_,1.68µm
_17582_,1.68µm
_17610_,1.68µm
net269,1.68µm
net573,1.68µm
net1043,1.68µm
net1850,1.68µm
net1961,1.68µm
net2475,1.68µm
net2815,1.68µm
net3055,1.68µm
net3262,1.68µm
net3429,1.68µm
net3522,1.68µm
net3786,1.68µm
_05179_,1.22µm
_06704_,1.22µm
_06762_,1.22µm
_09970_,1.22µm
_13033_,1.22µm
_13874_,1.22µm
_16243_,1.22µm
_16680_,1.22µm
_01631_,1.12µm
_01633_,1.12µm
_01640_,1.12µm
_01657_,1.12µm
_01675_,1.12µm
_01737_,1.12µm
_01782_,1.12µm
_02182_,1.12µm
_02221_,1.12µm
_02336_,1.12µm
_02341_,1.12µm
_02342_,1.12µm
_02346_,1.12µm
_02432_,1.12µm
_02438_,1.12µm
_02538_,1.12µm
_02543_,1.12µm
_02547_,1.12µm
_02605_,1.12µm
_02653_,1.12µm
_02676_,1.12µm
_02851_,1.12µm
_03089_,1.12µm
_03098_,1.12µm
_03211_,1.12µm
_03217_,1.12µm
_03225_,1.12µm
_03443_,1.12µm
_03769_,1.12µm
_03818_,1.12µm
_04110_,1.12µm
_04272_,1.12µm
_04385_,1.12µm
_04484_,1.12µm
_04738_,1.12µm
_04858_,1.12µm
_04961_,1.12µm
_05003_,1.12µm
_05093_,1.12µm
_05497_,1.12µm
_05622_,1.12µm
_05697_,1.12µm
_05720_,1.12µm
_05735_,1.12µm
_05915_,1.12µm
_05948_,1.12µm
_05959_,1.12µm
_06051_,1.12µm
_06186_,1.12µm
_06289_,1.12µm
_06312_,1.12µm
_06504_,1.12µm
_06560_,1.12µm
_06593_,1.12µm
_06599_,1.12µm
_06682_,1.12µm
_06809_,1.12µm
_06899_,1.12µm
_06905_,1.12µm
_06912_,1.12µm
_06922_,1.12µm
_06932_,1.12µm
_06946_,1.12µm
_07022_,1.12µm
_07067_,1.12µm
_07121_,1.12µm
_07225_,1.12µm
_07228_,1.12µm
_07234_,1.12µm
_07317_,1.12µm
_07369_,1.12µm
_07386_,1.12µm
_07406_,1.12µm
_07408_,1.12µm
_07423_,1.12µm
_07426_,1.12µm
_07427_,1.12µm
_07429_,1.12µm
_07606_,1.12µm
_07609_,1.12µm
_07614_,1.12µm
_07635_,1.12µm
_07689_,1.12µm
_07780_,1.12µm
_07795_,1.12µm
_07815_,1.12µm
_07910_,1.12µm
_07925_,1.12µm
_07947_,1.12µm
_07952_,1.12µm
_07954_,1.12µm
_07969_,1.12µm
_07974_,1.12µm
_08072_,1.12µm
_08081_,1.12µm
_08083_,1.12µm
_08116_,1.12µm
_08397_,1.12µm
_08796_,1.12µm
_08810_,1.12µm
_09007_,1.12µm
_09024_,1.12µm
_09051_,1.12µm
_09174_,1.12µm
_09376_,1.12µm
_09485_,1.12µm
_09600_,1.12µm
_09636_,1.12µm
_09749_,1.12µm
_10057_,1.12µm
_10439_,1.12µm
_10904_,1.12µm
_11058_,1.12µm
_11253_,1.12µm
_11293_,1.12µm
_11446_,1.12µm
_11479_,1.12µm
_11622_,1.12µm
_11680_,1.12µm
_11699_,1.12µm
_11709_,1.12µm
_11887_,1.12µm
_12014_,1.12µm
_12015_,1.12µm
_12018_,1.12µm
_12118_,1.12µm
_12121_,1.12µm
_12123_,1.12µm
_12140_,1.12µm
_12154_,1.12µm
_12191_,1.12µm
_12301_,1.12µm
_12396_,1.12µm
_12428_,1.12µm
_12456_,1.12µm
_12527_,1.12µm
_12898_,1.12µm
_13261_,1.12µm
_13363_,1.12µm
_13719_,1.12µm
_13728_,1.12µm
_13750_,1.12µm
_13757_,1.12µm
_13767_,1.12µm
_13808_,1.12µm
_13829_,1.12µm
_13834_,1.12µm
_13861_,1.12µm
_13863_,1.12µm
_13867_,1.12µm
_13996_,1.12µm
_14077_,1.12µm
_14214_,1.12µm
_14580_,1.12µm
_14596_,1.12µm
_14665_,1.12µm
_14710_,1.12µm
_14720_,1.12µm
_14722_,1.12µm
_14729_,1.12µm
_14742_,1.12µm
_14861_,1.12µm
_15019_,1.12µm
_15133_,1.12µm
_15242_,1.12µm
_15400_,1.12µm
_15428_,1.12µm
_15437_,1.12µm
_15445_,1.12µm
_15449_,1.12µm
_15459_,1.12µm
_15460_,1.12µm
_15468_,1.12µm
_15499_,1.12µm
_15579_,1.12µm
_15708_,1.12µm
_16066_,1.12µm
_16167_,1.12µm
_16169_,1.12µm
_16276_,1.12µm
_16284_,1.12µm
_16736_,1.12µm
_16741_,1.12µm
_16923_,1.12µm
_16926_,1.12µm
_17041_,1.12µm
_17056_,1.12µm
_17060_,1.12µm
_17070_,1.12µm
_17079_,1.12µm
_17139_,1.12µm
_17238_,1.12µm
_17285_,1.12µm
_17510_,1.12µm
_07224_,0.56µm
_15787_,0.56µm
_17337_,0.56µm
