
 /----------------------------------------------------------------------------\
 |  yosys -- Yosys Open SYnthesis Suite                                       |
 |  Copyright (C) 2012 - 2026  Claire Xenia Wolf <claire@yosyshq.com>         |
 |  Distributed under an ISC-like license, type "license" to see terms        |
 \----------------------------------------------------------------------------/
 Yosys 0.64 (git sha1 6d2c445ae, g++ 13.3.0-6ubuntu2~24.04.1 -fPIC -O3)

1. Executing Verilog-2005 frontend: /foss/designs/integration_final/runs/RUN_2026-08-30_15-35-49/tmp/1ee4d1328d274afda8df76541108cfc4.bb.v
Parsing SystemVerilog input from `/foss/designs/integration_final/runs/RUN_2026-08-30_15-35-49/tmp/1ee4d1328d274afda8df76541108cfc4.bb.v' to AST representation.
Generating RTLIL representation for module `\gf180mcu_fd_sc_mcu7t5v0__addf_1'.
Generating RTLIL representation for module `\gf180mcu_fd_sc_mcu7t5v0__addf_2'.
Generating RTLIL representation for module `\gf180mcu_fd_sc_mcu7t5v0__addf_4'.
Generating RTLIL representation for module `\gf180mcu_fd_sc_mcu7t5v0__addf_func'.
Generating RTLIL representation for module `\gf180mcu_fd_sc_mcu7t5v0__addh_1'.
Generating RTLIL representation for module `\gf180mcu_fd_sc_mcu7t5v0__addh_2'.
Generating RTLIL representation for module `\gf180mcu_fd_sc_mcu7t5v0__addh_4'.
Generating RTLIL representation for module `\gf180mcu_fd_sc_mcu7t5v0__addh_func'.
Generating RTLIL representation for module `\gf180mcu_fd_sc_mcu7t5v0__and2_1'.
Generating RTLIL representation for module `\gf180mcu_fd_sc_mcu7t5v0__and2_2'.
Generating RTLIL representation for module `\gf180mcu_fd_sc_mcu7t5v0__and2_4'.
Generating RTLIL representation for module `\gf180mcu_fd_sc_mcu7t5v0__and2_func'.
Generating RTLIL representation for module `\gf180mcu_fd_sc_mcu7t5v0__and3_1'.
Generating RTLIL representation for module `\gf180mcu_fd_sc_mcu7t5v0__and3_2'.
Generating RTLIL representation for module `\gf180mcu_fd_sc_mcu7t5v0__and3_4'.
Generating RTLIL representation for module `\gf180mcu_fd_sc_mcu7t5v0__and3_func'.
Generating RTLIL representation for module `\gf180mcu_fd_sc_mcu7t5v0__and4_1'.
Generating RTLIL representation for module `\gf180mcu_fd_sc_mcu7t5v0__and4_2'.
Generating RTLIL representation for module `\gf180mcu_fd_sc_mcu7t5v0__and4_4'.
Generating RTLIL representation for module `\gf180mcu_fd_sc_mcu7t5v0__and4_func'.
Generating RTLIL representation for module `\gf180mcu_fd_sc_mcu7t5v0__antenna'.
Generating RTLIL representation for module `\gf180mcu_fd_sc_mcu7t5v0__antenna_func'.
Generating RTLIL representation for module `\gf180mcu_fd_sc_mcu7t5v0__aoi211_1'.
Generating RTLIL representation for module `\gf180mcu_fd_sc_mcu7t5v0__aoi211_2'.
Generating RTLIL representation for module `\gf180mcu_fd_sc_mcu7t5v0__aoi211_4'.
Generating RTLIL representation for module `\gf180mcu_fd_sc_mcu7t5v0__aoi211_func'.
Generating RTLIL representation for module `\gf180mcu_fd_sc_mcu7t5v0__aoi21_1'.
Generating RTLIL representation for module `\gf180mcu_fd_sc_mcu7t5v0__aoi21_2'.
Generating RTLIL representation for module `\gf180mcu_fd_sc_mcu7t5v0__aoi21_4'.
Generating RTLIL representation for module `\gf180mcu_fd_sc_mcu7t5v0__aoi21_func'.
Generating RTLIL representation for module `\gf180mcu_fd_sc_mcu7t5v0__aoi221_1'.
Generating RTLIL representation for module `\gf180mcu_fd_sc_mcu7t5v0__aoi221_2'.
Generating RTLIL representation for module `\gf180mcu_fd_sc_mcu7t5v0__aoi221_4'.
Generating RTLIL representation for module `\gf180mcu_fd_sc_mcu7t5v0__aoi221_func'.
Generating RTLIL representation for module `\gf180mcu_fd_sc_mcu7t5v0__aoi222_1'.
Generating RTLIL representation for module `\gf180mcu_fd_sc_mcu7t5v0__aoi222_2'.
Generating RTLIL representation for module `\gf180mcu_fd_sc_mcu7t5v0__aoi222_4'.
Generating RTLIL representation for module `\gf180mcu_fd_sc_mcu7t5v0__aoi222_func'.
Generating RTLIL representation for module `\gf180mcu_fd_sc_mcu7t5v0__aoi22_1'.
Generating RTLIL representation for module `\gf180mcu_fd_sc_mcu7t5v0__aoi22_2'.
Generating RTLIL representation for module `\gf180mcu_fd_sc_mcu7t5v0__aoi22_4'.
Generating RTLIL representation for module `\gf180mcu_fd_sc_mcu7t5v0__aoi22_func'.
Generating RTLIL representation for module `\gf180mcu_fd_sc_mcu7t5v0__buf_1'.
Generating RTLIL representation for module `\gf180mcu_fd_sc_mcu7t5v0__buf_12'.
Generating RTLIL representation for module `\gf180mcu_fd_sc_mcu7t5v0__buf_16'.
Generating RTLIL representation for module `\gf180mcu_fd_sc_mcu7t5v0__buf_2'.
Generating RTLIL representation for module `\gf180mcu_fd_sc_mcu7t5v0__buf_20'.
Generating RTLIL representation for module `\gf180mcu_fd_sc_mcu7t5v0__buf_3'.
Generating RTLIL representation for module `\gf180mcu_fd_sc_mcu7t5v0__buf_4'.
Generating RTLIL representation for module `\gf180mcu_fd_sc_mcu7t5v0__buf_8'.
Generating RTLIL representation for module `\gf180mcu_fd_sc_mcu7t5v0__buf_func'.
Generating RTLIL representation for module `\gf180mcu_fd_sc_mcu7t5v0__bufz_1'.
Generating RTLIL representation for module `\gf180mcu_fd_sc_mcu7t5v0__bufz_12'.
Generating RTLIL representation for module `\gf180mcu_fd_sc_mcu7t5v0__bufz_16'.
Generating RTLIL representation for module `\gf180mcu_fd_sc_mcu7t5v0__bufz_2'.
Generating RTLIL representation for module `\gf180mcu_fd_sc_mcu7t5v0__bufz_3'.
Generating RTLIL representation for module `\gf180mcu_fd_sc_mcu7t5v0__bufz_4'.
Generating RTLIL representation for module `\gf180mcu_fd_sc_mcu7t5v0__bufz_8'.
Generating RTLIL representation for module `\gf180mcu_fd_sc_mcu7t5v0__bufz_func'.
Generating RTLIL representation for module `\gf180mcu_fd_sc_mcu7t5v0__clkbuf_1'.
Generating RTLIL representation for module `\gf180mcu_fd_sc_mcu7t5v0__clkbuf_12'.
Generating RTLIL representation for module `\gf180mcu_fd_sc_mcu7t5v0__clkbuf_16'.
Generating RTLIL representation for module `\gf180mcu_fd_sc_mcu7t5v0__clkbuf_2'.
Generating RTLIL representation for module `\gf180mcu_fd_sc_mcu7t5v0__clkbuf_20'.
Generating RTLIL representation for module `\gf180mcu_fd_sc_mcu7t5v0__clkbuf_3'.
Generating RTLIL representation for module `\gf180mcu_fd_sc_mcu7t5v0__clkbuf_4'.
Generating RTLIL representation for module `\gf180mcu_fd_sc_mcu7t5v0__clkbuf_8'.
Generating RTLIL representation for module `\gf180mcu_fd_sc_mcu7t5v0__clkbuf_func'.
Generating RTLIL representation for module `\gf180mcu_fd_sc_mcu7t5v0__clkinv_1'.
Generating RTLIL representation for module `\gf180mcu_fd_sc_mcu7t5v0__clkinv_12'.
Generating RTLIL representation for module `\gf180mcu_fd_sc_mcu7t5v0__clkinv_16'.
Generating RTLIL representation for module `\gf180mcu_fd_sc_mcu7t5v0__clkinv_2'.
Generating RTLIL representation for module `\gf180mcu_fd_sc_mcu7t5v0__clkinv_20'.
Generating RTLIL representation for module `\gf180mcu_fd_sc_mcu7t5v0__clkinv_3'.
Generating RTLIL representation for module `\gf180mcu_fd_sc_mcu7t5v0__clkinv_4'.
Generating RTLIL representation for module `\gf180mcu_fd_sc_mcu7t5v0__clkinv_8'.
Generating RTLIL representation for module `\gf180mcu_fd_sc_mcu7t5v0__clkinv_func'.
Generating RTLIL representation for module `\gf180mcu_fd_sc_mcu7t5v0__dffnq_1'.
Generating RTLIL representation for module `\gf180mcu_fd_sc_mcu7t5v0__dffnq_2'.
Generating RTLIL representation for module `\gf180mcu_fd_sc_mcu7t5v0__dffnq_4'.
Generating RTLIL representation for module `\gf180mcu_fd_sc_mcu7t5v0__dffnq_func'.
Generating RTLIL representation for module `\gf180mcu_fd_sc_mcu7t5v0__dffnrnq_1'.
Generating RTLIL representation for module `\gf180mcu_fd_sc_mcu7t5v0__dffnrnq_2'.
Generating RTLIL representation for module `\gf180mcu_fd_sc_mcu7t5v0__dffnrnq_4'.
Generating RTLIL representation for module `\gf180mcu_fd_sc_mcu7t5v0__dffnrnq_func'.
Generating RTLIL representation for module `\gf180mcu_fd_sc_mcu7t5v0__dffnrsnq_1'.
Generating RTLIL representation for module `\gf180mcu_fd_sc_mcu7t5v0__dffnrsnq_2'.
Generating RTLIL representation for module `\gf180mcu_fd_sc_mcu7t5v0__dffnrsnq_4'.
Generating RTLIL representation for module `\gf180mcu_fd_sc_mcu7t5v0__dffnrsnq_func'.
Generating RTLIL representation for module `\gf180mcu_fd_sc_mcu7t5v0__dffnsnq_1'.
Generating RTLIL representation for module `\gf180mcu_fd_sc_mcu7t5v0__dffnsnq_2'.
Generating RTLIL representation for module `\gf180mcu_fd_sc_mcu7t5v0__dffnsnq_4'.
Generating RTLIL representation for module `\gf180mcu_fd_sc_mcu7t5v0__dffnsnq_func'.
Generating RTLIL representation for module `\gf180mcu_fd_sc_mcu7t5v0__dffq_1'.
Generating RTLIL representation for module `\gf180mcu_fd_sc_mcu7t5v0__dffq_2'.
Generating RTLIL representation for module `\gf180mcu_fd_sc_mcu7t5v0__dffq_4'.
Generating RTLIL representation for module `\gf180mcu_fd_sc_mcu7t5v0__dffq_func'.
Generating RTLIL representation for module `\gf180mcu_fd_sc_mcu7t5v0__dffrnq_1'.
Generating RTLIL representation for module `\gf180mcu_fd_sc_mcu7t5v0__dffrnq_2'.
Generating RTLIL representation for module `\gf180mcu_fd_sc_mcu7t5v0__dffrnq_4'.
Generating RTLIL representation for module `\gf180mcu_fd_sc_mcu7t5v0__dffrnq_func'.
Generating RTLIL representation for module `\gf180mcu_fd_sc_mcu7t5v0__dffrsnq_1'.
Generating RTLIL representation for module `\gf180mcu_fd_sc_mcu7t5v0__dffrsnq_2'.
Generating RTLIL representation for module `\gf180mcu_fd_sc_mcu7t5v0__dffrsnq_4'.
Generating RTLIL representation for module `\gf180mcu_fd_sc_mcu7t5v0__dffrsnq_func'.
Generating RTLIL representation for module `\gf180mcu_fd_sc_mcu7t5v0__dffsnq_1'.
Generating RTLIL representation for module `\gf180mcu_fd_sc_mcu7t5v0__dffsnq_2'.
Generating RTLIL representation for module `\gf180mcu_fd_sc_mcu7t5v0__dffsnq_4'.
Generating RTLIL representation for module `\gf180mcu_fd_sc_mcu7t5v0__dffsnq_func'.
Generating RTLIL representation for module `\gf180mcu_fd_sc_mcu7t5v0__dlya_1'.
Generating RTLIL representation for module `\gf180mcu_fd_sc_mcu7t5v0__dlya_2'.
Generating RTLIL representation for module `\gf180mcu_fd_sc_mcu7t5v0__dlya_4'.
Generating RTLIL representation for module `\gf180mcu_fd_sc_mcu7t5v0__dlya_func'.
Generating RTLIL representation for module `\gf180mcu_fd_sc_mcu7t5v0__dlyb_1'.
Generating RTLIL representation for module `\gf180mcu_fd_sc_mcu7t5v0__dlyb_2'.
Generating RTLIL representation for module `\gf180mcu_fd_sc_mcu7t5v0__dlyb_4'.
Generating RTLIL representation for module `\gf180mcu_fd_sc_mcu7t5v0__dlyb_func'.
Generating RTLIL representation for module `\gf180mcu_fd_sc_mcu7t5v0__dlyc_1'.
Generating RTLIL representation for module `\gf180mcu_fd_sc_mcu7t5v0__dlyc_2'.
Generating RTLIL representation for module `\gf180mcu_fd_sc_mcu7t5v0__dlyc_4'.
Generating RTLIL representation for module `\gf180mcu_fd_sc_mcu7t5v0__dlyc_func'.
Generating RTLIL representation for module `\gf180mcu_fd_sc_mcu7t5v0__dlyd_1'.
Generating RTLIL representation for module `\gf180mcu_fd_sc_mcu7t5v0__dlyd_2'.
Generating RTLIL representation for module `\gf180mcu_fd_sc_mcu7t5v0__dlyd_4'.
Generating RTLIL representation for module `\gf180mcu_fd_sc_mcu7t5v0__dlyd_func'.
Generating RTLIL representation for module `\gf180mcu_fd_sc_mcu7t5v0__endcap'.
Generating RTLIL representation for module `\gf180mcu_fd_sc_mcu7t5v0__endcap_func'.
Generating RTLIL representation for module `\gf180mcu_fd_sc_mcu7t5v0__fill_1'.
Generating RTLIL representation for module `\gf180mcu_fd_sc_mcu7t5v0__fill_16'.
Generating RTLIL representation for module `\gf180mcu_fd_sc_mcu7t5v0__fill_2'.
Generating RTLIL representation for module `\gf180mcu_fd_sc_mcu7t5v0__fill_32'.
Generating RTLIL representation for module `\gf180mcu_fd_sc_mcu7t5v0__fill_4'.
Generating RTLIL representation for module `\gf180mcu_fd_sc_mcu7t5v0__fill_64'.
Generating RTLIL representation for module `\gf180mcu_fd_sc_mcu7t5v0__fill_8'.
Generating RTLIL representation for module `\gf180mcu_fd_sc_mcu7t5v0__fill_func'.
Generating RTLIL representation for module `\gf180mcu_fd_sc_mcu7t5v0__fillcap_16'.
Generating RTLIL representation for module `\gf180mcu_fd_sc_mcu7t5v0__fillcap_32'.
Generating RTLIL representation for module `\gf180mcu_fd_sc_mcu7t5v0__fillcap_4'.
Generating RTLIL representation for module `\gf180mcu_fd_sc_mcu7t5v0__fillcap_64'.
Generating RTLIL representation for module `\gf180mcu_fd_sc_mcu7t5v0__fillcap_8'.
Generating RTLIL representation for module `\gf180mcu_fd_sc_mcu7t5v0__fillcap_func'.
Generating RTLIL representation for module `\gf180mcu_fd_sc_mcu7t5v0__filltie'.
Generating RTLIL representation for module `\gf180mcu_fd_sc_mcu7t5v0__filltie_func'.
Generating RTLIL representation for module `\gf180mcu_fd_sc_mcu7t5v0__hold'.
Generating RTLIL representation for module `\gf180mcu_fd_sc_mcu7t5v0__hold_func'.
Generating RTLIL representation for module `\gf180mcu_fd_sc_mcu7t5v0__icgtn_1'.
Generating RTLIL representation for module `\gf180mcu_fd_sc_mcu7t5v0__icgtn_2'.
Generating RTLIL representation for module `\gf180mcu_fd_sc_mcu7t5v0__icgtn_4'.
Generating RTLIL representation for module `\gf180mcu_fd_sc_mcu7t5v0__icgtn_func'.
Generating RTLIL representation for module `\gf180mcu_fd_sc_mcu7t5v0__icgtp_1'.
Generating RTLIL representation for module `\gf180mcu_fd_sc_mcu7t5v0__icgtp_2'.
Generating RTLIL representation for module `\gf180mcu_fd_sc_mcu7t5v0__icgtp_4'.
Generating RTLIL representation for module `\gf180mcu_fd_sc_mcu7t5v0__icgtp_func'.
Generating RTLIL representation for module `\gf180mcu_fd_sc_mcu7t5v0__inv_1'.
Generating RTLIL representation for module `\gf180mcu_fd_sc_mcu7t5v0__inv_12'.
Generating RTLIL representation for module `\gf180mcu_fd_sc_mcu7t5v0__inv_16'.
Generating RTLIL representation for module `\gf180mcu_fd_sc_mcu7t5v0__inv_2'.
Generating RTLIL representation for module `\gf180mcu_fd_sc_mcu7t5v0__inv_20'.
Generating RTLIL representation for module `\gf180mcu_fd_sc_mcu7t5v0__inv_3'.
Generating RTLIL representation for module `\gf180mcu_fd_sc_mcu7t5v0__inv_4'.
Generating RTLIL representation for module `\gf180mcu_fd_sc_mcu7t5v0__inv_8'.
Generating RTLIL representation for module `\gf180mcu_fd_sc_mcu7t5v0__inv_func'.
Generating RTLIL representation for module `\gf180mcu_fd_sc_mcu7t5v0__invz_1'.
Generating RTLIL representation for module `\gf180mcu_fd_sc_mcu7t5v0__invz_12'.
Generating RTLIL representation for module `\gf180mcu_fd_sc_mcu7t5v0__invz_16'.
Generating RTLIL representation for module `\gf180mcu_fd_sc_mcu7t5v0__invz_2'.
Generating RTLIL representation for module `\gf180mcu_fd_sc_mcu7t5v0__invz_3'.
Generating RTLIL representation for module `\gf180mcu_fd_sc_mcu7t5v0__invz_4'.
Generating RTLIL representation for module `\gf180mcu_fd_sc_mcu7t5v0__invz_8'.
Generating RTLIL representation for module `\gf180mcu_fd_sc_mcu7t5v0__invz_func'.
Generating RTLIL representation for module `\gf180mcu_fd_sc_mcu7t5v0__latq_1'.
Generating RTLIL representation for module `\gf180mcu_fd_sc_mcu7t5v0__latq_2'.
Generating RTLIL representation for module `\gf180mcu_fd_sc_mcu7t5v0__latq_4'.
Generating RTLIL representation for module `\gf180mcu_fd_sc_mcu7t5v0__latq_func'.
Generating RTLIL representation for module `\gf180mcu_fd_sc_mcu7t5v0__latrnq_1'.
Generating RTLIL representation for module `\gf180mcu_fd_sc_mcu7t5v0__latrnq_2'.
Generating RTLIL representation for module `\gf180mcu_fd_sc_mcu7t5v0__latrnq_4'.
Generating RTLIL representation for module `\gf180mcu_fd_sc_mcu7t5v0__latrnq_func'.
Generating RTLIL representation for module `\gf180mcu_fd_sc_mcu7t5v0__latrsnq_1'.
Generating RTLIL representation for module `\gf180mcu_fd_sc_mcu7t5v0__latrsnq_2'.
Generating RTLIL representation for module `\gf180mcu_fd_sc_mcu7t5v0__latrsnq_4'.
Generating RTLIL representation for module `\gf180mcu_fd_sc_mcu7t5v0__latrsnq_func'.
Generating RTLIL representation for module `\gf180mcu_fd_sc_mcu7t5v0__latsnq_1'.
Generating RTLIL representation for module `\gf180mcu_fd_sc_mcu7t5v0__latsnq_2'.
Generating RTLIL representation for module `\gf180mcu_fd_sc_mcu7t5v0__latsnq_4'.
Generating RTLIL representation for module `\gf180mcu_fd_sc_mcu7t5v0__latsnq_func'.
Generating RTLIL representation for module `\gf180mcu_fd_sc_mcu7t5v0__mux2_1'.
Generating RTLIL representation for module `\gf180mcu_fd_sc_mcu7t5v0__mux2_2'.
Generating RTLIL representation for module `\gf180mcu_fd_sc_mcu7t5v0__mux2_4'.
Generating RTLIL representation for module `\gf180mcu_fd_sc_mcu7t5v0__mux2_func'.
Generating RTLIL representation for module `\gf180mcu_fd_sc_mcu7t5v0__mux4_1'.
Generating RTLIL representation for module `\gf180mcu_fd_sc_mcu7t5v0__mux4_2'.
Generating RTLIL representation for module `\gf180mcu_fd_sc_mcu7t5v0__mux4_4'.
Generating RTLIL representation for module `\gf180mcu_fd_sc_mcu7t5v0__mux4_func'.
Generating RTLIL representation for module `\gf180mcu_fd_sc_mcu7t5v0__nand2_1'.
Generating RTLIL representation for module `\gf180mcu_fd_sc_mcu7t5v0__nand2_2'.
Generating RTLIL representation for module `\gf180mcu_fd_sc_mcu7t5v0__nand2_4'.
Generating RTLIL representation for module `\gf180mcu_fd_sc_mcu7t5v0__nand2_func'.
Generating RTLIL representation for module `\gf180mcu_fd_sc_mcu7t5v0__nand3_1'.
Generating RTLIL representation for module `\gf180mcu_fd_sc_mcu7t5v0__nand3_2'.
Generating RTLIL representation for module `\gf180mcu_fd_sc_mcu7t5v0__nand3_4'.
Generating RTLIL representation for module `\gf180mcu_fd_sc_mcu7t5v0__nand3_func'.
Generating RTLIL representation for module `\gf180mcu_fd_sc_mcu7t5v0__nand4_1'.
Generating RTLIL representation for module `\gf180mcu_fd_sc_mcu7t5v0__nand4_2'.
Generating RTLIL representation for module `\gf180mcu_fd_sc_mcu7t5v0__nand4_4'.
Generating RTLIL representation for module `\gf180mcu_fd_sc_mcu7t5v0__nand4_func'.
Generating RTLIL representation for module `\gf180mcu_fd_sc_mcu7t5v0__nor2_1'.
Generating RTLIL representation for module `\gf180mcu_fd_sc_mcu7t5v0__nor2_2'.
Generating RTLIL representation for module `\gf180mcu_fd_sc_mcu7t5v0__nor2_4'.
Generating RTLIL representation for module `\gf180mcu_fd_sc_mcu7t5v0__nor2_func'.
Generating RTLIL representation for module `\gf180mcu_fd_sc_mcu7t5v0__nor3_1'.
Generating RTLIL representation for module `\gf180mcu_fd_sc_mcu7t5v0__nor3_2'.
Generating RTLIL representation for module `\gf180mcu_fd_sc_mcu7t5v0__nor3_4'.
Generating RTLIL representation for module `\gf180mcu_fd_sc_mcu7t5v0__nor3_func'.
Generating RTLIL representation for module `\gf180mcu_fd_sc_mcu7t5v0__nor4_1'.
Generating RTLIL representation for module `\gf180mcu_fd_sc_mcu7t5v0__nor4_2'.
Generating RTLIL representation for module `\gf180mcu_fd_sc_mcu7t5v0__nor4_4'.
Generating RTLIL representation for module `\gf180mcu_fd_sc_mcu7t5v0__nor4_func'.
Generating RTLIL representation for module `\gf180mcu_fd_sc_mcu7t5v0__oai211_1'.
Generating RTLIL representation for module `\gf180mcu_fd_sc_mcu7t5v0__oai211_2'.
Generating RTLIL representation for module `\gf180mcu_fd_sc_mcu7t5v0__oai211_4'.
Generating RTLIL representation for module `\gf180mcu_fd_sc_mcu7t5v0__oai211_func'.
Generating RTLIL representation for module `\gf180mcu_fd_sc_mcu7t5v0__oai21_1'.
Generating RTLIL representation for module `\gf180mcu_fd_sc_mcu7t5v0__oai21_2'.
Generating RTLIL representation for module `\gf180mcu_fd_sc_mcu7t5v0__oai21_4'.
Generating RTLIL representation for module `\gf180mcu_fd_sc_mcu7t5v0__oai21_func'.
Generating RTLIL representation for module `\gf180mcu_fd_sc_mcu7t5v0__oai221_1'.
Generating RTLIL representation for module `\gf180mcu_fd_sc_mcu7t5v0__oai221_2'.
Generating RTLIL representation for module `\gf180mcu_fd_sc_mcu7t5v0__oai221_4'.
Generating RTLIL representation for module `\gf180mcu_fd_sc_mcu7t5v0__oai221_func'.
Generating RTLIL representation for module `\gf180mcu_fd_sc_mcu7t5v0__oai222_1'.
Generating RTLIL representation for module `\gf180mcu_fd_sc_mcu7t5v0__oai222_2'.
Generating RTLIL representation for module `\gf180mcu_fd_sc_mcu7t5v0__oai222_4'.
Generating RTLIL representation for module `\gf180mcu_fd_sc_mcu7t5v0__oai222_func'.
Generating RTLIL representation for module `\gf180mcu_fd_sc_mcu7t5v0__oai22_1'.
Generating RTLIL representation for module `\gf180mcu_fd_sc_mcu7t5v0__oai22_2'.
Generating RTLIL representation for module `\gf180mcu_fd_sc_mcu7t5v0__oai22_4'.
Generating RTLIL representation for module `\gf180mcu_fd_sc_mcu7t5v0__oai22_func'.
Generating RTLIL representation for module `\gf180mcu_fd_sc_mcu7t5v0__oai31_1'.
Generating RTLIL representation for module `\gf180mcu_fd_sc_mcu7t5v0__oai31_2'.
Generating RTLIL representation for module `\gf180mcu_fd_sc_mcu7t5v0__oai31_4'.
Generating RTLIL representation for module `\gf180mcu_fd_sc_mcu7t5v0__oai31_func'.
Generating RTLIL representation for module `\gf180mcu_fd_sc_mcu7t5v0__oai32_1'.
Generating RTLIL representation for module `\gf180mcu_fd_sc_mcu7t5v0__oai32_2'.
Generating RTLIL representation for module `\gf180mcu_fd_sc_mcu7t5v0__oai32_4'.
Generating RTLIL representation for module `\gf180mcu_fd_sc_mcu7t5v0__oai32_func'.
Generating RTLIL representation for module `\gf180mcu_fd_sc_mcu7t5v0__oai33_1'.
Generating RTLIL representation for module `\gf180mcu_fd_sc_mcu7t5v0__oai33_2'.
Generating RTLIL representation for module `\gf180mcu_fd_sc_mcu7t5v0__oai33_4'.
Generating RTLIL representation for module `\gf180mcu_fd_sc_mcu7t5v0__oai33_func'.
Generating RTLIL representation for module `\gf180mcu_fd_sc_mcu7t5v0__or2_1'.
Generating RTLIL representation for module `\gf180mcu_fd_sc_mcu7t5v0__or2_2'.
Generating RTLIL representation for module `\gf180mcu_fd_sc_mcu7t5v0__or2_4'.
Generating RTLIL representation for module `\gf180mcu_fd_sc_mcu7t5v0__or2_func'.
Generating RTLIL representation for module `\gf180mcu_fd_sc_mcu7t5v0__or3_1'.
Generating RTLIL representation for module `\gf180mcu_fd_sc_mcu7t5v0__or3_2'.
Generating RTLIL representation for module `\gf180mcu_fd_sc_mcu7t5v0__or3_4'.
Generating RTLIL representation for module `\gf180mcu_fd_sc_mcu7t5v0__or3_func'.
Generating RTLIL representation for module `\gf180mcu_fd_sc_mcu7t5v0__or4_1'.
Generating RTLIL representation for module `\gf180mcu_fd_sc_mcu7t5v0__or4_2'.
Generating RTLIL representation for module `\gf180mcu_fd_sc_mcu7t5v0__or4_4'.
Generating RTLIL representation for module `\gf180mcu_fd_sc_mcu7t5v0__or4_func'.
Generating RTLIL representation for module `\gf180mcu_fd_sc_mcu7t5v0__sdffq_1'.
Generating RTLIL representation for module `\gf180mcu_fd_sc_mcu7t5v0__sdffq_2'.
Generating RTLIL representation for module `\gf180mcu_fd_sc_mcu7t5v0__sdffq_4'.
Generating RTLIL representation for module `\gf180mcu_fd_sc_mcu7t5v0__sdffq_func'.
Generating RTLIL representation for module `\gf180mcu_fd_sc_mcu7t5v0__sdffrnq_1'.
Generating RTLIL representation for module `\gf180mcu_fd_sc_mcu7t5v0__sdffrnq_2'.
Generating RTLIL representation for module `\gf180mcu_fd_sc_mcu7t5v0__sdffrnq_4'.
Generating RTLIL representation for module `\gf180mcu_fd_sc_mcu7t5v0__sdffrnq_func'.
Generating RTLIL representation for module `\gf180mcu_fd_sc_mcu7t5v0__sdffrsnq_1'.
Generating RTLIL representation for module `\gf180mcu_fd_sc_mcu7t5v0__sdffrsnq_2'.
Generating RTLIL representation for module `\gf180mcu_fd_sc_mcu7t5v0__sdffrsnq_4'.
Generating RTLIL representation for module `\gf180mcu_fd_sc_mcu7t5v0__sdffrsnq_func'.
Generating RTLIL representation for module `\gf180mcu_fd_sc_mcu7t5v0__sdffsnq_1'.
Generating RTLIL representation for module `\gf180mcu_fd_sc_mcu7t5v0__sdffsnq_2'.
Generating RTLIL representation for module `\gf180mcu_fd_sc_mcu7t5v0__sdffsnq_4'.
Generating RTLIL representation for module `\gf180mcu_fd_sc_mcu7t5v0__sdffsnq_func'.
Generating RTLIL representation for module `\gf180mcu_fd_sc_mcu7t5v0__tieh'.
Generating RTLIL representation for module `\gf180mcu_fd_sc_mcu7t5v0__tieh_func'.
Generating RTLIL representation for module `\gf180mcu_fd_sc_mcu7t5v0__tiel'.
Generating RTLIL representation for module `\gf180mcu_fd_sc_mcu7t5v0__tiel_func'.
Generating RTLIL representation for module `\gf180mcu_fd_sc_mcu7t5v0__xnor2_1'.
Generating RTLIL representation for module `\gf180mcu_fd_sc_mcu7t5v0__xnor2_2'.
Generating RTLIL representation for module `\gf180mcu_fd_sc_mcu7t5v0__xnor2_4'.
Generating RTLIL representation for module `\gf180mcu_fd_sc_mcu7t5v0__xnor2_func'.
Generating RTLIL representation for module `\gf180mcu_fd_sc_mcu7t5v0__xnor3_1'.
Generating RTLIL representation for module `\gf180mcu_fd_sc_mcu7t5v0__xnor3_2'.
Generating RTLIL representation for module `\gf180mcu_fd_sc_mcu7t5v0__xnor3_4'.
Generating RTLIL representation for module `\gf180mcu_fd_sc_mcu7t5v0__xnor3_func'.
Generating RTLIL representation for module `\gf180mcu_fd_sc_mcu7t5v0__xor2_1'.
Generating RTLIL representation for module `\gf180mcu_fd_sc_mcu7t5v0__xor2_2'.
Generating RTLIL representation for module `\gf180mcu_fd_sc_mcu7t5v0__xor2_4'.
Generating RTLIL representation for module `\gf180mcu_fd_sc_mcu7t5v0__xor2_func'.
Generating RTLIL representation for module `\gf180mcu_fd_sc_mcu7t5v0__xor3_1'.
Generating RTLIL representation for module `\gf180mcu_fd_sc_mcu7t5v0__xor3_2'.
Generating RTLIL representation for module `\gf180mcu_fd_sc_mcu7t5v0__xor3_4'.
Generating RTLIL representation for module `\gf180mcu_fd_sc_mcu7t5v0__xor3_func'.
Successfully finished Verilog frontend.
wtaf

2. Executing Verilog-2005 frontend: /foss/designs/integration_final/src/command_parser.sv
Parsing SystemVerilog input from `/foss/designs/integration_final/src/command_parser.sv' to AST representation.
Storing AST representation for module `$abstract\command_parser'.
Successfully finished Verilog frontend.

3. Executing Verilog-2005 frontend: /foss/designs/integration_final/src/integration_minus_UART.sv
Parsing SystemVerilog input from `/foss/designs/integration_final/src/integration_minus_UART.sv' to AST representation.
Storing AST representation for module `$abstract\integration_minus_UART'.
Successfully finished Verilog frontend.

4. Executing Verilog-2005 frontend: /foss/designs/integration_final/src/integration_final.sv
Parsing SystemVerilog input from `/foss/designs/integration_final/src/integration_final.sv' to AST representation.
Storing AST representation for module `$abstract\integration_final'.
Successfully finished Verilog frontend.

5. Executing Verilog-2005 frontend: /foss/designs/integration_final/src/A37_A.sv
Parsing SystemVerilog input from `/foss/designs/integration_final/src/A37_A.sv' to AST representation.
Storing AST representation for module `$abstract\A37_A'.
Successfully finished Verilog frontend.

6. Executing Verilog-2005 frontend: /foss/designs/integration_final/src/int_MAC.sv
Parsing SystemVerilog input from `/foss/designs/integration_final/src/int_MAC.sv' to AST representation.
Storing AST representation for module `$abstract\int_MAC'.
Successfully finished Verilog frontend.

7. Executing Verilog-2005 frontend: /foss/designs/integration_final/src/MAC_grid.sv
Parsing SystemVerilog input from `/foss/designs/integration_final/src/MAC_grid.sv' to AST representation.
Storing AST representation for module `$abstract\MAC_grid'.
Successfully finished Verilog frontend.

8. Executing Verilog-2005 frontend: /foss/designs/integration_final/src/quantizer.sv
Parsing SystemVerilog input from `/foss/designs/integration_final/src/quantizer.sv' to AST representation.
Storing AST representation for module `$abstract\quantizer'.
Successfully finished Verilog frontend.

9. Executing Verilog-2005 frontend: /foss/designs/integration_final/src/reg_bank.sv
Parsing SystemVerilog input from `/foss/designs/integration_final/src/reg_bank.sv' to AST representation.
Storing AST representation for module `$abstract\reg_bank'.
Successfully finished Verilog frontend.

10. Executing Verilog-2005 frontend: /foss/designs/integration_final/src/uart_baud_gen.v
Parsing SystemVerilog input from `/foss/designs/integration_final/src/uart_baud_gen.v' to AST representation.
Storing AST representation for module `$abstract\baudGenExt'.
Successfully finished Verilog frontend.

11. Executing Verilog-2005 frontend: /foss/designs/integration_final/src/uart_rx.v
Parsing SystemVerilog input from `/foss/designs/integration_final/src/uart_rx.v' to AST representation.
Storing AST representation for module `$abstract\uartRx'.
Successfully finished Verilog frontend.

12. Executing Verilog-2005 frontend: /foss/designs/integration_final/src/uartTopBaseExt.v
Parsing SystemVerilog input from `/foss/designs/integration_final/src/uartTopBaseExt.v' to AST representation.
Storing AST representation for module `$abstract\uartTopBaseExt'.
Successfully finished Verilog frontend.

13. Executing Verilog-2005 frontend: /foss/designs/integration_final/src/uart_tx.v
Parsing SystemVerilog input from `/foss/designs/integration_final/src/uart_tx.v' to AST representation.
Storing AST representation for module `$abstract\uartTx'.
Successfully finished Verilog frontend.

14. Executing HIERARCHY pass (managing design hierarchy).

15. Executing AST frontend in derive mode using pre-parsed AST for module `\A37_A'.
Generating RTLIL representation for module `\A37_A'.

15.1. Analyzing design hierarchy..
Top module:  \A37_A
Parameter \GRID_SIZE = 3
Parameter \UART_BAUD_RATE = 500000
Parameter \CLK_FREQ = 10000000
Parameter \BAUD_FREQ = 4
Parameter \BAUD_LIMIT = 1

15.2. Executing AST frontend in derive mode using pre-parsed AST for module `\integration_final'.
Parameter \GRID_SIZE = 3
Parameter \UART_BAUD_RATE = 500000
Parameter \CLK_FREQ = 10000000
Parameter \BAUD_FREQ = 4
Parameter \BAUD_LIMIT = 1
Generating RTLIL representation for module `$paramod$9bc8d9a740f65b044c5fa080486418b950a37172\integration_final'.

15.3. Analyzing design hierarchy..
Top module:  \A37_A
Used module:     $paramod$9bc8d9a740f65b044c5fa080486418b950a37172\integration_final

15.4. Executing AST frontend in derive mode using pre-parsed AST for module `\uartTopBaseExt'.
Generating RTLIL representation for module `\uartTopBaseExt'.
Parameter \GRID_SIZE = 3

15.5. Executing AST frontend in derive mode using pre-parsed AST for module `\integration_minus_UART'.
Parameter \GRID_SIZE = 3
Generating RTLIL representation for module `$paramod\integration_minus_UART\GRID_SIZE=s32'00000000000000000000000000000011'.

15.6. Analyzing design hierarchy..
Top module:  \A37_A
Used module:     $paramod$9bc8d9a740f65b044c5fa080486418b950a37172\integration_final
Used module:         \uartTopBaseExt
Used module:         $paramod\integration_minus_UART\GRID_SIZE=s32'00000000000000000000000000000011

15.7. Executing AST frontend in derive mode using pre-parsed AST for module `\uartRx'.
Generating RTLIL representation for module `\uartRx'.

15.8. Executing AST frontend in derive mode using pre-parsed AST for module `\uartTx'.
Generating RTLIL representation for module `\uartTx'.

15.9. Executing AST frontend in derive mode using pre-parsed AST for module `\baudGenExt'.
Generating RTLIL representation for module `\baudGenExt'.

15.10. Executing AST frontend in derive mode using pre-parsed AST for module `\quantizer'.
Generating RTLIL representation for module `\quantizer'.
Parameter \GRID_SIZE = 3

15.11. Executing AST frontend in derive mode using pre-parsed AST for module `\MAC_grid'.
Parameter \GRID_SIZE = 3
Generating RTLIL representation for module `$paramod\MAC_grid\GRID_SIZE=s32'00000000000000000000000000000011'.
Warning: Replacing memory \valid_array with list of registers. See /foss/designs/integration_final/src/MAC_grid.sv:27
Warning: Replacing memory \data_b_array with list of registers. See /foss/designs/integration_final/src/MAC_grid.sv:26
Warning: Replacing memory \data_a_array with list of registers. See /foss/designs/integration_final/src/MAC_grid.sv:25
Parameter \GRID_SIZE = 3

15.12. Executing AST frontend in derive mode using pre-parsed AST for module `\reg_bank'.
Parameter \GRID_SIZE = 3
Generating RTLIL representation for module `$paramod\reg_bank\GRID_SIZE=s32'00000000000000000000000000000011'.
Warning: Replacing memory \mat_arr with list of registers. See /foss/designs/integration_final/src/reg_bank.sv:273
Warning: Replacing memory \accum with list of registers. See /foss/designs/integration_final/src/reg_bank.sv:272
Warning: Replacing memory \cols_a_d with list of registers. See /foss/designs/integration_final/src/reg_bank.sv:243
Warning: Replacing memory \rows_a_d with list of registers. See /foss/designs/integration_final/src/reg_bank.sv:242
Warning: Replacing memory \matrix_signed with list of registers. See /foss/designs/integration_final/src/reg_bank.sv:57
Parameter \GRID_SIZE = 3

15.13. Executing AST frontend in derive mode using pre-parsed AST for module `\command_parser'.
Parameter \GRID_SIZE = 3
Generating RTLIL representation for module `$paramod\command_parser\GRID_SIZE=s32'00000000000000000000000000000011'.

15.14. Analyzing design hierarchy..
Top module:  \A37_A
Used module:     $paramod$9bc8d9a740f65b044c5fa080486418b950a37172\integration_final
Used module:         \uartTopBaseExt
Used module:             \uartRx
Used module:             \uartTx
Used module:             \baudGenExt
Used module:         $paramod\integration_minus_UART\GRID_SIZE=s32'00000000000000000000000000000011
Used module:             \quantizer
Used module:             $paramod\MAC_grid\GRID_SIZE=s32'00000000000000000000000000000011
Used module:             $paramod\reg_bank\GRID_SIZE=s32'00000000000000000000000000000011
Used module:             $paramod\command_parser\GRID_SIZE=s32'00000000000000000000000000000011

15.15. Executing AST frontend in derive mode using pre-parsed AST for module `\int_MAC'.
Generating RTLIL representation for module `\int_MAC'.
Reprocessing module $paramod\MAC_grid\GRID_SIZE=s32'00000000000000000000000000000011 because instantiated module int_MAC has become available.
Generating RTLIL representation for module `$paramod\MAC_grid\GRID_SIZE=s32'00000000000000000000000000000011'.
Warning: Replacing memory \overflow_array with list of registers. See /foss/designs/integration_final/src/MAC_grid.sv:39
Warning: Replacing memory \valid_out_array with list of registers. See /foss/designs/integration_final/src/MAC_grid.sv:38
Warning: Replacing memory \result_array with list of registers. See /foss/designs/integration_final/src/MAC_grid.sv:37
Warning: Replacing memory \valid_array with list of registers. See /foss/designs/integration_final/src/MAC_grid.sv:27
Warning: Replacing memory \data_b_array with list of registers. See /foss/designs/integration_final/src/MAC_grid.sv:26
Warning: Replacing memory \data_a_array with list of registers. See /foss/designs/integration_final/src/MAC_grid.sv:25

15.16. Analyzing design hierarchy..
Top module:  \A37_A
Used module:     $paramod$9bc8d9a740f65b044c5fa080486418b950a37172\integration_final
Used module:         \uartTopBaseExt
Used module:             \uartRx
Used module:             \uartTx
Used module:             \baudGenExt
Used module:         $paramod\integration_minus_UART\GRID_SIZE=s32'00000000000000000000000000000011
Used module:             \quantizer
Used module:             $paramod\MAC_grid\GRID_SIZE=s32'00000000000000000000000000000011
Used module:                 \int_MAC
Used module:             $paramod\reg_bank\GRID_SIZE=s32'00000000000000000000000000000011
Used module:             $paramod\command_parser\GRID_SIZE=s32'00000000000000000000000000000011

15.17. Analyzing design hierarchy..
Top module:  \A37_A
Used module:     $paramod$9bc8d9a740f65b044c5fa080486418b950a37172\integration_final
Used module:         \uartTopBaseExt
Used module:             \uartRx
Used module:             \uartTx
Used module:             \baudGenExt
Used module:         $paramod\integration_minus_UART\GRID_SIZE=s32'00000000000000000000000000000011
Used module:             \quantizer
Used module:             $paramod\MAC_grid\GRID_SIZE=s32'00000000000000000000000000000011
Used module:                 \int_MAC
Used module:             $paramod\reg_bank\GRID_SIZE=s32'00000000000000000000000000000011
Used module:             $paramod\command_parser\GRID_SIZE=s32'00000000000000000000000000000011
Removing unused module `$abstract\uartTx'.
Removing unused module `$abstract\uartTopBaseExt'.
Removing unused module `$abstract\uartRx'.
Removing unused module `$abstract\baudGenExt'.
Removing unused module `$abstract\reg_bank'.
Removing unused module `$abstract\quantizer'.
Removing unused module `$abstract\MAC_grid'.
Removing unused module `$abstract\int_MAC'.
Removing unused module `$abstract\A37_A'.
Removing unused module `$abstract\integration_final'.
Removing unused module `$abstract\integration_minus_UART'.
Removing unused module `$abstract\command_parser'.
Removed 12 unused modules.
Renaming module A37_A to A37_A.

16. Executing PROC pass (convert processes to netlists).

16.1. Executing PROC_CLEAN pass (remove empty switches from decision trees).
Found and cleaned up 9 empty switches in `$paramod\reg_bank\GRID_SIZE=s32'00000000000000000000000000000011.$proc$/foss/designs/integration_final/src/reg_bank.sv:182$346'.
Cleaned up 9 empty switches.

16.2. Executing PROC_RMDEAD pass (remove dead branches from decision trees).
Marked 1 switch rules as full_case in process $proc$/foss/designs/integration_final/src/A37_A.sv:83$105 in module A37_A.
Marked 1 switch rules as full_case in process $proc$/foss/designs/integration_final/src/command_parser.sv:179$5267 in module $paramod\command_parser\GRID_SIZE=s32'00000000000000000000000000000011.
Marked 4 switch rules as full_case in process $proc$/foss/designs/integration_final/src/command_parser.sv:108$5222 in module $paramod\command_parser\GRID_SIZE=s32'00000000000000000000000000000011.
Marked 4 switch rules as full_case in process $proc$/foss/designs/integration_final/src/command_parser.sv:85$5215 in module $paramod\command_parser\GRID_SIZE=s32'00000000000000000000000000000011.
Marked 2 switch rules as full_case in process $proc$/foss/designs/integration_final/src/command_parser.sv:62$5214 in module $paramod\command_parser\GRID_SIZE=s32'00000000000000000000000000000011.
Marked 2 switch rules as full_case in process $proc$/foss/designs/integration_final/src/reg_bank.sv:384$4981 in module $paramod\reg_bank\GRID_SIZE=s32'00000000000000000000000000000011.
Marked 139 switch rules as full_case in process $proc$/foss/designs/integration_final/src/reg_bank.sv:269$2437 in module $paramod\reg_bank\GRID_SIZE=s32'00000000000000000000000000000011.
Marked 10 switch rules as full_case in process $proc$/foss/designs/integration_final/src/reg_bank.sv:256$2399 in module $paramod\reg_bank\GRID_SIZE=s32'00000000000000000000000000000011.
Marked 1 switch rules as full_case in process $proc$/foss/designs/integration_final/src/reg_bank.sv:239$2392 in module $paramod\reg_bank\GRID_SIZE=s32'00000000000000000000000000000011.
Marked 468 switch rules as full_case in process $proc$/foss/designs/integration_final/src/reg_bank.sv:182$346 in module $paramod\reg_bank\GRID_SIZE=s32'00000000000000000000000000000011.
Removed 1 dead cases from process $proc$/foss/designs/integration_final/src/reg_bank.sv:156$339 in module $paramod\reg_bank\GRID_SIZE=s32'00000000000000000000000000000011.
Marked 6 switch rules as full_case in process $proc$/foss/designs/integration_final/src/reg_bank.sv:156$339 in module $paramod\reg_bank\GRID_SIZE=s32'00000000000000000000000000000011.
Marked 4 switch rules as full_case in process $proc$/foss/designs/integration_final/src/reg_bank.sv:138$330 in module $paramod\reg_bank\GRID_SIZE=s32'00000000000000000000000000000011.
Marked 2 switch rules as full_case in process $proc$/foss/designs/integration_final/src/reg_bank.sv:83$315 in module $paramod\reg_bank\GRID_SIZE=s32'00000000000000000000000000000011.
Marked 1 switch rules as full_case in process $proc$/foss/designs/integration_final/src/reg_bank.sv:69$312 in module $paramod\reg_bank\GRID_SIZE=s32'00000000000000000000000000000011.
Marked 2 switch rules as full_case in process $proc$/foss/designs/integration_final/src/reg_bank.sv:55$301 in module $paramod\reg_bank\GRID_SIZE=s32'00000000000000000000000000000011.
Marked 1 switch rules as full_case in process $proc$/foss/designs/integration_final/src/reg_bank.sv:50$299 in module $paramod\reg_bank\GRID_SIZE=s32'00000000000000000000000000000011.
Marked 1 switch rules as full_case in process $proc$/foss/designs/integration_final/src/int_MAC.sv:32$5272 in module int_MAC.
Marked 1 switch rules as full_case in process $proc$/foss/designs/integration_final/src/int_MAC.sv:18$5269 in module int_MAC.
Marked 20 switch rules as full_case in process $proc$/foss/designs/integration_final/src/quantizer.sv:87$186 in module quantizer.
Marked 3 switch rules as full_case in process $proc$/foss/designs/integration_final/src/quantizer.sv:71$182 in module quantizer.
Marked 4 switch rules as full_case in process $proc$/foss/designs/integration_final/src/quantizer.sv:47$171 in module quantizer.
Marked 1 switch rules as full_case in process $proc$/foss/designs/integration_final/src/quantizer.sv:34$163 in module quantizer.
Marked 1 switch rules as full_case in process $proc$/foss/designs/integration_final/src/quantizer.sv:18$160 in module quantizer.
Marked 2 switch rules as full_case in process $proc$/foss/designs/integration_final/src/uart_baud_gen.v:13$156 in module baudGenExt.
Marked 1 switch rules as full_case in process $proc$/foss/designs/integration_final/src/uart_tx.v:84$153 in module uartTx.
Marked 2 switch rules as full_case in process $proc$/foss/designs/integration_final/src/uart_tx.v:72$152 in module uartTx.
Marked 2 switch rules as full_case in process $proc$/foss/designs/integration_final/src/uart_tx.v:60$149 in module uartTx.
Marked 2 switch rules as full_case in process $proc$/foss/designs/integration_final/src/uart_tx.v:48$145 in module uartTx.
Marked 2 switch rules as full_case in process $proc$/foss/designs/integration_final/src/uart_tx.v:36$139 in module uartTx.
Marked 2 switch rules as full_case in process $proc$/foss/designs/integration_final/src/uart_tx.v:19$135 in module uartTx.
Marked 2 switch rules as full_case in process $proc$/foss/designs/integration_final/src/uart_rx.v:76$127 in module uartRx.
Marked 1 switch rules as full_case in process $proc$/foss/designs/integration_final/src/uart_rx.v:66$125 in module uartRx.
Marked 2 switch rules as full_case in process $proc$/foss/designs/integration_final/src/uart_rx.v:54$121 in module uartRx.
Marked 2 switch rules as full_case in process $proc$/foss/designs/integration_final/src/uart_rx.v:42$115 in module uartRx.
Marked 2 switch rules as full_case in process $proc$/foss/designs/integration_final/src/uart_rx.v:28$111 in module uartRx.
Marked 1 switch rules as full_case in process $proc$/foss/designs/integration_final/src/uart_rx.v:20$110 in module uartRx.
Removed a total of 1 dead cases.

16.3. Executing PROC_PRUNE pass (remove redundant assignments in processes).
Removed 34 redundant assignments.
Promoted 449 assignments to connections.

16.4. Executing PROC_INIT pass (extract init attributes).

16.5. Executing PROC_ARST pass (detect async resets in processes).
Found async reset \i_rst_n in `\A37_A.$proc$/foss/designs/integration_final/src/A37_A.sv:83$105'.
Found async reset \i_rst_n in `$paramod\command_parser\GRID_SIZE=s32'00000000000000000000000000000011.$proc$/foss/designs/integration_final/src/command_parser.sv:179$5267'.
Found async reset \i_rst_n in `$paramod\command_parser\GRID_SIZE=s32'00000000000000000000000000000011.$proc$/foss/designs/integration_final/src/command_parser.sv:108$5222'.
Found async reset \i_rst_n in `$paramod\command_parser\GRID_SIZE=s32'00000000000000000000000000000011.$proc$/foss/designs/integration_final/src/command_parser.sv:85$5215'.
Found async reset \i_rst_n in `$paramod\reg_bank\GRID_SIZE=s32'00000000000000000000000000000011.$proc$/foss/designs/integration_final/src/reg_bank.sv:384$4981'.
Found async reset \i_rst_n in `$paramod\reg_bank\GRID_SIZE=s32'00000000000000000000000000000011.$proc$/foss/designs/integration_final/src/reg_bank.sv:269$2437'.
Found async reset \i_rst_n in `$paramod\reg_bank\GRID_SIZE=s32'00000000000000000000000000000011.$proc$/foss/designs/integration_final/src/reg_bank.sv:239$2392'.
Found async reset \i_rst_n in `$paramod\reg_bank\GRID_SIZE=s32'00000000000000000000000000000011.$proc$/foss/designs/integration_final/src/reg_bank.sv:138$330'.
Found async reset \i_rst_n in `$paramod\reg_bank\GRID_SIZE=s32'00000000000000000000000000000011.$proc$/foss/designs/integration_final/src/reg_bank.sv:83$315'.
Found async reset \i_rst_n in `$paramod\reg_bank\GRID_SIZE=s32'00000000000000000000000000000011.$proc$/foss/designs/integration_final/src/reg_bank.sv:69$312'.
Found async reset \i_rst_n in `$paramod\reg_bank\GRID_SIZE=s32'00000000000000000000000000000011.$proc$/foss/designs/integration_final/src/reg_bank.sv:55$301'.
Found async reset \i_rst_n in `$paramod\reg_bank\GRID_SIZE=s32'00000000000000000000000000000011.$proc$/foss/designs/integration_final/src/reg_bank.sv:50$299'.
Found async reset \i_rst_n in `\int_MAC.$proc$/foss/designs/integration_final/src/int_MAC.sv:32$5272'.
Found async reset \i_rst_n in `\int_MAC.$proc$/foss/designs/integration_final/src/int_MAC.sv:18$5269'.
Found async reset \i_rst_n in `\quantizer.$proc$/foss/designs/integration_final/src/quantizer.sv:87$186'.
Found async reset \i_rst_n in `\quantizer.$proc$/foss/designs/integration_final/src/quantizer.sv:71$182'.
Found async reset \i_rst_n in `\quantizer.$proc$/foss/designs/integration_final/src/quantizer.sv:47$171'.
Found async reset \i_rst_n in `\quantizer.$proc$/foss/designs/integration_final/src/quantizer.sv:18$160'.
Found async reset \clr in `\uartTx.$proc$/foss/designs/integration_final/src/uart_tx.v:72$152'.
Found async reset \clr in `\uartTx.$proc$/foss/designs/integration_final/src/uart_tx.v:60$149'.
Found async reset \clr in `\uartTx.$proc$/foss/designs/integration_final/src/uart_tx.v:19$135'.
Found async reset \clr in `\uartRx.$proc$/foss/designs/integration_final/src/uart_rx.v:76$127'.
Found async reset \clr in `\uartRx.$proc$/foss/designs/integration_final/src/uart_rx.v:66$125'.
Found async reset \clr in `\uartRx.$proc$/foss/designs/integration_final/src/uart_rx.v:54$121'.
Found async reset \clr in `\uartRx.$proc$/foss/designs/integration_final/src/uart_rx.v:42$115'.
Found async reset \clr in `\uartRx.$proc$/foss/designs/integration_final/src/uart_rx.v:28$111'.
Found async reset \clr in `\uartRx.$proc$/foss/designs/integration_final/src/uart_rx.v:20$110'.

16.6. Executing PROC_ROM pass (convert switches to ROMs).
Converted 0 switches.
<suppressed ~1148 debug messages>

16.7. Executing PROC_MUX pass (convert decision trees to multiplexers).
Creating decoders for process `\A37_A.$proc$/foss/designs/integration_final/src/A37_A.sv:83$105'.
     1/1: $0\dummy_reg[0:0]
Creating decoders for process `$paramod\command_parser\GRID_SIZE=s32'00000000000000000000000000000011.$proc$/foss/designs/integration_final/src/command_parser.sv:179$5267'.
     1/3: $0\o_uart_tx_data[7:0]
     2/3: $0\o_uart_tx_new[0:0]
     3/3: $0\data_read_buf[0:0]
Creating decoders for process `$paramod\command_parser\GRID_SIZE=s32'00000000000000000000000000000011.$proc$/foss/designs/integration_final/src/command_parser.sv:108$5222'.
     1/23: $0\o_quantizer_scale[31:0] [15:8]
     2/23: $0\o_quantizer_scale[31:0] [7:0]
     3/23: $0\o_quantizer_scale[31:0] [23:16]
     4/23: $0\o_quantizer_scale[31:0] [31:24]
     5/23: $0\o_quantizer_zero_point[7:0]
     6/23: $0\o_quantizer_target_dtype[2:0]
     7/23: $0\o_data[7:0]
     8/23: $0\o_matrix_cols[1:0]
     9/23: $0\o_matrix_rows[1:0]
    10/23: $0\o_matrix_2[1:0]
    11/23: $0\o_matrix_1[1:0]
    12/23: $0\o_clamp_max[7:0]
    13/23: $0\o_clamp_op[0:0]
    14/23: $0\o_relu_op[0:0]
    15/23: $0\o_quantization_op[0:0]
    16/23: $0\o_arithmetic_op_type[1:0]
    17/23: $0\o_arithmetic_op[0:0]
    18/23: $0\o_shift_col[0:0]
    19/23: $0\o_shift_row[0:0]
    20/23: $0\o_data_read[0:0]
    21/23: $0\o_data_load[0:0]
    22/23: $0\o_matrix_signed[0:0]
    23/23: $0\o_matrix_config[0:0]
Creating decoders for process `$paramod\command_parser\GRID_SIZE=s32'00000000000000000000000000000011.$proc$/foss/designs/integration_final/src/command_parser.sv:85$5215'.
     1/2: $0\current_op[3:0]
     2/2: $0\byte_count[3:0]
Creating decoders for process `$paramod\command_parser\GRID_SIZE=s32'00000000000000000000000000000011.$proc$/foss/designs/integration_final/src/command_parser.sv:62$5214'.
     1/2: $1\curr_exp_bytes[2:0]
     2/2: $1\rx_exp_bytes[2:0]
Creating decoders for process `$paramod\reg_bank\GRID_SIZE=s32'00000000000000000000000000000011.$proc$/foss/designs/integration_final/src/reg_bank.sv:384$4981'.
     1/35: $2$fordecl_block$99.m[31:0]$5017
     2/35: $2$fordecl_block$99.$for_loop$100[3].$fordecl_block$101.r[31:0]$5030
     3/35: $2$fordecl_block$99.$for_loop$100[3].$fordecl_block$101.$for_loop$102[2].$fordecl_block$103.c[31:0]$5033
     4/35: $2$fordecl_block$99.$for_loop$100[3].$fordecl_block$101.$for_loop$102[1].$fordecl_block$103.c[31:0]$5032
     5/35: $2$fordecl_block$99.$for_loop$100[3].$fordecl_block$101.$for_loop$102[0].$fordecl_block$103.c[31:0]$5031
     6/35: $2$fordecl_block$99.$for_loop$100[2].$fordecl_block$101.r[31:0]$5026
     7/35: $2$fordecl_block$99.$for_loop$100[2].$fordecl_block$101.$for_loop$102[2].$fordecl_block$103.c[31:0]$5029
     8/35: $2$fordecl_block$99.$for_loop$100[2].$fordecl_block$101.$for_loop$102[1].$fordecl_block$103.c[31:0]$5028
     9/35: $2$fordecl_block$99.$for_loop$100[2].$fordecl_block$101.$for_loop$102[0].$fordecl_block$103.c[31:0]$5027
    10/35: $2$fordecl_block$99.$for_loop$100[1].$fordecl_block$101.r[31:0]$5022
    11/35: $2$fordecl_block$99.$for_loop$100[1].$fordecl_block$101.$for_loop$102[2].$fordecl_block$103.c[31:0]$5025
    12/35: $2$fordecl_block$99.$for_loop$100[1].$fordecl_block$101.$for_loop$102[1].$fordecl_block$103.c[31:0]$5024
    13/35: $2$fordecl_block$99.$for_loop$100[1].$fordecl_block$101.$for_loop$102[0].$fordecl_block$103.c[31:0]$5023
    14/35: $2$fordecl_block$99.$for_loop$100[0].$fordecl_block$101.r[31:0]$5018
    15/35: $2$fordecl_block$99.$for_loop$100[0].$fordecl_block$101.$for_loop$102[2].$fordecl_block$103.c[31:0]$5021
    16/35: $2$fordecl_block$99.$for_loop$100[0].$fordecl_block$101.$for_loop$102[1].$fordecl_block$103.c[31:0]$5020
    17/35: $2$fordecl_block$99.$for_loop$100[0].$fordecl_block$101.$for_loop$102[0].$fordecl_block$103.c[31:0]$5019
    18/35: $1$fordecl_block$99.$for_loop$100[3].$fordecl_block$101.$for_loop$102[2].$fordecl_block$103.c[31:0]$5016
    19/35: $1$fordecl_block$99.$for_loop$100[3].$fordecl_block$101.$for_loop$102[1].$fordecl_block$103.c[31:0]$5015
    20/35: $1$fordecl_block$99.$for_loop$100[3].$fordecl_block$101.$for_loop$102[0].$fordecl_block$103.c[31:0]$5014
    21/35: $1$fordecl_block$99.$for_loop$100[3].$fordecl_block$101.r[31:0]$5013
    22/35: $1$fordecl_block$99.$for_loop$100[2].$fordecl_block$101.$for_loop$102[2].$fordecl_block$103.c[31:0]$5012
    23/35: $1$fordecl_block$99.$for_loop$100[2].$fordecl_block$101.$for_loop$102[1].$fordecl_block$103.c[31:0]$5011
    24/35: $1$fordecl_block$99.$for_loop$100[2].$fordecl_block$101.$for_loop$102[0].$fordecl_block$103.c[31:0]$5010
    25/35: $1$fordecl_block$99.$for_loop$100[2].$fordecl_block$101.r[31:0]$5009
    26/35: $1$fordecl_block$99.$for_loop$100[1].$fordecl_block$101.$for_loop$102[2].$fordecl_block$103.c[31:0]$5008
    27/35: $1$fordecl_block$99.$for_loop$100[1].$fordecl_block$101.$for_loop$102[1].$fordecl_block$103.c[31:0]$5007
    28/35: $1$fordecl_block$99.$for_loop$100[1].$fordecl_block$101.$for_loop$102[0].$fordecl_block$103.c[31:0]$5006
    29/35: $1$fordecl_block$99.$for_loop$100[1].$fordecl_block$101.r[31:0]$5005
    30/35: $1$fordecl_block$99.$for_loop$100[0].$fordecl_block$101.$for_loop$102[2].$fordecl_block$103.c[31:0]$5004
    31/35: $1$fordecl_block$99.$for_loop$100[0].$fordecl_block$101.$for_loop$102[1].$fordecl_block$103.c[31:0]$5003
    32/35: $1$fordecl_block$99.$for_loop$100[0].$fordecl_block$101.$for_loop$102[0].$fordecl_block$103.c[31:0]$5002
    33/35: $1$fordecl_block$99.$for_loop$100[0].$fordecl_block$101.r[31:0]$5001
    34/35: $1$fordecl_block$99.m[31:0]$5000
    35/35: $0\o_data_rd[7:0]
Creating decoders for process `$paramod\reg_bank\GRID_SIZE=s32'00000000000000000000000000000011.$proc$/foss/designs/integration_final/src/reg_bank.sv:269$2437'.
     1/1309: $9$fordecl_block$93.$for_loop$94[3].$fordecl_block$95.i[31:0]$4959
     2/1309: $9$fordecl_block$93.$for_loop$94[3].$fordecl_block$95.$for_loop$96[2].$fordecl_block$97.j[31:0]$4962
     3/1309: $9$fordecl_block$93.$for_loop$94[3].$fordecl_block$95.$for_loop$96[1].$fordecl_block$97.j[31:0]$4961
     4/1309: $9$fordecl_block$93.$for_loop$94[3].$fordecl_block$95.$for_loop$96[0].$fordecl_block$97.j[31:0]$4960
     5/1309: $9$fordecl_block$93.$for_loop$94[2].$fordecl_block$95.i[31:0]$4936
     6/1309: $9$fordecl_block$93.$for_loop$94[2].$fordecl_block$95.$for_loop$96[2].$fordecl_block$97.j[31:0]$4939
     7/1309: $9$fordecl_block$93.$for_loop$94[2].$fordecl_block$95.$for_loop$96[1].$fordecl_block$97.j[31:0]$4938
     8/1309: $9$fordecl_block$93.$for_loop$94[2].$fordecl_block$95.$for_loop$96[0].$fordecl_block$97.j[31:0]$4937
     9/1309: $9$fordecl_block$93.$for_loop$94[1].$fordecl_block$95.i[31:0]$4913
    10/1309: $9$fordecl_block$93.$for_loop$94[1].$fordecl_block$95.$for_loop$96[2].$fordecl_block$97.j[31:0]$4916
    11/1309: $9$fordecl_block$93.$for_loop$94[1].$fordecl_block$95.$for_loop$96[1].$fordecl_block$97.j[31:0]$4915
    12/1309: $9$fordecl_block$93.$for_loop$94[1].$fordecl_block$95.$for_loop$96[0].$fordecl_block$97.j[31:0]$4914
    13/1309: $9$fordecl_block$93.$for_loop$94[0].$fordecl_block$95.i[31:0]$4890
    14/1309: $9$fordecl_block$93.$for_loop$94[0].$fordecl_block$95.$for_loop$96[2].$fordecl_block$97.j[31:0]$4893
    15/1309: $9$fordecl_block$93.$for_loop$94[0].$fordecl_block$95.$for_loop$96[1].$fordecl_block$97.j[31:0]$4892
    16/1309: $9$fordecl_block$93.$for_loop$94[0].$fordecl_block$95.$for_loop$96[0].$fordecl_block$97.j[31:0]$4891
    17/1309: $8$fordecl_block$93.m[31:0]$4872
    18/1309: $8$fordecl_block$93.$for_loop$94[3].$fordecl_block$95.$for_loop$96[2].$fordecl_block$97.j[31:0]$4888
    19/1309: $8$fordecl_block$93.$for_loop$94[3].$fordecl_block$95.$for_loop$96[1].$fordecl_block$97.j[31:0]$4887
    20/1309: $8$fordecl_block$93.$for_loop$94[3].$fordecl_block$95.$for_loop$96[0].$fordecl_block$97.j[31:0]$4886
    21/1309: $8$fordecl_block$93.$for_loop$94[3].$fordecl_block$95.i[31:0]$4885
    22/1309: $8$fordecl_block$93.$for_loop$94[2].$fordecl_block$95.$for_loop$96[2].$fordecl_block$97.j[31:0]$4884
    23/1309: $8$fordecl_block$93.$for_loop$94[2].$fordecl_block$95.$for_loop$96[1].$fordecl_block$97.j[31:0]$4883
    24/1309: $8$fordecl_block$93.$for_loop$94[2].$fordecl_block$95.$for_loop$96[0].$fordecl_block$97.j[31:0]$4882
    25/1309: $8$fordecl_block$93.$for_loop$94[2].$fordecl_block$95.i[31:0]$4881
    26/1309: $8$fordecl_block$93.$for_loop$94[1].$fordecl_block$95.$for_loop$96[2].$fordecl_block$97.j[31:0]$4880
    27/1309: $8$fordecl_block$93.$for_loop$94[1].$fordecl_block$95.$for_loop$96[1].$fordecl_block$97.j[31:0]$4879
    28/1309: $8$fordecl_block$93.$for_loop$94[1].$fordecl_block$95.$for_loop$96[0].$fordecl_block$97.j[31:0]$4878
    29/1309: $8$fordecl_block$93.$for_loop$94[1].$fordecl_block$95.i[31:0]$4877
    30/1309: $8$fordecl_block$93.$for_loop$94[0].$fordecl_block$95.$for_loop$96[2].$fordecl_block$97.j[31:0]$4876
    31/1309: $8$fordecl_block$93.$for_loop$94[0].$fordecl_block$95.$for_loop$96[1].$fordecl_block$97.j[31:0]$4875
    32/1309: $8$fordecl_block$93.$for_loop$94[0].$fordecl_block$95.$for_loop$96[0].$fordecl_block$97.j[31:0]$4874
    33/1309: $8$fordecl_block$93.$for_loop$94[0].$fordecl_block$95.i[31:0]$4873
    34/1309: $8$fordecl_block$87.$for_loop$88[3].$fordecl_block$89.i[31:0]$4868
    35/1309: $8$fordecl_block$87.$for_loop$88[3].$fordecl_block$89.$for_loop$90[2].$fordecl_block$91.j[31:0]$4871
    36/1309: $8$fordecl_block$87.$for_loop$88[3].$fordecl_block$89.$for_loop$90[1].$fordecl_block$91.j[31:0]$4870
    37/1309: $8$fordecl_block$87.$for_loop$88[3].$fordecl_block$89.$for_loop$90[0].$fordecl_block$91.j[31:0]$4869
    38/1309: $8$fordecl_block$87.$for_loop$88[2].$fordecl_block$89.i[31:0]$4862
    39/1309: $8$fordecl_block$87.$for_loop$88[2].$fordecl_block$89.$for_loop$90[2].$fordecl_block$91.j[31:0]$4865
    40/1309: $8$fordecl_block$87.$for_loop$88[2].$fordecl_block$89.$for_loop$90[1].$fordecl_block$91.j[31:0]$4864
    41/1309: $8$fordecl_block$87.$for_loop$88[2].$fordecl_block$89.$for_loop$90[0].$fordecl_block$91.j[31:0]$4863
    42/1309: $8$fordecl_block$87.$for_loop$88[1].$fordecl_block$89.i[31:0]$4856
    43/1309: $8$fordecl_block$87.$for_loop$88[1].$fordecl_block$89.$for_loop$90[2].$fordecl_block$91.j[31:0]$4859
    44/1309: $8$fordecl_block$87.$for_loop$88[1].$fordecl_block$89.$for_loop$90[1].$fordecl_block$91.j[31:0]$4858
    45/1309: $8$fordecl_block$87.$for_loop$88[1].$fordecl_block$89.$for_loop$90[0].$fordecl_block$91.j[31:0]$4857
    46/1309: $8$fordecl_block$87.$for_loop$88[0].$fordecl_block$89.i[31:0]$4850
    47/1309: $8$fordecl_block$87.$for_loop$88[0].$fordecl_block$89.$for_loop$90[2].$fordecl_block$91.j[31:0]$4853
    48/1309: $8$fordecl_block$87.$for_loop$88[0].$fordecl_block$89.$for_loop$90[1].$fordecl_block$91.j[31:0]$4852
    49/1309: $8$fordecl_block$87.$for_loop$88[0].$fordecl_block$89.$for_loop$90[0].$fordecl_block$91.j[31:0]$4851
    50/1309: $7$fordecl_block$87.m[31:0]$4814
    51/1309: $7$fordecl_block$87.$for_loop$88[3].$fordecl_block$89.$for_loop$90[2].$fordecl_block$91.j[31:0]$4830
    52/1309: $7$fordecl_block$87.$for_loop$88[3].$fordecl_block$89.$for_loop$90[1].$fordecl_block$91.j[31:0]$4829
    53/1309: $7$fordecl_block$87.$for_loop$88[3].$fordecl_block$89.$for_loop$90[0].$fordecl_block$91.j[31:0]$4828
    54/1309: $7$fordecl_block$87.$for_loop$88[3].$fordecl_block$89.i[31:0]$4827
    55/1309: $7$fordecl_block$87.$for_loop$88[2].$fordecl_block$89.$for_loop$90[2].$fordecl_block$91.j[31:0]$4826
    56/1309: $7$fordecl_block$87.$for_loop$88[2].$fordecl_block$89.$for_loop$90[1].$fordecl_block$91.j[31:0]$4825
    57/1309: $7$fordecl_block$87.$for_loop$88[2].$fordecl_block$89.$for_loop$90[0].$fordecl_block$91.j[31:0]$4824
    58/1309: $7$fordecl_block$87.$for_loop$88[2].$fordecl_block$89.i[31:0]$4823
    59/1309: $7$fordecl_block$87.$for_loop$88[1].$fordecl_block$89.$for_loop$90[2].$fordecl_block$91.j[31:0]$4822
    60/1309: $7$fordecl_block$87.$for_loop$88[1].$fordecl_block$89.$for_loop$90[1].$fordecl_block$91.j[31:0]$4821
    61/1309: $7$fordecl_block$87.$for_loop$88[1].$fordecl_block$89.$for_loop$90[0].$fordecl_block$91.j[31:0]$4820
    62/1309: $7$fordecl_block$87.$for_loop$88[1].$fordecl_block$89.i[31:0]$4819
    63/1309: $7$fordecl_block$87.$for_loop$88[0].$fordecl_block$89.$for_loop$90[2].$fordecl_block$91.j[31:0]$4818
    64/1309: $7$fordecl_block$87.$for_loop$88[0].$fordecl_block$89.$for_loop$90[1].$fordecl_block$91.j[31:0]$4817
    65/1309: $7$fordecl_block$87.$for_loop$88[0].$fordecl_block$89.$for_loop$90[0].$fordecl_block$91.j[31:0]$4816
    66/1309: $7$fordecl_block$87.$for_loop$88[0].$fordecl_block$89.i[31:0]$4815
    67/1309: $7$fordecl_block$93.$for_loop$94[3].$fordecl_block$95.$for_loop$96[2].$fordecl_block$97.j[31:0]$4847
    68/1309: $7$fordecl_block$93.$for_loop$94[3].$fordecl_block$95.$for_loop$96[1].$fordecl_block$97.j[31:0]$4846
    69/1309: $7$fordecl_block$93.$for_loop$94[3].$fordecl_block$95.$for_loop$96[0].$fordecl_block$97.j[31:0]$4845
    70/1309: $7$fordecl_block$93.$for_loop$94[3].$fordecl_block$95.i[31:0]$4844
    71/1309: $7$fordecl_block$93.$for_loop$94[2].$fordecl_block$95.$for_loop$96[2].$fordecl_block$97.j[31:0]$4843
    72/1309: $7$fordecl_block$93.$for_loop$94[2].$fordecl_block$95.$for_loop$96[1].$fordecl_block$97.j[31:0]$4842
    73/1309: $7$fordecl_block$93.$for_loop$94[2].$fordecl_block$95.$for_loop$96[0].$fordecl_block$97.j[31:0]$4841
    74/1309: $7$fordecl_block$93.$for_loop$94[2].$fordecl_block$95.i[31:0]$4840
    75/1309: $7$fordecl_block$93.$for_loop$94[1].$fordecl_block$95.$for_loop$96[2].$fordecl_block$97.j[31:0]$4839
    76/1309: $7$fordecl_block$93.$for_loop$94[1].$fordecl_block$95.$for_loop$96[1].$fordecl_block$97.j[31:0]$4838
    77/1309: $7$fordecl_block$93.$for_loop$94[1].$fordecl_block$95.$for_loop$96[0].$fordecl_block$97.j[31:0]$4837
    78/1309: $7$fordecl_block$93.$for_loop$94[1].$fordecl_block$95.i[31:0]$4836
    79/1309: $7$fordecl_block$93.$for_loop$94[0].$fordecl_block$95.$for_loop$96[2].$fordecl_block$97.j[31:0]$4835
    80/1309: $7$fordecl_block$93.$for_loop$94[0].$fordecl_block$95.$for_loop$96[1].$fordecl_block$97.j[31:0]$4834
    81/1309: $7$fordecl_block$93.$for_loop$94[0].$fordecl_block$95.$for_loop$96[0].$fordecl_block$97.j[31:0]$4833
    82/1309: $7$fordecl_block$93.$for_loop$94[0].$fordecl_block$95.i[31:0]$4832
    83/1309: $7$fordecl_block$93.m[31:0]$4831
    84/1309: $8$fordecl_block$79.$for_loop$80[3].$fordecl_block$81.$for_loop$82[2].$fordecl_block$83.$for_loop$84[2].$fordecl_block$85.c[31:0]$4807
    85/1309: $8$fordecl_block$79.$for_loop$80[3].$fordecl_block$81.$for_loop$82[2].$fordecl_block$83.$for_loop$84[1].$fordecl_block$85.c[31:0]$4798
    86/1309: $8$fordecl_block$79.$for_loop$80[3].$fordecl_block$81.$for_loop$82[2].$fordecl_block$83.$for_loop$84[0].$fordecl_block$85.c[31:0]$4789
    87/1309: $8$fordecl_block$79.$for_loop$80[3].$fordecl_block$81.$for_loop$82[1].$fordecl_block$83.$for_loop$84[2].$fordecl_block$85.c[31:0]$4780
    88/1309: $8$fordecl_block$79.$for_loop$80[3].$fordecl_block$81.$for_loop$82[1].$fordecl_block$83.$for_loop$84[1].$fordecl_block$85.c[31:0]$4771
    89/1309: $8$fordecl_block$79.$for_loop$80[3].$fordecl_block$81.$for_loop$82[1].$fordecl_block$83.$for_loop$84[0].$fordecl_block$85.c[31:0]$4762
    90/1309: $8$fordecl_block$79.$for_loop$80[3].$fordecl_block$81.$for_loop$82[0].$fordecl_block$83.$for_loop$84[2].$fordecl_block$85.c[31:0]$4753
    91/1309: $8$fordecl_block$79.$for_loop$80[3].$fordecl_block$81.$for_loop$82[0].$fordecl_block$83.$for_loop$84[1].$fordecl_block$85.c[31:0]$4744
    92/1309: $8$fordecl_block$79.$for_loop$80[3].$fordecl_block$81.$for_loop$82[0].$fordecl_block$83.$for_loop$84[0].$fordecl_block$85.c[31:0]$4735
    93/1309: $7$fordecl_block$79.$for_loop$80[3].$fordecl_block$81.i[31:0]$4720
    94/1309: $7$fordecl_block$79.$for_loop$80[3].$fordecl_block$81.$for_loop$82[2].$fordecl_block$83.j[31:0]$4729
    95/1309: $7$fordecl_block$79.$for_loop$80[3].$fordecl_block$81.$for_loop$82[2].$fordecl_block$83.$for_loop$84[2].$fordecl_block$85.c[31:0]$4732
    96/1309: $7$fordecl_block$79.$for_loop$80[3].$fordecl_block$81.$for_loop$82[2].$fordecl_block$83.$for_loop$84[1].$fordecl_block$85.c[31:0]$4731
    97/1309: $7$fordecl_block$79.$for_loop$80[3].$fordecl_block$81.$for_loop$82[2].$fordecl_block$83.$for_loop$84[0].$fordecl_block$85.c[31:0]$4730
    98/1309: $7$fordecl_block$79.$for_loop$80[3].$fordecl_block$81.$for_loop$82[1].$fordecl_block$83.j[31:0]$4725
    99/1309: $7$fordecl_block$79.$for_loop$80[3].$fordecl_block$81.$for_loop$82[1].$fordecl_block$83.$for_loop$84[2].$fordecl_block$85.c[31:0]$4728
   100/1309: $7$fordecl_block$79.$for_loop$80[3].$fordecl_block$81.$for_loop$82[1].$fordecl_block$83.$for_loop$84[1].$fordecl_block$85.c[31:0]$4727
   101/1309: $7$fordecl_block$79.$for_loop$80[3].$fordecl_block$81.$for_loop$82[1].$fordecl_block$83.$for_loop$84[0].$fordecl_block$85.c[31:0]$4726
   102/1309: $7$fordecl_block$79.$for_loop$80[3].$fordecl_block$81.$for_loop$82[0].$fordecl_block$83.j[31:0]$4721
   103/1309: $7$fordecl_block$79.$for_loop$80[3].$fordecl_block$81.$for_loop$82[0].$fordecl_block$83.$for_loop$84[2].$fordecl_block$85.c[31:0]$4724
   104/1309: $7$fordecl_block$79.$for_loop$80[3].$fordecl_block$81.$for_loop$82[0].$fordecl_block$83.$for_loop$84[1].$fordecl_block$85.c[31:0]$4723
   105/1309: $7$fordecl_block$79.$for_loop$80[3].$fordecl_block$81.$for_loop$82[0].$fordecl_block$83.$for_loop$84[0].$fordecl_block$85.c[31:0]$4722
   106/1309: $8$fordecl_block$79.$for_loop$80[2].$fordecl_block$81.$for_loop$82[2].$fordecl_block$83.$for_loop$84[2].$fordecl_block$85.c[31:0]$4712
   107/1309: $8$fordecl_block$79.$for_loop$80[2].$fordecl_block$81.$for_loop$82[2].$fordecl_block$83.$for_loop$84[1].$fordecl_block$85.c[31:0]$4703
   108/1309: $8$fordecl_block$79.$for_loop$80[2].$fordecl_block$81.$for_loop$82[2].$fordecl_block$83.$for_loop$84[0].$fordecl_block$85.c[31:0]$4694
   109/1309: $8$fordecl_block$79.$for_loop$80[2].$fordecl_block$81.$for_loop$82[1].$fordecl_block$83.$for_loop$84[2].$fordecl_block$85.c[31:0]$4685
   110/1309: $8$fordecl_block$79.$for_loop$80[2].$fordecl_block$81.$for_loop$82[1].$fordecl_block$83.$for_loop$84[1].$fordecl_block$85.c[31:0]$4676
   111/1309: $8$fordecl_block$79.$for_loop$80[2].$fordecl_block$81.$for_loop$82[1].$fordecl_block$83.$for_loop$84[0].$fordecl_block$85.c[31:0]$4667
   112/1309: $8$fordecl_block$79.$for_loop$80[2].$fordecl_block$81.$for_loop$82[0].$fordecl_block$83.$for_loop$84[2].$fordecl_block$85.c[31:0]$4658
   113/1309: $8$fordecl_block$79.$for_loop$80[2].$fordecl_block$81.$for_loop$82[0].$fordecl_block$83.$for_loop$84[1].$fordecl_block$85.c[31:0]$4649
   114/1309: $8$fordecl_block$79.$for_loop$80[2].$fordecl_block$81.$for_loop$82[0].$fordecl_block$83.$for_loop$84[0].$fordecl_block$85.c[31:0]$4640
   115/1309: $7$fordecl_block$79.$for_loop$80[2].$fordecl_block$81.i[31:0]$4625
   116/1309: $7$fordecl_block$79.$for_loop$80[2].$fordecl_block$81.$for_loop$82[2].$fordecl_block$83.j[31:0]$4634
   117/1309: $7$fordecl_block$79.$for_loop$80[2].$fordecl_block$81.$for_loop$82[2].$fordecl_block$83.$for_loop$84[2].$fordecl_block$85.c[31:0]$4637
   118/1309: $7$fordecl_block$79.$for_loop$80[2].$fordecl_block$81.$for_loop$82[2].$fordecl_block$83.$for_loop$84[1].$fordecl_block$85.c[31:0]$4636
   119/1309: $7$fordecl_block$79.$for_loop$80[2].$fordecl_block$81.$for_loop$82[2].$fordecl_block$83.$for_loop$84[0].$fordecl_block$85.c[31:0]$4635
   120/1309: $7$fordecl_block$79.$for_loop$80[2].$fordecl_block$81.$for_loop$82[1].$fordecl_block$83.j[31:0]$4630
   121/1309: $7$fordecl_block$79.$for_loop$80[2].$fordecl_block$81.$for_loop$82[1].$fordecl_block$83.$for_loop$84[2].$fordecl_block$85.c[31:0]$4633
   122/1309: $7$fordecl_block$79.$for_loop$80[2].$fordecl_block$81.$for_loop$82[1].$fordecl_block$83.$for_loop$84[1].$fordecl_block$85.c[31:0]$4632
   123/1309: $7$fordecl_block$79.$for_loop$80[2].$fordecl_block$81.$for_loop$82[1].$fordecl_block$83.$for_loop$84[0].$fordecl_block$85.c[31:0]$4631
   124/1309: $7$fordecl_block$79.$for_loop$80[2].$fordecl_block$81.$for_loop$82[0].$fordecl_block$83.j[31:0]$4626
   125/1309: $7$fordecl_block$79.$for_loop$80[2].$fordecl_block$81.$for_loop$82[0].$fordecl_block$83.$for_loop$84[2].$fordecl_block$85.c[31:0]$4629
   126/1309: $7$fordecl_block$79.$for_loop$80[2].$fordecl_block$81.$for_loop$82[0].$fordecl_block$83.$for_loop$84[1].$fordecl_block$85.c[31:0]$4628
   127/1309: $7$fordecl_block$79.$for_loop$80[2].$fordecl_block$81.$for_loop$82[0].$fordecl_block$83.$for_loop$84[0].$fordecl_block$85.c[31:0]$4627
   128/1309: $8$fordecl_block$79.$for_loop$80[1].$fordecl_block$81.$for_loop$82[2].$fordecl_block$83.$for_loop$84[2].$fordecl_block$85.c[31:0]$4617
   129/1309: $8$fordecl_block$79.$for_loop$80[1].$fordecl_block$81.$for_loop$82[2].$fordecl_block$83.$for_loop$84[1].$fordecl_block$85.c[31:0]$4608
   130/1309: $8$fordecl_block$79.$for_loop$80[1].$fordecl_block$81.$for_loop$82[2].$fordecl_block$83.$for_loop$84[0].$fordecl_block$85.c[31:0]$4599
   131/1309: $8$fordecl_block$79.$for_loop$80[1].$fordecl_block$81.$for_loop$82[1].$fordecl_block$83.$for_loop$84[2].$fordecl_block$85.c[31:0]$4590
   132/1309: $8$fordecl_block$79.$for_loop$80[1].$fordecl_block$81.$for_loop$82[1].$fordecl_block$83.$for_loop$84[1].$fordecl_block$85.c[31:0]$4581
   133/1309: $8$fordecl_block$79.$for_loop$80[1].$fordecl_block$81.$for_loop$82[1].$fordecl_block$83.$for_loop$84[0].$fordecl_block$85.c[31:0]$4572
   134/1309: $8$fordecl_block$79.$for_loop$80[1].$fordecl_block$81.$for_loop$82[0].$fordecl_block$83.$for_loop$84[2].$fordecl_block$85.c[31:0]$4563
   135/1309: $8$fordecl_block$79.$for_loop$80[1].$fordecl_block$81.$for_loop$82[0].$fordecl_block$83.$for_loop$84[1].$fordecl_block$85.c[31:0]$4554
   136/1309: $8$fordecl_block$79.$for_loop$80[1].$fordecl_block$81.$for_loop$82[0].$fordecl_block$83.$for_loop$84[0].$fordecl_block$85.c[31:0]$4545
   137/1309: $7$fordecl_block$79.$for_loop$80[1].$fordecl_block$81.i[31:0]$4530
   138/1309: $7$fordecl_block$79.$for_loop$80[1].$fordecl_block$81.$for_loop$82[2].$fordecl_block$83.j[31:0]$4539
   139/1309: $7$fordecl_block$79.$for_loop$80[1].$fordecl_block$81.$for_loop$82[2].$fordecl_block$83.$for_loop$84[2].$fordecl_block$85.c[31:0]$4542
   140/1309: $7$fordecl_block$79.$for_loop$80[1].$fordecl_block$81.$for_loop$82[2].$fordecl_block$83.$for_loop$84[1].$fordecl_block$85.c[31:0]$4541
   141/1309: $7$fordecl_block$79.$for_loop$80[1].$fordecl_block$81.$for_loop$82[2].$fordecl_block$83.$for_loop$84[0].$fordecl_block$85.c[31:0]$4540
   142/1309: $7$fordecl_block$79.$for_loop$80[1].$fordecl_block$81.$for_loop$82[1].$fordecl_block$83.j[31:0]$4535
   143/1309: $7$fordecl_block$79.$for_loop$80[1].$fordecl_block$81.$for_loop$82[1].$fordecl_block$83.$for_loop$84[2].$fordecl_block$85.c[31:0]$4538
   144/1309: $7$fordecl_block$79.$for_loop$80[1].$fordecl_block$81.$for_loop$82[1].$fordecl_block$83.$for_loop$84[1].$fordecl_block$85.c[31:0]$4537
   145/1309: $7$fordecl_block$79.$for_loop$80[1].$fordecl_block$81.$for_loop$82[1].$fordecl_block$83.$for_loop$84[0].$fordecl_block$85.c[31:0]$4536
   146/1309: $7$fordecl_block$79.$for_loop$80[1].$fordecl_block$81.$for_loop$82[0].$fordecl_block$83.j[31:0]$4531
   147/1309: $7$fordecl_block$79.$for_loop$80[1].$fordecl_block$81.$for_loop$82[0].$fordecl_block$83.$for_loop$84[2].$fordecl_block$85.c[31:0]$4534
   148/1309: $7$fordecl_block$79.$for_loop$80[1].$fordecl_block$81.$for_loop$82[0].$fordecl_block$83.$for_loop$84[1].$fordecl_block$85.c[31:0]$4533
   149/1309: $7$fordecl_block$79.$for_loop$80[1].$fordecl_block$81.$for_loop$82[0].$fordecl_block$83.$for_loop$84[0].$fordecl_block$85.c[31:0]$4532
   150/1309: $8$fordecl_block$79.$for_loop$80[0].$fordecl_block$81.$for_loop$82[2].$fordecl_block$83.$for_loop$84[2].$fordecl_block$85.c[31:0]$4522
   151/1309: $8$fordecl_block$79.$for_loop$80[0].$fordecl_block$81.$for_loop$82[2].$fordecl_block$83.$for_loop$84[1].$fordecl_block$85.c[31:0]$4513
   152/1309: $8$fordecl_block$79.$for_loop$80[0].$fordecl_block$81.$for_loop$82[2].$fordecl_block$83.$for_loop$84[0].$fordecl_block$85.c[31:0]$4504
   153/1309: $8$fordecl_block$79.$for_loop$80[0].$fordecl_block$81.$for_loop$82[1].$fordecl_block$83.$for_loop$84[2].$fordecl_block$85.c[31:0]$4495
   154/1309: $8$fordecl_block$79.$for_loop$80[0].$fordecl_block$81.$for_loop$82[1].$fordecl_block$83.$for_loop$84[1].$fordecl_block$85.c[31:0]$4486
   155/1309: $8$fordecl_block$79.$for_loop$80[0].$fordecl_block$81.$for_loop$82[1].$fordecl_block$83.$for_loop$84[0].$fordecl_block$85.c[31:0]$4477
   156/1309: $8$fordecl_block$79.$for_loop$80[0].$fordecl_block$81.$for_loop$82[0].$fordecl_block$83.$for_loop$84[2].$fordecl_block$85.c[31:0]$4468
   157/1309: $8$fordecl_block$79.$for_loop$80[0].$fordecl_block$81.$for_loop$82[0].$fordecl_block$83.$for_loop$84[1].$fordecl_block$85.c[31:0]$4459
   158/1309: $8$fordecl_block$79.$for_loop$80[0].$fordecl_block$81.$for_loop$82[0].$fordecl_block$83.$for_loop$84[0].$fordecl_block$85.c[31:0]$4450
   159/1309: $7$fordecl_block$79.$for_loop$80[0].$fordecl_block$81.i[31:0]$4435
   160/1309: $7$fordecl_block$79.$for_loop$80[0].$fordecl_block$81.$for_loop$82[2].$fordecl_block$83.j[31:0]$4444
   161/1309: $7$fordecl_block$79.$for_loop$80[0].$fordecl_block$81.$for_loop$82[2].$fordecl_block$83.$for_loop$84[2].$fordecl_block$85.c[31:0]$4447
   162/1309: $7$fordecl_block$79.$for_loop$80[0].$fordecl_block$81.$for_loop$82[2].$fordecl_block$83.$for_loop$84[1].$fordecl_block$85.c[31:0]$4446
   163/1309: $7$fordecl_block$79.$for_loop$80[0].$fordecl_block$81.$for_loop$82[2].$fordecl_block$83.$for_loop$84[0].$fordecl_block$85.c[31:0]$4445
   164/1309: $7$fordecl_block$79.$for_loop$80[0].$fordecl_block$81.$for_loop$82[1].$fordecl_block$83.j[31:0]$4440
   165/1309: $7$fordecl_block$79.$for_loop$80[0].$fordecl_block$81.$for_loop$82[1].$fordecl_block$83.$for_loop$84[2].$fordecl_block$85.c[31:0]$4443
   166/1309: $7$fordecl_block$79.$for_loop$80[0].$fordecl_block$81.$for_loop$82[1].$fordecl_block$83.$for_loop$84[1].$fordecl_block$85.c[31:0]$4442
   167/1309: $7$fordecl_block$79.$for_loop$80[0].$fordecl_block$81.$for_loop$82[1].$fordecl_block$83.$for_loop$84[0].$fordecl_block$85.c[31:0]$4441
   168/1309: $7$fordecl_block$79.$for_loop$80[0].$fordecl_block$81.$for_loop$82[0].$fordecl_block$83.j[31:0]$4436
   169/1309: $7$fordecl_block$79.$for_loop$80[0].$fordecl_block$81.$for_loop$82[0].$fordecl_block$83.$for_loop$84[2].$fordecl_block$85.c[31:0]$4439
   170/1309: $7$fordecl_block$79.$for_loop$80[0].$fordecl_block$81.$for_loop$82[0].$fordecl_block$83.$for_loop$84[1].$fordecl_block$85.c[31:0]$4438
   171/1309: $7$fordecl_block$79.$for_loop$80[0].$fordecl_block$81.$for_loop$82[0].$fordecl_block$83.$for_loop$84[0].$fordecl_block$85.c[31:0]$4437
   172/1309: $6$fordecl_block$79.m[31:0]$4347
   173/1309: $6$fordecl_block$79.$for_loop$80[3].$fordecl_block$81.$for_loop$82[2].$fordecl_block$83.$for_loop$84[2].$fordecl_block$85.c[31:0]$4399
   174/1309: $6$fordecl_block$79.$for_loop$80[3].$fordecl_block$81.$for_loop$82[2].$fordecl_block$83.$for_loop$84[1].$fordecl_block$85.c[31:0]$4398
   175/1309: $6$fordecl_block$79.$for_loop$80[3].$fordecl_block$81.$for_loop$82[2].$fordecl_block$83.$for_loop$84[0].$fordecl_block$85.c[31:0]$4397
   176/1309: $6$fordecl_block$79.$for_loop$80[3].$fordecl_block$81.$for_loop$82[2].$fordecl_block$83.j[31:0]$4396
   177/1309: $6$fordecl_block$79.$for_loop$80[3].$fordecl_block$81.$for_loop$82[1].$fordecl_block$83.$for_loop$84[2].$fordecl_block$85.c[31:0]$4395
   178/1309: $6$fordecl_block$79.$for_loop$80[3].$fordecl_block$81.$for_loop$82[1].$fordecl_block$83.$for_loop$84[1].$fordecl_block$85.c[31:0]$4394
   179/1309: $6$fordecl_block$79.$for_loop$80[3].$fordecl_block$81.$for_loop$82[1].$fordecl_block$83.$for_loop$84[0].$fordecl_block$85.c[31:0]$4393
   180/1309: $6$fordecl_block$79.$for_loop$80[3].$fordecl_block$81.$for_loop$82[1].$fordecl_block$83.j[31:0]$4392
   181/1309: $6$fordecl_block$79.$for_loop$80[3].$fordecl_block$81.$for_loop$82[0].$fordecl_block$83.$for_loop$84[2].$fordecl_block$85.c[31:0]$4391
   182/1309: $6$fordecl_block$79.$for_loop$80[3].$fordecl_block$81.$for_loop$82[0].$fordecl_block$83.$for_loop$84[1].$fordecl_block$85.c[31:0]$4390
   183/1309: $6$fordecl_block$79.$for_loop$80[3].$fordecl_block$81.$for_loop$82[0].$fordecl_block$83.$for_loop$84[0].$fordecl_block$85.c[31:0]$4389
   184/1309: $6$fordecl_block$79.$for_loop$80[3].$fordecl_block$81.$for_loop$82[0].$fordecl_block$83.j[31:0]$4388
   185/1309: $6$fordecl_block$79.$for_loop$80[3].$fordecl_block$81.i[31:0]$4387
   186/1309: $6$fordecl_block$79.$for_loop$80[2].$fordecl_block$81.$for_loop$82[2].$fordecl_block$83.$for_loop$84[2].$fordecl_block$85.c[31:0]$4386
   187/1309: $6$fordecl_block$79.$for_loop$80[2].$fordecl_block$81.$for_loop$82[2].$fordecl_block$83.$for_loop$84[1].$fordecl_block$85.c[31:0]$4385
   188/1309: $6$fordecl_block$79.$for_loop$80[2].$fordecl_block$81.$for_loop$82[2].$fordecl_block$83.$for_loop$84[0].$fordecl_block$85.c[31:0]$4384
   189/1309: $6$fordecl_block$79.$for_loop$80[2].$fordecl_block$81.$for_loop$82[2].$fordecl_block$83.j[31:0]$4383
   190/1309: $6$fordecl_block$79.$for_loop$80[2].$fordecl_block$81.$for_loop$82[1].$fordecl_block$83.$for_loop$84[2].$fordecl_block$85.c[31:0]$4382
   191/1309: $6$fordecl_block$79.$for_loop$80[2].$fordecl_block$81.$for_loop$82[1].$fordecl_block$83.$for_loop$84[1].$fordecl_block$85.c[31:0]$4381
   192/1309: $6$fordecl_block$79.$for_loop$80[2].$fordecl_block$81.$for_loop$82[1].$fordecl_block$83.$for_loop$84[0].$fordecl_block$85.c[31:0]$4380
   193/1309: $6$fordecl_block$79.$for_loop$80[2].$fordecl_block$81.$for_loop$82[1].$fordecl_block$83.j[31:0]$4379
   194/1309: $6$fordecl_block$79.$for_loop$80[2].$fordecl_block$81.$for_loop$82[0].$fordecl_block$83.$for_loop$84[2].$fordecl_block$85.c[31:0]$4378
   195/1309: $6$fordecl_block$79.$for_loop$80[2].$fordecl_block$81.$for_loop$82[0].$fordecl_block$83.$for_loop$84[1].$fordecl_block$85.c[31:0]$4377
   196/1309: $6$fordecl_block$79.$for_loop$80[2].$fordecl_block$81.$for_loop$82[0].$fordecl_block$83.$for_loop$84[0].$fordecl_block$85.c[31:0]$4376
   197/1309: $6$fordecl_block$79.$for_loop$80[2].$fordecl_block$81.$for_loop$82[0].$fordecl_block$83.j[31:0]$4375
   198/1309: $6$fordecl_block$79.$for_loop$80[2].$fordecl_block$81.i[31:0]$4374
   199/1309: $6$fordecl_block$79.$for_loop$80[1].$fordecl_block$81.$for_loop$82[2].$fordecl_block$83.$for_loop$84[2].$fordecl_block$85.c[31:0]$4373
   200/1309: $6$fordecl_block$79.$for_loop$80[1].$fordecl_block$81.$for_loop$82[2].$fordecl_block$83.$for_loop$84[1].$fordecl_block$85.c[31:0]$4372
   201/1309: $6$fordecl_block$79.$for_loop$80[1].$fordecl_block$81.$for_loop$82[2].$fordecl_block$83.$for_loop$84[0].$fordecl_block$85.c[31:0]$4371
   202/1309: $6$fordecl_block$79.$for_loop$80[1].$fordecl_block$81.$for_loop$82[2].$fordecl_block$83.j[31:0]$4370
   203/1309: $6$fordecl_block$79.$for_loop$80[1].$fordecl_block$81.$for_loop$82[1].$fordecl_block$83.$for_loop$84[2].$fordecl_block$85.c[31:0]$4369
   204/1309: $6$fordecl_block$79.$for_loop$80[1].$fordecl_block$81.$for_loop$82[1].$fordecl_block$83.$for_loop$84[1].$fordecl_block$85.c[31:0]$4368
   205/1309: $6$fordecl_block$79.$for_loop$80[1].$fordecl_block$81.$for_loop$82[1].$fordecl_block$83.$for_loop$84[0].$fordecl_block$85.c[31:0]$4367
   206/1309: $6$fordecl_block$79.$for_loop$80[1].$fordecl_block$81.$for_loop$82[1].$fordecl_block$83.j[31:0]$4366
   207/1309: $6$fordecl_block$79.$for_loop$80[1].$fordecl_block$81.$for_loop$82[0].$fordecl_block$83.$for_loop$84[2].$fordecl_block$85.c[31:0]$4365
   208/1309: $6$fordecl_block$79.$for_loop$80[1].$fordecl_block$81.$for_loop$82[0].$fordecl_block$83.$for_loop$84[1].$fordecl_block$85.c[31:0]$4364
   209/1309: $6$fordecl_block$79.$for_loop$80[1].$fordecl_block$81.$for_loop$82[0].$fordecl_block$83.$for_loop$84[0].$fordecl_block$85.c[31:0]$4363
   210/1309: $6$fordecl_block$79.$for_loop$80[1].$fordecl_block$81.$for_loop$82[0].$fordecl_block$83.j[31:0]$4362
   211/1309: $6$fordecl_block$79.$for_loop$80[1].$fordecl_block$81.i[31:0]$4361
   212/1309: $6$fordecl_block$79.$for_loop$80[0].$fordecl_block$81.$for_loop$82[2].$fordecl_block$83.$for_loop$84[2].$fordecl_block$85.c[31:0]$4360
   213/1309: $6$fordecl_block$79.$for_loop$80[0].$fordecl_block$81.$for_loop$82[2].$fordecl_block$83.$for_loop$84[1].$fordecl_block$85.c[31:0]$4359
   214/1309: $6$fordecl_block$79.$for_loop$80[0].$fordecl_block$81.$for_loop$82[2].$fordecl_block$83.$for_loop$84[0].$fordecl_block$85.c[31:0]$4358
   215/1309: $6$fordecl_block$79.$for_loop$80[0].$fordecl_block$81.$for_loop$82[2].$fordecl_block$83.j[31:0]$4357
   216/1309: $6$fordecl_block$79.$for_loop$80[0].$fordecl_block$81.$for_loop$82[1].$fordecl_block$83.$for_loop$84[2].$fordecl_block$85.c[31:0]$4356
   217/1309: $6$fordecl_block$79.$for_loop$80[0].$fordecl_block$81.$for_loop$82[1].$fordecl_block$83.$for_loop$84[1].$fordecl_block$85.c[31:0]$4355
   218/1309: $6$fordecl_block$79.$for_loop$80[0].$fordecl_block$81.$for_loop$82[1].$fordecl_block$83.$for_loop$84[0].$fordecl_block$85.c[31:0]$4354
   219/1309: $6$fordecl_block$79.$for_loop$80[0].$fordecl_block$81.$for_loop$82[1].$fordecl_block$83.j[31:0]$4353
   220/1309: $6$fordecl_block$79.$for_loop$80[0].$fordecl_block$81.$for_loop$82[0].$fordecl_block$83.$for_loop$84[2].$fordecl_block$85.c[31:0]$4352
   221/1309: $6$fordecl_block$79.$for_loop$80[0].$fordecl_block$81.$for_loop$82[0].$fordecl_block$83.$for_loop$84[1].$fordecl_block$85.c[31:0]$4351
   222/1309: $6$fordecl_block$79.$for_loop$80[0].$fordecl_block$81.$for_loop$82[0].$fordecl_block$83.$for_loop$84[0].$fordecl_block$85.c[31:0]$4350
   223/1309: $6$fordecl_block$79.$for_loop$80[0].$fordecl_block$81.$for_loop$82[0].$fordecl_block$83.j[31:0]$4349
   224/1309: $6$fordecl_block$79.$for_loop$80[0].$fordecl_block$81.i[31:0]$4348
   225/1309: $6$fordecl_block$93.$for_loop$94[3].$fordecl_block$95.$for_loop$96[2].$fordecl_block$97.j[31:0]$4433
   226/1309: $6$fordecl_block$93.$for_loop$94[3].$fordecl_block$95.$for_loop$96[1].$fordecl_block$97.j[31:0]$4432
   227/1309: $6$fordecl_block$93.$for_loop$94[3].$fordecl_block$95.$for_loop$96[0].$fordecl_block$97.j[31:0]$4431
   228/1309: $6$fordecl_block$93.$for_loop$94[3].$fordecl_block$95.i[31:0]$4430
   229/1309: $6$fordecl_block$93.$for_loop$94[2].$fordecl_block$95.$for_loop$96[2].$fordecl_block$97.j[31:0]$4429
   230/1309: $6$fordecl_block$93.$for_loop$94[2].$fordecl_block$95.$for_loop$96[1].$fordecl_block$97.j[31:0]$4428
   231/1309: $6$fordecl_block$93.$for_loop$94[2].$fordecl_block$95.$for_loop$96[0].$fordecl_block$97.j[31:0]$4427
   232/1309: $6$fordecl_block$93.$for_loop$94[2].$fordecl_block$95.i[31:0]$4426
   233/1309: $6$fordecl_block$93.$for_loop$94[1].$fordecl_block$95.$for_loop$96[2].$fordecl_block$97.j[31:0]$4425
   234/1309: $6$fordecl_block$93.$for_loop$94[1].$fordecl_block$95.$for_loop$96[1].$fordecl_block$97.j[31:0]$4424
   235/1309: $6$fordecl_block$93.$for_loop$94[1].$fordecl_block$95.$for_loop$96[0].$fordecl_block$97.j[31:0]$4423
   236/1309: $6$fordecl_block$93.$for_loop$94[1].$fordecl_block$95.i[31:0]$4422
   237/1309: $6$fordecl_block$93.$for_loop$94[0].$fordecl_block$95.$for_loop$96[2].$fordecl_block$97.j[31:0]$4421
   238/1309: $6$fordecl_block$93.$for_loop$94[0].$fordecl_block$95.$for_loop$96[1].$fordecl_block$97.j[31:0]$4420
   239/1309: $6$fordecl_block$93.$for_loop$94[0].$fordecl_block$95.$for_loop$96[0].$fordecl_block$97.j[31:0]$4419
   240/1309: $6$fordecl_block$93.$for_loop$94[0].$fordecl_block$95.i[31:0]$4418
   241/1309: $6$fordecl_block$93.m[31:0]$4417
   242/1309: $6$fordecl_block$87.$for_loop$88[3].$fordecl_block$89.$for_loop$90[2].$fordecl_block$91.j[31:0]$4416
   243/1309: $6$fordecl_block$87.$for_loop$88[3].$fordecl_block$89.$for_loop$90[1].$fordecl_block$91.j[31:0]$4415
   244/1309: $6$fordecl_block$87.$for_loop$88[3].$fordecl_block$89.$for_loop$90[0].$fordecl_block$91.j[31:0]$4414
   245/1309: $6$fordecl_block$87.$for_loop$88[3].$fordecl_block$89.i[31:0]$4413
   246/1309: $6$fordecl_block$87.$for_loop$88[2].$fordecl_block$89.$for_loop$90[2].$fordecl_block$91.j[31:0]$4412
   247/1309: $6$fordecl_block$87.$for_loop$88[2].$fordecl_block$89.$for_loop$90[1].$fordecl_block$91.j[31:0]$4411
   248/1309: $6$fordecl_block$87.$for_loop$88[2].$fordecl_block$89.$for_loop$90[0].$fordecl_block$91.j[31:0]$4410
   249/1309: $6$fordecl_block$87.$for_loop$88[2].$fordecl_block$89.i[31:0]$4409
   250/1309: $6$fordecl_block$87.$for_loop$88[1].$fordecl_block$89.$for_loop$90[2].$fordecl_block$91.j[31:0]$4408
   251/1309: $6$fordecl_block$87.$for_loop$88[1].$fordecl_block$89.$for_loop$90[1].$fordecl_block$91.j[31:0]$4407
   252/1309: $6$fordecl_block$87.$for_loop$88[1].$fordecl_block$89.$for_loop$90[0].$fordecl_block$91.j[31:0]$4406
   253/1309: $6$fordecl_block$87.$for_loop$88[1].$fordecl_block$89.i[31:0]$4405
   254/1309: $6$fordecl_block$87.$for_loop$88[0].$fordecl_block$89.$for_loop$90[2].$fordecl_block$91.j[31:0]$4404
   255/1309: $6$fordecl_block$87.$for_loop$88[0].$fordecl_block$89.$for_loop$90[1].$fordecl_block$91.j[31:0]$4403
   256/1309: $6$fordecl_block$87.$for_loop$88[0].$fordecl_block$89.$for_loop$90[0].$fordecl_block$91.j[31:0]$4402
   257/1309: $6$fordecl_block$87.$for_loop$88[0].$fordecl_block$89.i[31:0]$4401
   258/1309: $6$fordecl_block$87.m[31:0]$4400
   259/1309: $7$fordecl_block$71.$for_loop$72[3].$fordecl_block$73.$for_loop$74[2].$fordecl_block$75.$for_loop$76[2].$fordecl_block$77.r[31:0]$4340
   260/1309: $7$fordecl_block$71.$for_loop$72[3].$fordecl_block$73.$for_loop$74[2].$fordecl_block$75.$for_loop$76[1].$fordecl_block$77.r[31:0]$4331
   261/1309: $7$fordecl_block$71.$for_loop$72[3].$fordecl_block$73.$for_loop$74[2].$fordecl_block$75.$for_loop$76[0].$fordecl_block$77.r[31:0]$4322
   262/1309: $7$fordecl_block$71.$for_loop$72[3].$fordecl_block$73.$for_loop$74[1].$fordecl_block$75.$for_loop$76[2].$fordecl_block$77.r[31:0]$4313
   263/1309: $7$fordecl_block$71.$for_loop$72[3].$fordecl_block$73.$for_loop$74[1].$fordecl_block$75.$for_loop$76[1].$fordecl_block$77.r[31:0]$4304
   264/1309: $7$fordecl_block$71.$for_loop$72[3].$fordecl_block$73.$for_loop$74[1].$fordecl_block$75.$for_loop$76[0].$fordecl_block$77.r[31:0]$4295
   265/1309: $7$fordecl_block$71.$for_loop$72[3].$fordecl_block$73.$for_loop$74[0].$fordecl_block$75.$for_loop$76[2].$fordecl_block$77.r[31:0]$4286
   266/1309: $7$fordecl_block$71.$for_loop$72[3].$fordecl_block$73.$for_loop$74[0].$fordecl_block$75.$for_loop$76[1].$fordecl_block$77.r[31:0]$4277
   267/1309: $7$fordecl_block$71.$for_loop$72[3].$fordecl_block$73.$for_loop$74[0].$fordecl_block$75.$for_loop$76[0].$fordecl_block$77.r[31:0]$4268
   268/1309: $6$fordecl_block$71.$for_loop$72[3].$fordecl_block$73.i[31:0]$4253
   269/1309: $6$fordecl_block$71.$for_loop$72[3].$fordecl_block$73.$for_loop$74[2].$fordecl_block$75.j[31:0]$4262
   270/1309: $6$fordecl_block$71.$for_loop$72[3].$fordecl_block$73.$for_loop$74[2].$fordecl_block$75.$for_loop$76[2].$fordecl_block$77.r[31:0]$4265
   271/1309: $6$fordecl_block$71.$for_loop$72[3].$fordecl_block$73.$for_loop$74[2].$fordecl_block$75.$for_loop$76[1].$fordecl_block$77.r[31:0]$4264
   272/1309: $6$fordecl_block$71.$for_loop$72[3].$fordecl_block$73.$for_loop$74[2].$fordecl_block$75.$for_loop$76[0].$fordecl_block$77.r[31:0]$4263
   273/1309: $6$fordecl_block$71.$for_loop$72[3].$fordecl_block$73.$for_loop$74[1].$fordecl_block$75.j[31:0]$4258
   274/1309: $6$fordecl_block$71.$for_loop$72[3].$fordecl_block$73.$for_loop$74[1].$fordecl_block$75.$for_loop$76[2].$fordecl_block$77.r[31:0]$4261
   275/1309: $6$fordecl_block$71.$for_loop$72[3].$fordecl_block$73.$for_loop$74[1].$fordecl_block$75.$for_loop$76[1].$fordecl_block$77.r[31:0]$4260
   276/1309: $6$fordecl_block$71.$for_loop$72[3].$fordecl_block$73.$for_loop$74[1].$fordecl_block$75.$for_loop$76[0].$fordecl_block$77.r[31:0]$4259
   277/1309: $6$fordecl_block$71.$for_loop$72[3].$fordecl_block$73.$for_loop$74[0].$fordecl_block$75.j[31:0]$4254
   278/1309: $6$fordecl_block$71.$for_loop$72[3].$fordecl_block$73.$for_loop$74[0].$fordecl_block$75.$for_loop$76[2].$fordecl_block$77.r[31:0]$4257
   279/1309: $6$fordecl_block$71.$for_loop$72[3].$fordecl_block$73.$for_loop$74[0].$fordecl_block$75.$for_loop$76[1].$fordecl_block$77.r[31:0]$4256
   280/1309: $6$fordecl_block$71.$for_loop$72[3].$fordecl_block$73.$for_loop$74[0].$fordecl_block$75.$for_loop$76[0].$fordecl_block$77.r[31:0]$4255
   281/1309: $7$fordecl_block$71.$for_loop$72[2].$fordecl_block$73.$for_loop$74[2].$fordecl_block$75.$for_loop$76[2].$fordecl_block$77.r[31:0]$4245
   282/1309: $7$fordecl_block$71.$for_loop$72[2].$fordecl_block$73.$for_loop$74[2].$fordecl_block$75.$for_loop$76[1].$fordecl_block$77.r[31:0]$4236
   283/1309: $7$fordecl_block$71.$for_loop$72[2].$fordecl_block$73.$for_loop$74[2].$fordecl_block$75.$for_loop$76[0].$fordecl_block$77.r[31:0]$4227
   284/1309: $7$fordecl_block$71.$for_loop$72[2].$fordecl_block$73.$for_loop$74[1].$fordecl_block$75.$for_loop$76[2].$fordecl_block$77.r[31:0]$4218
   285/1309: $7$fordecl_block$71.$for_loop$72[2].$fordecl_block$73.$for_loop$74[1].$fordecl_block$75.$for_loop$76[1].$fordecl_block$77.r[31:0]$4209
   286/1309: $7$fordecl_block$71.$for_loop$72[2].$fordecl_block$73.$for_loop$74[1].$fordecl_block$75.$for_loop$76[0].$fordecl_block$77.r[31:0]$4200
   287/1309: $7$fordecl_block$71.$for_loop$72[2].$fordecl_block$73.$for_loop$74[0].$fordecl_block$75.$for_loop$76[2].$fordecl_block$77.r[31:0]$4191
   288/1309: $7$fordecl_block$71.$for_loop$72[2].$fordecl_block$73.$for_loop$74[0].$fordecl_block$75.$for_loop$76[1].$fordecl_block$77.r[31:0]$4182
   289/1309: $7$fordecl_block$71.$for_loop$72[2].$fordecl_block$73.$for_loop$74[0].$fordecl_block$75.$for_loop$76[0].$fordecl_block$77.r[31:0]$4173
   290/1309: $6$fordecl_block$71.$for_loop$72[2].$fordecl_block$73.i[31:0]$4158
   291/1309: $6$fordecl_block$71.$for_loop$72[2].$fordecl_block$73.$for_loop$74[2].$fordecl_block$75.j[31:0]$4167
   292/1309: $6$fordecl_block$71.$for_loop$72[2].$fordecl_block$73.$for_loop$74[2].$fordecl_block$75.$for_loop$76[2].$fordecl_block$77.r[31:0]$4170
   293/1309: $6$fordecl_block$71.$for_loop$72[2].$fordecl_block$73.$for_loop$74[2].$fordecl_block$75.$for_loop$76[1].$fordecl_block$77.r[31:0]$4169
   294/1309: $6$fordecl_block$71.$for_loop$72[2].$fordecl_block$73.$for_loop$74[2].$fordecl_block$75.$for_loop$76[0].$fordecl_block$77.r[31:0]$4168
   295/1309: $6$fordecl_block$71.$for_loop$72[2].$fordecl_block$73.$for_loop$74[1].$fordecl_block$75.j[31:0]$4163
   296/1309: $6$fordecl_block$71.$for_loop$72[2].$fordecl_block$73.$for_loop$74[1].$fordecl_block$75.$for_loop$76[2].$fordecl_block$77.r[31:0]$4166
   297/1309: $6$fordecl_block$71.$for_loop$72[2].$fordecl_block$73.$for_loop$74[1].$fordecl_block$75.$for_loop$76[1].$fordecl_block$77.r[31:0]$4165
   298/1309: $6$fordecl_block$71.$for_loop$72[2].$fordecl_block$73.$for_loop$74[1].$fordecl_block$75.$for_loop$76[0].$fordecl_block$77.r[31:0]$4164
   299/1309: $6$fordecl_block$71.$for_loop$72[2].$fordecl_block$73.$for_loop$74[0].$fordecl_block$75.j[31:0]$4159
   300/1309: $6$fordecl_block$71.$for_loop$72[2].$fordecl_block$73.$for_loop$74[0].$fordecl_block$75.$for_loop$76[2].$fordecl_block$77.r[31:0]$4162
   301/1309: $6$fordecl_block$71.$for_loop$72[2].$fordecl_block$73.$for_loop$74[0].$fordecl_block$75.$for_loop$76[1].$fordecl_block$77.r[31:0]$4161
   302/1309: $6$fordecl_block$71.$for_loop$72[2].$fordecl_block$73.$for_loop$74[0].$fordecl_block$75.$for_loop$76[0].$fordecl_block$77.r[31:0]$4160
   303/1309: $7$fordecl_block$71.$for_loop$72[1].$fordecl_block$73.$for_loop$74[2].$fordecl_block$75.$for_loop$76[2].$fordecl_block$77.r[31:0]$4150
   304/1309: $7$fordecl_block$71.$for_loop$72[1].$fordecl_block$73.$for_loop$74[2].$fordecl_block$75.$for_loop$76[1].$fordecl_block$77.r[31:0]$4141
   305/1309: $7$fordecl_block$71.$for_loop$72[1].$fordecl_block$73.$for_loop$74[2].$fordecl_block$75.$for_loop$76[0].$fordecl_block$77.r[31:0]$4132
   306/1309: $7$fordecl_block$71.$for_loop$72[1].$fordecl_block$73.$for_loop$74[1].$fordecl_block$75.$for_loop$76[2].$fordecl_block$77.r[31:0]$4123
   307/1309: $7$fordecl_block$71.$for_loop$72[1].$fordecl_block$73.$for_loop$74[1].$fordecl_block$75.$for_loop$76[1].$fordecl_block$77.r[31:0]$4114
   308/1309: $7$fordecl_block$71.$for_loop$72[1].$fordecl_block$73.$for_loop$74[1].$fordecl_block$75.$for_loop$76[0].$fordecl_block$77.r[31:0]$4105
   309/1309: $7$fordecl_block$71.$for_loop$72[1].$fordecl_block$73.$for_loop$74[0].$fordecl_block$75.$for_loop$76[2].$fordecl_block$77.r[31:0]$4096
   310/1309: $7$fordecl_block$71.$for_loop$72[1].$fordecl_block$73.$for_loop$74[0].$fordecl_block$75.$for_loop$76[1].$fordecl_block$77.r[31:0]$4087
   311/1309: $7$fordecl_block$71.$for_loop$72[1].$fordecl_block$73.$for_loop$74[0].$fordecl_block$75.$for_loop$76[0].$fordecl_block$77.r[31:0]$4078
   312/1309: $6$fordecl_block$71.$for_loop$72[1].$fordecl_block$73.i[31:0]$4063
   313/1309: $6$fordecl_block$71.$for_loop$72[1].$fordecl_block$73.$for_loop$74[2].$fordecl_block$75.j[31:0]$4072
   314/1309: $6$fordecl_block$71.$for_loop$72[1].$fordecl_block$73.$for_loop$74[2].$fordecl_block$75.$for_loop$76[2].$fordecl_block$77.r[31:0]$4075
   315/1309: $6$fordecl_block$71.$for_loop$72[1].$fordecl_block$73.$for_loop$74[2].$fordecl_block$75.$for_loop$76[1].$fordecl_block$77.r[31:0]$4074
   316/1309: $6$fordecl_block$71.$for_loop$72[1].$fordecl_block$73.$for_loop$74[2].$fordecl_block$75.$for_loop$76[0].$fordecl_block$77.r[31:0]$4073
   317/1309: $6$fordecl_block$71.$for_loop$72[1].$fordecl_block$73.$for_loop$74[1].$fordecl_block$75.j[31:0]$4068
   318/1309: $6$fordecl_block$71.$for_loop$72[1].$fordecl_block$73.$for_loop$74[1].$fordecl_block$75.$for_loop$76[2].$fordecl_block$77.r[31:0]$4071
   319/1309: $6$fordecl_block$71.$for_loop$72[1].$fordecl_block$73.$for_loop$74[1].$fordecl_block$75.$for_loop$76[1].$fordecl_block$77.r[31:0]$4070
   320/1309: $6$fordecl_block$71.$for_loop$72[1].$fordecl_block$73.$for_loop$74[1].$fordecl_block$75.$for_loop$76[0].$fordecl_block$77.r[31:0]$4069
   321/1309: $6$fordecl_block$71.$for_loop$72[1].$fordecl_block$73.$for_loop$74[0].$fordecl_block$75.j[31:0]$4064
   322/1309: $6$fordecl_block$71.$for_loop$72[1].$fordecl_block$73.$for_loop$74[0].$fordecl_block$75.$for_loop$76[2].$fordecl_block$77.r[31:0]$4067
   323/1309: $6$fordecl_block$71.$for_loop$72[1].$fordecl_block$73.$for_loop$74[0].$fordecl_block$75.$for_loop$76[1].$fordecl_block$77.r[31:0]$4066
   324/1309: $6$fordecl_block$71.$for_loop$72[1].$fordecl_block$73.$for_loop$74[0].$fordecl_block$75.$for_loop$76[0].$fordecl_block$77.r[31:0]$4065
   325/1309: $7$fordecl_block$71.$for_loop$72[0].$fordecl_block$73.$for_loop$74[2].$fordecl_block$75.$for_loop$76[2].$fordecl_block$77.r[31:0]$4055
   326/1309: $7$fordecl_block$71.$for_loop$72[0].$fordecl_block$73.$for_loop$74[2].$fordecl_block$75.$for_loop$76[1].$fordecl_block$77.r[31:0]$4046
   327/1309: $7$fordecl_block$71.$for_loop$72[0].$fordecl_block$73.$for_loop$74[2].$fordecl_block$75.$for_loop$76[0].$fordecl_block$77.r[31:0]$4037
   328/1309: $7$fordecl_block$71.$for_loop$72[0].$fordecl_block$73.$for_loop$74[1].$fordecl_block$75.$for_loop$76[2].$fordecl_block$77.r[31:0]$4028
   329/1309: $7$fordecl_block$71.$for_loop$72[0].$fordecl_block$73.$for_loop$74[1].$fordecl_block$75.$for_loop$76[1].$fordecl_block$77.r[31:0]$4019
   330/1309: $7$fordecl_block$71.$for_loop$72[0].$fordecl_block$73.$for_loop$74[1].$fordecl_block$75.$for_loop$76[0].$fordecl_block$77.r[31:0]$4010
   331/1309: $7$fordecl_block$71.$for_loop$72[0].$fordecl_block$73.$for_loop$74[0].$fordecl_block$75.$for_loop$76[2].$fordecl_block$77.r[31:0]$4001
   332/1309: $7$fordecl_block$71.$for_loop$72[0].$fordecl_block$73.$for_loop$74[0].$fordecl_block$75.$for_loop$76[1].$fordecl_block$77.r[31:0]$3992
   333/1309: $7$fordecl_block$71.$for_loop$72[0].$fordecl_block$73.$for_loop$74[0].$fordecl_block$75.$for_loop$76[0].$fordecl_block$77.r[31:0]$3983
   334/1309: $6$fordecl_block$71.$for_loop$72[0].$fordecl_block$73.i[31:0]$3968
   335/1309: $6$fordecl_block$71.$for_loop$72[0].$fordecl_block$73.$for_loop$74[2].$fordecl_block$75.j[31:0]$3977
   336/1309: $6$fordecl_block$71.$for_loop$72[0].$fordecl_block$73.$for_loop$74[2].$fordecl_block$75.$for_loop$76[2].$fordecl_block$77.r[31:0]$3980
   337/1309: $6$fordecl_block$71.$for_loop$72[0].$fordecl_block$73.$for_loop$74[2].$fordecl_block$75.$for_loop$76[1].$fordecl_block$77.r[31:0]$3979
   338/1309: $6$fordecl_block$71.$for_loop$72[0].$fordecl_block$73.$for_loop$74[2].$fordecl_block$75.$for_loop$76[0].$fordecl_block$77.r[31:0]$3978
   339/1309: $6$fordecl_block$71.$for_loop$72[0].$fordecl_block$73.$for_loop$74[1].$fordecl_block$75.j[31:0]$3973
   340/1309: $6$fordecl_block$71.$for_loop$72[0].$fordecl_block$73.$for_loop$74[1].$fordecl_block$75.$for_loop$76[2].$fordecl_block$77.r[31:0]$3976
   341/1309: $6$fordecl_block$71.$for_loop$72[0].$fordecl_block$73.$for_loop$74[1].$fordecl_block$75.$for_loop$76[1].$fordecl_block$77.r[31:0]$3975
   342/1309: $6$fordecl_block$71.$for_loop$72[0].$fordecl_block$73.$for_loop$74[1].$fordecl_block$75.$for_loop$76[0].$fordecl_block$77.r[31:0]$3974
   343/1309: $6$fordecl_block$71.$for_loop$72[0].$fordecl_block$73.$for_loop$74[0].$fordecl_block$75.j[31:0]$3969
   344/1309: $6$fordecl_block$71.$for_loop$72[0].$fordecl_block$73.$for_loop$74[0].$fordecl_block$75.$for_loop$76[2].$fordecl_block$77.r[31:0]$3972
   345/1309: $6$fordecl_block$71.$for_loop$72[0].$fordecl_block$73.$for_loop$74[0].$fordecl_block$75.$for_loop$76[1].$fordecl_block$77.r[31:0]$3971
   346/1309: $6$fordecl_block$71.$for_loop$72[0].$fordecl_block$73.$for_loop$74[0].$fordecl_block$75.$for_loop$76[0].$fordecl_block$77.r[31:0]$3970
   347/1309: $5$fordecl_block$71.m[31:0]$3827
   348/1309: $5$fordecl_block$71.$for_loop$72[3].$fordecl_block$73.$for_loop$74[2].$fordecl_block$75.$for_loop$76[2].$fordecl_block$77.r[31:0]$3879
   349/1309: $5$fordecl_block$71.$for_loop$72[3].$fordecl_block$73.$for_loop$74[2].$fordecl_block$75.$for_loop$76[1].$fordecl_block$77.r[31:0]$3878
   350/1309: $5$fordecl_block$71.$for_loop$72[3].$fordecl_block$73.$for_loop$74[2].$fordecl_block$75.$for_loop$76[0].$fordecl_block$77.r[31:0]$3877
   351/1309: $5$fordecl_block$71.$for_loop$72[3].$fordecl_block$73.$for_loop$74[2].$fordecl_block$75.j[31:0]$3876
   352/1309: $5$fordecl_block$71.$for_loop$72[3].$fordecl_block$73.$for_loop$74[1].$fordecl_block$75.$for_loop$76[2].$fordecl_block$77.r[31:0]$3875
   353/1309: $5$fordecl_block$71.$for_loop$72[3].$fordecl_block$73.$for_loop$74[1].$fordecl_block$75.$for_loop$76[1].$fordecl_block$77.r[31:0]$3874
   354/1309: $5$fordecl_block$71.$for_loop$72[3].$fordecl_block$73.$for_loop$74[1].$fordecl_block$75.$for_loop$76[0].$fordecl_block$77.r[31:0]$3873
   355/1309: $5$fordecl_block$71.$for_loop$72[3].$fordecl_block$73.$for_loop$74[1].$fordecl_block$75.j[31:0]$3872
   356/1309: $5$fordecl_block$71.$for_loop$72[3].$fordecl_block$73.$for_loop$74[0].$fordecl_block$75.$for_loop$76[2].$fordecl_block$77.r[31:0]$3871
   357/1309: $5$fordecl_block$71.$for_loop$72[3].$fordecl_block$73.$for_loop$74[0].$fordecl_block$75.$for_loop$76[1].$fordecl_block$77.r[31:0]$3870
   358/1309: $5$fordecl_block$71.$for_loop$72[3].$fordecl_block$73.$for_loop$74[0].$fordecl_block$75.$for_loop$76[0].$fordecl_block$77.r[31:0]$3869
   359/1309: $5$fordecl_block$71.$for_loop$72[3].$fordecl_block$73.$for_loop$74[0].$fordecl_block$75.j[31:0]$3868
   360/1309: $5$fordecl_block$71.$for_loop$72[3].$fordecl_block$73.i[31:0]$3867
   361/1309: $5$fordecl_block$71.$for_loop$72[2].$fordecl_block$73.$for_loop$74[2].$fordecl_block$75.$for_loop$76[2].$fordecl_block$77.r[31:0]$3866
   362/1309: $5$fordecl_block$71.$for_loop$72[2].$fordecl_block$73.$for_loop$74[2].$fordecl_block$75.$for_loop$76[1].$fordecl_block$77.r[31:0]$3865
   363/1309: $5$fordecl_block$71.$for_loop$72[2].$fordecl_block$73.$for_loop$74[2].$fordecl_block$75.$for_loop$76[0].$fordecl_block$77.r[31:0]$3864
   364/1309: $5$fordecl_block$71.$for_loop$72[2].$fordecl_block$73.$for_loop$74[2].$fordecl_block$75.j[31:0]$3863
   365/1309: $5$fordecl_block$71.$for_loop$72[2].$fordecl_block$73.$for_loop$74[1].$fordecl_block$75.$for_loop$76[2].$fordecl_block$77.r[31:0]$3862
   366/1309: $5$fordecl_block$71.$for_loop$72[2].$fordecl_block$73.$for_loop$74[1].$fordecl_block$75.$for_loop$76[1].$fordecl_block$77.r[31:0]$3861
   367/1309: $5$fordecl_block$71.$for_loop$72[2].$fordecl_block$73.$for_loop$74[1].$fordecl_block$75.$for_loop$76[0].$fordecl_block$77.r[31:0]$3860
   368/1309: $5$fordecl_block$71.$for_loop$72[2].$fordecl_block$73.$for_loop$74[1].$fordecl_block$75.j[31:0]$3859
   369/1309: $5$fordecl_block$71.$for_loop$72[2].$fordecl_block$73.$for_loop$74[0].$fordecl_block$75.$for_loop$76[2].$fordecl_block$77.r[31:0]$3858
   370/1309: $5$fordecl_block$71.$for_loop$72[2].$fordecl_block$73.$for_loop$74[0].$fordecl_block$75.$for_loop$76[1].$fordecl_block$77.r[31:0]$3857
   371/1309: $5$fordecl_block$71.$for_loop$72[2].$fordecl_block$73.$for_loop$74[0].$fordecl_block$75.$for_loop$76[0].$fordecl_block$77.r[31:0]$3856
   372/1309: $5$fordecl_block$71.$for_loop$72[2].$fordecl_block$73.$for_loop$74[0].$fordecl_block$75.j[31:0]$3855
   373/1309: $5$fordecl_block$71.$for_loop$72[2].$fordecl_block$73.i[31:0]$3854
   374/1309: $5$fordecl_block$71.$for_loop$72[1].$fordecl_block$73.$for_loop$74[2].$fordecl_block$75.$for_loop$76[2].$fordecl_block$77.r[31:0]$3853
   375/1309: $5$fordecl_block$71.$for_loop$72[1].$fordecl_block$73.$for_loop$74[2].$fordecl_block$75.$for_loop$76[1].$fordecl_block$77.r[31:0]$3852
   376/1309: $5$fordecl_block$71.$for_loop$72[1].$fordecl_block$73.$for_loop$74[2].$fordecl_block$75.$for_loop$76[0].$fordecl_block$77.r[31:0]$3851
   377/1309: $5$fordecl_block$71.$for_loop$72[1].$fordecl_block$73.$for_loop$74[2].$fordecl_block$75.j[31:0]$3850
   378/1309: $5$fordecl_block$71.$for_loop$72[1].$fordecl_block$73.$for_loop$74[1].$fordecl_block$75.$for_loop$76[2].$fordecl_block$77.r[31:0]$3849
   379/1309: $5$fordecl_block$71.$for_loop$72[1].$fordecl_block$73.$for_loop$74[1].$fordecl_block$75.$for_loop$76[1].$fordecl_block$77.r[31:0]$3848
   380/1309: $5$fordecl_block$71.$for_loop$72[1].$fordecl_block$73.$for_loop$74[1].$fordecl_block$75.$for_loop$76[0].$fordecl_block$77.r[31:0]$3847
   381/1309: $5$fordecl_block$71.$for_loop$72[1].$fordecl_block$73.$for_loop$74[1].$fordecl_block$75.j[31:0]$3846
   382/1309: $5$fordecl_block$71.$for_loop$72[1].$fordecl_block$73.$for_loop$74[0].$fordecl_block$75.$for_loop$76[2].$fordecl_block$77.r[31:0]$3845
   383/1309: $5$fordecl_block$71.$for_loop$72[1].$fordecl_block$73.$for_loop$74[0].$fordecl_block$75.$for_loop$76[1].$fordecl_block$77.r[31:0]$3844
   384/1309: $5$fordecl_block$71.$for_loop$72[1].$fordecl_block$73.$for_loop$74[0].$fordecl_block$75.$for_loop$76[0].$fordecl_block$77.r[31:0]$3843
   385/1309: $5$fordecl_block$71.$for_loop$72[1].$fordecl_block$73.$for_loop$74[0].$fordecl_block$75.j[31:0]$3842
   386/1309: $5$fordecl_block$71.$for_loop$72[1].$fordecl_block$73.i[31:0]$3841
   387/1309: $5$fordecl_block$71.$for_loop$72[0].$fordecl_block$73.$for_loop$74[2].$fordecl_block$75.$for_loop$76[2].$fordecl_block$77.r[31:0]$3840
   388/1309: $5$fordecl_block$71.$for_loop$72[0].$fordecl_block$73.$for_loop$74[2].$fordecl_block$75.$for_loop$76[1].$fordecl_block$77.r[31:0]$3839
   389/1309: $5$fordecl_block$71.$for_loop$72[0].$fordecl_block$73.$for_loop$74[2].$fordecl_block$75.$for_loop$76[0].$fordecl_block$77.r[31:0]$3838
   390/1309: $5$fordecl_block$71.$for_loop$72[0].$fordecl_block$73.$for_loop$74[2].$fordecl_block$75.j[31:0]$3837
   391/1309: $5$fordecl_block$71.$for_loop$72[0].$fordecl_block$73.$for_loop$74[1].$fordecl_block$75.$for_loop$76[2].$fordecl_block$77.r[31:0]$3836
   392/1309: $5$fordecl_block$71.$for_loop$72[0].$fordecl_block$73.$for_loop$74[1].$fordecl_block$75.$for_loop$76[1].$fordecl_block$77.r[31:0]$3835
   393/1309: $5$fordecl_block$71.$for_loop$72[0].$fordecl_block$73.$for_loop$74[1].$fordecl_block$75.$for_loop$76[0].$fordecl_block$77.r[31:0]$3834
   394/1309: $5$fordecl_block$71.$for_loop$72[0].$fordecl_block$73.$for_loop$74[1].$fordecl_block$75.j[31:0]$3833
   395/1309: $5$fordecl_block$71.$for_loop$72[0].$fordecl_block$73.$for_loop$74[0].$fordecl_block$75.$for_loop$76[2].$fordecl_block$77.r[31:0]$3832
   396/1309: $5$fordecl_block$71.$for_loop$72[0].$fordecl_block$73.$for_loop$74[0].$fordecl_block$75.$for_loop$76[1].$fordecl_block$77.r[31:0]$3831
   397/1309: $5$fordecl_block$71.$for_loop$72[0].$fordecl_block$73.$for_loop$74[0].$fordecl_block$75.$for_loop$76[0].$fordecl_block$77.r[31:0]$3830
   398/1309: $5$fordecl_block$71.$for_loop$72[0].$fordecl_block$73.$for_loop$74[0].$fordecl_block$75.j[31:0]$3829
   399/1309: $5$fordecl_block$71.$for_loop$72[0].$fordecl_block$73.i[31:0]$3828
   400/1309: $5$fordecl_block$93.$for_loop$94[3].$fordecl_block$95.$for_loop$96[2].$fordecl_block$97.j[31:0]$3966
   401/1309: $5$fordecl_block$93.$for_loop$94[3].$fordecl_block$95.$for_loop$96[1].$fordecl_block$97.j[31:0]$3965
   402/1309: $5$fordecl_block$93.$for_loop$94[3].$fordecl_block$95.$for_loop$96[0].$fordecl_block$97.j[31:0]$3964
   403/1309: $5$fordecl_block$93.$for_loop$94[3].$fordecl_block$95.i[31:0]$3963
   404/1309: $5$fordecl_block$93.$for_loop$94[2].$fordecl_block$95.$for_loop$96[2].$fordecl_block$97.j[31:0]$3962
   405/1309: $5$fordecl_block$93.$for_loop$94[2].$fordecl_block$95.$for_loop$96[1].$fordecl_block$97.j[31:0]$3961
   406/1309: $5$fordecl_block$93.$for_loop$94[2].$fordecl_block$95.$for_loop$96[0].$fordecl_block$97.j[31:0]$3960
   407/1309: $5$fordecl_block$93.$for_loop$94[2].$fordecl_block$95.i[31:0]$3959
   408/1309: $5$fordecl_block$93.$for_loop$94[1].$fordecl_block$95.$for_loop$96[2].$fordecl_block$97.j[31:0]$3958
   409/1309: $5$fordecl_block$93.$for_loop$94[1].$fordecl_block$95.$for_loop$96[1].$fordecl_block$97.j[31:0]$3957
   410/1309: $5$fordecl_block$93.$for_loop$94[1].$fordecl_block$95.$for_loop$96[0].$fordecl_block$97.j[31:0]$3956
   411/1309: $5$fordecl_block$93.$for_loop$94[1].$fordecl_block$95.i[31:0]$3955
   412/1309: $5$fordecl_block$93.$for_loop$94[0].$fordecl_block$95.$for_loop$96[2].$fordecl_block$97.j[31:0]$3954
   413/1309: $5$fordecl_block$93.$for_loop$94[0].$fordecl_block$95.$for_loop$96[1].$fordecl_block$97.j[31:0]$3953
   414/1309: $5$fordecl_block$93.$for_loop$94[0].$fordecl_block$95.$for_loop$96[0].$fordecl_block$97.j[31:0]$3952
   415/1309: $5$fordecl_block$93.$for_loop$94[0].$fordecl_block$95.i[31:0]$3951
   416/1309: $5$fordecl_block$93.m[31:0]$3950
   417/1309: $5$fordecl_block$87.$for_loop$88[3].$fordecl_block$89.$for_loop$90[2].$fordecl_block$91.j[31:0]$3949
   418/1309: $5$fordecl_block$87.$for_loop$88[3].$fordecl_block$89.$for_loop$90[1].$fordecl_block$91.j[31:0]$3948
   419/1309: $5$fordecl_block$87.$for_loop$88[3].$fordecl_block$89.$for_loop$90[0].$fordecl_block$91.j[31:0]$3947
   420/1309: $5$fordecl_block$87.$for_loop$88[3].$fordecl_block$89.i[31:0]$3946
   421/1309: $5$fordecl_block$87.$for_loop$88[2].$fordecl_block$89.$for_loop$90[2].$fordecl_block$91.j[31:0]$3945
   422/1309: $5$fordecl_block$87.$for_loop$88[2].$fordecl_block$89.$for_loop$90[1].$fordecl_block$91.j[31:0]$3944
   423/1309: $5$fordecl_block$87.$for_loop$88[2].$fordecl_block$89.$for_loop$90[0].$fordecl_block$91.j[31:0]$3943
   424/1309: $5$fordecl_block$87.$for_loop$88[2].$fordecl_block$89.i[31:0]$3942
   425/1309: $5$fordecl_block$87.$for_loop$88[1].$fordecl_block$89.$for_loop$90[2].$fordecl_block$91.j[31:0]$3941
   426/1309: $5$fordecl_block$87.$for_loop$88[1].$fordecl_block$89.$for_loop$90[1].$fordecl_block$91.j[31:0]$3940
   427/1309: $5$fordecl_block$87.$for_loop$88[1].$fordecl_block$89.$for_loop$90[0].$fordecl_block$91.j[31:0]$3939
   428/1309: $5$fordecl_block$87.$for_loop$88[1].$fordecl_block$89.i[31:0]$3938
   429/1309: $5$fordecl_block$87.$for_loop$88[0].$fordecl_block$89.$for_loop$90[2].$fordecl_block$91.j[31:0]$3937
   430/1309: $5$fordecl_block$87.$for_loop$88[0].$fordecl_block$89.$for_loop$90[1].$fordecl_block$91.j[31:0]$3936
   431/1309: $5$fordecl_block$87.$for_loop$88[0].$fordecl_block$89.$for_loop$90[0].$fordecl_block$91.j[31:0]$3935
   432/1309: $5$fordecl_block$87.$for_loop$88[0].$fordecl_block$89.i[31:0]$3934
   433/1309: $5$fordecl_block$87.m[31:0]$3933
   434/1309: $5$fordecl_block$79.$for_loop$80[3].$fordecl_block$81.$for_loop$82[2].$fordecl_block$83.$for_loop$84[2].$fordecl_block$85.c[31:0]$3932
   435/1309: $5$fordecl_block$79.$for_loop$80[3].$fordecl_block$81.$for_loop$82[2].$fordecl_block$83.$for_loop$84[1].$fordecl_block$85.c[31:0]$3931
   436/1309: $5$fordecl_block$79.$for_loop$80[3].$fordecl_block$81.$for_loop$82[2].$fordecl_block$83.$for_loop$84[0].$fordecl_block$85.c[31:0]$3930
   437/1309: $5$fordecl_block$79.$for_loop$80[3].$fordecl_block$81.$for_loop$82[2].$fordecl_block$83.j[31:0]$3929
   438/1309: $5$fordecl_block$79.$for_loop$80[3].$fordecl_block$81.$for_loop$82[1].$fordecl_block$83.$for_loop$84[2].$fordecl_block$85.c[31:0]$3928
   439/1309: $5$fordecl_block$79.$for_loop$80[3].$fordecl_block$81.$for_loop$82[1].$fordecl_block$83.$for_loop$84[1].$fordecl_block$85.c[31:0]$3927
   440/1309: $5$fordecl_block$79.$for_loop$80[3].$fordecl_block$81.$for_loop$82[1].$fordecl_block$83.$for_loop$84[0].$fordecl_block$85.c[31:0]$3926
   441/1309: $5$fordecl_block$79.$for_loop$80[3].$fordecl_block$81.$for_loop$82[1].$fordecl_block$83.j[31:0]$3925
   442/1309: $5$fordecl_block$79.$for_loop$80[3].$fordecl_block$81.$for_loop$82[0].$fordecl_block$83.$for_loop$84[2].$fordecl_block$85.c[31:0]$3924
   443/1309: $5$fordecl_block$79.$for_loop$80[3].$fordecl_block$81.$for_loop$82[0].$fordecl_block$83.$for_loop$84[1].$fordecl_block$85.c[31:0]$3923
   444/1309: $5$fordecl_block$79.$for_loop$80[3].$fordecl_block$81.$for_loop$82[0].$fordecl_block$83.$for_loop$84[0].$fordecl_block$85.c[31:0]$3922
   445/1309: $5$fordecl_block$79.$for_loop$80[3].$fordecl_block$81.$for_loop$82[0].$fordecl_block$83.j[31:0]$3921
   446/1309: $5$fordecl_block$79.$for_loop$80[3].$fordecl_block$81.i[31:0]$3920
   447/1309: $5$fordecl_block$79.$for_loop$80[2].$fordecl_block$81.$for_loop$82[2].$fordecl_block$83.$for_loop$84[2].$fordecl_block$85.c[31:0]$3919
   448/1309: $5$fordecl_block$79.$for_loop$80[2].$fordecl_block$81.$for_loop$82[2].$fordecl_block$83.$for_loop$84[1].$fordecl_block$85.c[31:0]$3918
   449/1309: $5$fordecl_block$79.$for_loop$80[2].$fordecl_block$81.$for_loop$82[2].$fordecl_block$83.$for_loop$84[0].$fordecl_block$85.c[31:0]$3917
   450/1309: $5$fordecl_block$79.$for_loop$80[2].$fordecl_block$81.$for_loop$82[2].$fordecl_block$83.j[31:0]$3916
   451/1309: $5$fordecl_block$79.$for_loop$80[2].$fordecl_block$81.$for_loop$82[1].$fordecl_block$83.$for_loop$84[2].$fordecl_block$85.c[31:0]$3915
   452/1309: $5$fordecl_block$79.$for_loop$80[2].$fordecl_block$81.$for_loop$82[1].$fordecl_block$83.$for_loop$84[1].$fordecl_block$85.c[31:0]$3914
   453/1309: $5$fordecl_block$79.$for_loop$80[2].$fordecl_block$81.$for_loop$82[1].$fordecl_block$83.$for_loop$84[0].$fordecl_block$85.c[31:0]$3913
   454/1309: $5$fordecl_block$79.$for_loop$80[2].$fordecl_block$81.$for_loop$82[1].$fordecl_block$83.j[31:0]$3912
   455/1309: $5$fordecl_block$79.$for_loop$80[2].$fordecl_block$81.$for_loop$82[0].$fordecl_block$83.$for_loop$84[2].$fordecl_block$85.c[31:0]$3911
   456/1309: $5$fordecl_block$79.$for_loop$80[2].$fordecl_block$81.$for_loop$82[0].$fordecl_block$83.$for_loop$84[1].$fordecl_block$85.c[31:0]$3910
   457/1309: $5$fordecl_block$79.$for_loop$80[2].$fordecl_block$81.$for_loop$82[0].$fordecl_block$83.$for_loop$84[0].$fordecl_block$85.c[31:0]$3909
   458/1309: $5$fordecl_block$79.$for_loop$80[2].$fordecl_block$81.$for_loop$82[0].$fordecl_block$83.j[31:0]$3908
   459/1309: $5$fordecl_block$79.$for_loop$80[2].$fordecl_block$81.i[31:0]$3907
   460/1309: $5$fordecl_block$79.$for_loop$80[1].$fordecl_block$81.$for_loop$82[2].$fordecl_block$83.$for_loop$84[2].$fordecl_block$85.c[31:0]$3906
   461/1309: $5$fordecl_block$79.$for_loop$80[1].$fordecl_block$81.$for_loop$82[2].$fordecl_block$83.$for_loop$84[1].$fordecl_block$85.c[31:0]$3905
   462/1309: $5$fordecl_block$79.$for_loop$80[1].$fordecl_block$81.$for_loop$82[2].$fordecl_block$83.$for_loop$84[0].$fordecl_block$85.c[31:0]$3904
   463/1309: $5$fordecl_block$79.$for_loop$80[1].$fordecl_block$81.$for_loop$82[2].$fordecl_block$83.j[31:0]$3903
   464/1309: $5$fordecl_block$79.$for_loop$80[1].$fordecl_block$81.$for_loop$82[1].$fordecl_block$83.$for_loop$84[2].$fordecl_block$85.c[31:0]$3902
   465/1309: $5$fordecl_block$79.$for_loop$80[1].$fordecl_block$81.$for_loop$82[1].$fordecl_block$83.$for_loop$84[1].$fordecl_block$85.c[31:0]$3901
   466/1309: $5$fordecl_block$79.$for_loop$80[1].$fordecl_block$81.$for_loop$82[1].$fordecl_block$83.$for_loop$84[0].$fordecl_block$85.c[31:0]$3900
   467/1309: $5$fordecl_block$79.$for_loop$80[1].$fordecl_block$81.$for_loop$82[1].$fordecl_block$83.j[31:0]$3899
   468/1309: $5$fordecl_block$79.$for_loop$80[1].$fordecl_block$81.$for_loop$82[0].$fordecl_block$83.$for_loop$84[2].$fordecl_block$85.c[31:0]$3898
   469/1309: $5$fordecl_block$79.$for_loop$80[1].$fordecl_block$81.$for_loop$82[0].$fordecl_block$83.$for_loop$84[1].$fordecl_block$85.c[31:0]$3897
   470/1309: $5$fordecl_block$79.$for_loop$80[1].$fordecl_block$81.$for_loop$82[0].$fordecl_block$83.$for_loop$84[0].$fordecl_block$85.c[31:0]$3896
   471/1309: $5$fordecl_block$79.$for_loop$80[1].$fordecl_block$81.$for_loop$82[0].$fordecl_block$83.j[31:0]$3895
   472/1309: $5$fordecl_block$79.$for_loop$80[1].$fordecl_block$81.i[31:0]$3894
   473/1309: $5$fordecl_block$79.$for_loop$80[0].$fordecl_block$81.$for_loop$82[2].$fordecl_block$83.$for_loop$84[2].$fordecl_block$85.c[31:0]$3893
   474/1309: $5$fordecl_block$79.$for_loop$80[0].$fordecl_block$81.$for_loop$82[2].$fordecl_block$83.$for_loop$84[1].$fordecl_block$85.c[31:0]$3892
   475/1309: $5$fordecl_block$79.$for_loop$80[0].$fordecl_block$81.$for_loop$82[2].$fordecl_block$83.$for_loop$84[0].$fordecl_block$85.c[31:0]$3891
   476/1309: $5$fordecl_block$79.$for_loop$80[0].$fordecl_block$81.$for_loop$82[2].$fordecl_block$83.j[31:0]$3890
   477/1309: $5$fordecl_block$79.$for_loop$80[0].$fordecl_block$81.$for_loop$82[1].$fordecl_block$83.$for_loop$84[2].$fordecl_block$85.c[31:0]$3889
   478/1309: $5$fordecl_block$79.$for_loop$80[0].$fordecl_block$81.$for_loop$82[1].$fordecl_block$83.$for_loop$84[1].$fordecl_block$85.c[31:0]$3888
   479/1309: $5$fordecl_block$79.$for_loop$80[0].$fordecl_block$81.$for_loop$82[1].$fordecl_block$83.$for_loop$84[0].$fordecl_block$85.c[31:0]$3887
   480/1309: $5$fordecl_block$79.$for_loop$80[0].$fordecl_block$81.$for_loop$82[1].$fordecl_block$83.j[31:0]$3886
   481/1309: $5$fordecl_block$79.$for_loop$80[0].$fordecl_block$81.$for_loop$82[0].$fordecl_block$83.$for_loop$84[2].$fordecl_block$85.c[31:0]$3885
   482/1309: $5$fordecl_block$79.$for_loop$80[0].$fordecl_block$81.$for_loop$82[0].$fordecl_block$83.$for_loop$84[1].$fordecl_block$85.c[31:0]$3884
   483/1309: $5$fordecl_block$79.$for_loop$80[0].$fordecl_block$81.$for_loop$82[0].$fordecl_block$83.$for_loop$84[0].$fordecl_block$85.c[31:0]$3883
   484/1309: $5$fordecl_block$79.$for_loop$80[0].$fordecl_block$81.$for_loop$82[0].$fordecl_block$83.j[31:0]$3882
   485/1309: $5$fordecl_block$79.$for_loop$80[0].$fordecl_block$81.i[31:0]$3881
   486/1309: $5$fordecl_block$79.m[31:0]$3880
   487/1309: $4$fordecl_block$65.m[31:0]$3490
   488/1309: $4$fordecl_block$65.$for_loop$66[3].$fordecl_block$67.r[31:0]$3503
   489/1309: $4$fordecl_block$65.$for_loop$66[3].$fordecl_block$67.$for_loop$68[2].$fordecl_block$69.c[31:0]$3506
   490/1309: $4$fordecl_block$65.$for_loop$66[3].$fordecl_block$67.$for_loop$68[1].$fordecl_block$69.c[31:0]$3505
   491/1309: $4$fordecl_block$65.$for_loop$66[3].$fordecl_block$67.$for_loop$68[0].$fordecl_block$69.c[31:0]$3504
   492/1309: $4$fordecl_block$65.$for_loop$66[2].$fordecl_block$67.r[31:0]$3499
   493/1309: $4$fordecl_block$65.$for_loop$66[2].$fordecl_block$67.$for_loop$68[2].$fordecl_block$69.c[31:0]$3502
   494/1309: $4$fordecl_block$65.$for_loop$66[2].$fordecl_block$67.$for_loop$68[1].$fordecl_block$69.c[31:0]$3501
   495/1309: $4$fordecl_block$65.$for_loop$66[2].$fordecl_block$67.$for_loop$68[0].$fordecl_block$69.c[31:0]$3500
   496/1309: $4$fordecl_block$65.$for_loop$66[1].$fordecl_block$67.r[31:0]$3495
   497/1309: $4$fordecl_block$65.$for_loop$66[1].$fordecl_block$67.$for_loop$68[2].$fordecl_block$69.c[31:0]$3498
   498/1309: $4$fordecl_block$65.$for_loop$66[1].$fordecl_block$67.$for_loop$68[1].$fordecl_block$69.c[31:0]$3497
   499/1309: $4$fordecl_block$65.$for_loop$66[1].$fordecl_block$67.$for_loop$68[0].$fordecl_block$69.c[31:0]$3496
   500/1309: $4$fordecl_block$65.$for_loop$66[0].$fordecl_block$67.r[31:0]$3491
   501/1309: $4$fordecl_block$65.$for_loop$66[0].$fordecl_block$67.$for_loop$68[2].$fordecl_block$69.c[31:0]$3494
   502/1309: $4$fordecl_block$65.$for_loop$66[0].$fordecl_block$67.$for_loop$68[1].$fordecl_block$69.c[31:0]$3493
   503/1309: $4$fordecl_block$65.$for_loop$66[0].$fordecl_block$67.$for_loop$68[0].$fordecl_block$69.c[31:0]$3492
   504/1309: $4$fordecl_block$93.$for_loop$94[3].$fordecl_block$95.$for_loop$96[2].$fordecl_block$97.j[31:0]$3646
   505/1309: $4$fordecl_block$93.$for_loop$94[3].$fordecl_block$95.$for_loop$96[1].$fordecl_block$97.j[31:0]$3645
   506/1309: $4$fordecl_block$93.$for_loop$94[3].$fordecl_block$95.$for_loop$96[0].$fordecl_block$97.j[31:0]$3644
   507/1309: $4$fordecl_block$93.$for_loop$94[3].$fordecl_block$95.i[31:0]$3643
   508/1309: $4$fordecl_block$93.$for_loop$94[2].$fordecl_block$95.$for_loop$96[2].$fordecl_block$97.j[31:0]$3642
   509/1309: $4$fordecl_block$93.$for_loop$94[2].$fordecl_block$95.$for_loop$96[1].$fordecl_block$97.j[31:0]$3641
   510/1309: $4$fordecl_block$93.$for_loop$94[2].$fordecl_block$95.$for_loop$96[0].$fordecl_block$97.j[31:0]$3640
   511/1309: $4$fordecl_block$93.$for_loop$94[2].$fordecl_block$95.i[31:0]$3639
   512/1309: $4$fordecl_block$93.$for_loop$94[1].$fordecl_block$95.$for_loop$96[2].$fordecl_block$97.j[31:0]$3638
   513/1309: $4$fordecl_block$93.$for_loop$94[1].$fordecl_block$95.$for_loop$96[1].$fordecl_block$97.j[31:0]$3637
   514/1309: $4$fordecl_block$93.$for_loop$94[1].$fordecl_block$95.$for_loop$96[0].$fordecl_block$97.j[31:0]$3636
   515/1309: $4$fordecl_block$93.$for_loop$94[1].$fordecl_block$95.i[31:0]$3635
   516/1309: $4$fordecl_block$93.$for_loop$94[0].$fordecl_block$95.$for_loop$96[2].$fordecl_block$97.j[31:0]$3634
   517/1309: $4$fordecl_block$93.$for_loop$94[0].$fordecl_block$95.$for_loop$96[1].$fordecl_block$97.j[31:0]$3633
   518/1309: $4$fordecl_block$93.$for_loop$94[0].$fordecl_block$95.$for_loop$96[0].$fordecl_block$97.j[31:0]$3632
   519/1309: $4$fordecl_block$93.$for_loop$94[0].$fordecl_block$95.i[31:0]$3631
   520/1309: $4$fordecl_block$93.m[31:0]$3630
   521/1309: $4$fordecl_block$87.$for_loop$88[3].$fordecl_block$89.$for_loop$90[2].$fordecl_block$91.j[31:0]$3629
   522/1309: $4$fordecl_block$87.$for_loop$88[3].$fordecl_block$89.$for_loop$90[1].$fordecl_block$91.j[31:0]$3628
   523/1309: $4$fordecl_block$87.$for_loop$88[3].$fordecl_block$89.$for_loop$90[0].$fordecl_block$91.j[31:0]$3627
   524/1309: $4$fordecl_block$87.$for_loop$88[3].$fordecl_block$89.i[31:0]$3626
   525/1309: $4$fordecl_block$87.$for_loop$88[2].$fordecl_block$89.$for_loop$90[2].$fordecl_block$91.j[31:0]$3625
   526/1309: $4$fordecl_block$87.$for_loop$88[2].$fordecl_block$89.$for_loop$90[1].$fordecl_block$91.j[31:0]$3624
   527/1309: $4$fordecl_block$87.$for_loop$88[2].$fordecl_block$89.$for_loop$90[0].$fordecl_block$91.j[31:0]$3623
   528/1309: $4$fordecl_block$87.$for_loop$88[2].$fordecl_block$89.i[31:0]$3622
   529/1309: $4$fordecl_block$87.$for_loop$88[1].$fordecl_block$89.$for_loop$90[2].$fordecl_block$91.j[31:0]$3621
   530/1309: $4$fordecl_block$87.$for_loop$88[1].$fordecl_block$89.$for_loop$90[1].$fordecl_block$91.j[31:0]$3620
   531/1309: $4$fordecl_block$87.$for_loop$88[1].$fordecl_block$89.$for_loop$90[0].$fordecl_block$91.j[31:0]$3619
   532/1309: $4$fordecl_block$87.$for_loop$88[1].$fordecl_block$89.i[31:0]$3618
   533/1309: $4$fordecl_block$87.$for_loop$88[0].$fordecl_block$89.$for_loop$90[2].$fordecl_block$91.j[31:0]$3617
   534/1309: $4$fordecl_block$87.$for_loop$88[0].$fordecl_block$89.$for_loop$90[1].$fordecl_block$91.j[31:0]$3616
   535/1309: $4$fordecl_block$87.$for_loop$88[0].$fordecl_block$89.$for_loop$90[0].$fordecl_block$91.j[31:0]$3615
   536/1309: $4$fordecl_block$87.$for_loop$88[0].$fordecl_block$89.i[31:0]$3614
   537/1309: $4$fordecl_block$87.m[31:0]$3613
   538/1309: $4$fordecl_block$79.$for_loop$80[3].$fordecl_block$81.$for_loop$82[2].$fordecl_block$83.$for_loop$84[2].$fordecl_block$85.c[31:0]$3612
   539/1309: $4$fordecl_block$79.$for_loop$80[3].$fordecl_block$81.$for_loop$82[2].$fordecl_block$83.$for_loop$84[1].$fordecl_block$85.c[31:0]$3611
   540/1309: $4$fordecl_block$79.$for_loop$80[3].$fordecl_block$81.$for_loop$82[2].$fordecl_block$83.$for_loop$84[0].$fordecl_block$85.c[31:0]$3610
   541/1309: $4$fordecl_block$79.$for_loop$80[3].$fordecl_block$81.$for_loop$82[2].$fordecl_block$83.j[31:0]$3609
   542/1309: $4$fordecl_block$79.$for_loop$80[3].$fordecl_block$81.$for_loop$82[1].$fordecl_block$83.$for_loop$84[2].$fordecl_block$85.c[31:0]$3608
   543/1309: $4$fordecl_block$79.$for_loop$80[3].$fordecl_block$81.$for_loop$82[1].$fordecl_block$83.$for_loop$84[1].$fordecl_block$85.c[31:0]$3607
   544/1309: $4$fordecl_block$79.$for_loop$80[3].$fordecl_block$81.$for_loop$82[1].$fordecl_block$83.$for_loop$84[0].$fordecl_block$85.c[31:0]$3606
   545/1309: $4$fordecl_block$79.$for_loop$80[3].$fordecl_block$81.$for_loop$82[1].$fordecl_block$83.j[31:0]$3605
   546/1309: $4$fordecl_block$79.$for_loop$80[3].$fordecl_block$81.$for_loop$82[0].$fordecl_block$83.$for_loop$84[2].$fordecl_block$85.c[31:0]$3604
   547/1309: $4$fordecl_block$79.$for_loop$80[3].$fordecl_block$81.$for_loop$82[0].$fordecl_block$83.$for_loop$84[1].$fordecl_block$85.c[31:0]$3603
   548/1309: $4$fordecl_block$79.$for_loop$80[3].$fordecl_block$81.$for_loop$82[0].$fordecl_block$83.$for_loop$84[0].$fordecl_block$85.c[31:0]$3602
   549/1309: $4$fordecl_block$79.$for_loop$80[3].$fordecl_block$81.$for_loop$82[0].$fordecl_block$83.j[31:0]$3601
   550/1309: $4$fordecl_block$79.$for_loop$80[3].$fordecl_block$81.i[31:0]$3600
   551/1309: $4$fordecl_block$79.$for_loop$80[2].$fordecl_block$81.$for_loop$82[2].$fordecl_block$83.$for_loop$84[2].$fordecl_block$85.c[31:0]$3599
   552/1309: $4$fordecl_block$79.$for_loop$80[2].$fordecl_block$81.$for_loop$82[2].$fordecl_block$83.$for_loop$84[1].$fordecl_block$85.c[31:0]$3598
   553/1309: $4$fordecl_block$79.$for_loop$80[2].$fordecl_block$81.$for_loop$82[2].$fordecl_block$83.$for_loop$84[0].$fordecl_block$85.c[31:0]$3597
   554/1309: $4$fordecl_block$79.$for_loop$80[2].$fordecl_block$81.$for_loop$82[2].$fordecl_block$83.j[31:0]$3596
   555/1309: $4$fordecl_block$79.$for_loop$80[2].$fordecl_block$81.$for_loop$82[1].$fordecl_block$83.$for_loop$84[2].$fordecl_block$85.c[31:0]$3595
   556/1309: $4$fordecl_block$79.$for_loop$80[2].$fordecl_block$81.$for_loop$82[1].$fordecl_block$83.$for_loop$84[1].$fordecl_block$85.c[31:0]$3594
   557/1309: $4$fordecl_block$79.$for_loop$80[2].$fordecl_block$81.$for_loop$82[1].$fordecl_block$83.$for_loop$84[0].$fordecl_block$85.c[31:0]$3593
   558/1309: $4$fordecl_block$79.$for_loop$80[2].$fordecl_block$81.$for_loop$82[1].$fordecl_block$83.j[31:0]$3592
   559/1309: $4$fordecl_block$79.$for_loop$80[2].$fordecl_block$81.$for_loop$82[0].$fordecl_block$83.$for_loop$84[2].$fordecl_block$85.c[31:0]$3591
   560/1309: $4$fordecl_block$79.$for_loop$80[2].$fordecl_block$81.$for_loop$82[0].$fordecl_block$83.$for_loop$84[1].$fordecl_block$85.c[31:0]$3590
   561/1309: $4$fordecl_block$79.$for_loop$80[2].$fordecl_block$81.$for_loop$82[0].$fordecl_block$83.$for_loop$84[0].$fordecl_block$85.c[31:0]$3589
   562/1309: $4$fordecl_block$79.$for_loop$80[2].$fordecl_block$81.$for_loop$82[0].$fordecl_block$83.j[31:0]$3588
   563/1309: $4$fordecl_block$79.$for_loop$80[2].$fordecl_block$81.i[31:0]$3587
   564/1309: $4$fordecl_block$79.$for_loop$80[1].$fordecl_block$81.$for_loop$82[2].$fordecl_block$83.$for_loop$84[2].$fordecl_block$85.c[31:0]$3586
   565/1309: $4$fordecl_block$79.$for_loop$80[1].$fordecl_block$81.$for_loop$82[2].$fordecl_block$83.$for_loop$84[1].$fordecl_block$85.c[31:0]$3585
   566/1309: $4$fordecl_block$79.$for_loop$80[1].$fordecl_block$81.$for_loop$82[2].$fordecl_block$83.$for_loop$84[0].$fordecl_block$85.c[31:0]$3584
   567/1309: $4$fordecl_block$79.$for_loop$80[1].$fordecl_block$81.$for_loop$82[2].$fordecl_block$83.j[31:0]$3583
   568/1309: $4$fordecl_block$79.$for_loop$80[1].$fordecl_block$81.$for_loop$82[1].$fordecl_block$83.$for_loop$84[2].$fordecl_block$85.c[31:0]$3582
   569/1309: $4$fordecl_block$79.$for_loop$80[1].$fordecl_block$81.$for_loop$82[1].$fordecl_block$83.$for_loop$84[1].$fordecl_block$85.c[31:0]$3581
   570/1309: $4$fordecl_block$79.$for_loop$80[1].$fordecl_block$81.$for_loop$82[1].$fordecl_block$83.$for_loop$84[0].$fordecl_block$85.c[31:0]$3580
   571/1309: $4$fordecl_block$79.$for_loop$80[1].$fordecl_block$81.$for_loop$82[1].$fordecl_block$83.j[31:0]$3579
   572/1309: $4$fordecl_block$79.$for_loop$80[1].$fordecl_block$81.$for_loop$82[0].$fordecl_block$83.$for_loop$84[2].$fordecl_block$85.c[31:0]$3578
   573/1309: $4$fordecl_block$79.$for_loop$80[1].$fordecl_block$81.$for_loop$82[0].$fordecl_block$83.$for_loop$84[1].$fordecl_block$85.c[31:0]$3577
   574/1309: $4$fordecl_block$79.$for_loop$80[1].$fordecl_block$81.$for_loop$82[0].$fordecl_block$83.$for_loop$84[0].$fordecl_block$85.c[31:0]$3576
   575/1309: $4$fordecl_block$79.$for_loop$80[1].$fordecl_block$81.$for_loop$82[0].$fordecl_block$83.j[31:0]$3575
   576/1309: $4$fordecl_block$79.$for_loop$80[1].$fordecl_block$81.i[31:0]$3574
   577/1309: $4$fordecl_block$79.$for_loop$80[0].$fordecl_block$81.$for_loop$82[2].$fordecl_block$83.$for_loop$84[2].$fordecl_block$85.c[31:0]$3573
   578/1309: $4$fordecl_block$79.$for_loop$80[0].$fordecl_block$81.$for_loop$82[2].$fordecl_block$83.$for_loop$84[1].$fordecl_block$85.c[31:0]$3572
   579/1309: $4$fordecl_block$79.$for_loop$80[0].$fordecl_block$81.$for_loop$82[2].$fordecl_block$83.$for_loop$84[0].$fordecl_block$85.c[31:0]$3571
   580/1309: $4$fordecl_block$79.$for_loop$80[0].$fordecl_block$81.$for_loop$82[2].$fordecl_block$83.j[31:0]$3570
   581/1309: $4$fordecl_block$79.$for_loop$80[0].$fordecl_block$81.$for_loop$82[1].$fordecl_block$83.$for_loop$84[2].$fordecl_block$85.c[31:0]$3569
   582/1309: $4$fordecl_block$79.$for_loop$80[0].$fordecl_block$81.$for_loop$82[1].$fordecl_block$83.$for_loop$84[1].$fordecl_block$85.c[31:0]$3568
   583/1309: $4$fordecl_block$79.$for_loop$80[0].$fordecl_block$81.$for_loop$82[1].$fordecl_block$83.$for_loop$84[0].$fordecl_block$85.c[31:0]$3567
   584/1309: $4$fordecl_block$79.$for_loop$80[0].$fordecl_block$81.$for_loop$82[1].$fordecl_block$83.j[31:0]$3566
   585/1309: $4$fordecl_block$79.$for_loop$80[0].$fordecl_block$81.$for_loop$82[0].$fordecl_block$83.$for_loop$84[2].$fordecl_block$85.c[31:0]$3565
   586/1309: $4$fordecl_block$79.$for_loop$80[0].$fordecl_block$81.$for_loop$82[0].$fordecl_block$83.$for_loop$84[1].$fordecl_block$85.c[31:0]$3564
   587/1309: $4$fordecl_block$79.$for_loop$80[0].$fordecl_block$81.$for_loop$82[0].$fordecl_block$83.$for_loop$84[0].$fordecl_block$85.c[31:0]$3563
   588/1309: $4$fordecl_block$79.$for_loop$80[0].$fordecl_block$81.$for_loop$82[0].$fordecl_block$83.j[31:0]$3562
   589/1309: $4$fordecl_block$79.$for_loop$80[0].$fordecl_block$81.i[31:0]$3561
   590/1309: $4$fordecl_block$79.m[31:0]$3560
   591/1309: $4$fordecl_block$71.$for_loop$72[3].$fordecl_block$73.$for_loop$74[2].$fordecl_block$75.$for_loop$76[2].$fordecl_block$77.r[31:0]$3559
   592/1309: $4$fordecl_block$71.$for_loop$72[3].$fordecl_block$73.$for_loop$74[2].$fordecl_block$75.$for_loop$76[1].$fordecl_block$77.r[31:0]$3558
   593/1309: $4$fordecl_block$71.$for_loop$72[3].$fordecl_block$73.$for_loop$74[2].$fordecl_block$75.$for_loop$76[0].$fordecl_block$77.r[31:0]$3557
   594/1309: $4$fordecl_block$71.$for_loop$72[3].$fordecl_block$73.$for_loop$74[2].$fordecl_block$75.j[31:0]$3556
   595/1309: $4$fordecl_block$71.$for_loop$72[3].$fordecl_block$73.$for_loop$74[1].$fordecl_block$75.$for_loop$76[2].$fordecl_block$77.r[31:0]$3555
   596/1309: $4$fordecl_block$71.$for_loop$72[3].$fordecl_block$73.$for_loop$74[1].$fordecl_block$75.$for_loop$76[1].$fordecl_block$77.r[31:0]$3554
   597/1309: $4$fordecl_block$71.$for_loop$72[3].$fordecl_block$73.$for_loop$74[1].$fordecl_block$75.$for_loop$76[0].$fordecl_block$77.r[31:0]$3553
   598/1309: $4$fordecl_block$71.$for_loop$72[3].$fordecl_block$73.$for_loop$74[1].$fordecl_block$75.j[31:0]$3552
   599/1309: $4$fordecl_block$71.$for_loop$72[3].$fordecl_block$73.$for_loop$74[0].$fordecl_block$75.$for_loop$76[2].$fordecl_block$77.r[31:0]$3551
   600/1309: $4$fordecl_block$71.$for_loop$72[3].$fordecl_block$73.$for_loop$74[0].$fordecl_block$75.$for_loop$76[1].$fordecl_block$77.r[31:0]$3550
   601/1309: $4$fordecl_block$71.$for_loop$72[3].$fordecl_block$73.$for_loop$74[0].$fordecl_block$75.$for_loop$76[0].$fordecl_block$77.r[31:0]$3549
   602/1309: $4$fordecl_block$71.$for_loop$72[3].$fordecl_block$73.$for_loop$74[0].$fordecl_block$75.j[31:0]$3548
   603/1309: $4$fordecl_block$71.$for_loop$72[3].$fordecl_block$73.i[31:0]$3547
   604/1309: $4$fordecl_block$71.$for_loop$72[2].$fordecl_block$73.$for_loop$74[2].$fordecl_block$75.$for_loop$76[2].$fordecl_block$77.r[31:0]$3546
   605/1309: $4$fordecl_block$71.$for_loop$72[2].$fordecl_block$73.$for_loop$74[2].$fordecl_block$75.$for_loop$76[1].$fordecl_block$77.r[31:0]$3545
   606/1309: $4$fordecl_block$71.$for_loop$72[2].$fordecl_block$73.$for_loop$74[2].$fordecl_block$75.$for_loop$76[0].$fordecl_block$77.r[31:0]$3544
   607/1309: $4$fordecl_block$71.$for_loop$72[2].$fordecl_block$73.$for_loop$74[2].$fordecl_block$75.j[31:0]$3543
   608/1309: $4$fordecl_block$71.$for_loop$72[2].$fordecl_block$73.$for_loop$74[1].$fordecl_block$75.$for_loop$76[2].$fordecl_block$77.r[31:0]$3542
   609/1309: $4$fordecl_block$71.$for_loop$72[2].$fordecl_block$73.$for_loop$74[1].$fordecl_block$75.$for_loop$76[1].$fordecl_block$77.r[31:0]$3541
   610/1309: $4$fordecl_block$71.$for_loop$72[2].$fordecl_block$73.$for_loop$74[1].$fordecl_block$75.$for_loop$76[0].$fordecl_block$77.r[31:0]$3540
   611/1309: $4$fordecl_block$71.$for_loop$72[2].$fordecl_block$73.$for_loop$74[1].$fordecl_block$75.j[31:0]$3539
   612/1309: $4$fordecl_block$71.$for_loop$72[2].$fordecl_block$73.$for_loop$74[0].$fordecl_block$75.$for_loop$76[2].$fordecl_block$77.r[31:0]$3538
   613/1309: $4$fordecl_block$71.$for_loop$72[2].$fordecl_block$73.$for_loop$74[0].$fordecl_block$75.$for_loop$76[1].$fordecl_block$77.r[31:0]$3537
   614/1309: $4$fordecl_block$71.$for_loop$72[2].$fordecl_block$73.$for_loop$74[0].$fordecl_block$75.$for_loop$76[0].$fordecl_block$77.r[31:0]$3536
   615/1309: $4$fordecl_block$71.$for_loop$72[2].$fordecl_block$73.$for_loop$74[0].$fordecl_block$75.j[31:0]$3535
   616/1309: $4$fordecl_block$71.$for_loop$72[2].$fordecl_block$73.i[31:0]$3534
   617/1309: $4$fordecl_block$71.$for_loop$72[1].$fordecl_block$73.$for_loop$74[2].$fordecl_block$75.$for_loop$76[2].$fordecl_block$77.r[31:0]$3533
   618/1309: $4$fordecl_block$71.$for_loop$72[1].$fordecl_block$73.$for_loop$74[2].$fordecl_block$75.$for_loop$76[1].$fordecl_block$77.r[31:0]$3532
   619/1309: $4$fordecl_block$71.$for_loop$72[1].$fordecl_block$73.$for_loop$74[2].$fordecl_block$75.$for_loop$76[0].$fordecl_block$77.r[31:0]$3531
   620/1309: $4$fordecl_block$71.$for_loop$72[1].$fordecl_block$73.$for_loop$74[2].$fordecl_block$75.j[31:0]$3530
   621/1309: $4$fordecl_block$71.$for_loop$72[1].$fordecl_block$73.$for_loop$74[1].$fordecl_block$75.$for_loop$76[2].$fordecl_block$77.r[31:0]$3529
   622/1309: $4$fordecl_block$71.$for_loop$72[1].$fordecl_block$73.$for_loop$74[1].$fordecl_block$75.$for_loop$76[1].$fordecl_block$77.r[31:0]$3528
   623/1309: $4$fordecl_block$71.$for_loop$72[1].$fordecl_block$73.$for_loop$74[1].$fordecl_block$75.$for_loop$76[0].$fordecl_block$77.r[31:0]$3527
   624/1309: $4$fordecl_block$71.$for_loop$72[1].$fordecl_block$73.$for_loop$74[1].$fordecl_block$75.j[31:0]$3526
   625/1309: $4$fordecl_block$71.$for_loop$72[1].$fordecl_block$73.$for_loop$74[0].$fordecl_block$75.$for_loop$76[2].$fordecl_block$77.r[31:0]$3525
   626/1309: $4$fordecl_block$71.$for_loop$72[1].$fordecl_block$73.$for_loop$74[0].$fordecl_block$75.$for_loop$76[1].$fordecl_block$77.r[31:0]$3524
   627/1309: $4$fordecl_block$71.$for_loop$72[1].$fordecl_block$73.$for_loop$74[0].$fordecl_block$75.$for_loop$76[0].$fordecl_block$77.r[31:0]$3523
   628/1309: $4$fordecl_block$71.$for_loop$72[1].$fordecl_block$73.$for_loop$74[0].$fordecl_block$75.j[31:0]$3522
   629/1309: $4$fordecl_block$71.$for_loop$72[1].$fordecl_block$73.i[31:0]$3521
   630/1309: $4$fordecl_block$71.$for_loop$72[0].$fordecl_block$73.$for_loop$74[2].$fordecl_block$75.$for_loop$76[2].$fordecl_block$77.r[31:0]$3520
   631/1309: $4$fordecl_block$71.$for_loop$72[0].$fordecl_block$73.$for_loop$74[2].$fordecl_block$75.$for_loop$76[1].$fordecl_block$77.r[31:0]$3519
   632/1309: $4$fordecl_block$71.$for_loop$72[0].$fordecl_block$73.$for_loop$74[2].$fordecl_block$75.$for_loop$76[0].$fordecl_block$77.r[31:0]$3518
   633/1309: $4$fordecl_block$71.$for_loop$72[0].$fordecl_block$73.$for_loop$74[2].$fordecl_block$75.j[31:0]$3517
   634/1309: $4$fordecl_block$71.$for_loop$72[0].$fordecl_block$73.$for_loop$74[1].$fordecl_block$75.$for_loop$76[2].$fordecl_block$77.r[31:0]$3516
   635/1309: $4$fordecl_block$71.$for_loop$72[0].$fordecl_block$73.$for_loop$74[1].$fordecl_block$75.$for_loop$76[1].$fordecl_block$77.r[31:0]$3515
   636/1309: $4$fordecl_block$71.$for_loop$72[0].$fordecl_block$73.$for_loop$74[1].$fordecl_block$75.$for_loop$76[0].$fordecl_block$77.r[31:0]$3514
   637/1309: $4$fordecl_block$71.$for_loop$72[0].$fordecl_block$73.$for_loop$74[1].$fordecl_block$75.j[31:0]$3513
   638/1309: $4$fordecl_block$71.$for_loop$72[0].$fordecl_block$73.$for_loop$74[0].$fordecl_block$75.$for_loop$76[2].$fordecl_block$77.r[31:0]$3512
   639/1309: $4$fordecl_block$71.$for_loop$72[0].$fordecl_block$73.$for_loop$74[0].$fordecl_block$75.$for_loop$76[1].$fordecl_block$77.r[31:0]$3511
   640/1309: $4$fordecl_block$71.$for_loop$72[0].$fordecl_block$73.$for_loop$74[0].$fordecl_block$75.$for_loop$76[0].$fordecl_block$77.r[31:0]$3510
   641/1309: $4$fordecl_block$71.$for_loop$72[0].$fordecl_block$73.$for_loop$74[0].$fordecl_block$75.j[31:0]$3509
   642/1309: $4$fordecl_block$71.$for_loop$72[0].$fordecl_block$73.i[31:0]$3508
   643/1309: $4$fordecl_block$71.m[31:0]$3507
   644/1309: $4$fordecl_block$59.$for_loop$60[3].$fordecl_block$61.i[31:0]$3486
   645/1309: $4$fordecl_block$59.$for_loop$60[3].$fordecl_block$61.$for_loop$62[2].$fordecl_block$63.j[31:0]$3489
   646/1309: $4$fordecl_block$59.$for_loop$60[3].$fordecl_block$61.$for_loop$62[1].$fordecl_block$63.j[31:0]$3488
   647/1309: $4$fordecl_block$59.$for_loop$60[3].$fordecl_block$61.$for_loop$62[0].$fordecl_block$63.j[31:0]$3487
   648/1309: $4$fordecl_block$59.$for_loop$60[2].$fordecl_block$61.i[31:0]$3481
   649/1309: $4$fordecl_block$59.$for_loop$60[2].$fordecl_block$61.$for_loop$62[2].$fordecl_block$63.j[31:0]$3484
   650/1309: $4$fordecl_block$59.$for_loop$60[2].$fordecl_block$61.$for_loop$62[1].$fordecl_block$63.j[31:0]$3483
   651/1309: $4$fordecl_block$59.$for_loop$60[2].$fordecl_block$61.$for_loop$62[0].$fordecl_block$63.j[31:0]$3482
   652/1309: $4$fordecl_block$59.$for_loop$60[1].$fordecl_block$61.i[31:0]$3476
   653/1309: $4$fordecl_block$59.$for_loop$60[1].$fordecl_block$61.$for_loop$62[2].$fordecl_block$63.j[31:0]$3479
   654/1309: $4$fordecl_block$59.$for_loop$60[1].$fordecl_block$61.$for_loop$62[1].$fordecl_block$63.j[31:0]$3478
   655/1309: $4$fordecl_block$59.$for_loop$60[1].$fordecl_block$61.$for_loop$62[0].$fordecl_block$63.j[31:0]$3477
   656/1309: $4$fordecl_block$59.$for_loop$60[0].$fordecl_block$61.i[31:0]$3471
   657/1309: $4$fordecl_block$59.$for_loop$60[0].$fordecl_block$61.$for_loop$62[2].$fordecl_block$63.j[31:0]$3474
   658/1309: $4$fordecl_block$59.$for_loop$60[0].$fordecl_block$61.$for_loop$62[1].$fordecl_block$63.j[31:0]$3473
   659/1309: $4$fordecl_block$59.$for_loop$60[0].$fordecl_block$61.$for_loop$62[0].$fordecl_block$63.j[31:0]$3472
   660/1309: $3$fordecl_block$59.m[31:0]$3296
   661/1309: $3$fordecl_block$59.$for_loop$60[3].$fordecl_block$61.$for_loop$62[2].$fordecl_block$63.j[31:0]$3312
   662/1309: $3$fordecl_block$59.$for_loop$60[3].$fordecl_block$61.$for_loop$62[1].$fordecl_block$63.j[31:0]$3311
   663/1309: $3$fordecl_block$59.$for_loop$60[3].$fordecl_block$61.$for_loop$62[0].$fordecl_block$63.j[31:0]$3310
   664/1309: $3$fordecl_block$59.$for_loop$60[3].$fordecl_block$61.i[31:0]$3309
   665/1309: $3$fordecl_block$59.$for_loop$60[2].$fordecl_block$61.$for_loop$62[2].$fordecl_block$63.j[31:0]$3308
   666/1309: $3$fordecl_block$59.$for_loop$60[2].$fordecl_block$61.$for_loop$62[1].$fordecl_block$63.j[31:0]$3307
   667/1309: $3$fordecl_block$59.$for_loop$60[2].$fordecl_block$61.$for_loop$62[0].$fordecl_block$63.j[31:0]$3306
   668/1309: $3$fordecl_block$59.$for_loop$60[2].$fordecl_block$61.i[31:0]$3305
   669/1309: $3$fordecl_block$59.$for_loop$60[1].$fordecl_block$61.$for_loop$62[2].$fordecl_block$63.j[31:0]$3304
   670/1309: $3$fordecl_block$59.$for_loop$60[1].$fordecl_block$61.$for_loop$62[1].$fordecl_block$63.j[31:0]$3303
   671/1309: $3$fordecl_block$59.$for_loop$60[1].$fordecl_block$61.$for_loop$62[0].$fordecl_block$63.j[31:0]$3302
   672/1309: $3$fordecl_block$59.$for_loop$60[1].$fordecl_block$61.i[31:0]$3301
   673/1309: $3$fordecl_block$59.$for_loop$60[0].$fordecl_block$61.$for_loop$62[2].$fordecl_block$63.j[31:0]$3300
   674/1309: $3$fordecl_block$59.$for_loop$60[0].$fordecl_block$61.$for_loop$62[1].$fordecl_block$63.j[31:0]$3299
   675/1309: $3$fordecl_block$59.$for_loop$60[0].$fordecl_block$61.$for_loop$62[0].$fordecl_block$63.j[31:0]$3298
   676/1309: $3$fordecl_block$59.$for_loop$60[0].$fordecl_block$61.i[31:0]$3297
   677/1309: $3$fordecl_block$93.$for_loop$94[3].$fordecl_block$95.$for_loop$96[2].$fordecl_block$97.j[31:0]$3469
   678/1309: $3$fordecl_block$93.$for_loop$94[3].$fordecl_block$95.$for_loop$96[1].$fordecl_block$97.j[31:0]$3468
   679/1309: $3$fordecl_block$93.$for_loop$94[3].$fordecl_block$95.$for_loop$96[0].$fordecl_block$97.j[31:0]$3467
   680/1309: $3$fordecl_block$93.$for_loop$94[3].$fordecl_block$95.i[31:0]$3466
   681/1309: $3$fordecl_block$93.$for_loop$94[2].$fordecl_block$95.$for_loop$96[2].$fordecl_block$97.j[31:0]$3465
   682/1309: $3$fordecl_block$93.$for_loop$94[2].$fordecl_block$95.$for_loop$96[1].$fordecl_block$97.j[31:0]$3464
   683/1309: $3$fordecl_block$93.$for_loop$94[2].$fordecl_block$95.$for_loop$96[0].$fordecl_block$97.j[31:0]$3463
   684/1309: $3$fordecl_block$93.$for_loop$94[2].$fordecl_block$95.i[31:0]$3462
   685/1309: $3$fordecl_block$93.$for_loop$94[1].$fordecl_block$95.$for_loop$96[2].$fordecl_block$97.j[31:0]$3461
   686/1309: $3$fordecl_block$93.$for_loop$94[1].$fordecl_block$95.$for_loop$96[1].$fordecl_block$97.j[31:0]$3460
   687/1309: $3$fordecl_block$93.$for_loop$94[1].$fordecl_block$95.$for_loop$96[0].$fordecl_block$97.j[31:0]$3459
   688/1309: $3$fordecl_block$93.$for_loop$94[1].$fordecl_block$95.i[31:0]$3458
   689/1309: $3$fordecl_block$93.$for_loop$94[0].$fordecl_block$95.$for_loop$96[2].$fordecl_block$97.j[31:0]$3457
   690/1309: $3$fordecl_block$93.$for_loop$94[0].$fordecl_block$95.$for_loop$96[1].$fordecl_block$97.j[31:0]$3456
   691/1309: $3$fordecl_block$93.$for_loop$94[0].$fordecl_block$95.$for_loop$96[0].$fordecl_block$97.j[31:0]$3455
   692/1309: $3$fordecl_block$93.$for_loop$94[0].$fordecl_block$95.i[31:0]$3454
   693/1309: $3$fordecl_block$93.m[31:0]$3453
   694/1309: $3$fordecl_block$87.$for_loop$88[3].$fordecl_block$89.$for_loop$90[2].$fordecl_block$91.j[31:0]$3452
   695/1309: $3$fordecl_block$87.$for_loop$88[3].$fordecl_block$89.$for_loop$90[1].$fordecl_block$91.j[31:0]$3451
   696/1309: $3$fordecl_block$87.$for_loop$88[3].$fordecl_block$89.$for_loop$90[0].$fordecl_block$91.j[31:0]$3450
   697/1309: $3$fordecl_block$87.$for_loop$88[3].$fordecl_block$89.i[31:0]$3449
   698/1309: $3$fordecl_block$87.$for_loop$88[2].$fordecl_block$89.$for_loop$90[2].$fordecl_block$91.j[31:0]$3448
   699/1309: $3$fordecl_block$87.$for_loop$88[2].$fordecl_block$89.$for_loop$90[1].$fordecl_block$91.j[31:0]$3447
   700/1309: $3$fordecl_block$87.$for_loop$88[2].$fordecl_block$89.$for_loop$90[0].$fordecl_block$91.j[31:0]$3446
   701/1309: $3$fordecl_block$87.$for_loop$88[2].$fordecl_block$89.i[31:0]$3445
   702/1309: $3$fordecl_block$87.$for_loop$88[1].$fordecl_block$89.$for_loop$90[2].$fordecl_block$91.j[31:0]$3444
   703/1309: $3$fordecl_block$87.$for_loop$88[1].$fordecl_block$89.$for_loop$90[1].$fordecl_block$91.j[31:0]$3443
   704/1309: $3$fordecl_block$87.$for_loop$88[1].$fordecl_block$89.$for_loop$90[0].$fordecl_block$91.j[31:0]$3442
   705/1309: $3$fordecl_block$87.$for_loop$88[1].$fordecl_block$89.i[31:0]$3441
   706/1309: $3$fordecl_block$87.$for_loop$88[0].$fordecl_block$89.$for_loop$90[2].$fordecl_block$91.j[31:0]$3440
   707/1309: $3$fordecl_block$87.$for_loop$88[0].$fordecl_block$89.$for_loop$90[1].$fordecl_block$91.j[31:0]$3439
   708/1309: $3$fordecl_block$87.$for_loop$88[0].$fordecl_block$89.$for_loop$90[0].$fordecl_block$91.j[31:0]$3438
   709/1309: $3$fordecl_block$87.$for_loop$88[0].$fordecl_block$89.i[31:0]$3437
   710/1309: $3$fordecl_block$87.m[31:0]$3436
   711/1309: $3$fordecl_block$79.$for_loop$80[3].$fordecl_block$81.$for_loop$82[2].$fordecl_block$83.$for_loop$84[2].$fordecl_block$85.c[31:0]$3435
   712/1309: $3$fordecl_block$79.$for_loop$80[3].$fordecl_block$81.$for_loop$82[2].$fordecl_block$83.$for_loop$84[1].$fordecl_block$85.c[31:0]$3434
   713/1309: $3$fordecl_block$79.$for_loop$80[3].$fordecl_block$81.$for_loop$82[2].$fordecl_block$83.$for_loop$84[0].$fordecl_block$85.c[31:0]$3433
   714/1309: $3$fordecl_block$79.$for_loop$80[3].$fordecl_block$81.$for_loop$82[2].$fordecl_block$83.j[31:0]$3432
   715/1309: $3$fordecl_block$79.$for_loop$80[3].$fordecl_block$81.$for_loop$82[1].$fordecl_block$83.$for_loop$84[2].$fordecl_block$85.c[31:0]$3431
   716/1309: $3$fordecl_block$79.$for_loop$80[3].$fordecl_block$81.$for_loop$82[1].$fordecl_block$83.$for_loop$84[1].$fordecl_block$85.c[31:0]$3430
   717/1309: $3$fordecl_block$79.$for_loop$80[3].$fordecl_block$81.$for_loop$82[1].$fordecl_block$83.$for_loop$84[0].$fordecl_block$85.c[31:0]$3429
   718/1309: $3$fordecl_block$79.$for_loop$80[3].$fordecl_block$81.$for_loop$82[1].$fordecl_block$83.j[31:0]$3428
   719/1309: $3$fordecl_block$79.$for_loop$80[3].$fordecl_block$81.$for_loop$82[0].$fordecl_block$83.$for_loop$84[2].$fordecl_block$85.c[31:0]$3427
   720/1309: $3$fordecl_block$79.$for_loop$80[3].$fordecl_block$81.$for_loop$82[0].$fordecl_block$83.$for_loop$84[1].$fordecl_block$85.c[31:0]$3426
   721/1309: $3$fordecl_block$79.$for_loop$80[3].$fordecl_block$81.$for_loop$82[0].$fordecl_block$83.$for_loop$84[0].$fordecl_block$85.c[31:0]$3425
   722/1309: $3$fordecl_block$79.$for_loop$80[3].$fordecl_block$81.$for_loop$82[0].$fordecl_block$83.j[31:0]$3424
   723/1309: $3$fordecl_block$79.$for_loop$80[3].$fordecl_block$81.i[31:0]$3423
   724/1309: $3$fordecl_block$79.$for_loop$80[2].$fordecl_block$81.$for_loop$82[2].$fordecl_block$83.$for_loop$84[2].$fordecl_block$85.c[31:0]$3422
   725/1309: $3$fordecl_block$79.$for_loop$80[2].$fordecl_block$81.$for_loop$82[2].$fordecl_block$83.$for_loop$84[1].$fordecl_block$85.c[31:0]$3421
   726/1309: $3$fordecl_block$79.$for_loop$80[2].$fordecl_block$81.$for_loop$82[2].$fordecl_block$83.$for_loop$84[0].$fordecl_block$85.c[31:0]$3420
   727/1309: $3$fordecl_block$79.$for_loop$80[2].$fordecl_block$81.$for_loop$82[2].$fordecl_block$83.j[31:0]$3419
   728/1309: $3$fordecl_block$79.$for_loop$80[2].$fordecl_block$81.$for_loop$82[1].$fordecl_block$83.$for_loop$84[2].$fordecl_block$85.c[31:0]$3418
   729/1309: $3$fordecl_block$79.$for_loop$80[2].$fordecl_block$81.$for_loop$82[1].$fordecl_block$83.$for_loop$84[1].$fordecl_block$85.c[31:0]$3417
   730/1309: $3$fordecl_block$79.$for_loop$80[2].$fordecl_block$81.$for_loop$82[1].$fordecl_block$83.$for_loop$84[0].$fordecl_block$85.c[31:0]$3416
   731/1309: $3$fordecl_block$79.$for_loop$80[2].$fordecl_block$81.$for_loop$82[1].$fordecl_block$83.j[31:0]$3415
   732/1309: $3$fordecl_block$79.$for_loop$80[2].$fordecl_block$81.$for_loop$82[0].$fordecl_block$83.$for_loop$84[2].$fordecl_block$85.c[31:0]$3414
   733/1309: $3$fordecl_block$79.$for_loop$80[2].$fordecl_block$81.$for_loop$82[0].$fordecl_block$83.$for_loop$84[1].$fordecl_block$85.c[31:0]$3413
   734/1309: $3$fordecl_block$79.$for_loop$80[2].$fordecl_block$81.$for_loop$82[0].$fordecl_block$83.$for_loop$84[0].$fordecl_block$85.c[31:0]$3412
   735/1309: $3$fordecl_block$79.$for_loop$80[2].$fordecl_block$81.$for_loop$82[0].$fordecl_block$83.j[31:0]$3411
   736/1309: $3$fordecl_block$79.$for_loop$80[2].$fordecl_block$81.i[31:0]$3410
   737/1309: $3$fordecl_block$79.$for_loop$80[1].$fordecl_block$81.$for_loop$82[2].$fordecl_block$83.$for_loop$84[2].$fordecl_block$85.c[31:0]$3409
   738/1309: $3$fordecl_block$79.$for_loop$80[1].$fordecl_block$81.$for_loop$82[2].$fordecl_block$83.$for_loop$84[1].$fordecl_block$85.c[31:0]$3408
   739/1309: $3$fordecl_block$79.$for_loop$80[1].$fordecl_block$81.$for_loop$82[2].$fordecl_block$83.$for_loop$84[0].$fordecl_block$85.c[31:0]$3407
   740/1309: $3$fordecl_block$79.$for_loop$80[1].$fordecl_block$81.$for_loop$82[2].$fordecl_block$83.j[31:0]$3406
   741/1309: $3$fordecl_block$79.$for_loop$80[1].$fordecl_block$81.$for_loop$82[1].$fordecl_block$83.$for_loop$84[2].$fordecl_block$85.c[31:0]$3405
   742/1309: $3$fordecl_block$79.$for_loop$80[1].$fordecl_block$81.$for_loop$82[1].$fordecl_block$83.$for_loop$84[1].$fordecl_block$85.c[31:0]$3404
   743/1309: $3$fordecl_block$79.$for_loop$80[1].$fordecl_block$81.$for_loop$82[1].$fordecl_block$83.$for_loop$84[0].$fordecl_block$85.c[31:0]$3403
   744/1309: $3$fordecl_block$79.$for_loop$80[1].$fordecl_block$81.$for_loop$82[1].$fordecl_block$83.j[31:0]$3402
   745/1309: $3$fordecl_block$79.$for_loop$80[1].$fordecl_block$81.$for_loop$82[0].$fordecl_block$83.$for_loop$84[2].$fordecl_block$85.c[31:0]$3401
   746/1309: $3$fordecl_block$79.$for_loop$80[1].$fordecl_block$81.$for_loop$82[0].$fordecl_block$83.$for_loop$84[1].$fordecl_block$85.c[31:0]$3400
   747/1309: $3$fordecl_block$79.$for_loop$80[1].$fordecl_block$81.$for_loop$82[0].$fordecl_block$83.$for_loop$84[0].$fordecl_block$85.c[31:0]$3399
   748/1309: $3$fordecl_block$79.$for_loop$80[1].$fordecl_block$81.$for_loop$82[0].$fordecl_block$83.j[31:0]$3398
   749/1309: $3$fordecl_block$79.$for_loop$80[1].$fordecl_block$81.i[31:0]$3397
   750/1309: $3$fordecl_block$79.$for_loop$80[0].$fordecl_block$81.$for_loop$82[2].$fordecl_block$83.$for_loop$84[2].$fordecl_block$85.c[31:0]$3396
   751/1309: $3$fordecl_block$79.$for_loop$80[0].$fordecl_block$81.$for_loop$82[2].$fordecl_block$83.$for_loop$84[1].$fordecl_block$85.c[31:0]$3395
   752/1309: $3$fordecl_block$79.$for_loop$80[0].$fordecl_block$81.$for_loop$82[2].$fordecl_block$83.$for_loop$84[0].$fordecl_block$85.c[31:0]$3394
   753/1309: $3$fordecl_block$79.$for_loop$80[0].$fordecl_block$81.$for_loop$82[2].$fordecl_block$83.j[31:0]$3393
   754/1309: $3$fordecl_block$79.$for_loop$80[0].$fordecl_block$81.$for_loop$82[1].$fordecl_block$83.$for_loop$84[2].$fordecl_block$85.c[31:0]$3392
   755/1309: $3$fordecl_block$79.$for_loop$80[0].$fordecl_block$81.$for_loop$82[1].$fordecl_block$83.$for_loop$84[1].$fordecl_block$85.c[31:0]$3391
   756/1309: $3$fordecl_block$79.$for_loop$80[0].$fordecl_block$81.$for_loop$82[1].$fordecl_block$83.$for_loop$84[0].$fordecl_block$85.c[31:0]$3390
   757/1309: $3$fordecl_block$79.$for_loop$80[0].$fordecl_block$81.$for_loop$82[1].$fordecl_block$83.j[31:0]$3389
   758/1309: $3$fordecl_block$79.$for_loop$80[0].$fordecl_block$81.$for_loop$82[0].$fordecl_block$83.$for_loop$84[2].$fordecl_block$85.c[31:0]$3388
   759/1309: $3$fordecl_block$79.$for_loop$80[0].$fordecl_block$81.$for_loop$82[0].$fordecl_block$83.$for_loop$84[1].$fordecl_block$85.c[31:0]$3387
   760/1309: $3$fordecl_block$79.$for_loop$80[0].$fordecl_block$81.$for_loop$82[0].$fordecl_block$83.$for_loop$84[0].$fordecl_block$85.c[31:0]$3386
   761/1309: $3$fordecl_block$79.$for_loop$80[0].$fordecl_block$81.$for_loop$82[0].$fordecl_block$83.j[31:0]$3385
   762/1309: $3$fordecl_block$79.$for_loop$80[0].$fordecl_block$81.i[31:0]$3384
   763/1309: $3$fordecl_block$79.m[31:0]$3383
   764/1309: $3$fordecl_block$71.$for_loop$72[3].$fordecl_block$73.$for_loop$74[2].$fordecl_block$75.$for_loop$76[2].$fordecl_block$77.r[31:0]$3382
   765/1309: $3$fordecl_block$71.$for_loop$72[3].$fordecl_block$73.$for_loop$74[2].$fordecl_block$75.$for_loop$76[1].$fordecl_block$77.r[31:0]$3381
   766/1309: $3$fordecl_block$71.$for_loop$72[3].$fordecl_block$73.$for_loop$74[2].$fordecl_block$75.$for_loop$76[0].$fordecl_block$77.r[31:0]$3380
   767/1309: $3$fordecl_block$71.$for_loop$72[3].$fordecl_block$73.$for_loop$74[2].$fordecl_block$75.j[31:0]$3379
   768/1309: $3$fordecl_block$71.$for_loop$72[3].$fordecl_block$73.$for_loop$74[1].$fordecl_block$75.$for_loop$76[2].$fordecl_block$77.r[31:0]$3378
   769/1309: $3$fordecl_block$71.$for_loop$72[3].$fordecl_block$73.$for_loop$74[1].$fordecl_block$75.$for_loop$76[1].$fordecl_block$77.r[31:0]$3377
   770/1309: $3$fordecl_block$71.$for_loop$72[3].$fordecl_block$73.$for_loop$74[1].$fordecl_block$75.$for_loop$76[0].$fordecl_block$77.r[31:0]$3376
   771/1309: $3$fordecl_block$71.$for_loop$72[3].$fordecl_block$73.$for_loop$74[1].$fordecl_block$75.j[31:0]$3375
   772/1309: $3$fordecl_block$71.$for_loop$72[3].$fordecl_block$73.$for_loop$74[0].$fordecl_block$75.$for_loop$76[2].$fordecl_block$77.r[31:0]$3374
   773/1309: $3$fordecl_block$71.$for_loop$72[3].$fordecl_block$73.$for_loop$74[0].$fordecl_block$75.$for_loop$76[1].$fordecl_block$77.r[31:0]$3373
   774/1309: $3$fordecl_block$71.$for_loop$72[3].$fordecl_block$73.$for_loop$74[0].$fordecl_block$75.$for_loop$76[0].$fordecl_block$77.r[31:0]$3372
   775/1309: $3$fordecl_block$71.$for_loop$72[3].$fordecl_block$73.$for_loop$74[0].$fordecl_block$75.j[31:0]$3371
   776/1309: $3$fordecl_block$71.$for_loop$72[3].$fordecl_block$73.i[31:0]$3370
   777/1309: $3$fordecl_block$71.$for_loop$72[2].$fordecl_block$73.$for_loop$74[2].$fordecl_block$75.$for_loop$76[2].$fordecl_block$77.r[31:0]$3369
   778/1309: $3$fordecl_block$71.$for_loop$72[2].$fordecl_block$73.$for_loop$74[2].$fordecl_block$75.$for_loop$76[1].$fordecl_block$77.r[31:0]$3368
   779/1309: $3$fordecl_block$71.$for_loop$72[2].$fordecl_block$73.$for_loop$74[2].$fordecl_block$75.$for_loop$76[0].$fordecl_block$77.r[31:0]$3367
   780/1309: $3$fordecl_block$71.$for_loop$72[2].$fordecl_block$73.$for_loop$74[2].$fordecl_block$75.j[31:0]$3366
   781/1309: $3$fordecl_block$71.$for_loop$72[2].$fordecl_block$73.$for_loop$74[1].$fordecl_block$75.$for_loop$76[2].$fordecl_block$77.r[31:0]$3365
   782/1309: $3$fordecl_block$71.$for_loop$72[2].$fordecl_block$73.$for_loop$74[1].$fordecl_block$75.$for_loop$76[1].$fordecl_block$77.r[31:0]$3364
   783/1309: $3$fordecl_block$71.$for_loop$72[2].$fordecl_block$73.$for_loop$74[1].$fordecl_block$75.$for_loop$76[0].$fordecl_block$77.r[31:0]$3363
   784/1309: $3$fordecl_block$71.$for_loop$72[2].$fordecl_block$73.$for_loop$74[1].$fordecl_block$75.j[31:0]$3362
   785/1309: $3$fordecl_block$71.$for_loop$72[2].$fordecl_block$73.$for_loop$74[0].$fordecl_block$75.$for_loop$76[2].$fordecl_block$77.r[31:0]$3361
   786/1309: $3$fordecl_block$71.$for_loop$72[2].$fordecl_block$73.$for_loop$74[0].$fordecl_block$75.$for_loop$76[1].$fordecl_block$77.r[31:0]$3360
   787/1309: $3$fordecl_block$71.$for_loop$72[2].$fordecl_block$73.$for_loop$74[0].$fordecl_block$75.$for_loop$76[0].$fordecl_block$77.r[31:0]$3359
   788/1309: $3$fordecl_block$71.$for_loop$72[2].$fordecl_block$73.$for_loop$74[0].$fordecl_block$75.j[31:0]$3358
   789/1309: $3$fordecl_block$71.$for_loop$72[2].$fordecl_block$73.i[31:0]$3357
   790/1309: $3$fordecl_block$71.$for_loop$72[1].$fordecl_block$73.$for_loop$74[2].$fordecl_block$75.$for_loop$76[2].$fordecl_block$77.r[31:0]$3356
   791/1309: $3$fordecl_block$71.$for_loop$72[1].$fordecl_block$73.$for_loop$74[2].$fordecl_block$75.$for_loop$76[1].$fordecl_block$77.r[31:0]$3355
   792/1309: $3$fordecl_block$71.$for_loop$72[1].$fordecl_block$73.$for_loop$74[2].$fordecl_block$75.$for_loop$76[0].$fordecl_block$77.r[31:0]$3354
   793/1309: $3$fordecl_block$71.$for_loop$72[1].$fordecl_block$73.$for_loop$74[2].$fordecl_block$75.j[31:0]$3353
   794/1309: $3$fordecl_block$71.$for_loop$72[1].$fordecl_block$73.$for_loop$74[1].$fordecl_block$75.$for_loop$76[2].$fordecl_block$77.r[31:0]$3352
   795/1309: $3$fordecl_block$71.$for_loop$72[1].$fordecl_block$73.$for_loop$74[1].$fordecl_block$75.$for_loop$76[1].$fordecl_block$77.r[31:0]$3351
   796/1309: $3$fordecl_block$71.$for_loop$72[1].$fordecl_block$73.$for_loop$74[1].$fordecl_block$75.$for_loop$76[0].$fordecl_block$77.r[31:0]$3350
   797/1309: $3$fordecl_block$71.$for_loop$72[1].$fordecl_block$73.$for_loop$74[1].$fordecl_block$75.j[31:0]$3349
   798/1309: $3$fordecl_block$71.$for_loop$72[1].$fordecl_block$73.$for_loop$74[0].$fordecl_block$75.$for_loop$76[2].$fordecl_block$77.r[31:0]$3348
   799/1309: $3$fordecl_block$71.$for_loop$72[1].$fordecl_block$73.$for_loop$74[0].$fordecl_block$75.$for_loop$76[1].$fordecl_block$77.r[31:0]$3347
   800/1309: $3$fordecl_block$71.$for_loop$72[1].$fordecl_block$73.$for_loop$74[0].$fordecl_block$75.$for_loop$76[0].$fordecl_block$77.r[31:0]$3346
   801/1309: $3$fordecl_block$71.$for_loop$72[1].$fordecl_block$73.$for_loop$74[0].$fordecl_block$75.j[31:0]$3345
   802/1309: $3$fordecl_block$71.$for_loop$72[1].$fordecl_block$73.i[31:0]$3344
   803/1309: $3$fordecl_block$71.$for_loop$72[0].$fordecl_block$73.$for_loop$74[2].$fordecl_block$75.$for_loop$76[2].$fordecl_block$77.r[31:0]$3343
   804/1309: $3$fordecl_block$71.$for_loop$72[0].$fordecl_block$73.$for_loop$74[2].$fordecl_block$75.$for_loop$76[1].$fordecl_block$77.r[31:0]$3342
   805/1309: $3$fordecl_block$71.$for_loop$72[0].$fordecl_block$73.$for_loop$74[2].$fordecl_block$75.$for_loop$76[0].$fordecl_block$77.r[31:0]$3341
   806/1309: $3$fordecl_block$71.$for_loop$72[0].$fordecl_block$73.$for_loop$74[2].$fordecl_block$75.j[31:0]$3340
   807/1309: $3$fordecl_block$71.$for_loop$72[0].$fordecl_block$73.$for_loop$74[1].$fordecl_block$75.$for_loop$76[2].$fordecl_block$77.r[31:0]$3339
   808/1309: $3$fordecl_block$71.$for_loop$72[0].$fordecl_block$73.$for_loop$74[1].$fordecl_block$75.$for_loop$76[1].$fordecl_block$77.r[31:0]$3338
   809/1309: $3$fordecl_block$71.$for_loop$72[0].$fordecl_block$73.$for_loop$74[1].$fordecl_block$75.$for_loop$76[0].$fordecl_block$77.r[31:0]$3337
   810/1309: $3$fordecl_block$71.$for_loop$72[0].$fordecl_block$73.$for_loop$74[1].$fordecl_block$75.j[31:0]$3336
   811/1309: $3$fordecl_block$71.$for_loop$72[0].$fordecl_block$73.$for_loop$74[0].$fordecl_block$75.$for_loop$76[2].$fordecl_block$77.r[31:0]$3335
   812/1309: $3$fordecl_block$71.$for_loop$72[0].$fordecl_block$73.$for_loop$74[0].$fordecl_block$75.$for_loop$76[1].$fordecl_block$77.r[31:0]$3334
   813/1309: $3$fordecl_block$71.$for_loop$72[0].$fordecl_block$73.$for_loop$74[0].$fordecl_block$75.$for_loop$76[0].$fordecl_block$77.r[31:0]$3333
   814/1309: $3$fordecl_block$71.$for_loop$72[0].$fordecl_block$73.$for_loop$74[0].$fordecl_block$75.j[31:0]$3332
   815/1309: $3$fordecl_block$71.$for_loop$72[0].$fordecl_block$73.i[31:0]$3331
   816/1309: $3$fordecl_block$71.m[31:0]$3330
   817/1309: $3$fordecl_block$65.$for_loop$66[3].$fordecl_block$67.$for_loop$68[2].$fordecl_block$69.c[31:0]$3329
   818/1309: $3$fordecl_block$65.$for_loop$66[3].$fordecl_block$67.$for_loop$68[1].$fordecl_block$69.c[31:0]$3328
   819/1309: $3$fordecl_block$65.$for_loop$66[3].$fordecl_block$67.$for_loop$68[0].$fordecl_block$69.c[31:0]$3327
   820/1309: $3$fordecl_block$65.$for_loop$66[3].$fordecl_block$67.r[31:0]$3326
   821/1309: $3$fordecl_block$65.$for_loop$66[2].$fordecl_block$67.$for_loop$68[2].$fordecl_block$69.c[31:0]$3325
   822/1309: $3$fordecl_block$65.$for_loop$66[2].$fordecl_block$67.$for_loop$68[1].$fordecl_block$69.c[31:0]$3324
   823/1309: $3$fordecl_block$65.$for_loop$66[2].$fordecl_block$67.$for_loop$68[0].$fordecl_block$69.c[31:0]$3323
   824/1309: $3$fordecl_block$65.$for_loop$66[2].$fordecl_block$67.r[31:0]$3322
   825/1309: $3$fordecl_block$65.$for_loop$66[1].$fordecl_block$67.$for_loop$68[2].$fordecl_block$69.c[31:0]$3321
   826/1309: $3$fordecl_block$65.$for_loop$66[1].$fordecl_block$67.$for_loop$68[1].$fordecl_block$69.c[31:0]$3320
   827/1309: $3$fordecl_block$65.$for_loop$66[1].$fordecl_block$67.$for_loop$68[0].$fordecl_block$69.c[31:0]$3319
   828/1309: $3$fordecl_block$65.$for_loop$66[1].$fordecl_block$67.r[31:0]$3318
   829/1309: $3$fordecl_block$65.$for_loop$66[0].$fordecl_block$67.$for_loop$68[2].$fordecl_block$69.c[31:0]$3317
   830/1309: $3$fordecl_block$65.$for_loop$66[0].$fordecl_block$67.$for_loop$68[1].$fordecl_block$69.c[31:0]$3316
   831/1309: $3$fordecl_block$65.$for_loop$66[0].$fordecl_block$67.$for_loop$68[0].$fordecl_block$69.c[31:0]$3315
   832/1309: $3$fordecl_block$65.$for_loop$66[0].$fordecl_block$67.r[31:0]$3314
   833/1309: $3$fordecl_block$65.m[31:0]$3313
   834/1309: $3$fordecl_block$49.r[31:0]$3085
   835/1309: $3$fordecl_block$49.$for_loop$50[2].$fordecl_block$51.c[31:0]$3088
   836/1309: $3$fordecl_block$49.$for_loop$50[1].$fordecl_block$51.c[31:0]$3087
   837/1309: $3$fordecl_block$49.$for_loop$50[0].$fordecl_block$51.c[31:0]$3086
   838/1309: $3$fordecl_block$45.i[31:0]$3080
   839/1309: $3$fordecl_block$45.$for_loop$46[2].$fordecl_block$47.j[31:0]$3083
   840/1309: $3$fordecl_block$45.$for_loop$46[1].$fordecl_block$47.j[31:0]$3082
   841/1309: $3$fordecl_block$45.$for_loop$46[0].$fordecl_block$47.j[31:0]$3081
   842/1309: $3$fordecl_block$41.i[31:0]$3075
   843/1309: $3$fordecl_block$41.$for_loop$42[2].$fordecl_block$43.j[31:0]$3078
   844/1309: $3$fordecl_block$41.$for_loop$42[1].$fordecl_block$43.j[31:0]$3077
   845/1309: $3$fordecl_block$41.$for_loop$42[0].$fordecl_block$43.j[31:0]$3076
   846/1309: $2$fordecl_block$41.$for_loop$42[2].$fordecl_block$43.j[31:0]$2874
   847/1309: $2$fordecl_block$41.$for_loop$42[1].$fordecl_block$43.j[31:0]$2873
   848/1309: $2$fordecl_block$41.$for_loop$42[0].$fordecl_block$43.j[31:0]$2872
   849/1309: $2$fordecl_block$41.i[31:0]$2871
   850/1309: $2$fordecl_block$93.$for_loop$94[3].$fordecl_block$95.$for_loop$96[2].$fordecl_block$97.j[31:0]$3073
   851/1309: $2$fordecl_block$93.$for_loop$94[3].$fordecl_block$95.$for_loop$96[1].$fordecl_block$97.j[31:0]$3072
   852/1309: $2$fordecl_block$93.$for_loop$94[3].$fordecl_block$95.$for_loop$96[0].$fordecl_block$97.j[31:0]$3071
   853/1309: $2$fordecl_block$93.$for_loop$94[3].$fordecl_block$95.i[31:0]$3070
   854/1309: $2$fordecl_block$93.$for_loop$94[2].$fordecl_block$95.$for_loop$96[2].$fordecl_block$97.j[31:0]$3069
   855/1309: $2$fordecl_block$93.$for_loop$94[2].$fordecl_block$95.$for_loop$96[1].$fordecl_block$97.j[31:0]$3068
   856/1309: $2$fordecl_block$93.$for_loop$94[2].$fordecl_block$95.$for_loop$96[0].$fordecl_block$97.j[31:0]$3067
   857/1309: $2$fordecl_block$93.$for_loop$94[2].$fordecl_block$95.i[31:0]$3066
   858/1309: $2$fordecl_block$93.$for_loop$94[1].$fordecl_block$95.$for_loop$96[2].$fordecl_block$97.j[31:0]$3065
   859/1309: $2$fordecl_block$93.$for_loop$94[1].$fordecl_block$95.$for_loop$96[1].$fordecl_block$97.j[31:0]$3064
   860/1309: $2$fordecl_block$93.$for_loop$94[1].$fordecl_block$95.$for_loop$96[0].$fordecl_block$97.j[31:0]$3063
   861/1309: $2$fordecl_block$93.$for_loop$94[1].$fordecl_block$95.i[31:0]$3062
   862/1309: $2$fordecl_block$93.$for_loop$94[0].$fordecl_block$95.$for_loop$96[2].$fordecl_block$97.j[31:0]$3061
   863/1309: $2$fordecl_block$93.$for_loop$94[0].$fordecl_block$95.$for_loop$96[1].$fordecl_block$97.j[31:0]$3060
   864/1309: $2$fordecl_block$93.$for_loop$94[0].$fordecl_block$95.$for_loop$96[0].$fordecl_block$97.j[31:0]$3059
   865/1309: $2$fordecl_block$93.$for_loop$94[0].$fordecl_block$95.i[31:0]$3058
   866/1309: $2$fordecl_block$93.m[31:0]$3057
   867/1309: $2$fordecl_block$87.$for_loop$88[3].$fordecl_block$89.$for_loop$90[2].$fordecl_block$91.j[31:0]$3056
   868/1309: $2$fordecl_block$87.$for_loop$88[3].$fordecl_block$89.$for_loop$90[1].$fordecl_block$91.j[31:0]$3055
   869/1309: $2$fordecl_block$87.$for_loop$88[3].$fordecl_block$89.$for_loop$90[0].$fordecl_block$91.j[31:0]$3054
   870/1309: $2$fordecl_block$87.$for_loop$88[3].$fordecl_block$89.i[31:0]$3053
   871/1309: $2$fordecl_block$87.$for_loop$88[2].$fordecl_block$89.$for_loop$90[2].$fordecl_block$91.j[31:0]$3052
   872/1309: $2$fordecl_block$87.$for_loop$88[2].$fordecl_block$89.$for_loop$90[1].$fordecl_block$91.j[31:0]$3051
   873/1309: $2$fordecl_block$87.$for_loop$88[2].$fordecl_block$89.$for_loop$90[0].$fordecl_block$91.j[31:0]$3050
   874/1309: $2$fordecl_block$87.$for_loop$88[2].$fordecl_block$89.i[31:0]$3049
   875/1309: $2$fordecl_block$87.$for_loop$88[1].$fordecl_block$89.$for_loop$90[2].$fordecl_block$91.j[31:0]$3048
   876/1309: $2$fordecl_block$87.$for_loop$88[1].$fordecl_block$89.$for_loop$90[1].$fordecl_block$91.j[31:0]$3047
   877/1309: $2$fordecl_block$87.$for_loop$88[1].$fordecl_block$89.$for_loop$90[0].$fordecl_block$91.j[31:0]$3046
   878/1309: $2$fordecl_block$87.$for_loop$88[1].$fordecl_block$89.i[31:0]$3045
   879/1309: $2$fordecl_block$87.$for_loop$88[0].$fordecl_block$89.$for_loop$90[2].$fordecl_block$91.j[31:0]$3044
   880/1309: $2$fordecl_block$87.$for_loop$88[0].$fordecl_block$89.$for_loop$90[1].$fordecl_block$91.j[31:0]$3043
   881/1309: $2$fordecl_block$87.$for_loop$88[0].$fordecl_block$89.$for_loop$90[0].$fordecl_block$91.j[31:0]$3042
   882/1309: $2$fordecl_block$87.$for_loop$88[0].$fordecl_block$89.i[31:0]$3041
   883/1309: $2$fordecl_block$87.m[31:0]$3040
   884/1309: $2$fordecl_block$79.$for_loop$80[3].$fordecl_block$81.$for_loop$82[2].$fordecl_block$83.$for_loop$84[2].$fordecl_block$85.c[31:0]$3039
   885/1309: $2$fordecl_block$79.$for_loop$80[3].$fordecl_block$81.$for_loop$82[2].$fordecl_block$83.$for_loop$84[1].$fordecl_block$85.c[31:0]$3038
   886/1309: $2$fordecl_block$79.$for_loop$80[3].$fordecl_block$81.$for_loop$82[2].$fordecl_block$83.$for_loop$84[0].$fordecl_block$85.c[31:0]$3037
   887/1309: $2$fordecl_block$79.$for_loop$80[3].$fordecl_block$81.$for_loop$82[2].$fordecl_block$83.j[31:0]$3036
   888/1309: $2$fordecl_block$79.$for_loop$80[3].$fordecl_block$81.$for_loop$82[1].$fordecl_block$83.$for_loop$84[2].$fordecl_block$85.c[31:0]$3035
   889/1309: $2$fordecl_block$79.$for_loop$80[3].$fordecl_block$81.$for_loop$82[1].$fordecl_block$83.$for_loop$84[1].$fordecl_block$85.c[31:0]$3034
   890/1309: $2$fordecl_block$79.$for_loop$80[3].$fordecl_block$81.$for_loop$82[1].$fordecl_block$83.$for_loop$84[0].$fordecl_block$85.c[31:0]$3033
   891/1309: $2$fordecl_block$79.$for_loop$80[3].$fordecl_block$81.$for_loop$82[1].$fordecl_block$83.j[31:0]$3032
   892/1309: $2$fordecl_block$79.$for_loop$80[3].$fordecl_block$81.$for_loop$82[0].$fordecl_block$83.$for_loop$84[2].$fordecl_block$85.c[31:0]$3031
   893/1309: $2$fordecl_block$79.$for_loop$80[3].$fordecl_block$81.$for_loop$82[0].$fordecl_block$83.$for_loop$84[1].$fordecl_block$85.c[31:0]$3030
   894/1309: $2$fordecl_block$79.$for_loop$80[3].$fordecl_block$81.$for_loop$82[0].$fordecl_block$83.$for_loop$84[0].$fordecl_block$85.c[31:0]$3029
   895/1309: $2$fordecl_block$79.$for_loop$80[3].$fordecl_block$81.$for_loop$82[0].$fordecl_block$83.j[31:0]$3028
   896/1309: $2$fordecl_block$79.$for_loop$80[3].$fordecl_block$81.i[31:0]$3027
   897/1309: $2$fordecl_block$79.$for_loop$80[2].$fordecl_block$81.$for_loop$82[2].$fordecl_block$83.$for_loop$84[2].$fordecl_block$85.c[31:0]$3026
   898/1309: $2$fordecl_block$79.$for_loop$80[2].$fordecl_block$81.$for_loop$82[2].$fordecl_block$83.$for_loop$84[1].$fordecl_block$85.c[31:0]$3025
   899/1309: $2$fordecl_block$79.$for_loop$80[2].$fordecl_block$81.$for_loop$82[2].$fordecl_block$83.$for_loop$84[0].$fordecl_block$85.c[31:0]$3024
   900/1309: $2$fordecl_block$79.$for_loop$80[2].$fordecl_block$81.$for_loop$82[2].$fordecl_block$83.j[31:0]$3023
   901/1309: $2$fordecl_block$79.$for_loop$80[2].$fordecl_block$81.$for_loop$82[1].$fordecl_block$83.$for_loop$84[2].$fordecl_block$85.c[31:0]$3022
   902/1309: $2$fordecl_block$79.$for_loop$80[2].$fordecl_block$81.$for_loop$82[1].$fordecl_block$83.$for_loop$84[1].$fordecl_block$85.c[31:0]$3021
   903/1309: $2$fordecl_block$79.$for_loop$80[2].$fordecl_block$81.$for_loop$82[1].$fordecl_block$83.$for_loop$84[0].$fordecl_block$85.c[31:0]$3020
   904/1309: $2$fordecl_block$79.$for_loop$80[2].$fordecl_block$81.$for_loop$82[1].$fordecl_block$83.j[31:0]$3019
   905/1309: $2$fordecl_block$79.$for_loop$80[2].$fordecl_block$81.$for_loop$82[0].$fordecl_block$83.$for_loop$84[2].$fordecl_block$85.c[31:0]$3018
   906/1309: $2$fordecl_block$79.$for_loop$80[2].$fordecl_block$81.$for_loop$82[0].$fordecl_block$83.$for_loop$84[1].$fordecl_block$85.c[31:0]$3017
   907/1309: $2$fordecl_block$79.$for_loop$80[2].$fordecl_block$81.$for_loop$82[0].$fordecl_block$83.$for_loop$84[0].$fordecl_block$85.c[31:0]$3016
   908/1309: $2$fordecl_block$79.$for_loop$80[2].$fordecl_block$81.$for_loop$82[0].$fordecl_block$83.j[31:0]$3015
   909/1309: $2$fordecl_block$79.$for_loop$80[2].$fordecl_block$81.i[31:0]$3014
   910/1309: $2$fordecl_block$79.$for_loop$80[1].$fordecl_block$81.$for_loop$82[2].$fordecl_block$83.$for_loop$84[2].$fordecl_block$85.c[31:0]$3013
   911/1309: $2$fordecl_block$79.$for_loop$80[1].$fordecl_block$81.$for_loop$82[2].$fordecl_block$83.$for_loop$84[1].$fordecl_block$85.c[31:0]$3012
   912/1309: $2$fordecl_block$79.$for_loop$80[1].$fordecl_block$81.$for_loop$82[2].$fordecl_block$83.$for_loop$84[0].$fordecl_block$85.c[31:0]$3011
   913/1309: $2$fordecl_block$79.$for_loop$80[1].$fordecl_block$81.$for_loop$82[2].$fordecl_block$83.j[31:0]$3010
   914/1309: $2$fordecl_block$79.$for_loop$80[1].$fordecl_block$81.$for_loop$82[1].$fordecl_block$83.$for_loop$84[2].$fordecl_block$85.c[31:0]$3009
   915/1309: $2$fordecl_block$79.$for_loop$80[1].$fordecl_block$81.$for_loop$82[1].$fordecl_block$83.$for_loop$84[1].$fordecl_block$85.c[31:0]$3008
   916/1309: $2$fordecl_block$79.$for_loop$80[1].$fordecl_block$81.$for_loop$82[1].$fordecl_block$83.$for_loop$84[0].$fordecl_block$85.c[31:0]$3007
   917/1309: $2$fordecl_block$79.$for_loop$80[1].$fordecl_block$81.$for_loop$82[1].$fordecl_block$83.j[31:0]$3006
   918/1309: $2$fordecl_block$79.$for_loop$80[1].$fordecl_block$81.$for_loop$82[0].$fordecl_block$83.$for_loop$84[2].$fordecl_block$85.c[31:0]$3005
   919/1309: $2$fordecl_block$79.$for_loop$80[1].$fordecl_block$81.$for_loop$82[0].$fordecl_block$83.$for_loop$84[1].$fordecl_block$85.c[31:0]$3004
   920/1309: $2$fordecl_block$79.$for_loop$80[1].$fordecl_block$81.$for_loop$82[0].$fordecl_block$83.$for_loop$84[0].$fordecl_block$85.c[31:0]$3003
   921/1309: $2$fordecl_block$79.$for_loop$80[1].$fordecl_block$81.$for_loop$82[0].$fordecl_block$83.j[31:0]$3002
   922/1309: $2$fordecl_block$79.$for_loop$80[1].$fordecl_block$81.i[31:0]$3001
   923/1309: $2$fordecl_block$79.$for_loop$80[0].$fordecl_block$81.$for_loop$82[2].$fordecl_block$83.$for_loop$84[2].$fordecl_block$85.c[31:0]$3000
   924/1309: $2$fordecl_block$79.$for_loop$80[0].$fordecl_block$81.$for_loop$82[2].$fordecl_block$83.$for_loop$84[1].$fordecl_block$85.c[31:0]$2999
   925/1309: $2$fordecl_block$79.$for_loop$80[0].$fordecl_block$81.$for_loop$82[2].$fordecl_block$83.$for_loop$84[0].$fordecl_block$85.c[31:0]$2998
   926/1309: $2$fordecl_block$79.$for_loop$80[0].$fordecl_block$81.$for_loop$82[2].$fordecl_block$83.j[31:0]$2997
   927/1309: $2$fordecl_block$79.$for_loop$80[0].$fordecl_block$81.$for_loop$82[1].$fordecl_block$83.$for_loop$84[2].$fordecl_block$85.c[31:0]$2996
   928/1309: $2$fordecl_block$79.$for_loop$80[0].$fordecl_block$81.$for_loop$82[1].$fordecl_block$83.$for_loop$84[1].$fordecl_block$85.c[31:0]$2995
   929/1309: $2$fordecl_block$79.$for_loop$80[0].$fordecl_block$81.$for_loop$82[1].$fordecl_block$83.$for_loop$84[0].$fordecl_block$85.c[31:0]$2994
   930/1309: $2$fordecl_block$79.$for_loop$80[0].$fordecl_block$81.$for_loop$82[1].$fordecl_block$83.j[31:0]$2993
   931/1309: $2$fordecl_block$79.$for_loop$80[0].$fordecl_block$81.$for_loop$82[0].$fordecl_block$83.$for_loop$84[2].$fordecl_block$85.c[31:0]$2992
   932/1309: $2$fordecl_block$79.$for_loop$80[0].$fordecl_block$81.$for_loop$82[0].$fordecl_block$83.$for_loop$84[1].$fordecl_block$85.c[31:0]$2991
   933/1309: $2$fordecl_block$79.$for_loop$80[0].$fordecl_block$81.$for_loop$82[0].$fordecl_block$83.$for_loop$84[0].$fordecl_block$85.c[31:0]$2990
   934/1309: $2$fordecl_block$79.$for_loop$80[0].$fordecl_block$81.$for_loop$82[0].$fordecl_block$83.j[31:0]$2989
   935/1309: $2$fordecl_block$79.$for_loop$80[0].$fordecl_block$81.i[31:0]$2988
   936/1309: $2$fordecl_block$79.m[31:0]$2987
   937/1309: $2$fordecl_block$71.$for_loop$72[3].$fordecl_block$73.$for_loop$74[2].$fordecl_block$75.$for_loop$76[2].$fordecl_block$77.r[31:0]$2986
   938/1309: $2$fordecl_block$71.$for_loop$72[3].$fordecl_block$73.$for_loop$74[2].$fordecl_block$75.$for_loop$76[1].$fordecl_block$77.r[31:0]$2985
   939/1309: $2$fordecl_block$71.$for_loop$72[3].$fordecl_block$73.$for_loop$74[2].$fordecl_block$75.$for_loop$76[0].$fordecl_block$77.r[31:0]$2984
   940/1309: $2$fordecl_block$71.$for_loop$72[3].$fordecl_block$73.$for_loop$74[2].$fordecl_block$75.j[31:0]$2983
   941/1309: $2$fordecl_block$71.$for_loop$72[3].$fordecl_block$73.$for_loop$74[1].$fordecl_block$75.$for_loop$76[2].$fordecl_block$77.r[31:0]$2982
   942/1309: $2$fordecl_block$71.$for_loop$72[3].$fordecl_block$73.$for_loop$74[1].$fordecl_block$75.$for_loop$76[1].$fordecl_block$77.r[31:0]$2981
   943/1309: $2$fordecl_block$71.$for_loop$72[3].$fordecl_block$73.$for_loop$74[1].$fordecl_block$75.$for_loop$76[0].$fordecl_block$77.r[31:0]$2980
   944/1309: $2$fordecl_block$71.$for_loop$72[3].$fordecl_block$73.$for_loop$74[1].$fordecl_block$75.j[31:0]$2979
   945/1309: $2$fordecl_block$71.$for_loop$72[3].$fordecl_block$73.$for_loop$74[0].$fordecl_block$75.$for_loop$76[2].$fordecl_block$77.r[31:0]$2978
   946/1309: $2$fordecl_block$71.$for_loop$72[3].$fordecl_block$73.$for_loop$74[0].$fordecl_block$75.$for_loop$76[1].$fordecl_block$77.r[31:0]$2977
   947/1309: $2$fordecl_block$71.$for_loop$72[3].$fordecl_block$73.$for_loop$74[0].$fordecl_block$75.$for_loop$76[0].$fordecl_block$77.r[31:0]$2976
   948/1309: $2$fordecl_block$71.$for_loop$72[3].$fordecl_block$73.$for_loop$74[0].$fordecl_block$75.j[31:0]$2975
   949/1309: $2$fordecl_block$71.$for_loop$72[3].$fordecl_block$73.i[31:0]$2974
   950/1309: $2$fordecl_block$71.$for_loop$72[2].$fordecl_block$73.$for_loop$74[2].$fordecl_block$75.$for_loop$76[2].$fordecl_block$77.r[31:0]$2973
   951/1309: $2$fordecl_block$71.$for_loop$72[2].$fordecl_block$73.$for_loop$74[2].$fordecl_block$75.$for_loop$76[1].$fordecl_block$77.r[31:0]$2972
   952/1309: $2$fordecl_block$71.$for_loop$72[2].$fordecl_block$73.$for_loop$74[2].$fordecl_block$75.$for_loop$76[0].$fordecl_block$77.r[31:0]$2971
   953/1309: $2$fordecl_block$71.$for_loop$72[2].$fordecl_block$73.$for_loop$74[2].$fordecl_block$75.j[31:0]$2970
   954/1309: $2$fordecl_block$71.$for_loop$72[2].$fordecl_block$73.$for_loop$74[1].$fordecl_block$75.$for_loop$76[2].$fordecl_block$77.r[31:0]$2969
   955/1309: $2$fordecl_block$71.$for_loop$72[2].$fordecl_block$73.$for_loop$74[1].$fordecl_block$75.$for_loop$76[1].$fordecl_block$77.r[31:0]$2968
   956/1309: $2$fordecl_block$71.$for_loop$72[2].$fordecl_block$73.$for_loop$74[1].$fordecl_block$75.$for_loop$76[0].$fordecl_block$77.r[31:0]$2967
   957/1309: $2$fordecl_block$71.$for_loop$72[2].$fordecl_block$73.$for_loop$74[1].$fordecl_block$75.j[31:0]$2966
   958/1309: $2$fordecl_block$71.$for_loop$72[2].$fordecl_block$73.$for_loop$74[0].$fordecl_block$75.$for_loop$76[2].$fordecl_block$77.r[31:0]$2965
   959/1309: $2$fordecl_block$71.$for_loop$72[2].$fordecl_block$73.$for_loop$74[0].$fordecl_block$75.$for_loop$76[1].$fordecl_block$77.r[31:0]$2964
   960/1309: $2$fordecl_block$71.$for_loop$72[2].$fordecl_block$73.$for_loop$74[0].$fordecl_block$75.$for_loop$76[0].$fordecl_block$77.r[31:0]$2963
   961/1309: $2$fordecl_block$71.$for_loop$72[2].$fordecl_block$73.$for_loop$74[0].$fordecl_block$75.j[31:0]$2962
   962/1309: $2$fordecl_block$71.$for_loop$72[2].$fordecl_block$73.i[31:0]$2961
   963/1309: $2$fordecl_block$71.$for_loop$72[1].$fordecl_block$73.$for_loop$74[2].$fordecl_block$75.$for_loop$76[2].$fordecl_block$77.r[31:0]$2960
   964/1309: $2$fordecl_block$71.$for_loop$72[1].$fordecl_block$73.$for_loop$74[2].$fordecl_block$75.$for_loop$76[1].$fordecl_block$77.r[31:0]$2959
   965/1309: $2$fordecl_block$71.$for_loop$72[1].$fordecl_block$73.$for_loop$74[2].$fordecl_block$75.$for_loop$76[0].$fordecl_block$77.r[31:0]$2958
   966/1309: $2$fordecl_block$71.$for_loop$72[1].$fordecl_block$73.$for_loop$74[2].$fordecl_block$75.j[31:0]$2957
   967/1309: $2$fordecl_block$71.$for_loop$72[1].$fordecl_block$73.$for_loop$74[1].$fordecl_block$75.$for_loop$76[2].$fordecl_block$77.r[31:0]$2956
   968/1309: $2$fordecl_block$71.$for_loop$72[1].$fordecl_block$73.$for_loop$74[1].$fordecl_block$75.$for_loop$76[1].$fordecl_block$77.r[31:0]$2955
   969/1309: $2$fordecl_block$71.$for_loop$72[1].$fordecl_block$73.$for_loop$74[1].$fordecl_block$75.$for_loop$76[0].$fordecl_block$77.r[31:0]$2954
   970/1309: $2$fordecl_block$71.$for_loop$72[1].$fordecl_block$73.$for_loop$74[1].$fordecl_block$75.j[31:0]$2953
   971/1309: $2$fordecl_block$71.$for_loop$72[1].$fordecl_block$73.$for_loop$74[0].$fordecl_block$75.$for_loop$76[2].$fordecl_block$77.r[31:0]$2952
   972/1309: $2$fordecl_block$71.$for_loop$72[1].$fordecl_block$73.$for_loop$74[0].$fordecl_block$75.$for_loop$76[1].$fordecl_block$77.r[31:0]$2951
   973/1309: $2$fordecl_block$71.$for_loop$72[1].$fordecl_block$73.$for_loop$74[0].$fordecl_block$75.$for_loop$76[0].$fordecl_block$77.r[31:0]$2950
   974/1309: $2$fordecl_block$71.$for_loop$72[1].$fordecl_block$73.$for_loop$74[0].$fordecl_block$75.j[31:0]$2949
   975/1309: $2$fordecl_block$71.$for_loop$72[1].$fordecl_block$73.i[31:0]$2948
   976/1309: $2$fordecl_block$71.$for_loop$72[0].$fordecl_block$73.$for_loop$74[2].$fordecl_block$75.$for_loop$76[2].$fordecl_block$77.r[31:0]$2947
   977/1309: $2$fordecl_block$71.$for_loop$72[0].$fordecl_block$73.$for_loop$74[2].$fordecl_block$75.$for_loop$76[1].$fordecl_block$77.r[31:0]$2946
   978/1309: $2$fordecl_block$71.$for_loop$72[0].$fordecl_block$73.$for_loop$74[2].$fordecl_block$75.$for_loop$76[0].$fordecl_block$77.r[31:0]$2945
   979/1309: $2$fordecl_block$71.$for_loop$72[0].$fordecl_block$73.$for_loop$74[2].$fordecl_block$75.j[31:0]$2944
   980/1309: $2$fordecl_block$71.$for_loop$72[0].$fordecl_block$73.$for_loop$74[1].$fordecl_block$75.$for_loop$76[2].$fordecl_block$77.r[31:0]$2943
   981/1309: $2$fordecl_block$71.$for_loop$72[0].$fordecl_block$73.$for_loop$74[1].$fordecl_block$75.$for_loop$76[1].$fordecl_block$77.r[31:0]$2942
   982/1309: $2$fordecl_block$71.$for_loop$72[0].$fordecl_block$73.$for_loop$74[1].$fordecl_block$75.$for_loop$76[0].$fordecl_block$77.r[31:0]$2941
   983/1309: $2$fordecl_block$71.$for_loop$72[0].$fordecl_block$73.$for_loop$74[1].$fordecl_block$75.j[31:0]$2940
   984/1309: $2$fordecl_block$71.$for_loop$72[0].$fordecl_block$73.$for_loop$74[0].$fordecl_block$75.$for_loop$76[2].$fordecl_block$77.r[31:0]$2939
   985/1309: $2$fordecl_block$71.$for_loop$72[0].$fordecl_block$73.$for_loop$74[0].$fordecl_block$75.$for_loop$76[1].$fordecl_block$77.r[31:0]$2938
   986/1309: $2$fordecl_block$71.$for_loop$72[0].$fordecl_block$73.$for_loop$74[0].$fordecl_block$75.$for_loop$76[0].$fordecl_block$77.r[31:0]$2937
   987/1309: $2$fordecl_block$71.$for_loop$72[0].$fordecl_block$73.$for_loop$74[0].$fordecl_block$75.j[31:0]$2936
   988/1309: $2$fordecl_block$71.$for_loop$72[0].$fordecl_block$73.i[31:0]$2935
   989/1309: $2$fordecl_block$71.m[31:0]$2934
   990/1309: $2$fordecl_block$65.$for_loop$66[3].$fordecl_block$67.$for_loop$68[2].$fordecl_block$69.c[31:0]$2933
   991/1309: $2$fordecl_block$65.$for_loop$66[3].$fordecl_block$67.$for_loop$68[1].$fordecl_block$69.c[31:0]$2932
   992/1309: $2$fordecl_block$65.$for_loop$66[3].$fordecl_block$67.$for_loop$68[0].$fordecl_block$69.c[31:0]$2931
   993/1309: $2$fordecl_block$65.$for_loop$66[3].$fordecl_block$67.r[31:0]$2930
   994/1309: $2$fordecl_block$65.$for_loop$66[2].$fordecl_block$67.$for_loop$68[2].$fordecl_block$69.c[31:0]$2929
   995/1309: $2$fordecl_block$65.$for_loop$66[2].$fordecl_block$67.$for_loop$68[1].$fordecl_block$69.c[31:0]$2928
   996/1309: $2$fordecl_block$65.$for_loop$66[2].$fordecl_block$67.$for_loop$68[0].$fordecl_block$69.c[31:0]$2927
   997/1309: $2$fordecl_block$65.$for_loop$66[2].$fordecl_block$67.r[31:0]$2926
   998/1309: $2$fordecl_block$65.$for_loop$66[1].$fordecl_block$67.$for_loop$68[2].$fordecl_block$69.c[31:0]$2925
   999/1309: $2$fordecl_block$65.$for_loop$66[1].$fordecl_block$67.$for_loop$68[1].$fordecl_block$69.c[31:0]$2924
  1000/1309: $2$fordecl_block$65.$for_loop$66[1].$fordecl_block$67.$for_loop$68[0].$fordecl_block$69.c[31:0]$2923
  1001/1309: $2$fordecl_block$65.$for_loop$66[1].$fordecl_block$67.r[31:0]$2922
  1002/1309: $2$fordecl_block$65.$for_loop$66[0].$fordecl_block$67.$for_loop$68[2].$fordecl_block$69.c[31:0]$2921
  1003/1309: $2$fordecl_block$65.$for_loop$66[0].$fordecl_block$67.$for_loop$68[1].$fordecl_block$69.c[31:0]$2920
  1004/1309: $2$fordecl_block$65.$for_loop$66[0].$fordecl_block$67.$for_loop$68[0].$fordecl_block$69.c[31:0]$2919
  1005/1309: $2$fordecl_block$65.$for_loop$66[0].$fordecl_block$67.r[31:0]$2918
  1006/1309: $2$fordecl_block$65.m[31:0]$2917
  1007/1309: $2$fordecl_block$59.$for_loop$60[3].$fordecl_block$61.$for_loop$62[2].$fordecl_block$63.j[31:0]$2916
  1008/1309: $2$fordecl_block$59.$for_loop$60[3].$fordecl_block$61.$for_loop$62[1].$fordecl_block$63.j[31:0]$2915
  1009/1309: $2$fordecl_block$59.$for_loop$60[3].$fordecl_block$61.$for_loop$62[0].$fordecl_block$63.j[31:0]$2914
  1010/1309: $2$fordecl_block$59.$for_loop$60[3].$fordecl_block$61.i[31:0]$2913
  1011/1309: $2$fordecl_block$59.$for_loop$60[2].$fordecl_block$61.$for_loop$62[2].$fordecl_block$63.j[31:0]$2912
  1012/1309: $2$fordecl_block$59.$for_loop$60[2].$fordecl_block$61.$for_loop$62[1].$fordecl_block$63.j[31:0]$2911
  1013/1309: $2$fordecl_block$59.$for_loop$60[2].$fordecl_block$61.$for_loop$62[0].$fordecl_block$63.j[31:0]$2910
  1014/1309: $2$fordecl_block$59.$for_loop$60[2].$fordecl_block$61.i[31:0]$2909
  1015/1309: $2$fordecl_block$59.$for_loop$60[1].$fordecl_block$61.$for_loop$62[2].$fordecl_block$63.j[31:0]$2908
  1016/1309: $2$fordecl_block$59.$for_loop$60[1].$fordecl_block$61.$for_loop$62[1].$fordecl_block$63.j[31:0]$2907
  1017/1309: $2$fordecl_block$59.$for_loop$60[1].$fordecl_block$61.$for_loop$62[0].$fordecl_block$63.j[31:0]$2906
  1018/1309: $2$fordecl_block$59.$for_loop$60[1].$fordecl_block$61.i[31:0]$2905
  1019/1309: $2$fordecl_block$59.$for_loop$60[0].$fordecl_block$61.$for_loop$62[2].$fordecl_block$63.j[31:0]$2904
  1020/1309: $2$fordecl_block$59.$for_loop$60[0].$fordecl_block$61.$for_loop$62[1].$fordecl_block$63.j[31:0]$2903
  1021/1309: $2$fordecl_block$59.$for_loop$60[0].$fordecl_block$61.$for_loop$62[0].$fordecl_block$63.j[31:0]$2902
  1022/1309: $2$fordecl_block$59.$for_loop$60[0].$fordecl_block$61.i[31:0]$2901
  1023/1309: $2$fordecl_block$59.m[31:0]$2900
  1024/1309: $2$fordecl_block$53.$for_loop$54[3].$fordecl_block$55.$for_loop$56[2].$fordecl_block$57.c[31:0]$2899
  1025/1309: $2$fordecl_block$53.$for_loop$54[3].$fordecl_block$55.$for_loop$56[1].$fordecl_block$57.c[31:0]$2898
  1026/1309: $2$fordecl_block$53.$for_loop$54[3].$fordecl_block$55.$for_loop$56[0].$fordecl_block$57.c[31:0]$2897
  1027/1309: $2$fordecl_block$53.$for_loop$54[3].$fordecl_block$55.r[31:0]$2896
  1028/1309: $2$fordecl_block$53.$for_loop$54[2].$fordecl_block$55.$for_loop$56[2].$fordecl_block$57.c[31:0]$2895
  1029/1309: $2$fordecl_block$53.$for_loop$54[2].$fordecl_block$55.$for_loop$56[1].$fordecl_block$57.c[31:0]$2894
  1030/1309: $2$fordecl_block$53.$for_loop$54[2].$fordecl_block$55.$for_loop$56[0].$fordecl_block$57.c[31:0]$2893
  1031/1309: $2$fordecl_block$53.$for_loop$54[2].$fordecl_block$55.r[31:0]$2892
  1032/1309: $2$fordecl_block$53.$for_loop$54[1].$fordecl_block$55.$for_loop$56[2].$fordecl_block$57.c[31:0]$2891
  1033/1309: $2$fordecl_block$53.$for_loop$54[1].$fordecl_block$55.$for_loop$56[1].$fordecl_block$57.c[31:0]$2890
  1034/1309: $2$fordecl_block$53.$for_loop$54[1].$fordecl_block$55.$for_loop$56[0].$fordecl_block$57.c[31:0]$2889
  1035/1309: $2$fordecl_block$53.$for_loop$54[1].$fordecl_block$55.r[31:0]$2888
  1036/1309: $2$fordecl_block$53.$for_loop$54[0].$fordecl_block$55.$for_loop$56[2].$fordecl_block$57.c[31:0]$2887
  1037/1309: $2$fordecl_block$53.$for_loop$54[0].$fordecl_block$55.$for_loop$56[1].$fordecl_block$57.c[31:0]$2886
  1038/1309: $2$fordecl_block$53.$for_loop$54[0].$fordecl_block$55.$for_loop$56[0].$fordecl_block$57.c[31:0]$2885
  1039/1309: $2$fordecl_block$53.$for_loop$54[0].$fordecl_block$55.r[31:0]$2884
  1040/1309: $2$fordecl_block$53.m[31:0]$2883
  1041/1309: $2$fordecl_block$49.$for_loop$50[2].$fordecl_block$51.c[31:0]$2882
  1042/1309: $2$fordecl_block$49.$for_loop$50[1].$fordecl_block$51.c[31:0]$2881
  1043/1309: $2$fordecl_block$49.$for_loop$50[0].$fordecl_block$51.c[31:0]$2880
  1044/1309: $2$fordecl_block$49.r[31:0]$2879
  1045/1309: $2$fordecl_block$45.$for_loop$46[2].$fordecl_block$47.j[31:0]$2878
  1046/1309: $2$fordecl_block$45.$for_loop$46[1].$fordecl_block$47.j[31:0]$2877
  1047/1309: $2$fordecl_block$45.$for_loop$46[0].$fordecl_block$47.j[31:0]$2876
  1048/1309: $2$fordecl_block$45.i[31:0]$2875
  1049/1309: $1$fordecl_block$93.$for_loop$94[3].$fordecl_block$95.$for_loop$96[2].$fordecl_block$97.j[31:0]$2870
  1050/1309: $1$fordecl_block$93.$for_loop$94[3].$fordecl_block$95.$for_loop$96[1].$fordecl_block$97.j[31:0]$2869
  1051/1309: $1$fordecl_block$93.$for_loop$94[3].$fordecl_block$95.$for_loop$96[0].$fordecl_block$97.j[31:0]$2868
  1052/1309: $1$fordecl_block$93.$for_loop$94[3].$fordecl_block$95.i[31:0]$2867
  1053/1309: $1$fordecl_block$93.$for_loop$94[2].$fordecl_block$95.$for_loop$96[2].$fordecl_block$97.j[31:0]$2866
  1054/1309: $1$fordecl_block$93.$for_loop$94[2].$fordecl_block$95.$for_loop$96[1].$fordecl_block$97.j[31:0]$2865
  1055/1309: $1$fordecl_block$93.$for_loop$94[2].$fordecl_block$95.$for_loop$96[0].$fordecl_block$97.j[31:0]$2864
  1056/1309: $1$fordecl_block$93.$for_loop$94[2].$fordecl_block$95.i[31:0]$2863
  1057/1309: $1$fordecl_block$93.$for_loop$94[1].$fordecl_block$95.$for_loop$96[2].$fordecl_block$97.j[31:0]$2862
  1058/1309: $1$fordecl_block$93.$for_loop$94[1].$fordecl_block$95.$for_loop$96[1].$fordecl_block$97.j[31:0]$2861
  1059/1309: $1$fordecl_block$93.$for_loop$94[1].$fordecl_block$95.$for_loop$96[0].$fordecl_block$97.j[31:0]$2860
  1060/1309: $1$fordecl_block$93.$for_loop$94[1].$fordecl_block$95.i[31:0]$2859
  1061/1309: $1$fordecl_block$93.$for_loop$94[0].$fordecl_block$95.$for_loop$96[2].$fordecl_block$97.j[31:0]$2858
  1062/1309: $1$fordecl_block$93.$for_loop$94[0].$fordecl_block$95.$for_loop$96[1].$fordecl_block$97.j[31:0]$2857
  1063/1309: $1$fordecl_block$93.$for_loop$94[0].$fordecl_block$95.$for_loop$96[0].$fordecl_block$97.j[31:0]$2856
  1064/1309: $1$fordecl_block$93.$for_loop$94[0].$fordecl_block$95.i[31:0]$2855
  1065/1309: $1$fordecl_block$93.m[31:0]$2854
  1066/1309: $1$fordecl_block$87.$for_loop$88[3].$fordecl_block$89.$for_loop$90[2].$fordecl_block$91.j[31:0]$2853
  1067/1309: $1$fordecl_block$87.$for_loop$88[3].$fordecl_block$89.$for_loop$90[1].$fordecl_block$91.j[31:0]$2852
  1068/1309: $1$fordecl_block$87.$for_loop$88[3].$fordecl_block$89.$for_loop$90[0].$fordecl_block$91.j[31:0]$2851
  1069/1309: $1$fordecl_block$87.$for_loop$88[3].$fordecl_block$89.i[31:0]$2850
  1070/1309: $1$fordecl_block$87.$for_loop$88[2].$fordecl_block$89.$for_loop$90[2].$fordecl_block$91.j[31:0]$2849
  1071/1309: $1$fordecl_block$87.$for_loop$88[2].$fordecl_block$89.$for_loop$90[1].$fordecl_block$91.j[31:0]$2848
  1072/1309: $1$fordecl_block$87.$for_loop$88[2].$fordecl_block$89.$for_loop$90[0].$fordecl_block$91.j[31:0]$2847
  1073/1309: $1$fordecl_block$87.$for_loop$88[2].$fordecl_block$89.i[31:0]$2846
  1074/1309: $1$fordecl_block$87.$for_loop$88[1].$fordecl_block$89.$for_loop$90[2].$fordecl_block$91.j[31:0]$2845
  1075/1309: $1$fordecl_block$87.$for_loop$88[1].$fordecl_block$89.$for_loop$90[1].$fordecl_block$91.j[31:0]$2844
  1076/1309: $1$fordecl_block$87.$for_loop$88[1].$fordecl_block$89.$for_loop$90[0].$fordecl_block$91.j[31:0]$2843
  1077/1309: $1$fordecl_block$87.$for_loop$88[1].$fordecl_block$89.i[31:0]$2842
  1078/1309: $1$fordecl_block$87.$for_loop$88[0].$fordecl_block$89.$for_loop$90[2].$fordecl_block$91.j[31:0]$2841
  1079/1309: $1$fordecl_block$87.$for_loop$88[0].$fordecl_block$89.$for_loop$90[1].$fordecl_block$91.j[31:0]$2840
  1080/1309: $1$fordecl_block$87.$for_loop$88[0].$fordecl_block$89.$for_loop$90[0].$fordecl_block$91.j[31:0]$2839
  1081/1309: $1$fordecl_block$87.$for_loop$88[0].$fordecl_block$89.i[31:0]$2838
  1082/1309: $1$fordecl_block$87.m[31:0]$2837
  1083/1309: $1$fordecl_block$79.$for_loop$80[3].$fordecl_block$81.$for_loop$82[2].$fordecl_block$83.$for_loop$84[2].$fordecl_block$85.c[31:0]$2836
  1084/1309: $1$fordecl_block$79.$for_loop$80[3].$fordecl_block$81.$for_loop$82[2].$fordecl_block$83.$for_loop$84[1].$fordecl_block$85.c[31:0]$2835
  1085/1309: $1$fordecl_block$79.$for_loop$80[3].$fordecl_block$81.$for_loop$82[2].$fordecl_block$83.$for_loop$84[0].$fordecl_block$85.c[31:0]$2834
  1086/1309: $1$fordecl_block$79.$for_loop$80[3].$fordecl_block$81.$for_loop$82[2].$fordecl_block$83.j[31:0]$2833
  1087/1309: $1$fordecl_block$79.$for_loop$80[3].$fordecl_block$81.$for_loop$82[1].$fordecl_block$83.$for_loop$84[2].$fordecl_block$85.c[31:0]$2832
  1088/1309: $1$fordecl_block$79.$for_loop$80[3].$fordecl_block$81.$for_loop$82[1].$fordecl_block$83.$for_loop$84[1].$fordecl_block$85.c[31:0]$2831
  1089/1309: $1$fordecl_block$79.$for_loop$80[3].$fordecl_block$81.$for_loop$82[1].$fordecl_block$83.$for_loop$84[0].$fordecl_block$85.c[31:0]$2830
  1090/1309: $1$fordecl_block$79.$for_loop$80[3].$fordecl_block$81.$for_loop$82[1].$fordecl_block$83.j[31:0]$2829
  1091/1309: $1$fordecl_block$79.$for_loop$80[3].$fordecl_block$81.$for_loop$82[0].$fordecl_block$83.$for_loop$84[2].$fordecl_block$85.c[31:0]$2828
  1092/1309: $1$fordecl_block$79.$for_loop$80[3].$fordecl_block$81.$for_loop$82[0].$fordecl_block$83.$for_loop$84[1].$fordecl_block$85.c[31:0]$2827
  1093/1309: $1$fordecl_block$79.$for_loop$80[3].$fordecl_block$81.$for_loop$82[0].$fordecl_block$83.$for_loop$84[0].$fordecl_block$85.c[31:0]$2826
  1094/1309: $1$fordecl_block$79.$for_loop$80[3].$fordecl_block$81.$for_loop$82[0].$fordecl_block$83.j[31:0]$2825
  1095/1309: $1$fordecl_block$79.$for_loop$80[3].$fordecl_block$81.i[31:0]$2824
  1096/1309: $1$fordecl_block$79.$for_loop$80[2].$fordecl_block$81.$for_loop$82[2].$fordecl_block$83.$for_loop$84[2].$fordecl_block$85.c[31:0]$2823
  1097/1309: $1$fordecl_block$79.$for_loop$80[2].$fordecl_block$81.$for_loop$82[2].$fordecl_block$83.$for_loop$84[1].$fordecl_block$85.c[31:0]$2822
  1098/1309: $1$fordecl_block$79.$for_loop$80[2].$fordecl_block$81.$for_loop$82[2].$fordecl_block$83.$for_loop$84[0].$fordecl_block$85.c[31:0]$2821
  1099/1309: $1$fordecl_block$79.$for_loop$80[2].$fordecl_block$81.$for_loop$82[2].$fordecl_block$83.j[31:0]$2820
  1100/1309: $1$fordecl_block$79.$for_loop$80[2].$fordecl_block$81.$for_loop$82[1].$fordecl_block$83.$for_loop$84[2].$fordecl_block$85.c[31:0]$2819
  1101/1309: $1$fordecl_block$79.$for_loop$80[2].$fordecl_block$81.$for_loop$82[1].$fordecl_block$83.$for_loop$84[1].$fordecl_block$85.c[31:0]$2818
  1102/1309: $1$fordecl_block$79.$for_loop$80[2].$fordecl_block$81.$for_loop$82[1].$fordecl_block$83.$for_loop$84[0].$fordecl_block$85.c[31:0]$2817
  1103/1309: $1$fordecl_block$79.$for_loop$80[2].$fordecl_block$81.$for_loop$82[1].$fordecl_block$83.j[31:0]$2816
  1104/1309: $1$fordecl_block$79.$for_loop$80[2].$fordecl_block$81.$for_loop$82[0].$fordecl_block$83.$for_loop$84[2].$fordecl_block$85.c[31:0]$2815
  1105/1309: $1$fordecl_block$79.$for_loop$80[2].$fordecl_block$81.$for_loop$82[0].$fordecl_block$83.$for_loop$84[1].$fordecl_block$85.c[31:0]$2814
  1106/1309: $1$fordecl_block$79.$for_loop$80[2].$fordecl_block$81.$for_loop$82[0].$fordecl_block$83.$for_loop$84[0].$fordecl_block$85.c[31:0]$2813
  1107/1309: $1$fordecl_block$79.$for_loop$80[2].$fordecl_block$81.$for_loop$82[0].$fordecl_block$83.j[31:0]$2812
  1108/1309: $1$fordecl_block$79.$for_loop$80[2].$fordecl_block$81.i[31:0]$2811
  1109/1309: $1$fordecl_block$79.$for_loop$80[1].$fordecl_block$81.$for_loop$82[2].$fordecl_block$83.$for_loop$84[2].$fordecl_block$85.c[31:0]$2810
  1110/1309: $1$fordecl_block$79.$for_loop$80[1].$fordecl_block$81.$for_loop$82[2].$fordecl_block$83.$for_loop$84[1].$fordecl_block$85.c[31:0]$2809
  1111/1309: $1$fordecl_block$79.$for_loop$80[1].$fordecl_block$81.$for_loop$82[2].$fordecl_block$83.$for_loop$84[0].$fordecl_block$85.c[31:0]$2808
  1112/1309: $1$fordecl_block$79.$for_loop$80[1].$fordecl_block$81.$for_loop$82[2].$fordecl_block$83.j[31:0]$2807
  1113/1309: $1$fordecl_block$79.$for_loop$80[1].$fordecl_block$81.$for_loop$82[1].$fordecl_block$83.$for_loop$84[2].$fordecl_block$85.c[31:0]$2806
  1114/1309: $1$fordecl_block$79.$for_loop$80[1].$fordecl_block$81.$for_loop$82[1].$fordecl_block$83.$for_loop$84[1].$fordecl_block$85.c[31:0]$2805
  1115/1309: $1$fordecl_block$79.$for_loop$80[1].$fordecl_block$81.$for_loop$82[1].$fordecl_block$83.$for_loop$84[0].$fordecl_block$85.c[31:0]$2804
  1116/1309: $1$fordecl_block$79.$for_loop$80[1].$fordecl_block$81.$for_loop$82[1].$fordecl_block$83.j[31:0]$2803
  1117/1309: $1$fordecl_block$79.$for_loop$80[1].$fordecl_block$81.$for_loop$82[0].$fordecl_block$83.$for_loop$84[2].$fordecl_block$85.c[31:0]$2802
  1118/1309: $1$fordecl_block$79.$for_loop$80[1].$fordecl_block$81.$for_loop$82[0].$fordecl_block$83.$for_loop$84[1].$fordecl_block$85.c[31:0]$2801
  1119/1309: $1$fordecl_block$79.$for_loop$80[1].$fordecl_block$81.$for_loop$82[0].$fordecl_block$83.$for_loop$84[0].$fordecl_block$85.c[31:0]$2800
  1120/1309: $1$fordecl_block$79.$for_loop$80[1].$fordecl_block$81.$for_loop$82[0].$fordecl_block$83.j[31:0]$2799
  1121/1309: $1$fordecl_block$79.$for_loop$80[1].$fordecl_block$81.i[31:0]$2798
  1122/1309: $1$fordecl_block$79.$for_loop$80[0].$fordecl_block$81.$for_loop$82[2].$fordecl_block$83.$for_loop$84[2].$fordecl_block$85.c[31:0]$2797
  1123/1309: $1$fordecl_block$79.$for_loop$80[0].$fordecl_block$81.$for_loop$82[2].$fordecl_block$83.$for_loop$84[1].$fordecl_block$85.c[31:0]$2796
  1124/1309: $1$fordecl_block$79.$for_loop$80[0].$fordecl_block$81.$for_loop$82[2].$fordecl_block$83.$for_loop$84[0].$fordecl_block$85.c[31:0]$2795
  1125/1309: $1$fordecl_block$79.$for_loop$80[0].$fordecl_block$81.$for_loop$82[2].$fordecl_block$83.j[31:0]$2794
  1126/1309: $1$fordecl_block$79.$for_loop$80[0].$fordecl_block$81.$for_loop$82[1].$fordecl_block$83.$for_loop$84[2].$fordecl_block$85.c[31:0]$2793
  1127/1309: $1$fordecl_block$79.$for_loop$80[0].$fordecl_block$81.$for_loop$82[1].$fordecl_block$83.$for_loop$84[1].$fordecl_block$85.c[31:0]$2792
  1128/1309: $1$fordecl_block$79.$for_loop$80[0].$fordecl_block$81.$for_loop$82[1].$fordecl_block$83.$for_loop$84[0].$fordecl_block$85.c[31:0]$2791
  1129/1309: $1$fordecl_block$79.$for_loop$80[0].$fordecl_block$81.$for_loop$82[1].$fordecl_block$83.j[31:0]$2790
  1130/1309: $1$fordecl_block$79.$for_loop$80[0].$fordecl_block$81.$for_loop$82[0].$fordecl_block$83.$for_loop$84[2].$fordecl_block$85.c[31:0]$2789
  1131/1309: $1$fordecl_block$79.$for_loop$80[0].$fordecl_block$81.$for_loop$82[0].$fordecl_block$83.$for_loop$84[1].$fordecl_block$85.c[31:0]$2788
  1132/1309: $1$fordecl_block$79.$for_loop$80[0].$fordecl_block$81.$for_loop$82[0].$fordecl_block$83.$for_loop$84[0].$fordecl_block$85.c[31:0]$2787
  1133/1309: $1$fordecl_block$79.$for_loop$80[0].$fordecl_block$81.$for_loop$82[0].$fordecl_block$83.j[31:0]$2786
  1134/1309: $1$fordecl_block$79.$for_loop$80[0].$fordecl_block$81.i[31:0]$2785
  1135/1309: $1$fordecl_block$79.m[31:0]$2784
  1136/1309: $1$fordecl_block$71.$for_loop$72[3].$fordecl_block$73.$for_loop$74[2].$fordecl_block$75.$for_loop$76[2].$fordecl_block$77.r[31:0]$2783
  1137/1309: $1$fordecl_block$71.$for_loop$72[3].$fordecl_block$73.$for_loop$74[2].$fordecl_block$75.$for_loop$76[1].$fordecl_block$77.r[31:0]$2782
  1138/1309: $1$fordecl_block$71.$for_loop$72[3].$fordecl_block$73.$for_loop$74[2].$fordecl_block$75.$for_loop$76[0].$fordecl_block$77.r[31:0]$2781
  1139/1309: $1$fordecl_block$71.$for_loop$72[3].$fordecl_block$73.$for_loop$74[2].$fordecl_block$75.j[31:0]$2780
  1140/1309: $1$fordecl_block$71.$for_loop$72[3].$fordecl_block$73.$for_loop$74[1].$fordecl_block$75.$for_loop$76[2].$fordecl_block$77.r[31:0]$2779
  1141/1309: $1$fordecl_block$71.$for_loop$72[3].$fordecl_block$73.$for_loop$74[1].$fordecl_block$75.$for_loop$76[1].$fordecl_block$77.r[31:0]$2778
  1142/1309: $1$fordecl_block$71.$for_loop$72[3].$fordecl_block$73.$for_loop$74[1].$fordecl_block$75.$for_loop$76[0].$fordecl_block$77.r[31:0]$2777
  1143/1309: $1$fordecl_block$71.$for_loop$72[3].$fordecl_block$73.$for_loop$74[1].$fordecl_block$75.j[31:0]$2776
  1144/1309: $1$fordecl_block$71.$for_loop$72[3].$fordecl_block$73.$for_loop$74[0].$fordecl_block$75.$for_loop$76[2].$fordecl_block$77.r[31:0]$2775
  1145/1309: $1$fordecl_block$71.$for_loop$72[3].$fordecl_block$73.$for_loop$74[0].$fordecl_block$75.$for_loop$76[1].$fordecl_block$77.r[31:0]$2774
  1146/1309: $1$fordecl_block$71.$for_loop$72[3].$fordecl_block$73.$for_loop$74[0].$fordecl_block$75.$for_loop$76[0].$fordecl_block$77.r[31:0]$2773
  1147/1309: $1$fordecl_block$71.$for_loop$72[3].$fordecl_block$73.$for_loop$74[0].$fordecl_block$75.j[31:0]$2772
  1148/1309: $1$fordecl_block$71.$for_loop$72[3].$fordecl_block$73.i[31:0]$2771
  1149/1309: $1$fordecl_block$71.$for_loop$72[2].$fordecl_block$73.$for_loop$74[2].$fordecl_block$75.$for_loop$76[2].$fordecl_block$77.r[31:0]$2770
  1150/1309: $1$fordecl_block$71.$for_loop$72[2].$fordecl_block$73.$for_loop$74[2].$fordecl_block$75.$for_loop$76[1].$fordecl_block$77.r[31:0]$2769
  1151/1309: $1$fordecl_block$71.$for_loop$72[2].$fordecl_block$73.$for_loop$74[2].$fordecl_block$75.$for_loop$76[0].$fordecl_block$77.r[31:0]$2768
  1152/1309: $1$fordecl_block$71.$for_loop$72[2].$fordecl_block$73.$for_loop$74[2].$fordecl_block$75.j[31:0]$2767
  1153/1309: $1$fordecl_block$71.$for_loop$72[2].$fordecl_block$73.$for_loop$74[1].$fordecl_block$75.$for_loop$76[2].$fordecl_block$77.r[31:0]$2766
  1154/1309: $1$fordecl_block$71.$for_loop$72[2].$fordecl_block$73.$for_loop$74[1].$fordecl_block$75.$for_loop$76[1].$fordecl_block$77.r[31:0]$2765
  1155/1309: $1$fordecl_block$71.$for_loop$72[2].$fordecl_block$73.$for_loop$74[1].$fordecl_block$75.$for_loop$76[0].$fordecl_block$77.r[31:0]$2764
  1156/1309: $1$fordecl_block$71.$for_loop$72[2].$fordecl_block$73.$for_loop$74[1].$fordecl_block$75.j[31:0]$2763
  1157/1309: $1$fordecl_block$71.$for_loop$72[2].$fordecl_block$73.$for_loop$74[0].$fordecl_block$75.$for_loop$76[2].$fordecl_block$77.r[31:0]$2762
  1158/1309: $1$fordecl_block$71.$for_loop$72[2].$fordecl_block$73.$for_loop$74[0].$fordecl_block$75.$for_loop$76[1].$fordecl_block$77.r[31:0]$2761
  1159/1309: $1$fordecl_block$71.$for_loop$72[2].$fordecl_block$73.$for_loop$74[0].$fordecl_block$75.$for_loop$76[0].$fordecl_block$77.r[31:0]$2760
  1160/1309: $1$fordecl_block$71.$for_loop$72[2].$fordecl_block$73.$for_loop$74[0].$fordecl_block$75.j[31:0]$2759
  1161/1309: $1$fordecl_block$71.$for_loop$72[2].$fordecl_block$73.i[31:0]$2758
  1162/1309: $1$fordecl_block$71.$for_loop$72[1].$fordecl_block$73.$for_loop$74[2].$fordecl_block$75.$for_loop$76[2].$fordecl_block$77.r[31:0]$2757
  1163/1309: $1$fordecl_block$71.$for_loop$72[1].$fordecl_block$73.$for_loop$74[2].$fordecl_block$75.$for_loop$76[1].$fordecl_block$77.r[31:0]$2756
  1164/1309: $1$fordecl_block$71.$for_loop$72[1].$fordecl_block$73.$for_loop$74[2].$fordecl_block$75.$for_loop$76[0].$fordecl_block$77.r[31:0]$2755
  1165/1309: $1$fordecl_block$71.$for_loop$72[1].$fordecl_block$73.$for_loop$74[2].$fordecl_block$75.j[31:0]$2754
  1166/1309: $1$fordecl_block$71.$for_loop$72[1].$fordecl_block$73.$for_loop$74[1].$fordecl_block$75.$for_loop$76[2].$fordecl_block$77.r[31:0]$2753
  1167/1309: $1$fordecl_block$71.$for_loop$72[1].$fordecl_block$73.$for_loop$74[1].$fordecl_block$75.$for_loop$76[1].$fordecl_block$77.r[31:0]$2752
  1168/1309: $1$fordecl_block$71.$for_loop$72[1].$fordecl_block$73.$for_loop$74[1].$fordecl_block$75.$for_loop$76[0].$fordecl_block$77.r[31:0]$2751
  1169/1309: $1$fordecl_block$71.$for_loop$72[1].$fordecl_block$73.$for_loop$74[1].$fordecl_block$75.j[31:0]$2750
  1170/1309: $1$fordecl_block$71.$for_loop$72[1].$fordecl_block$73.$for_loop$74[0].$fordecl_block$75.$for_loop$76[2].$fordecl_block$77.r[31:0]$2749
  1171/1309: $1$fordecl_block$71.$for_loop$72[1].$fordecl_block$73.$for_loop$74[0].$fordecl_block$75.$for_loop$76[1].$fordecl_block$77.r[31:0]$2748
  1172/1309: $1$fordecl_block$71.$for_loop$72[1].$fordecl_block$73.$for_loop$74[0].$fordecl_block$75.$for_loop$76[0].$fordecl_block$77.r[31:0]$2747
  1173/1309: $1$fordecl_block$71.$for_loop$72[1].$fordecl_block$73.$for_loop$74[0].$fordecl_block$75.j[31:0]$2746
  1174/1309: $1$fordecl_block$71.$for_loop$72[1].$fordecl_block$73.i[31:0]$2745
  1175/1309: $1$fordecl_block$71.$for_loop$72[0].$fordecl_block$73.$for_loop$74[2].$fordecl_block$75.$for_loop$76[2].$fordecl_block$77.r[31:0]$2744
  1176/1309: $1$fordecl_block$71.$for_loop$72[0].$fordecl_block$73.$for_loop$74[2].$fordecl_block$75.$for_loop$76[1].$fordecl_block$77.r[31:0]$2743
  1177/1309: $1$fordecl_block$71.$for_loop$72[0].$fordecl_block$73.$for_loop$74[2].$fordecl_block$75.$for_loop$76[0].$fordecl_block$77.r[31:0]$2742
  1178/1309: $1$fordecl_block$71.$for_loop$72[0].$fordecl_block$73.$for_loop$74[2].$fordecl_block$75.j[31:0]$2741
  1179/1309: $1$fordecl_block$71.$for_loop$72[0].$fordecl_block$73.$for_loop$74[1].$fordecl_block$75.$for_loop$76[2].$fordecl_block$77.r[31:0]$2740
  1180/1309: $1$fordecl_block$71.$for_loop$72[0].$fordecl_block$73.$for_loop$74[1].$fordecl_block$75.$for_loop$76[1].$fordecl_block$77.r[31:0]$2739
  1181/1309: $1$fordecl_block$71.$for_loop$72[0].$fordecl_block$73.$for_loop$74[1].$fordecl_block$75.$for_loop$76[0].$fordecl_block$77.r[31:0]$2738
  1182/1309: $1$fordecl_block$71.$for_loop$72[0].$fordecl_block$73.$for_loop$74[1].$fordecl_block$75.j[31:0]$2737
  1183/1309: $1$fordecl_block$71.$for_loop$72[0].$fordecl_block$73.$for_loop$74[0].$fordecl_block$75.$for_loop$76[2].$fordecl_block$77.r[31:0]$2736
  1184/1309: $1$fordecl_block$71.$for_loop$72[0].$fordecl_block$73.$for_loop$74[0].$fordecl_block$75.$for_loop$76[1].$fordecl_block$77.r[31:0]$2735
  1185/1309: $1$fordecl_block$71.$for_loop$72[0].$fordecl_block$73.$for_loop$74[0].$fordecl_block$75.$for_loop$76[0].$fordecl_block$77.r[31:0]$2734
  1186/1309: $1$fordecl_block$71.$for_loop$72[0].$fordecl_block$73.$for_loop$74[0].$fordecl_block$75.j[31:0]$2733
  1187/1309: $1$fordecl_block$71.$for_loop$72[0].$fordecl_block$73.i[31:0]$2732
  1188/1309: $1$fordecl_block$71.m[31:0]$2731
  1189/1309: $1$fordecl_block$65.$for_loop$66[3].$fordecl_block$67.$for_loop$68[2].$fordecl_block$69.c[31:0]$2730
  1190/1309: $1$fordecl_block$65.$for_loop$66[3].$fordecl_block$67.$for_loop$68[1].$fordecl_block$69.c[31:0]$2729
  1191/1309: $1$fordecl_block$65.$for_loop$66[3].$fordecl_block$67.$for_loop$68[0].$fordecl_block$69.c[31:0]$2728
  1192/1309: $1$fordecl_block$65.$for_loop$66[3].$fordecl_block$67.r[31:0]$2727
  1193/1309: $1$fordecl_block$65.$for_loop$66[2].$fordecl_block$67.$for_loop$68[2].$fordecl_block$69.c[31:0]$2726
  1194/1309: $1$fordecl_block$65.$for_loop$66[2].$fordecl_block$67.$for_loop$68[1].$fordecl_block$69.c[31:0]$2725
  1195/1309: $1$fordecl_block$65.$for_loop$66[2].$fordecl_block$67.$for_loop$68[0].$fordecl_block$69.c[31:0]$2724
  1196/1309: $1$fordecl_block$65.$for_loop$66[2].$fordecl_block$67.r[31:0]$2723
  1197/1309: $1$fordecl_block$65.$for_loop$66[1].$fordecl_block$67.$for_loop$68[2].$fordecl_block$69.c[31:0]$2722
  1198/1309: $1$fordecl_block$65.$for_loop$66[1].$fordecl_block$67.$for_loop$68[1].$fordecl_block$69.c[31:0]$2721
  1199/1309: $1$fordecl_block$65.$for_loop$66[1].$fordecl_block$67.$for_loop$68[0].$fordecl_block$69.c[31:0]$2720
  1200/1309: $1$fordecl_block$65.$for_loop$66[1].$fordecl_block$67.r[31:0]$2719
  1201/1309: $1$fordecl_block$65.$for_loop$66[0].$fordecl_block$67.$for_loop$68[2].$fordecl_block$69.c[31:0]$2718
  1202/1309: $1$fordecl_block$65.$for_loop$66[0].$fordecl_block$67.$for_loop$68[1].$fordecl_block$69.c[31:0]$2717
  1203/1309: $1$fordecl_block$65.$for_loop$66[0].$fordecl_block$67.$for_loop$68[0].$fordecl_block$69.c[31:0]$2716
  1204/1309: $1$fordecl_block$65.$for_loop$66[0].$fordecl_block$67.r[31:0]$2715
  1205/1309: $1$fordecl_block$65.m[31:0]$2714
  1206/1309: $1$fordecl_block$59.$for_loop$60[3].$fordecl_block$61.$for_loop$62[2].$fordecl_block$63.j[31:0]$2713
  1207/1309: $1$fordecl_block$59.$for_loop$60[3].$fordecl_block$61.$for_loop$62[1].$fordecl_block$63.j[31:0]$2712
  1208/1309: $1$fordecl_block$59.$for_loop$60[3].$fordecl_block$61.$for_loop$62[0].$fordecl_block$63.j[31:0]$2711
  1209/1309: $1$fordecl_block$59.$for_loop$60[3].$fordecl_block$61.i[31:0]$2710
  1210/1309: $1$fordecl_block$59.$for_loop$60[2].$fordecl_block$61.$for_loop$62[2].$fordecl_block$63.j[31:0]$2709
  1211/1309: $1$fordecl_block$59.$for_loop$60[2].$fordecl_block$61.$for_loop$62[1].$fordecl_block$63.j[31:0]$2708
  1212/1309: $1$fordecl_block$59.$for_loop$60[2].$fordecl_block$61.$for_loop$62[0].$fordecl_block$63.j[31:0]$2707
  1213/1309: $1$fordecl_block$59.$for_loop$60[2].$fordecl_block$61.i[31:0]$2706
  1214/1309: $1$fordecl_block$59.$for_loop$60[1].$fordecl_block$61.$for_loop$62[2].$fordecl_block$63.j[31:0]$2705
  1215/1309: $1$fordecl_block$59.$for_loop$60[1].$fordecl_block$61.$for_loop$62[1].$fordecl_block$63.j[31:0]$2704
  1216/1309: $1$fordecl_block$59.$for_loop$60[1].$fordecl_block$61.$for_loop$62[0].$fordecl_block$63.j[31:0]$2703
  1217/1309: $1$fordecl_block$59.$for_loop$60[1].$fordecl_block$61.i[31:0]$2702
  1218/1309: $1$fordecl_block$59.$for_loop$60[0].$fordecl_block$61.$for_loop$62[2].$fordecl_block$63.j[31:0]$2701
  1219/1309: $1$fordecl_block$59.$for_loop$60[0].$fordecl_block$61.$for_loop$62[1].$fordecl_block$63.j[31:0]$2700
  1220/1309: $1$fordecl_block$59.$for_loop$60[0].$fordecl_block$61.$for_loop$62[0].$fordecl_block$63.j[31:0]$2699
  1221/1309: $1$fordecl_block$59.$for_loop$60[0].$fordecl_block$61.i[31:0]$2698
  1222/1309: $1$fordecl_block$59.m[31:0]$2697
  1223/1309: $1$fordecl_block$53.$for_loop$54[3].$fordecl_block$55.$for_loop$56[2].$fordecl_block$57.c[31:0]$2696
  1224/1309: $1$fordecl_block$53.$for_loop$54[3].$fordecl_block$55.$for_loop$56[1].$fordecl_block$57.c[31:0]$2695
  1225/1309: $1$fordecl_block$53.$for_loop$54[3].$fordecl_block$55.$for_loop$56[0].$fordecl_block$57.c[31:0]$2694
  1226/1309: $1$fordecl_block$53.$for_loop$54[3].$fordecl_block$55.r[31:0]$2693
  1227/1309: $1$fordecl_block$53.$for_loop$54[2].$fordecl_block$55.$for_loop$56[2].$fordecl_block$57.c[31:0]$2692
  1228/1309: $1$fordecl_block$53.$for_loop$54[2].$fordecl_block$55.$for_loop$56[1].$fordecl_block$57.c[31:0]$2691
  1229/1309: $1$fordecl_block$53.$for_loop$54[2].$fordecl_block$55.$for_loop$56[0].$fordecl_block$57.c[31:0]$2690
  1230/1309: $1$fordecl_block$53.$for_loop$54[2].$fordecl_block$55.r[31:0]$2689
  1231/1309: $1$fordecl_block$53.$for_loop$54[1].$fordecl_block$55.$for_loop$56[2].$fordecl_block$57.c[31:0]$2688
  1232/1309: $1$fordecl_block$53.$for_loop$54[1].$fordecl_block$55.$for_loop$56[1].$fordecl_block$57.c[31:0]$2687
  1233/1309: $1$fordecl_block$53.$for_loop$54[1].$fordecl_block$55.$for_loop$56[0].$fordecl_block$57.c[31:0]$2686
  1234/1309: $1$fordecl_block$53.$for_loop$54[1].$fordecl_block$55.r[31:0]$2685
  1235/1309: $1$fordecl_block$53.$for_loop$54[0].$fordecl_block$55.$for_loop$56[2].$fordecl_block$57.c[31:0]$2684
  1236/1309: $1$fordecl_block$53.$for_loop$54[0].$fordecl_block$55.$for_loop$56[1].$fordecl_block$57.c[31:0]$2683
  1237/1309: $1$fordecl_block$53.$for_loop$54[0].$fordecl_block$55.$for_loop$56[0].$fordecl_block$57.c[31:0]$2682
  1238/1309: $1$fordecl_block$53.$for_loop$54[0].$fordecl_block$55.r[31:0]$2681
  1239/1309: $1$fordecl_block$53.m[31:0]$2680
  1240/1309: $1$fordecl_block$49.$for_loop$50[2].$fordecl_block$51.c[31:0]$2679
  1241/1309: $1$fordecl_block$49.$for_loop$50[1].$fordecl_block$51.c[31:0]$2678
  1242/1309: $1$fordecl_block$49.$for_loop$50[0].$fordecl_block$51.c[31:0]$2677
  1243/1309: $1$fordecl_block$49.r[31:0]$2676
  1244/1309: $1$fordecl_block$45.$for_loop$46[2].$fordecl_block$47.j[31:0]$2675
  1245/1309: $1$fordecl_block$45.$for_loop$46[1].$fordecl_block$47.j[31:0]$2674
  1246/1309: $1$fordecl_block$45.$for_loop$46[0].$fordecl_block$47.j[31:0]$2673
  1247/1309: $1$fordecl_block$45.i[31:0]$2672
  1248/1309: $1$fordecl_block$41.$for_loop$42[2].$fordecl_block$43.j[31:0]$2671
  1249/1309: $1$fordecl_block$41.$for_loop$42[1].$fordecl_block$43.j[31:0]$2670
  1250/1309: $1$fordecl_block$41.$for_loop$42[0].$fordecl_block$43.j[31:0]$2669
  1251/1309: $1$fordecl_block$41.i[31:0]$2668
  1252/1309: $1$fordecl_block$35.$for_loop$36[2].$fordecl_block$37.$for_loop$38[2].$fordecl_block$39.m[31:0]$2667
  1253/1309: $1$fordecl_block$35.$for_loop$36[2].$fordecl_block$37.$for_loop$38[1].$fordecl_block$39.m[31:0]$2666
  1254/1309: $1$fordecl_block$35.$for_loop$36[2].$fordecl_block$37.$for_loop$38[0].$fordecl_block$39.m[31:0]$2665
  1255/1309: $1$fordecl_block$35.$for_loop$36[2].$fordecl_block$37.k[31:0]$2664
  1256/1309: $1$fordecl_block$35.$for_loop$36[1].$fordecl_block$37.$for_loop$38[2].$fordecl_block$39.m[31:0]$2663
  1257/1309: $1$fordecl_block$35.$for_loop$36[1].$fordecl_block$37.$for_loop$38[1].$fordecl_block$39.m[31:0]$2662
  1258/1309: $1$fordecl_block$35.$for_loop$36[1].$fordecl_block$37.$for_loop$38[0].$fordecl_block$39.m[31:0]$2661
  1259/1309: $1$fordecl_block$35.$for_loop$36[1].$fordecl_block$37.k[31:0]$2660
  1260/1309: $1$fordecl_block$35.$for_loop$36[0].$fordecl_block$37.$for_loop$38[2].$fordecl_block$39.m[31:0]$2659
  1261/1309: $1$fordecl_block$35.$for_loop$36[0].$fordecl_block$37.$for_loop$38[1].$fordecl_block$39.m[31:0]$2658
  1262/1309: $1$fordecl_block$35.$for_loop$36[0].$fordecl_block$37.$for_loop$38[0].$fordecl_block$39.m[31:0]$2657
  1263/1309: $1$fordecl_block$35.$for_loop$36[0].$fordecl_block$37.k[31:0]$2656
  1264/1309: $1$fordecl_block$35.j[31:0]$2655
  1265/1309: $0\mat_arr[35][7:0]
  1266/1309: $0\mat_arr[34][7:0]
  1267/1309: $0\mat_arr[33][7:0]
  1268/1309: $0\mat_arr[32][7:0]
  1269/1309: $0\mat_arr[31][7:0]
  1270/1309: $0\mat_arr[30][7:0]
  1271/1309: $0\mat_arr[29][7:0]
  1272/1309: $0\mat_arr[28][7:0]
  1273/1309: $0\mat_arr[27][7:0]
  1274/1309: $0\mat_arr[26][7:0]
  1275/1309: $0\mat_arr[25][7:0]
  1276/1309: $0\mat_arr[24][7:0]
  1277/1309: $0\mat_arr[23][7:0]
  1278/1309: $0\mat_arr[22][7:0]
  1279/1309: $0\mat_arr[21][7:0]
  1280/1309: $0\mat_arr[20][7:0]
  1281/1309: $0\mat_arr[19][7:0]
  1282/1309: $0\mat_arr[18][7:0]
  1283/1309: $0\mat_arr[17][7:0]
  1284/1309: $0\mat_arr[16][7:0]
  1285/1309: $0\mat_arr[15][7:0]
  1286/1309: $0\mat_arr[14][7:0]
  1287/1309: $0\mat_arr[13][7:0]
  1288/1309: $0\mat_arr[12][7:0]
  1289/1309: $0\mat_arr[11][7:0]
  1290/1309: $0\mat_arr[10][7:0]
  1291/1309: $0\mat_arr[9][7:0]
  1292/1309: $0\mat_arr[8][7:0]
  1293/1309: $0\mat_arr[7][7:0]
  1294/1309: $0\mat_arr[6][7:0]
  1295/1309: $0\mat_arr[5][7:0]
  1296/1309: $0\mat_arr[4][7:0]
  1297/1309: $0\mat_arr[3][7:0]
  1298/1309: $0\mat_arr[2][7:0]
  1299/1309: $0\mat_arr[1][7:0]
  1300/1309: $0\mat_arr[0][7:0]
  1301/1309: $0\accum[8][22:0]
  1302/1309: $0\accum[7][22:0]
  1303/1309: $0\accum[6][22:0]
  1304/1309: $0\accum[5][22:0]
  1305/1309: $0\accum[4][22:0]
  1306/1309: $0\accum[3][22:0]
  1307/1309: $0\accum[2][22:0]
  1308/1309: $0\accum[1][22:0]
  1309/1309: $0\accum[0][22:0]
Creating decoders for process `$paramod\reg_bank\GRID_SIZE=s32'00000000000000000000000000000011.$proc$/foss/designs/integration_final/src/reg_bank.sv:256$2399'.
     1/14: $10\o_quant_ip[22:0]
     2/14: $9\o_quant_ip[22:0]
     3/14: $8\o_quant_ip[22:0]
     4/14: $7\o_quant_ip[22:0]
     5/14: $6\o_quant_ip[22:0]
     6/14: $5\o_quant_ip[22:0]
     7/14: $4\o_quant_ip[22:0]
     8/14: $3\o_quant_ip[22:0]
     9/14: $2\o_quant_ip[22:0]
    10/14: $1$fordecl_block$31.r[31:0]$2405
    11/14: $1$fordecl_block$31.$for_loop$32[2].$fordecl_block$33.c[31:0]$2408
    12/14: $1\o_quant_ip[22:0]
    13/14: $1$fordecl_block$31.$for_loop$32[1].$fordecl_block$33.c[31:0]$2407
    14/14: $1$fordecl_block$31.$for_loop$32[0].$fordecl_block$33.c[31:0]$2406
Creating decoders for process `$paramod\reg_bank\GRID_SIZE=s32'00000000000000000000000000000011.$proc$/foss/designs/integration_final/src/reg_bank.sv:239$2392'.
     1/10: $1$fordecl_block$29.i[31:0]$2397
     2/10: $0\cols_a_d[3][1:0]
     3/10: $0\rows_a_d[3][1:0]
     4/10: $0\cols_a_d[2][1:0]
     5/10: $0\rows_a_d[2][1:0]
     6/10: $0\cols_a_d[1][1:0]
     7/10: $0\rows_a_d[1][1:0]
     8/10: $0\cols_a_d[0][1:0]
     9/10: $0\rows_a_d[0][1:0]
    10/10: $1$fordecl_block$27.i[31:0]$2396
Creating decoders for process `$paramod\reg_bank\GRID_SIZE=s32'00000000000000000000000000000011.$proc$/foss/designs/integration_final/src/reg_bank.sv:182$346'.
     1/612: $190\o_data_b[80:72]
     2/612: $189\o_data_b[80:72]
     3/612: $188\o_data_b[80:72]
     4/612: $262\o_data_a[80:72]
     5/612: $261\o_data_a[80:72]
     6/612: $260\o_data_a[80:72]
     7/612: $187\o_data_b[80:72]
     8/612: $186\o_data_b[80:72]
     9/612: $185\o_data_b[80:72]
    10/612: $259\o_data_a[80:72]
    11/612: $258\o_data_a[80:72]
    12/612: $257\o_data_a[80:72]
    13/612: $184\o_data_b[80:72]
    14/612: $183\o_data_b[80:72]
    15/612: $182\o_data_b[80:72]
    16/612: $256\o_data_a[80:72]
    17/612: $255\o_data_a[80:72]
    18/612: $254\o_data_a[80:72]
    19/612: $181\o_data_b[80:72]
    20/612: $180\o_data_b[80:72]
    21/612: $179\o_data_b[80:72]
    22/612: $253\o_data_a[80:72]
    23/612: $252\o_data_a[80:72]
    24/612: $251\o_data_a[80:72]
    25/612: $178\o_data_b[80:72]
    26/612: $250\o_data_a[80:72]
    27/612: $177\o_data_b[80:72]
    28/612: $249\o_data_a[80:72]
    29/612: $176\o_data_b[80:72]
    30/612: $248\o_data_a[80:72]
    31/612: $175\o_data_b[80:72]
    32/612: $247\o_data_a[80:72]
    33/612: $246\o_data_a[80:72]
    34/612: $245\o_data_a[80:72]
    35/612: $244\o_data_a[80:72]
    36/612: $243\o_data_a[80:72]
    37/612: $242\o_data_a[80:72]
    38/612: $241\o_data_a[80:72]
    39/612: $240\o_data_a[80:72]
    40/612: $239\o_data_a[80:72]
    41/612: $1$fordecl_block$7.$for_loop$8[2].$fordecl_block$9.$for_loop$10[2].$fordecl_block$11.m[31:0]$2237
    42/612: $238\o_data_a[80:72]
    43/612: $174\o_data_b[80:72]
    44/612: $1$fordecl_block$7.$for_loop$8[2].$fordecl_block$9.$for_loop$10[2].$fordecl_block$15.$for_loop$16[3].$fordecl_block$19.r[31:0]$2247
    45/612: $1$fordecl_block$7.$for_loop$8[2].$fordecl_block$9.$for_loop$10[2].$fordecl_block$15.$for_loop$16[3].$fordecl_block$17.c[31:0]$2246
    46/612: $1$fordecl_block$7.$for_loop$8[2].$fordecl_block$9.$for_loop$10[2].$fordecl_block$15.$for_loop$16[2].$fordecl_block$19.r[31:0]$2245
    47/612: $1$fordecl_block$7.$for_loop$8[2].$fordecl_block$9.$for_loop$10[2].$fordecl_block$15.$for_loop$16[2].$fordecl_block$17.c[31:0]$2244
    48/612: $1$fordecl_block$7.$for_loop$8[2].$fordecl_block$9.$for_loop$10[2].$fordecl_block$15.$for_loop$16[1].$fordecl_block$19.r[31:0]$2243
    49/612: $1$fordecl_block$7.$for_loop$8[2].$fordecl_block$9.$for_loop$10[2].$fordecl_block$15.$for_loop$16[1].$fordecl_block$17.c[31:0]$2242
    50/612: $1$fordecl_block$7.$for_loop$8[2].$fordecl_block$9.$for_loop$10[2].$fordecl_block$15.$for_loop$16[0].$fordecl_block$19.r[31:0]$2241
    51/612: $1$fordecl_block$7.$for_loop$8[2].$fordecl_block$9.$for_loop$10[2].$fordecl_block$15.$for_loop$16[0].$fordecl_block$17.c[31:0]$2240
    52/612: $1$fordecl_block$7.$for_loop$8[2].$fordecl_block$9.$for_loop$10[2].$fordecl_block$15.m[31:0]$2239
    53/612: $1$fordecl_block$7.$for_loop$8[2].$fordecl_block$9.$for_loop$10[2].$fordecl_block$13.m[31:0]$2238
    54/612: $27\o_data_valid[8:8]
    55/612: $26\o_data_valid[8:8]
    56/612: $25\o_data_valid[8:8]
    57/612: $173\o_data_b[71:63]
    58/612: $172\o_data_b[71:63]
    59/612: $171\o_data_b[71:63]
    60/612: $237\o_data_a[71:63]
    61/612: $236\o_data_a[71:63]
    62/612: $235\o_data_a[71:63]
    63/612: $170\o_data_b[71:63]
    64/612: $169\o_data_b[71:63]
    65/612: $168\o_data_b[71:63]
    66/612: $234\o_data_a[71:63]
    67/612: $233\o_data_a[71:63]
    68/612: $232\o_data_a[71:63]
    69/612: $167\o_data_b[71:63]
    70/612: $166\o_data_b[71:63]
    71/612: $165\o_data_b[71:63]
    72/612: $231\o_data_a[71:63]
    73/612: $230\o_data_a[71:63]
    74/612: $229\o_data_a[71:63]
    75/612: $164\o_data_b[71:63]
    76/612: $163\o_data_b[71:63]
    77/612: $162\o_data_b[71:63]
    78/612: $228\o_data_a[71:63]
    79/612: $227\o_data_a[71:63]
    80/612: $226\o_data_a[71:63]
    81/612: $161\o_data_b[71:63]
    82/612: $225\o_data_a[71:63]
    83/612: $160\o_data_b[71:63]
    84/612: $224\o_data_a[71:63]
    85/612: $159\o_data_b[71:63]
    86/612: $223\o_data_a[71:63]
    87/612: $158\o_data_b[71:63]
    88/612: $222\o_data_a[71:63]
    89/612: $221\o_data_a[71:63]
    90/612: $220\o_data_a[71:63]
    91/612: $219\o_data_a[71:63]
    92/612: $218\o_data_a[71:63]
    93/612: $217\o_data_a[71:63]
    94/612: $216\o_data_a[71:63]
    95/612: $215\o_data_a[71:63]
    96/612: $214\o_data_a[71:63]
    97/612: $1$fordecl_block$7.$for_loop$8[2].$fordecl_block$9.$for_loop$10[1].$fordecl_block$11.m[31:0]$2075
    98/612: $213\o_data_a[71:63]
    99/612: $157\o_data_b[71:63]
   100/612: $1$fordecl_block$7.$for_loop$8[2].$fordecl_block$9.$for_loop$10[1].$fordecl_block$15.$for_loop$16[3].$fordecl_block$19.r[31:0]$2085
   101/612: $1$fordecl_block$7.$for_loop$8[2].$fordecl_block$9.$for_loop$10[1].$fordecl_block$15.$for_loop$16[3].$fordecl_block$17.c[31:0]$2084
   102/612: $1$fordecl_block$7.$for_loop$8[2].$fordecl_block$9.$for_loop$10[1].$fordecl_block$15.$for_loop$16[2].$fordecl_block$19.r[31:0]$2083
   103/612: $1$fordecl_block$7.$for_loop$8[2].$fordecl_block$9.$for_loop$10[1].$fordecl_block$15.$for_loop$16[2].$fordecl_block$17.c[31:0]$2082
   104/612: $1$fordecl_block$7.$for_loop$8[2].$fordecl_block$9.$for_loop$10[1].$fordecl_block$15.$for_loop$16[1].$fordecl_block$19.r[31:0]$2081
   105/612: $1$fordecl_block$7.$for_loop$8[2].$fordecl_block$9.$for_loop$10[1].$fordecl_block$15.$for_loop$16[1].$fordecl_block$17.c[31:0]$2080
   106/612: $1$fordecl_block$7.$for_loop$8[2].$fordecl_block$9.$for_loop$10[1].$fordecl_block$15.$for_loop$16[0].$fordecl_block$19.r[31:0]$2079
   107/612: $1$fordecl_block$7.$for_loop$8[2].$fordecl_block$9.$for_loop$10[1].$fordecl_block$15.$for_loop$16[0].$fordecl_block$17.c[31:0]$2078
   108/612: $1$fordecl_block$7.$for_loop$8[2].$fordecl_block$9.$for_loop$10[1].$fordecl_block$15.m[31:0]$2077
   109/612: $1$fordecl_block$7.$for_loop$8[2].$fordecl_block$9.$for_loop$10[1].$fordecl_block$13.m[31:0]$2076
   110/612: $24\o_data_valid[7:7]
   111/612: $23\o_data_valid[7:7]
   112/612: $22\o_data_valid[7:7]
   113/612: $156\o_data_b[62:54]
   114/612: $155\o_data_b[62:54]
   115/612: $154\o_data_b[62:54]
   116/612: $212\o_data_a[62:54]
   117/612: $211\o_data_a[62:54]
   118/612: $210\o_data_a[62:54]
   119/612: $153\o_data_b[62:54]
   120/612: $152\o_data_b[62:54]
   121/612: $151\o_data_b[62:54]
   122/612: $209\o_data_a[62:54]
   123/612: $208\o_data_a[62:54]
   124/612: $207\o_data_a[62:54]
   125/612: $150\o_data_b[62:54]
   126/612: $149\o_data_b[62:54]
   127/612: $148\o_data_b[62:54]
   128/612: $206\o_data_a[62:54]
   129/612: $205\o_data_a[62:54]
   130/612: $204\o_data_a[62:54]
   131/612: $147\o_data_b[62:54]
   132/612: $146\o_data_b[62:54]
   133/612: $145\o_data_b[62:54]
   134/612: $203\o_data_a[62:54]
   135/612: $202\o_data_a[62:54]
   136/612: $201\o_data_a[62:54]
   137/612: $144\o_data_b[62:54]
   138/612: $200\o_data_a[62:54]
   139/612: $143\o_data_b[62:54]
   140/612: $199\o_data_a[62:54]
   141/612: $142\o_data_b[62:54]
   142/612: $198\o_data_a[62:54]
   143/612: $141\o_data_b[62:54]
   144/612: $197\o_data_a[62:54]
   145/612: $196\o_data_a[62:54]
   146/612: $195\o_data_a[62:54]
   147/612: $194\o_data_a[62:54]
   148/612: $193\o_data_a[62:54]
   149/612: $192\o_data_a[62:54]
   150/612: $191\o_data_a[62:54]
   151/612: $190\o_data_a[62:54]
   152/612: $189\o_data_a[62:54]
   153/612: $1$fordecl_block$7.$for_loop$8[2].$fordecl_block$9.$for_loop$10[0].$fordecl_block$11.m[31:0]$1913
   154/612: $188\o_data_a[62:54]
   155/612: $140\o_data_b[62:54]
   156/612: $1$fordecl_block$7.$for_loop$8[2].$fordecl_block$9.$for_loop$10[0].$fordecl_block$15.$for_loop$16[3].$fordecl_block$19.r[31:0]$1923
   157/612: $1$fordecl_block$7.$for_loop$8[2].$fordecl_block$9.$for_loop$10[0].$fordecl_block$15.$for_loop$16[3].$fordecl_block$17.c[31:0]$1922
   158/612: $1$fordecl_block$7.$for_loop$8[2].$fordecl_block$9.$for_loop$10[0].$fordecl_block$15.$for_loop$16[2].$fordecl_block$19.r[31:0]$1921
   159/612: $1$fordecl_block$7.$for_loop$8[2].$fordecl_block$9.$for_loop$10[0].$fordecl_block$15.$for_loop$16[2].$fordecl_block$17.c[31:0]$1920
   160/612: $1$fordecl_block$7.$for_loop$8[2].$fordecl_block$9.$for_loop$10[0].$fordecl_block$15.$for_loop$16[1].$fordecl_block$19.r[31:0]$1919
   161/612: $1$fordecl_block$7.$for_loop$8[2].$fordecl_block$9.$for_loop$10[0].$fordecl_block$15.$for_loop$16[1].$fordecl_block$17.c[31:0]$1918
   162/612: $1$fordecl_block$7.$for_loop$8[2].$fordecl_block$9.$for_loop$10[0].$fordecl_block$15.$for_loop$16[0].$fordecl_block$19.r[31:0]$1917
   163/612: $1$fordecl_block$7.$for_loop$8[2].$fordecl_block$9.$for_loop$10[0].$fordecl_block$15.$for_loop$16[0].$fordecl_block$17.c[31:0]$1916
   164/612: $1$fordecl_block$7.$for_loop$8[2].$fordecl_block$9.$for_loop$10[0].$fordecl_block$15.m[31:0]$1915
   165/612: $1$fordecl_block$7.$for_loop$8[2].$fordecl_block$9.$for_loop$10[0].$fordecl_block$13.m[31:0]$1914
   166/612: $21\o_data_valid[6:6]
   167/612: $20\o_data_valid[6:6]
   168/612: $19\o_data_valid[6:6]
   169/612: $139\o_data_b[53:45]
   170/612: $138\o_data_b[53:45]
   171/612: $137\o_data_b[53:45]
   172/612: $187\o_data_a[53:45]
   173/612: $186\o_data_a[53:45]
   174/612: $185\o_data_a[53:45]
   175/612: $136\o_data_b[53:45]
   176/612: $135\o_data_b[53:45]
   177/612: $134\o_data_b[53:45]
   178/612: $184\o_data_a[53:45]
   179/612: $183\o_data_a[53:45]
   180/612: $182\o_data_a[53:45]
   181/612: $133\o_data_b[53:45]
   182/612: $132\o_data_b[53:45]
   183/612: $131\o_data_b[53:45]
   184/612: $181\o_data_a[53:45]
   185/612: $180\o_data_a[53:45]
   186/612: $179\o_data_a[53:45]
   187/612: $130\o_data_b[53:45]
   188/612: $129\o_data_b[53:45]
   189/612: $128\o_data_b[53:45]
   190/612: $178\o_data_a[53:45]
   191/612: $177\o_data_a[53:45]
   192/612: $176\o_data_a[53:45]
   193/612: $127\o_data_b[53:45]
   194/612: $175\o_data_a[53:45]
   195/612: $126\o_data_b[53:45]
   196/612: $174\o_data_a[53:45]
   197/612: $125\o_data_b[53:45]
   198/612: $173\o_data_a[53:45]
   199/612: $124\o_data_b[53:45]
   200/612: $172\o_data_a[53:45]
   201/612: $171\o_data_a[53:45]
   202/612: $170\o_data_a[53:45]
   203/612: $169\o_data_a[53:45]
   204/612: $168\o_data_a[53:45]
   205/612: $167\o_data_a[53:45]
   206/612: $166\o_data_a[53:45]
   207/612: $165\o_data_a[53:45]
   208/612: $164\o_data_a[53:45]
   209/612: $1$fordecl_block$7.$for_loop$8[1].$fordecl_block$9.$for_loop$10[2].$fordecl_block$11.m[31:0]$1751
   210/612: $163\o_data_a[53:45]
   211/612: $123\o_data_b[53:45]
   212/612: $1$fordecl_block$7.$for_loop$8[1].$fordecl_block$9.$for_loop$10[2].$fordecl_block$15.$for_loop$16[3].$fordecl_block$19.r[31:0]$1761
   213/612: $1$fordecl_block$7.$for_loop$8[1].$fordecl_block$9.$for_loop$10[2].$fordecl_block$15.$for_loop$16[3].$fordecl_block$17.c[31:0]$1760
   214/612: $1$fordecl_block$7.$for_loop$8[1].$fordecl_block$9.$for_loop$10[2].$fordecl_block$15.$for_loop$16[2].$fordecl_block$19.r[31:0]$1759
   215/612: $1$fordecl_block$7.$for_loop$8[1].$fordecl_block$9.$for_loop$10[2].$fordecl_block$15.$for_loop$16[2].$fordecl_block$17.c[31:0]$1758
   216/612: $1$fordecl_block$7.$for_loop$8[1].$fordecl_block$9.$for_loop$10[2].$fordecl_block$15.$for_loop$16[1].$fordecl_block$19.r[31:0]$1757
   217/612: $1$fordecl_block$7.$for_loop$8[1].$fordecl_block$9.$for_loop$10[2].$fordecl_block$15.$for_loop$16[1].$fordecl_block$17.c[31:0]$1756
   218/612: $1$fordecl_block$7.$for_loop$8[1].$fordecl_block$9.$for_loop$10[2].$fordecl_block$15.$for_loop$16[0].$fordecl_block$19.r[31:0]$1755
   219/612: $1$fordecl_block$7.$for_loop$8[1].$fordecl_block$9.$for_loop$10[2].$fordecl_block$15.$for_loop$16[0].$fordecl_block$17.c[31:0]$1754
   220/612: $1$fordecl_block$7.$for_loop$8[1].$fordecl_block$9.$for_loop$10[2].$fordecl_block$15.m[31:0]$1753
   221/612: $1$fordecl_block$7.$for_loop$8[1].$fordecl_block$9.$for_loop$10[2].$fordecl_block$13.m[31:0]$1752
   222/612: $18\o_data_valid[5:5]
   223/612: $17\o_data_valid[5:5]
   224/612: $16\o_data_valid[5:5]
   225/612: $122\o_data_b[44:36]
   226/612: $121\o_data_b[44:36]
   227/612: $120\o_data_b[44:36]
   228/612: $162\o_data_a[44:36]
   229/612: $161\o_data_a[44:36]
   230/612: $160\o_data_a[44:36]
   231/612: $119\o_data_b[44:36]
   232/612: $118\o_data_b[44:36]
   233/612: $117\o_data_b[44:36]
   234/612: $159\o_data_a[44:36]
   235/612: $158\o_data_a[44:36]
   236/612: $157\o_data_a[44:36]
   237/612: $116\o_data_b[44:36]
   238/612: $115\o_data_b[44:36]
   239/612: $114\o_data_b[44:36]
   240/612: $156\o_data_a[44:36]
   241/612: $155\o_data_a[44:36]
   242/612: $154\o_data_a[44:36]
   243/612: $113\o_data_b[44:36]
   244/612: $112\o_data_b[44:36]
   245/612: $111\o_data_b[44:36]
   246/612: $153\o_data_a[44:36]
   247/612: $152\o_data_a[44:36]
   248/612: $151\o_data_a[44:36]
   249/612: $110\o_data_b[44:36]
   250/612: $150\o_data_a[44:36]
   251/612: $109\o_data_b[44:36]
   252/612: $149\o_data_a[44:36]
   253/612: $108\o_data_b[44:36]
   254/612: $148\o_data_a[44:36]
   255/612: $107\o_data_b[44:36]
   256/612: $147\o_data_a[44:36]
   257/612: $146\o_data_a[44:36]
   258/612: $145\o_data_a[44:36]
   259/612: $144\o_data_a[44:36]
   260/612: $143\o_data_a[44:36]
   261/612: $142\o_data_a[44:36]
   262/612: $141\o_data_a[44:36]
   263/612: $140\o_data_a[44:36]
   264/612: $139\o_data_a[44:36]
   265/612: $1$fordecl_block$7.$for_loop$8[1].$fordecl_block$9.$for_loop$10[1].$fordecl_block$11.m[31:0]$1589
   266/612: $138\o_data_a[44:36]
   267/612: $106\o_data_b[44:36]
   268/612: $1$fordecl_block$7.$for_loop$8[1].$fordecl_block$9.$for_loop$10[1].$fordecl_block$15.$for_loop$16[3].$fordecl_block$19.r[31:0]$1599
   269/612: $1$fordecl_block$7.$for_loop$8[1].$fordecl_block$9.$for_loop$10[1].$fordecl_block$15.$for_loop$16[3].$fordecl_block$17.c[31:0]$1598
   270/612: $1$fordecl_block$7.$for_loop$8[1].$fordecl_block$9.$for_loop$10[1].$fordecl_block$15.$for_loop$16[2].$fordecl_block$19.r[31:0]$1597
   271/612: $1$fordecl_block$7.$for_loop$8[1].$fordecl_block$9.$for_loop$10[1].$fordecl_block$15.$for_loop$16[2].$fordecl_block$17.c[31:0]$1596
   272/612: $1$fordecl_block$7.$for_loop$8[1].$fordecl_block$9.$for_loop$10[1].$fordecl_block$15.$for_loop$16[1].$fordecl_block$19.r[31:0]$1595
   273/612: $1$fordecl_block$7.$for_loop$8[1].$fordecl_block$9.$for_loop$10[1].$fordecl_block$15.$for_loop$16[1].$fordecl_block$17.c[31:0]$1594
   274/612: $1$fordecl_block$7.$for_loop$8[1].$fordecl_block$9.$for_loop$10[1].$fordecl_block$15.$for_loop$16[0].$fordecl_block$19.r[31:0]$1593
   275/612: $1$fordecl_block$7.$for_loop$8[1].$fordecl_block$9.$for_loop$10[1].$fordecl_block$15.$for_loop$16[0].$fordecl_block$17.c[31:0]$1592
   276/612: $1$fordecl_block$7.$for_loop$8[1].$fordecl_block$9.$for_loop$10[1].$fordecl_block$15.m[31:0]$1591
   277/612: $1$fordecl_block$7.$for_loop$8[1].$fordecl_block$9.$for_loop$10[1].$fordecl_block$13.m[31:0]$1590
   278/612: $15\o_data_valid[4:4]
   279/612: $14\o_data_valid[4:4]
   280/612: $13\o_data_valid[4:4]
   281/612: $105\o_data_b[35:27]
   282/612: $104\o_data_b[35:27]
   283/612: $103\o_data_b[35:27]
   284/612: $137\o_data_a[35:27]
   285/612: $136\o_data_a[35:27]
   286/612: $135\o_data_a[35:27]
   287/612: $102\o_data_b[35:27]
   288/612: $101\o_data_b[35:27]
   289/612: $100\o_data_b[35:27]
   290/612: $134\o_data_a[35:27]
   291/612: $133\o_data_a[35:27]
   292/612: $132\o_data_a[35:27]
   293/612: $99\o_data_b[35:27]
   294/612: $98\o_data_b[35:27]
   295/612: $97\o_data_b[35:27]
   296/612: $131\o_data_a[35:27]
   297/612: $130\o_data_a[35:27]
   298/612: $129\o_data_a[35:27]
   299/612: $96\o_data_b[35:27]
   300/612: $95\o_data_b[35:27]
   301/612: $94\o_data_b[35:27]
   302/612: $128\o_data_a[35:27]
   303/612: $127\o_data_a[35:27]
   304/612: $126\o_data_a[35:27]
   305/612: $93\o_data_b[35:27]
   306/612: $125\o_data_a[35:27]
   307/612: $92\o_data_b[35:27]
   308/612: $124\o_data_a[35:27]
   309/612: $91\o_data_b[35:27]
   310/612: $123\o_data_a[35:27]
   311/612: $90\o_data_b[35:27]
   312/612: $122\o_data_a[35:27]
   313/612: $121\o_data_a[35:27]
   314/612: $120\o_data_a[35:27]
   315/612: $119\o_data_a[35:27]
   316/612: $118\o_data_a[35:27]
   317/612: $117\o_data_a[35:27]
   318/612: $116\o_data_a[35:27]
   319/612: $115\o_data_a[35:27]
   320/612: $114\o_data_a[35:27]
   321/612: $1$fordecl_block$7.$for_loop$8[1].$fordecl_block$9.$for_loop$10[0].$fordecl_block$11.m[31:0]$1427
   322/612: $113\o_data_a[35:27]
   323/612: $89\o_data_b[35:27]
   324/612: $1$fordecl_block$7.$for_loop$8[1].$fordecl_block$9.$for_loop$10[0].$fordecl_block$15.$for_loop$16[3].$fordecl_block$19.r[31:0]$1437
   325/612: $1$fordecl_block$7.$for_loop$8[1].$fordecl_block$9.$for_loop$10[0].$fordecl_block$15.$for_loop$16[3].$fordecl_block$17.c[31:0]$1436
   326/612: $1$fordecl_block$7.$for_loop$8[1].$fordecl_block$9.$for_loop$10[0].$fordecl_block$15.$for_loop$16[2].$fordecl_block$19.r[31:0]$1435
   327/612: $1$fordecl_block$7.$for_loop$8[1].$fordecl_block$9.$for_loop$10[0].$fordecl_block$15.$for_loop$16[2].$fordecl_block$17.c[31:0]$1434
   328/612: $1$fordecl_block$7.$for_loop$8[1].$fordecl_block$9.$for_loop$10[0].$fordecl_block$15.$for_loop$16[1].$fordecl_block$19.r[31:0]$1433
   329/612: $1$fordecl_block$7.$for_loop$8[1].$fordecl_block$9.$for_loop$10[0].$fordecl_block$15.$for_loop$16[1].$fordecl_block$17.c[31:0]$1432
   330/612: $1$fordecl_block$7.$for_loop$8[1].$fordecl_block$9.$for_loop$10[0].$fordecl_block$15.$for_loop$16[0].$fordecl_block$19.r[31:0]$1431
   331/612: $1$fordecl_block$7.$for_loop$8[1].$fordecl_block$9.$for_loop$10[0].$fordecl_block$15.$for_loop$16[0].$fordecl_block$17.c[31:0]$1430
   332/612: $1$fordecl_block$7.$for_loop$8[1].$fordecl_block$9.$for_loop$10[0].$fordecl_block$15.m[31:0]$1429
   333/612: $1$fordecl_block$7.$for_loop$8[1].$fordecl_block$9.$for_loop$10[0].$fordecl_block$13.m[31:0]$1428
   334/612: $12\o_data_valid[3:3]
   335/612: $11\o_data_valid[3:3]
   336/612: $10\o_data_valid[3:3]
   337/612: $88\o_data_b[26:18]
   338/612: $87\o_data_b[26:18]
   339/612: $86\o_data_b[26:18]
   340/612: $112\o_data_a[26:18]
   341/612: $111\o_data_a[26:18]
   342/612: $110\o_data_a[26:18]
   343/612: $85\o_data_b[26:18]
   344/612: $84\o_data_b[26:18]
   345/612: $83\o_data_b[26:18]
   346/612: $109\o_data_a[26:18]
   347/612: $108\o_data_a[26:18]
   348/612: $107\o_data_a[26:18]
   349/612: $82\o_data_b[26:18]
   350/612: $81\o_data_b[26:18]
   351/612: $80\o_data_b[26:18]
   352/612: $106\o_data_a[26:18]
   353/612: $105\o_data_a[26:18]
   354/612: $104\o_data_a[26:18]
   355/612: $79\o_data_b[26:18]
   356/612: $78\o_data_b[26:18]
   357/612: $77\o_data_b[26:18]
   358/612: $103\o_data_a[26:18]
   359/612: $102\o_data_a[26:18]
   360/612: $101\o_data_a[26:18]
   361/612: $76\o_data_b[26:18]
   362/612: $100\o_data_a[26:18]
   363/612: $75\o_data_b[26:18]
   364/612: $99\o_data_a[26:18]
   365/612: $74\o_data_b[26:18]
   366/612: $98\o_data_a[26:18]
   367/612: $73\o_data_b[26:18]
   368/612: $97\o_data_a[26:18]
   369/612: $96\o_data_a[26:18]
   370/612: $95\o_data_a[26:18]
   371/612: $94\o_data_a[26:18]
   372/612: $93\o_data_a[26:18]
   373/612: $92\o_data_a[26:18]
   374/612: $91\o_data_a[26:18]
   375/612: $90\o_data_a[26:18]
   376/612: $89\o_data_a[26:18]
   377/612: $1$fordecl_block$7.$for_loop$8[0].$fordecl_block$9.$for_loop$10[2].$fordecl_block$11.m[31:0]$1265
   378/612: $88\o_data_a[26:18]
   379/612: $72\o_data_b[26:18]
   380/612: $1$fordecl_block$7.$for_loop$8[0].$fordecl_block$9.$for_loop$10[2].$fordecl_block$15.$for_loop$16[3].$fordecl_block$19.r[31:0]$1275
   381/612: $1$fordecl_block$7.$for_loop$8[0].$fordecl_block$9.$for_loop$10[2].$fordecl_block$15.$for_loop$16[3].$fordecl_block$17.c[31:0]$1274
   382/612: $1$fordecl_block$7.$for_loop$8[0].$fordecl_block$9.$for_loop$10[2].$fordecl_block$15.$for_loop$16[2].$fordecl_block$19.r[31:0]$1273
   383/612: $1$fordecl_block$7.$for_loop$8[0].$fordecl_block$9.$for_loop$10[2].$fordecl_block$15.$for_loop$16[2].$fordecl_block$17.c[31:0]$1272
   384/612: $1$fordecl_block$7.$for_loop$8[0].$fordecl_block$9.$for_loop$10[2].$fordecl_block$15.$for_loop$16[1].$fordecl_block$19.r[31:0]$1271
   385/612: $1$fordecl_block$7.$for_loop$8[0].$fordecl_block$9.$for_loop$10[2].$fordecl_block$15.$for_loop$16[1].$fordecl_block$17.c[31:0]$1270
   386/612: $1$fordecl_block$7.$for_loop$8[0].$fordecl_block$9.$for_loop$10[2].$fordecl_block$15.$for_loop$16[0].$fordecl_block$19.r[31:0]$1269
   387/612: $1$fordecl_block$7.$for_loop$8[0].$fordecl_block$9.$for_loop$10[2].$fordecl_block$15.$for_loop$16[0].$fordecl_block$17.c[31:0]$1268
   388/612: $1$fordecl_block$7.$for_loop$8[0].$fordecl_block$9.$for_loop$10[2].$fordecl_block$15.m[31:0]$1267
   389/612: $1$fordecl_block$7.$for_loop$8[0].$fordecl_block$9.$for_loop$10[2].$fordecl_block$13.m[31:0]$1266
   390/612: $9\o_data_valid[2:2]
   391/612: $8\o_data_valid[2:2]
   392/612: $7\o_data_valid[2:2]
   393/612: $71\o_data_b[17:9]
   394/612: $70\o_data_b[17:9]
   395/612: $69\o_data_b[17:9]
   396/612: $87\o_data_a[17:9]
   397/612: $86\o_data_a[17:9]
   398/612: $85\o_data_a[17:9]
   399/612: $68\o_data_b[17:9]
   400/612: $67\o_data_b[17:9]
   401/612: $66\o_data_b[17:9]
   402/612: $84\o_data_a[17:9]
   403/612: $83\o_data_a[17:9]
   404/612: $82\o_data_a[17:9]
   405/612: $65\o_data_b[17:9]
   406/612: $64\o_data_b[17:9]
   407/612: $63\o_data_b[17:9]
   408/612: $81\o_data_a[17:9]
   409/612: $80\o_data_a[17:9]
   410/612: $79\o_data_a[17:9]
   411/612: $62\o_data_b[17:9]
   412/612: $61\o_data_b[17:9]
   413/612: $60\o_data_b[17:9]
   414/612: $78\o_data_a[17:9]
   415/612: $77\o_data_a[17:9]
   416/612: $76\o_data_a[17:9]
   417/612: $59\o_data_b[17:9]
   418/612: $75\o_data_a[17:9]
   419/612: $58\o_data_b[17:9]
   420/612: $74\o_data_a[17:9]
   421/612: $57\o_data_b[17:9]
   422/612: $73\o_data_a[17:9]
   423/612: $56\o_data_b[17:9]
   424/612: $72\o_data_a[17:9]
   425/612: $71\o_data_a[17:9]
   426/612: $70\o_data_a[17:9]
   427/612: $69\o_data_a[17:9]
   428/612: $68\o_data_a[17:9]
   429/612: $67\o_data_a[17:9]
   430/612: $66\o_data_a[17:9]
   431/612: $65\o_data_a[17:9]
   432/612: $64\o_data_a[17:9]
   433/612: $1$fordecl_block$7.$for_loop$8[0].$fordecl_block$9.$for_loop$10[1].$fordecl_block$11.m[31:0]$1103
   434/612: $63\o_data_a[17:9]
   435/612: $55\o_data_b[17:9]
   436/612: $1$fordecl_block$7.$for_loop$8[0].$fordecl_block$9.$for_loop$10[1].$fordecl_block$15.$for_loop$16[3].$fordecl_block$19.r[31:0]$1113
   437/612: $1$fordecl_block$7.$for_loop$8[0].$fordecl_block$9.$for_loop$10[1].$fordecl_block$15.$for_loop$16[3].$fordecl_block$17.c[31:0]$1112
   438/612: $1$fordecl_block$7.$for_loop$8[0].$fordecl_block$9.$for_loop$10[1].$fordecl_block$15.$for_loop$16[2].$fordecl_block$19.r[31:0]$1111
   439/612: $1$fordecl_block$7.$for_loop$8[0].$fordecl_block$9.$for_loop$10[1].$fordecl_block$15.$for_loop$16[2].$fordecl_block$17.c[31:0]$1110
   440/612: $1$fordecl_block$7.$for_loop$8[0].$fordecl_block$9.$for_loop$10[1].$fordecl_block$15.$for_loop$16[1].$fordecl_block$19.r[31:0]$1109
   441/612: $1$fordecl_block$7.$for_loop$8[0].$fordecl_block$9.$for_loop$10[1].$fordecl_block$15.$for_loop$16[1].$fordecl_block$17.c[31:0]$1108
   442/612: $1$fordecl_block$7.$for_loop$8[0].$fordecl_block$9.$for_loop$10[1].$fordecl_block$15.$for_loop$16[0].$fordecl_block$19.r[31:0]$1107
   443/612: $1$fordecl_block$7.$for_loop$8[0].$fordecl_block$9.$for_loop$10[1].$fordecl_block$15.$for_loop$16[0].$fordecl_block$17.c[31:0]$1106
   444/612: $1$fordecl_block$7.$for_loop$8[0].$fordecl_block$9.$for_loop$10[1].$fordecl_block$15.m[31:0]$1105
   445/612: $1$fordecl_block$7.$for_loop$8[0].$fordecl_block$9.$for_loop$10[1].$fordecl_block$13.m[31:0]$1104
   446/612: $6\o_data_valid[1:1]
   447/612: $5\o_data_valid[1:1]
   448/612: $4\o_data_valid[1:1]
   449/612: $54\o_data_b[8:0]
   450/612: $62\o_data_a[8:0]
   451/612: $53\o_data_b[8:0]
   452/612: $61\o_data_a[8:0]
   453/612: $52\o_data_b[8:0]
   454/612: $60\o_data_a[8:0]
   455/612: $51\o_data_b[8:0]
   456/612: $59\o_data_a[8:0]
   457/612: $50\o_data_b[8:0]
   458/612: $58\o_data_a[8:0]
   459/612: $49\o_data_b[8:0]
   460/612: $57\o_data_a[8:0]
   461/612: $48\o_data_b[8:0]
   462/612: $56\o_data_a[8:0]
   463/612: $47\o_data_b[8:0]
   464/612: $55\o_data_a[8:0]
   465/612: $46\o_data_b[8:0]
   466/612: $54\o_data_a[8:0]
   467/612: $45\o_data_b[8:0]
   468/612: $53\o_data_a[8:0]
   469/612: $44\o_data_b[8:0]
   470/612: $52\o_data_a[8:0]
   471/612: $43\o_data_b[8:0]
   472/612: $51\o_data_a[8:0]
   473/612: $42\o_data_b[8:0]
   474/612: $50\o_data_a[8:0]
   475/612: $41\o_data_b[8:0]
   476/612: $49\o_data_a[8:0]
   477/612: $40\o_data_b[8:0]
   478/612: $48\o_data_a[8:0]
   479/612: $39\o_data_b[8:0]
   480/612: $47\o_data_a[8:0]
   481/612: $38\o_data_b[8:0]
   482/612: $46\o_data_a[8:0]
   483/612: $37\o_data_b[8:0]
   484/612: $45\o_data_a[8:0]
   485/612: $36\o_data_b[8:0]
   486/612: $44\o_data_a[8:0]
   487/612: $35\o_data_b[8:0]
   488/612: $43\o_data_a[8:0]
   489/612: $34\o_data_b[8:0]
   490/612: $42\o_data_a[8:0]
   491/612: $33\o_data_b[8:0]
   492/612: $41\o_data_a[8:0]
   493/612: $32\o_data_b[8:0]
   494/612: $40\o_data_a[8:0]
   495/612: $31\o_data_b[8:0]
   496/612: $39\o_data_a[8:0]
   497/612: $30\o_data_b[8:0]
   498/612: $38\o_data_a[8:0]
   499/612: $29\o_data_b[8:0]
   500/612: $37\o_data_a[8:0]
   501/612: $28\o_data_b[8:0]
   502/612: $36\o_data_a[8:0]
   503/612: $27\o_data_b[8:0]
   504/612: $35\o_data_a[8:0]
   505/612: $26\o_data_b[8:0]
   506/612: $34\o_data_a[8:0]
   507/612: $25\o_data_b[8:0]
   508/612: $33\o_data_a[8:0]
   509/612: $24\o_data_b[8:0]
   510/612: $32\o_data_a[8:0]
   511/612: $23\o_data_b[8:0]
   512/612: $31\o_data_a[8:0]
   513/612: $22\o_data_b[8:0]
   514/612: $30\o_data_a[8:0]
   515/612: $21\o_data_b[8:0]
   516/612: $29\o_data_a[8:0]
   517/612: $20\o_data_b[8:0]
   518/612: $28\o_data_a[8:0]
   519/612: $19\o_data_b[8:0]
   520/612: $27\o_data_a[8:0]
   521/612: $2$fordecl_block$7.$for_loop$8[0].$fordecl_block$9.$for_loop$10[0].$fordecl_block$21.m[31:0]$647
   522/612: $2$fordecl_block$7.$for_loop$8[0].$fordecl_block$9.$for_loop$10[0].$fordecl_block$21.$for_loop$22[3].$fordecl_block$23.r[31:0]$660
   523/612: $2$fordecl_block$7.$for_loop$8[0].$fordecl_block$9.$for_loop$10[0].$fordecl_block$21.$for_loop$22[3].$fordecl_block$23.$for_loop$24[2].$fordecl_block$25.c[31:0]$663
   524/612: $18\o_data_b[8:0]
   525/612: $26\o_data_a[8:0]
   526/612: $2$fordecl_block$7.$for_loop$8[0].$fordecl_block$9.$for_loop$10[0].$fordecl_block$21.$for_loop$22[3].$fordecl_block$23.$for_loop$24[1].$fordecl_block$25.c[31:0]$662
   527/612: $2$fordecl_block$7.$for_loop$8[0].$fordecl_block$9.$for_loop$10[0].$fordecl_block$21.$for_loop$22[3].$fordecl_block$23.$for_loop$24[0].$fordecl_block$25.c[31:0]$661
   528/612: $2$fordecl_block$7.$for_loop$8[0].$fordecl_block$9.$for_loop$10[0].$fordecl_block$21.$for_loop$22[2].$fordecl_block$23.r[31:0]$656
   529/612: $2$fordecl_block$7.$for_loop$8[0].$fordecl_block$9.$for_loop$10[0].$fordecl_block$21.$for_loop$22[2].$fordecl_block$23.$for_loop$24[2].$fordecl_block$25.c[31:0]$659
   530/612: $2$fordecl_block$7.$for_loop$8[0].$fordecl_block$9.$for_loop$10[0].$fordecl_block$21.$for_loop$22[2].$fordecl_block$23.$for_loop$24[1].$fordecl_block$25.c[31:0]$658
   531/612: $2$fordecl_block$7.$for_loop$8[0].$fordecl_block$9.$for_loop$10[0].$fordecl_block$21.$for_loop$22[2].$fordecl_block$23.$for_loop$24[0].$fordecl_block$25.c[31:0]$657
   532/612: $2$fordecl_block$7.$for_loop$8[0].$fordecl_block$9.$for_loop$10[0].$fordecl_block$21.$for_loop$22[1].$fordecl_block$23.r[31:0]$652
   533/612: $2$fordecl_block$7.$for_loop$8[0].$fordecl_block$9.$for_loop$10[0].$fordecl_block$21.$for_loop$22[1].$fordecl_block$23.$for_loop$24[2].$fordecl_block$25.c[31:0]$655
   534/612: $2$fordecl_block$7.$for_loop$8[0].$fordecl_block$9.$for_loop$10[0].$fordecl_block$21.$for_loop$22[1].$fordecl_block$23.$for_loop$24[1].$fordecl_block$25.c[31:0]$654
   535/612: $2$fordecl_block$7.$for_loop$8[0].$fordecl_block$9.$for_loop$10[0].$fordecl_block$21.$for_loop$22[1].$fordecl_block$23.$for_loop$24[0].$fordecl_block$25.c[31:0]$653
   536/612: $2$fordecl_block$7.$for_loop$8[0].$fordecl_block$9.$for_loop$10[0].$fordecl_block$21.$for_loop$22[0].$fordecl_block$23.r[31:0]$648
   537/612: $2$fordecl_block$7.$for_loop$8[0].$fordecl_block$9.$for_loop$10[0].$fordecl_block$21.$for_loop$22[0].$fordecl_block$23.$for_loop$24[2].$fordecl_block$25.c[31:0]$651
   538/612: $2$fordecl_block$7.$for_loop$8[0].$fordecl_block$9.$for_loop$10[0].$fordecl_block$21.$for_loop$22[0].$fordecl_block$23.$for_loop$24[1].$fordecl_block$25.c[31:0]$650
   539/612: $2$fordecl_block$7.$for_loop$8[0].$fordecl_block$9.$for_loop$10[0].$fordecl_block$21.$for_loop$22[0].$fordecl_block$23.$for_loop$24[0].$fordecl_block$25.c[31:0]$649
   540/612: $17\o_data_b[8:0]
   541/612: $16\o_data_b[8:0]
   542/612: $15\o_data_b[8:0]
   543/612: $25\o_data_a[8:0]
   544/612: $24\o_data_a[8:0]
   545/612: $23\o_data_a[8:0]
   546/612: $14\o_data_b[8:0]
   547/612: $13\o_data_b[8:0]
   548/612: $12\o_data_b[8:0]
   549/612: $22\o_data_a[8:0]
   550/612: $21\o_data_a[8:0]
   551/612: $20\o_data_a[8:0]
   552/612: $11\o_data_b[8:0]
   553/612: $10\o_data_b[8:0]
   554/612: $9\o_data_b[8:0]
   555/612: $19\o_data_a[8:0]
   556/612: $18\o_data_a[8:0]
   557/612: $17\o_data_a[8:0]
   558/612: $8\o_data_b[8:0]
   559/612: $7\o_data_b[8:0]
   560/612: $6\o_data_b[8:0]
   561/612: $16\o_data_a[8:0]
   562/612: $15\o_data_a[8:0]
   563/612: $14\o_data_a[8:0]
   564/612: $5\o_data_b[8:0]
   565/612: $13\o_data_a[8:0]
   566/612: $4\o_data_b[8:0]
   567/612: $12\o_data_a[8:0]
   568/612: $3\o_data_b[8:0]
   569/612: $11\o_data_a[8:0]
   570/612: $2\o_data_b[8:0]
   571/612: $10\o_data_a[8:0]
   572/612: $9\o_data_a[8:0]
   573/612: $8\o_data_a[8:0]
   574/612: $7\o_data_a[8:0]
   575/612: $6\o_data_a[8:0]
   576/612: $5\o_data_a[8:0]
   577/612: $4\o_data_a[8:0]
   578/612: $3\o_data_a[8:0]
   579/612: $2\o_data_a[8:0]
   580/612: $1$fordecl_block$7.$for_loop$8[0].$fordecl_block$9.$for_loop$10[0].$fordecl_block$11.m[31:0]$475
   581/612: $1\o_data_a[8:0]
   582/612: $1\o_data_b[8:0]
   583/612: $1$fordecl_block$7.$for_loop$8[0].$fordecl_block$9.$for_loop$10[0].$fordecl_block$21.$for_loop$22[3].$fordecl_block$23.$for_loop$24[2].$fordecl_block$25.c[31:0]$502
   584/612: $1$fordecl_block$7.$for_loop$8[0].$fordecl_block$9.$for_loop$10[0].$fordecl_block$21.$for_loop$22[3].$fordecl_block$23.$for_loop$24[1].$fordecl_block$25.c[31:0]$501
   585/612: $1$fordecl_block$7.$for_loop$8[0].$fordecl_block$9.$for_loop$10[0].$fordecl_block$21.$for_loop$22[3].$fordecl_block$23.$for_loop$24[0].$fordecl_block$25.c[31:0]$500
   586/612: $1$fordecl_block$7.$for_loop$8[0].$fordecl_block$9.$for_loop$10[0].$fordecl_block$21.$for_loop$22[3].$fordecl_block$23.r[31:0]$499
   587/612: $1$fordecl_block$7.$for_loop$8[0].$fordecl_block$9.$for_loop$10[0].$fordecl_block$21.$for_loop$22[2].$fordecl_block$23.$for_loop$24[2].$fordecl_block$25.c[31:0]$498
   588/612: $1$fordecl_block$7.$for_loop$8[0].$fordecl_block$9.$for_loop$10[0].$fordecl_block$21.$for_loop$22[2].$fordecl_block$23.$for_loop$24[1].$fordecl_block$25.c[31:0]$497
   589/612: $1$fordecl_block$7.$for_loop$8[0].$fordecl_block$9.$for_loop$10[0].$fordecl_block$21.$for_loop$22[2].$fordecl_block$23.$for_loop$24[0].$fordecl_block$25.c[31:0]$496
   590/612: $1$fordecl_block$7.$for_loop$8[0].$fordecl_block$9.$for_loop$10[0].$fordecl_block$21.$for_loop$22[2].$fordecl_block$23.r[31:0]$495
   591/612: $1$fordecl_block$7.$for_loop$8[0].$fordecl_block$9.$for_loop$10[0].$fordecl_block$21.$for_loop$22[1].$fordecl_block$23.$for_loop$24[2].$fordecl_block$25.c[31:0]$494
   592/612: $1$fordecl_block$7.$for_loop$8[0].$fordecl_block$9.$for_loop$10[0].$fordecl_block$21.$for_loop$22[1].$fordecl_block$23.$for_loop$24[1].$fordecl_block$25.c[31:0]$493
   593/612: $1$fordecl_block$7.$for_loop$8[0].$fordecl_block$9.$for_loop$10[0].$fordecl_block$21.$for_loop$22[1].$fordecl_block$23.$for_loop$24[0].$fordecl_block$25.c[31:0]$492
   594/612: $1$fordecl_block$7.$for_loop$8[0].$fordecl_block$9.$for_loop$10[0].$fordecl_block$21.$for_loop$22[1].$fordecl_block$23.r[31:0]$491
   595/612: $1$fordecl_block$7.$for_loop$8[0].$fordecl_block$9.$for_loop$10[0].$fordecl_block$21.$for_loop$22[0].$fordecl_block$23.$for_loop$24[2].$fordecl_block$25.c[31:0]$490
   596/612: $1$fordecl_block$7.$for_loop$8[0].$fordecl_block$9.$for_loop$10[0].$fordecl_block$21.$for_loop$22[0].$fordecl_block$23.$for_loop$24[1].$fordecl_block$25.c[31:0]$489
   597/612: $1$fordecl_block$7.$for_loop$8[0].$fordecl_block$9.$for_loop$10[0].$fordecl_block$21.$for_loop$22[0].$fordecl_block$23.$for_loop$24[0].$fordecl_block$25.c[31:0]$488
   598/612: $1$fordecl_block$7.$for_loop$8[0].$fordecl_block$9.$for_loop$10[0].$fordecl_block$21.$for_loop$22[0].$fordecl_block$23.r[31:0]$487
   599/612: $1$fordecl_block$7.$for_loop$8[0].$fordecl_block$9.$for_loop$10[0].$fordecl_block$21.m[31:0]$486
   600/612: $1$fordecl_block$7.$for_loop$8[0].$fordecl_block$9.$for_loop$10[0].$fordecl_block$15.$for_loop$16[3].$fordecl_block$19.r[31:0]$485
   601/612: $1$fordecl_block$7.$for_loop$8[0].$fordecl_block$9.$for_loop$10[0].$fordecl_block$15.$for_loop$16[3].$fordecl_block$17.c[31:0]$484
   602/612: $1$fordecl_block$7.$for_loop$8[0].$fordecl_block$9.$for_loop$10[0].$fordecl_block$15.$for_loop$16[2].$fordecl_block$19.r[31:0]$483
   603/612: $1$fordecl_block$7.$for_loop$8[0].$fordecl_block$9.$for_loop$10[0].$fordecl_block$15.$for_loop$16[2].$fordecl_block$17.c[31:0]$482
   604/612: $1$fordecl_block$7.$for_loop$8[0].$fordecl_block$9.$for_loop$10[0].$fordecl_block$15.$for_loop$16[1].$fordecl_block$19.r[31:0]$481
   605/612: $1$fordecl_block$7.$for_loop$8[0].$fordecl_block$9.$for_loop$10[0].$fordecl_block$15.$for_loop$16[1].$fordecl_block$17.c[31:0]$480
   606/612: $1$fordecl_block$7.$for_loop$8[0].$fordecl_block$9.$for_loop$10[0].$fordecl_block$15.$for_loop$16[0].$fordecl_block$19.r[31:0]$479
   607/612: $1$fordecl_block$7.$for_loop$8[0].$fordecl_block$9.$for_loop$10[0].$fordecl_block$15.$for_loop$16[0].$fordecl_block$17.c[31:0]$478
   608/612: $1$fordecl_block$7.$for_loop$8[0].$fordecl_block$9.$for_loop$10[0].$fordecl_block$15.m[31:0]$477
   609/612: $1$fordecl_block$7.$for_loop$8[0].$fordecl_block$9.$for_loop$10[0].$fordecl_block$13.m[31:0]$476
   610/612: $3\o_data_valid[0:0]
   611/612: $2\o_data_valid[0:0]
   612/612: $1\o_data_valid[0:0]
Creating decoders for process `$paramod\reg_bank\GRID_SIZE=s32'00000000000000000000000000000011.$proc$/foss/designs/integration_final/src/reg_bank.sv:156$339'.
     1/6: $6\next_state[2:0]
     2/6: $5\next_state[2:0]
     3/6: $4\next_state[2:0]
     4/6: $3\next_state[2:0]
     5/6: $2\next_state[2:0]
     6/6: $1\next_state[2:0]
Creating decoders for process `$paramod\reg_bank\GRID_SIZE=s32'00000000000000000000000000000011.$proc$/foss/designs/integration_final/src/reg_bank.sv:138$330'.
     1/1: $0\oper_ctr[2:0]
Creating decoders for process `$paramod\reg_bank\GRID_SIZE=s32'00000000000000000000000000000011.$proc$/foss/designs/integration_final/src/reg_bank.sv:83$315'.
     1/4: $0\cols_b[1:0]
     2/4: $0\rows_b[1:0]
     3/4: $0\cols_a[1:0]
     4/4: $0\rows_a[1:0]
Creating decoders for process `$paramod\reg_bank\GRID_SIZE=s32'00000000000000000000000000000011.$proc$/foss/designs/integration_final/src/reg_bank.sv:69$312'.
     1/4: $0\matrix_cols_st[1:0]
     2/4: $0\matrix_rows_st[1:0]
     3/4: $0\matrix_sel_b[1:0]
     4/4: $0\matrix_sel_a[1:0]
Creating decoders for process `$paramod\reg_bank\GRID_SIZE=s32'00000000000000000000000000000011.$proc$/foss/designs/integration_final/src/reg_bank.sv:55$301'.
     1/7: $2$fordecl_block$5.i[31:0]$307
     2/7: $1$fordecl_block$5.i[31:0]$306
     3/7: $1$fordecl_block$3.i[31:0]$305
     4/7: $0\matrix_signed[3][0:0]
     5/7: $0\matrix_signed[2][0:0]
     6/7: $0\matrix_signed[1][0:0]
     7/7: $0\matrix_signed[0][0:0]
Creating decoders for process `$paramod\reg_bank\GRID_SIZE=s32'00000000000000000000000000000011.$proc$/foss/designs/integration_final/src/reg_bank.sv:50$299'.
     1/1: $0\current_state[2:0]
Creating decoders for process `\int_MAC.$proc$/foss/designs/integration_final/src/int_MAC.sv:32$5272'.
     1/3: $0\o_valid[0:0]
     2/3: $0\result_reg[22:0]
     3/3: $0\o_overflow[0:0]
Creating decoders for process `\int_MAC.$proc$/foss/designs/integration_final/src/int_MAC.sv:18$5269'.
     1/2: $0\valid_0[0:0]
     2/2: $0\product[17:0]
Creating decoders for process `\quantizer.$proc$/foss/designs/integration_final/src/quantizer.sv:87$186'.
     1/2: $0\o_overflow[0:0]
     2/2: $0\o_quantized_data[7:0]
Creating decoders for process `\quantizer.$proc$/foss/designs/integration_final/src/quantizer.sv:71$182'.
     1/3: $0\added_data[47:0]
     2/3: $0\overflow_2[0:0]
     3/3: $0\target_dtype_2[2:0]
Creating decoders for process `\quantizer.$proc$/foss/designs/integration_final/src/quantizer.sv:47$171'.
     1/4: $0\shifted_data[47:0]
     2/4: $0\overflow_1[0:0]
     3/4: $0\zp_1[7:0]
     4/4: $0\target_dtype_1[2:0]
Creating decoders for process `\quantizer.$proc$/foss/designs/integration_final/src/quantizer.sv:34$163'.
     1/1: $1\extended_scaled_data[79:0]
Creating decoders for process `\quantizer.$proc$/foss/designs/integration_final/src/quantizer.sv:18$160'.
     1/4: $0\scaled_data[47:0]
     2/4: $0\shifts[7:0]
     3/4: $0\zp_0[7:0]
     4/4: $0\target_dtype_0[2:0]
Creating decoders for process `\baudGenExt.$proc$/foss/designs/integration_final/src/uart_baud_gen.v:13$156'.
     1/2: $0\ce16[0:0]
     2/2: $0\counter[31:0]
Creating decoders for process `\uartTx.$proc$/foss/designs/integration_final/src/uart_tx.v:84$153'.
     1/1: $1\ce1[0:0]
Creating decoders for process `\uartTx.$proc$/foss/designs/integration_final/src/uart_tx.v:72$152'.
     1/1: $0\serOut[0:0]
Creating decoders for process `\uartTx.$proc$/foss/designs/integration_final/src/uart_tx.v:60$149'.
     1/1: $0\dataBuf[8:0]
Creating decoders for process `\uartTx.$proc$/foss/designs/integration_final/src/uart_tx.v:48$145'.
     1/1: $0\bitCount[3:0]
Creating decoders for process `\uartTx.$proc$/foss/designs/integration_final/src/uart_tx.v:36$139'.
     1/1: $0\iTxBusy[0:0]
Creating decoders for process `\uartTx.$proc$/foss/designs/integration_final/src/uart_tx.v:19$135'.
     1/1: $0\count16[3:0]
Creating decoders for process `\uartRx.$proc$/foss/designs/integration_final/src/uart_rx.v:76$127'.
     1/2: $0\newRxData[0:0]
     2/2: $0\rxData[7:0]
Creating decoders for process `\uartRx.$proc$/foss/designs/integration_final/src/uart_rx.v:66$125'.
     1/1: $0\dataBuf[7:0]
Creating decoders for process `\uartRx.$proc$/foss/designs/integration_final/src/uart_rx.v:54$121'.
     1/1: $0\bitCount[3:0]
Creating decoders for process `\uartRx.$proc$/foss/designs/integration_final/src/uart_rx.v:42$115'.
     1/1: $0\rxBusy[0:0]
Creating decoders for process `\uartRx.$proc$/foss/designs/integration_final/src/uart_rx.v:28$111'.
     1/1: $0\count16[3:0]
Creating decoders for process `\uartRx.$proc$/foss/designs/integration_final/src/uart_rx.v:20$110'.
     1/1: $0\inSync[1:0]
Creating decoders for process `$paramod\MAC_grid\GRID_SIZE=s32'00000000000000000000000000000011.$proc$/foss/designs/integration_final/src/MAC_grid.sv:39$5389'.
Creating decoders for process `$paramod\MAC_grid\GRID_SIZE=s32'00000000000000000000000000000011.$proc$/foss/designs/integration_final/src/MAC_grid.sv:38$5388'.
Creating decoders for process `$paramod\MAC_grid\GRID_SIZE=s32'00000000000000000000000000000011.$proc$/foss/designs/integration_final/src/MAC_grid.sv:37$5387'.
Creating decoders for process `$paramod\MAC_grid\GRID_SIZE=s32'00000000000000000000000000000011.$proc$/foss/designs/integration_final/src/MAC_grid.sv:27$5386'.
Creating decoders for process `$paramod\MAC_grid\GRID_SIZE=s32'00000000000000000000000000000011.$proc$/foss/designs/integration_final/src/MAC_grid.sv:26$5385'.
Creating decoders for process `$paramod\MAC_grid\GRID_SIZE=s32'00000000000000000000000000000011.$proc$/foss/designs/integration_final/src/MAC_grid.sv:25$5384'.
Creating decoders for process `$paramod\MAC_grid\GRID_SIZE=s32'00000000000000000000000000000011.$proc$/foss/designs/integration_final/src/MAC_grid.sv:39$5383'.
Creating decoders for process `$paramod\MAC_grid\GRID_SIZE=s32'00000000000000000000000000000011.$proc$/foss/designs/integration_final/src/MAC_grid.sv:38$5382'.
Creating decoders for process `$paramod\MAC_grid\GRID_SIZE=s32'00000000000000000000000000000011.$proc$/foss/designs/integration_final/src/MAC_grid.sv:37$5381'.
Creating decoders for process `$paramod\MAC_grid\GRID_SIZE=s32'00000000000000000000000000000011.$proc$/foss/designs/integration_final/src/MAC_grid.sv:27$5380'.
Creating decoders for process `$paramod\MAC_grid\GRID_SIZE=s32'00000000000000000000000000000011.$proc$/foss/designs/integration_final/src/MAC_grid.sv:26$5379'.
Creating decoders for process `$paramod\MAC_grid\GRID_SIZE=s32'00000000000000000000000000000011.$proc$/foss/designs/integration_final/src/MAC_grid.sv:25$5378'.
Creating decoders for process `$paramod\MAC_grid\GRID_SIZE=s32'00000000000000000000000000000011.$proc$/foss/designs/integration_final/src/MAC_grid.sv:39$5377'.
Creating decoders for process `$paramod\MAC_grid\GRID_SIZE=s32'00000000000000000000000000000011.$proc$/foss/designs/integration_final/src/MAC_grid.sv:38$5376'.
Creating decoders for process `$paramod\MAC_grid\GRID_SIZE=s32'00000000000000000000000000000011.$proc$/foss/designs/integration_final/src/MAC_grid.sv:37$5375'.
Creating decoders for process `$paramod\MAC_grid\GRID_SIZE=s32'00000000000000000000000000000011.$proc$/foss/designs/integration_final/src/MAC_grid.sv:27$5374'.
Creating decoders for process `$paramod\MAC_grid\GRID_SIZE=s32'00000000000000000000000000000011.$proc$/foss/designs/integration_final/src/MAC_grid.sv:26$5373'.
Creating decoders for process `$paramod\MAC_grid\GRID_SIZE=s32'00000000000000000000000000000011.$proc$/foss/designs/integration_final/src/MAC_grid.sv:25$5372'.
Creating decoders for process `$paramod\MAC_grid\GRID_SIZE=s32'00000000000000000000000000000011.$proc$/foss/designs/integration_final/src/MAC_grid.sv:39$5371'.
Creating decoders for process `$paramod\MAC_grid\GRID_SIZE=s32'00000000000000000000000000000011.$proc$/foss/designs/integration_final/src/MAC_grid.sv:38$5370'.
Creating decoders for process `$paramod\MAC_grid\GRID_SIZE=s32'00000000000000000000000000000011.$proc$/foss/designs/integration_final/src/MAC_grid.sv:37$5369'.
Creating decoders for process `$paramod\MAC_grid\GRID_SIZE=s32'00000000000000000000000000000011.$proc$/foss/designs/integration_final/src/MAC_grid.sv:27$5368'.
Creating decoders for process `$paramod\MAC_grid\GRID_SIZE=s32'00000000000000000000000000000011.$proc$/foss/designs/integration_final/src/MAC_grid.sv:26$5367'.
Creating decoders for process `$paramod\MAC_grid\GRID_SIZE=s32'00000000000000000000000000000011.$proc$/foss/designs/integration_final/src/MAC_grid.sv:25$5366'.
Creating decoders for process `$paramod\MAC_grid\GRID_SIZE=s32'00000000000000000000000000000011.$proc$/foss/designs/integration_final/src/MAC_grid.sv:39$5365'.
Creating decoders for process `$paramod\MAC_grid\GRID_SIZE=s32'00000000000000000000000000000011.$proc$/foss/designs/integration_final/src/MAC_grid.sv:38$5364'.
Creating decoders for process `$paramod\MAC_grid\GRID_SIZE=s32'00000000000000000000000000000011.$proc$/foss/designs/integration_final/src/MAC_grid.sv:37$5363'.
Creating decoders for process `$paramod\MAC_grid\GRID_SIZE=s32'00000000000000000000000000000011.$proc$/foss/designs/integration_final/src/MAC_grid.sv:27$5362'.
Creating decoders for process `$paramod\MAC_grid\GRID_SIZE=s32'00000000000000000000000000000011.$proc$/foss/designs/integration_final/src/MAC_grid.sv:26$5361'.
Creating decoders for process `$paramod\MAC_grid\GRID_SIZE=s32'00000000000000000000000000000011.$proc$/foss/designs/integration_final/src/MAC_grid.sv:25$5360'.
Creating decoders for process `$paramod\MAC_grid\GRID_SIZE=s32'00000000000000000000000000000011.$proc$/foss/designs/integration_final/src/MAC_grid.sv:39$5359'.
Creating decoders for process `$paramod\MAC_grid\GRID_SIZE=s32'00000000000000000000000000000011.$proc$/foss/designs/integration_final/src/MAC_grid.sv:38$5358'.
Creating decoders for process `$paramod\MAC_grid\GRID_SIZE=s32'00000000000000000000000000000011.$proc$/foss/designs/integration_final/src/MAC_grid.sv:37$5357'.
Creating decoders for process `$paramod\MAC_grid\GRID_SIZE=s32'00000000000000000000000000000011.$proc$/foss/designs/integration_final/src/MAC_grid.sv:27$5356'.
Creating decoders for process `$paramod\MAC_grid\GRID_SIZE=s32'00000000000000000000000000000011.$proc$/foss/designs/integration_final/src/MAC_grid.sv:26$5355'.
Creating decoders for process `$paramod\MAC_grid\GRID_SIZE=s32'00000000000000000000000000000011.$proc$/foss/designs/integration_final/src/MAC_grid.sv:25$5354'.
Creating decoders for process `$paramod\MAC_grid\GRID_SIZE=s32'00000000000000000000000000000011.$proc$/foss/designs/integration_final/src/MAC_grid.sv:39$5353'.
Creating decoders for process `$paramod\MAC_grid\GRID_SIZE=s32'00000000000000000000000000000011.$proc$/foss/designs/integration_final/src/MAC_grid.sv:38$5352'.
Creating decoders for process `$paramod\MAC_grid\GRID_SIZE=s32'00000000000000000000000000000011.$proc$/foss/designs/integration_final/src/MAC_grid.sv:37$5351'.
Creating decoders for process `$paramod\MAC_grid\GRID_SIZE=s32'00000000000000000000000000000011.$proc$/foss/designs/integration_final/src/MAC_grid.sv:27$5350'.
Creating decoders for process `$paramod\MAC_grid\GRID_SIZE=s32'00000000000000000000000000000011.$proc$/foss/designs/integration_final/src/MAC_grid.sv:26$5349'.
Creating decoders for process `$paramod\MAC_grid\GRID_SIZE=s32'00000000000000000000000000000011.$proc$/foss/designs/integration_final/src/MAC_grid.sv:25$5348'.
Creating decoders for process `$paramod\MAC_grid\GRID_SIZE=s32'00000000000000000000000000000011.$proc$/foss/designs/integration_final/src/MAC_grid.sv:39$5347'.
Creating decoders for process `$paramod\MAC_grid\GRID_SIZE=s32'00000000000000000000000000000011.$proc$/foss/designs/integration_final/src/MAC_grid.sv:38$5346'.
Creating decoders for process `$paramod\MAC_grid\GRID_SIZE=s32'00000000000000000000000000000011.$proc$/foss/designs/integration_final/src/MAC_grid.sv:37$5345'.
Creating decoders for process `$paramod\MAC_grid\GRID_SIZE=s32'00000000000000000000000000000011.$proc$/foss/designs/integration_final/src/MAC_grid.sv:27$5344'.
Creating decoders for process `$paramod\MAC_grid\GRID_SIZE=s32'00000000000000000000000000000011.$proc$/foss/designs/integration_final/src/MAC_grid.sv:26$5343'.
Creating decoders for process `$paramod\MAC_grid\GRID_SIZE=s32'00000000000000000000000000000011.$proc$/foss/designs/integration_final/src/MAC_grid.sv:25$5342'.
Creating decoders for process `$paramod\MAC_grid\GRID_SIZE=s32'00000000000000000000000000000011.$proc$/foss/designs/integration_final/src/MAC_grid.sv:39$5341'.
Creating decoders for process `$paramod\MAC_grid\GRID_SIZE=s32'00000000000000000000000000000011.$proc$/foss/designs/integration_final/src/MAC_grid.sv:38$5340'.
Creating decoders for process `$paramod\MAC_grid\GRID_SIZE=s32'00000000000000000000000000000011.$proc$/foss/designs/integration_final/src/MAC_grid.sv:37$5339'.
Creating decoders for process `$paramod\MAC_grid\GRID_SIZE=s32'00000000000000000000000000000011.$proc$/foss/designs/integration_final/src/MAC_grid.sv:27$5338'.
Creating decoders for process `$paramod\MAC_grid\GRID_SIZE=s32'00000000000000000000000000000011.$proc$/foss/designs/integration_final/src/MAC_grid.sv:26$5337'.
Creating decoders for process `$paramod\MAC_grid\GRID_SIZE=s32'00000000000000000000000000000011.$proc$/foss/designs/integration_final/src/MAC_grid.sv:25$5336'.

16.8. Executing PROC_DLATCH pass (convert process syncs to latches).
No latch inferred for signal `$paramod\command_parser\GRID_SIZE=s32'00000000000000000000000000000011.\rx_exp_bytes' from process `$paramod\command_parser\GRID_SIZE=s32'00000000000000000000000000000011.$proc$/foss/designs/integration_final/src/command_parser.sv:62$5214'.
No latch inferred for signal `$paramod\command_parser\GRID_SIZE=s32'00000000000000000000000000000011.\curr_exp_bytes' from process `$paramod\command_parser\GRID_SIZE=s32'00000000000000000000000000000011.$proc$/foss/designs/integration_final/src/command_parser.sv:62$5214'.
No latch inferred for signal `$paramod\reg_bank\GRID_SIZE=s32'00000000000000000000000000000011.\o_quant_ip' from process `$paramod\reg_bank\GRID_SIZE=s32'00000000000000000000000000000011.$proc$/foss/designs/integration_final/src/reg_bank.sv:256$2399'.
No latch inferred for signal `$paramod\reg_bank\GRID_SIZE=s32'00000000000000000000000000000011.$fordecl_block$31.r' from process `$paramod\reg_bank\GRID_SIZE=s32'00000000000000000000000000000011.$proc$/foss/designs/integration_final/src/reg_bank.sv:256$2399'.
No latch inferred for signal `$paramod\reg_bank\GRID_SIZE=s32'00000000000000000000000000000011.$fordecl_block$31.$for_loop$32[0].$fordecl_block$33.c' from process `$paramod\reg_bank\GRID_SIZE=s32'00000000000000000000000000000011.$proc$/foss/designs/integration_final/src/reg_bank.sv:256$2399'.
No latch inferred for signal `$paramod\reg_bank\GRID_SIZE=s32'00000000000000000000000000000011.$fordecl_block$31.$for_loop$32[1].$fordecl_block$33.c' from process `$paramod\reg_bank\GRID_SIZE=s32'00000000000000000000000000000011.$proc$/foss/designs/integration_final/src/reg_bank.sv:256$2399'.
No latch inferred for signal `$paramod\reg_bank\GRID_SIZE=s32'00000000000000000000000000000011.$fordecl_block$31.$for_loop$32[2].$fordecl_block$33.c' from process `$paramod\reg_bank\GRID_SIZE=s32'00000000000000000000000000000011.$proc$/foss/designs/integration_final/src/reg_bank.sv:256$2399'.
No latch inferred for signal `$paramod\reg_bank\GRID_SIZE=s32'00000000000000000000000000000011.\o_data_a' from process `$paramod\reg_bank\GRID_SIZE=s32'00000000000000000000000000000011.$proc$/foss/designs/integration_final/src/reg_bank.sv:182$346'.
No latch inferred for signal `$paramod\reg_bank\GRID_SIZE=s32'00000000000000000000000000000011.\o_data_b' from process `$paramod\reg_bank\GRID_SIZE=s32'00000000000000000000000000000011.$proc$/foss/designs/integration_final/src/reg_bank.sv:182$346'.
No latch inferred for signal `$paramod\reg_bank\GRID_SIZE=s32'00000000000000000000000000000011.\o_data_valid' from process `$paramod\reg_bank\GRID_SIZE=s32'00000000000000000000000000000011.$proc$/foss/designs/integration_final/src/reg_bank.sv:182$346'.
No latch inferred for signal `$paramod\reg_bank\GRID_SIZE=s32'00000000000000000000000000000011.$fordecl_block$7.i' from process `$paramod\reg_bank\GRID_SIZE=s32'00000000000000000000000000000011.$proc$/foss/designs/integration_final/src/reg_bank.sv:182$346'.
No latch inferred for signal `$paramod\reg_bank\GRID_SIZE=s32'00000000000000000000000000000011.$fordecl_block$7.$for_loop$8[0].$fordecl_block$9.j' from process `$paramod\reg_bank\GRID_SIZE=s32'00000000000000000000000000000011.$proc$/foss/designs/integration_final/src/reg_bank.sv:182$346'.
No latch inferred for signal `$paramod\reg_bank\GRID_SIZE=s32'00000000000000000000000000000011.$fordecl_block$7.$for_loop$8[0].$fordecl_block$9.$for_loop$10[0].$fordecl_block$11.m' from process `$paramod\reg_bank\GRID_SIZE=s32'00000000000000000000000000000011.$proc$/foss/designs/integration_final/src/reg_bank.sv:182$346'.
No latch inferred for signal `$paramod\reg_bank\GRID_SIZE=s32'00000000000000000000000000000011.$fordecl_block$7.$for_loop$8[0].$fordecl_block$9.$for_loop$10[0].$fordecl_block$13.m' from process `$paramod\reg_bank\GRID_SIZE=s32'00000000000000000000000000000011.$proc$/foss/designs/integration_final/src/reg_bank.sv:182$346'.
No latch inferred for signal `$paramod\reg_bank\GRID_SIZE=s32'00000000000000000000000000000011.$fordecl_block$7.$for_loop$8[0].$fordecl_block$9.$for_loop$10[0].$fordecl_block$15.m' from process `$paramod\reg_bank\GRID_SIZE=s32'00000000000000000000000000000011.$proc$/foss/designs/integration_final/src/reg_bank.sv:182$346'.
No latch inferred for signal `$paramod\reg_bank\GRID_SIZE=s32'00000000000000000000000000000011.$fordecl_block$7.$for_loop$8[0].$fordecl_block$9.$for_loop$10[0].$fordecl_block$15.$for_loop$16[0].$fordecl_block$17.c' from process `$paramod\reg_bank\GRID_SIZE=s32'00000000000000000000000000000011.$proc$/foss/designs/integration_final/src/reg_bank.sv:182$346'.
No latch inferred for signal `$paramod\reg_bank\GRID_SIZE=s32'00000000000000000000000000000011.$fordecl_block$7.$for_loop$8[0].$fordecl_block$9.$for_loop$10[0].$fordecl_block$15.$for_loop$16[0].$fordecl_block$19.r' from process `$paramod\reg_bank\GRID_SIZE=s32'00000000000000000000000000000011.$proc$/foss/designs/integration_final/src/reg_bank.sv:182$346'.
No latch inferred for signal `$paramod\reg_bank\GRID_SIZE=s32'00000000000000000000000000000011.$fordecl_block$7.$for_loop$8[0].$fordecl_block$9.$for_loop$10[0].$fordecl_block$15.$for_loop$16[1].$fordecl_block$17.c' from process `$paramod\reg_bank\GRID_SIZE=s32'00000000000000000000000000000011.$proc$/foss/designs/integration_final/src/reg_bank.sv:182$346'.
No latch inferred for signal `$paramod\reg_bank\GRID_SIZE=s32'00000000000000000000000000000011.$fordecl_block$7.$for_loop$8[0].$fordecl_block$9.$for_loop$10[0].$fordecl_block$15.$for_loop$16[1].$fordecl_block$19.r' from process `$paramod\reg_bank\GRID_SIZE=s32'00000000000000000000000000000011.$proc$/foss/designs/integration_final/src/reg_bank.sv:182$346'.
No latch inferred for signal `$paramod\reg_bank\GRID_SIZE=s32'00000000000000000000000000000011.$fordecl_block$7.$for_loop$8[0].$fordecl_block$9.$for_loop$10[0].$fordecl_block$15.$for_loop$16[2].$fordecl_block$17.c' from process `$paramod\reg_bank\GRID_SIZE=s32'00000000000000000000000000000011.$proc$/foss/designs/integration_final/src/reg_bank.sv:182$346'.
No latch inferred for signal `$paramod\reg_bank\GRID_SIZE=s32'00000000000000000000000000000011.$fordecl_block$7.$for_loop$8[0].$fordecl_block$9.$for_loop$10[0].$fordecl_block$15.$for_loop$16[2].$fordecl_block$19.r' from process `$paramod\reg_bank\GRID_SIZE=s32'00000000000000000000000000000011.$proc$/foss/designs/integration_final/src/reg_bank.sv:182$346'.
No latch inferred for signal `$paramod\reg_bank\GRID_SIZE=s32'00000000000000000000000000000011.$fordecl_block$7.$for_loop$8[0].$fordecl_block$9.$for_loop$10[0].$fordecl_block$15.$for_loop$16[3].$fordecl_block$17.c' from process `$paramod\reg_bank\GRID_SIZE=s32'00000000000000000000000000000011.$proc$/foss/designs/integration_final/src/reg_bank.sv:182$346'.
No latch inferred for signal `$paramod\reg_bank\GRID_SIZE=s32'00000000000000000000000000000011.$fordecl_block$7.$for_loop$8[0].$fordecl_block$9.$for_loop$10[0].$fordecl_block$15.$for_loop$16[3].$fordecl_block$19.r' from process `$paramod\reg_bank\GRID_SIZE=s32'00000000000000000000000000000011.$proc$/foss/designs/integration_final/src/reg_bank.sv:182$346'.
No latch inferred for signal `$paramod\reg_bank\GRID_SIZE=s32'00000000000000000000000000000011.$fordecl_block$7.$for_loop$8[0].$fordecl_block$9.$for_loop$10[0].$fordecl_block$21.m' from process `$paramod\reg_bank\GRID_SIZE=s32'00000000000000000000000000000011.$proc$/foss/designs/integration_final/src/reg_bank.sv:182$346'.
No latch inferred for signal `$paramod\reg_bank\GRID_SIZE=s32'00000000000000000000000000000011.$fordecl_block$7.$for_loop$8[0].$fordecl_block$9.$for_loop$10[0].$fordecl_block$21.$for_loop$22[0].$fordecl_block$23.r' from process `$paramod\reg_bank\GRID_SIZE=s32'00000000000000000000000000000011.$proc$/foss/designs/integration_final/src/reg_bank.sv:182$346'.
No latch inferred for signal `$paramod\reg_bank\GRID_SIZE=s32'00000000000000000000000000000011.$fordecl_block$7.$for_loop$8[0].$fordecl_block$9.$for_loop$10[0].$fordecl_block$21.$for_loop$22[0].$fordecl_block$23.$for_loop$24[0].$fordecl_block$25.c' from process `$paramod\reg_bank\GRID_SIZE=s32'00000000000000000000000000000011.$proc$/foss/designs/integration_final/src/reg_bank.sv:182$346'.
No latch inferred for signal `$paramod\reg_bank\GRID_SIZE=s32'00000000000000000000000000000011.$fordecl_block$7.$for_loop$8[0].$fordecl_block$9.$for_loop$10[0].$fordecl_block$21.$for_loop$22[0].$fordecl_block$23.$for_loop$24[1].$fordecl_block$25.c' from process `$paramod\reg_bank\GRID_SIZE=s32'00000000000000000000000000000011.$proc$/foss/designs/integration_final/src/reg_bank.sv:182$346'.
No latch inferred for signal `$paramod\reg_bank\GRID_SIZE=s32'00000000000000000000000000000011.$fordecl_block$7.$for_loop$8[0].$fordecl_block$9.$for_loop$10[0].$fordecl_block$21.$for_loop$22[0].$fordecl_block$23.$for_loop$24[2].$fordecl_block$25.c' from process `$paramod\reg_bank\GRID_SIZE=s32'00000000000000000000000000000011.$proc$/foss/designs/integration_final/src/reg_bank.sv:182$346'.
No latch inferred for signal `$paramod\reg_bank\GRID_SIZE=s32'00000000000000000000000000000011.$fordecl_block$7.$for_loop$8[0].$fordecl_block$9.$for_loop$10[0].$fordecl_block$21.$for_loop$22[1].$fordecl_block$23.r' from process `$paramod\reg_bank\GRID_SIZE=s32'00000000000000000000000000000011.$proc$/foss/designs/integration_final/src/reg_bank.sv:182$346'.
No latch inferred for signal `$paramod\reg_bank\GRID_SIZE=s32'00000000000000000000000000000011.$fordecl_block$7.$for_loop$8[0].$fordecl_block$9.$for_loop$10[0].$fordecl_block$21.$for_loop$22[1].$fordecl_block$23.$for_loop$24[0].$fordecl_block$25.c' from process `$paramod\reg_bank\GRID_SIZE=s32'00000000000000000000000000000011.$proc$/foss/designs/integration_final/src/reg_bank.sv:182$346'.
No latch inferred for signal `$paramod\reg_bank\GRID_SIZE=s32'00000000000000000000000000000011.$fordecl_block$7.$for_loop$8[0].$fordecl_block$9.$for_loop$10[0].$fordecl_block$21.$for_loop$22[1].$fordecl_block$23.$for_loop$24[1].$fordecl_block$25.c' from process `$paramod\reg_bank\GRID_SIZE=s32'00000000000000000000000000000011.$proc$/foss/designs/integration_final/src/reg_bank.sv:182$346'.
No latch inferred for signal `$paramod\reg_bank\GRID_SIZE=s32'00000000000000000000000000000011.$fordecl_block$7.$for_loop$8[0].$fordecl_block$9.$for_loop$10[0].$fordecl_block$21.$for_loop$22[1].$fordecl_block$23.$for_loop$24[2].$fordecl_block$25.c' from process `$paramod\reg_bank\GRID_SIZE=s32'00000000000000000000000000000011.$proc$/foss/designs/integration_final/src/reg_bank.sv:182$346'.
No latch inferred for signal `$paramod\reg_bank\GRID_SIZE=s32'00000000000000000000000000000011.$fordecl_block$7.$for_loop$8[0].$fordecl_block$9.$for_loop$10[0].$fordecl_block$21.$for_loop$22[2].$fordecl_block$23.r' from process `$paramod\reg_bank\GRID_SIZE=s32'00000000000000000000000000000011.$proc$/foss/designs/integration_final/src/reg_bank.sv:182$346'.
No latch inferred for signal `$paramod\reg_bank\GRID_SIZE=s32'00000000000000000000000000000011.$fordecl_block$7.$for_loop$8[0].$fordecl_block$9.$for_loop$10[0].$fordecl_block$21.$for_loop$22[2].$fordecl_block$23.$for_loop$24[0].$fordecl_block$25.c' from process `$paramod\reg_bank\GRID_SIZE=s32'00000000000000000000000000000011.$proc$/foss/designs/integration_final/src/reg_bank.sv:182$346'.
No latch inferred for signal `$paramod\reg_bank\GRID_SIZE=s32'00000000000000000000000000000011.$fordecl_block$7.$for_loop$8[0].$fordecl_block$9.$for_loop$10[0].$fordecl_block$21.$for_loop$22[2].$fordecl_block$23.$for_loop$24[1].$fordecl_block$25.c' from process `$paramod\reg_bank\GRID_SIZE=s32'00000000000000000000000000000011.$proc$/foss/designs/integration_final/src/reg_bank.sv:182$346'.
No latch inferred for signal `$paramod\reg_bank\GRID_SIZE=s32'00000000000000000000000000000011.$fordecl_block$7.$for_loop$8[0].$fordecl_block$9.$for_loop$10[0].$fordecl_block$21.$for_loop$22[2].$fordecl_block$23.$for_loop$24[2].$fordecl_block$25.c' from process `$paramod\reg_bank\GRID_SIZE=s32'00000000000000000000000000000011.$proc$/foss/designs/integration_final/src/reg_bank.sv:182$346'.
No latch inferred for signal `$paramod\reg_bank\GRID_SIZE=s32'00000000000000000000000000000011.$fordecl_block$7.$for_loop$8[0].$fordecl_block$9.$for_loop$10[0].$fordecl_block$21.$for_loop$22[3].$fordecl_block$23.r' from process `$paramod\reg_bank\GRID_SIZE=s32'00000000000000000000000000000011.$proc$/foss/designs/integration_final/src/reg_bank.sv:182$346'.
No latch inferred for signal `$paramod\reg_bank\GRID_SIZE=s32'00000000000000000000000000000011.$fordecl_block$7.$for_loop$8[0].$fordecl_block$9.$for_loop$10[0].$fordecl_block$21.$for_loop$22[3].$fordecl_block$23.$for_loop$24[0].$fordecl_block$25.c' from process `$paramod\reg_bank\GRID_SIZE=s32'00000000000000000000000000000011.$proc$/foss/designs/integration_final/src/reg_bank.sv:182$346'.
No latch inferred for signal `$paramod\reg_bank\GRID_SIZE=s32'00000000000000000000000000000011.$fordecl_block$7.$for_loop$8[0].$fordecl_block$9.$for_loop$10[0].$fordecl_block$21.$for_loop$22[3].$fordecl_block$23.$for_loop$24[1].$fordecl_block$25.c' from process `$paramod\reg_bank\GRID_SIZE=s32'00000000000000000000000000000011.$proc$/foss/designs/integration_final/src/reg_bank.sv:182$346'.
No latch inferred for signal `$paramod\reg_bank\GRID_SIZE=s32'00000000000000000000000000000011.$fordecl_block$7.$for_loop$8[0].$fordecl_block$9.$for_loop$10[0].$fordecl_block$21.$for_loop$22[3].$fordecl_block$23.$for_loop$24[2].$fordecl_block$25.c' from process `$paramod\reg_bank\GRID_SIZE=s32'00000000000000000000000000000011.$proc$/foss/designs/integration_final/src/reg_bank.sv:182$346'.
No latch inferred for signal `$paramod\reg_bank\GRID_SIZE=s32'00000000000000000000000000000011.$fordecl_block$7.$for_loop$8[0].$fordecl_block$9.$for_loop$10[1].$fordecl_block$11.m' from process `$paramod\reg_bank\GRID_SIZE=s32'00000000000000000000000000000011.$proc$/foss/designs/integration_final/src/reg_bank.sv:182$346'.
No latch inferred for signal `$paramod\reg_bank\GRID_SIZE=s32'00000000000000000000000000000011.$fordecl_block$7.$for_loop$8[0].$fordecl_block$9.$for_loop$10[1].$fordecl_block$13.m' from process `$paramod\reg_bank\GRID_SIZE=s32'00000000000000000000000000000011.$proc$/foss/designs/integration_final/src/reg_bank.sv:182$346'.
No latch inferred for signal `$paramod\reg_bank\GRID_SIZE=s32'00000000000000000000000000000011.$fordecl_block$7.$for_loop$8[0].$fordecl_block$9.$for_loop$10[1].$fordecl_block$15.m' from process `$paramod\reg_bank\GRID_SIZE=s32'00000000000000000000000000000011.$proc$/foss/designs/integration_final/src/reg_bank.sv:182$346'.
No latch inferred for signal `$paramod\reg_bank\GRID_SIZE=s32'00000000000000000000000000000011.$fordecl_block$7.$for_loop$8[0].$fordecl_block$9.$for_loop$10[1].$fordecl_block$15.$for_loop$16[0].$fordecl_block$17.c' from process `$paramod\reg_bank\GRID_SIZE=s32'00000000000000000000000000000011.$proc$/foss/designs/integration_final/src/reg_bank.sv:182$346'.
No latch inferred for signal `$paramod\reg_bank\GRID_SIZE=s32'00000000000000000000000000000011.$fordecl_block$7.$for_loop$8[0].$fordecl_block$9.$for_loop$10[1].$fordecl_block$15.$for_loop$16[0].$fordecl_block$19.r' from process `$paramod\reg_bank\GRID_SIZE=s32'00000000000000000000000000000011.$proc$/foss/designs/integration_final/src/reg_bank.sv:182$346'.
No latch inferred for signal `$paramod\reg_bank\GRID_SIZE=s32'00000000000000000000000000000011.$fordecl_block$7.$for_loop$8[0].$fordecl_block$9.$for_loop$10[1].$fordecl_block$15.$for_loop$16[1].$fordecl_block$17.c' from process `$paramod\reg_bank\GRID_SIZE=s32'00000000000000000000000000000011.$proc$/foss/designs/integration_final/src/reg_bank.sv:182$346'.
No latch inferred for signal `$paramod\reg_bank\GRID_SIZE=s32'00000000000000000000000000000011.$fordecl_block$7.$for_loop$8[0].$fordecl_block$9.$for_loop$10[1].$fordecl_block$15.$for_loop$16[1].$fordecl_block$19.r' from process `$paramod\reg_bank\GRID_SIZE=s32'00000000000000000000000000000011.$proc$/foss/designs/integration_final/src/reg_bank.sv:182$346'.
No latch inferred for signal `$paramod\reg_bank\GRID_SIZE=s32'00000000000000000000000000000011.$fordecl_block$7.$for_loop$8[0].$fordecl_block$9.$for_loop$10[1].$fordecl_block$15.$for_loop$16[2].$fordecl_block$17.c' from process `$paramod\reg_bank\GRID_SIZE=s32'00000000000000000000000000000011.$proc$/foss/designs/integration_final/src/reg_bank.sv:182$346'.
No latch inferred for signal `$paramod\reg_bank\GRID_SIZE=s32'00000000000000000000000000000011.$fordecl_block$7.$for_loop$8[0].$fordecl_block$9.$for_loop$10[1].$fordecl_block$15.$for_loop$16[2].$fordecl_block$19.r' from process `$paramod\reg_bank\GRID_SIZE=s32'00000000000000000000000000000011.$proc$/foss/designs/integration_final/src/reg_bank.sv:182$346'.
No latch inferred for signal `$paramod\reg_bank\GRID_SIZE=s32'00000000000000000000000000000011.$fordecl_block$7.$for_loop$8[0].$fordecl_block$9.$for_loop$10[1].$fordecl_block$15.$for_loop$16[3].$fordecl_block$17.c' from process `$paramod\reg_bank\GRID_SIZE=s32'00000000000000000000000000000011.$proc$/foss/designs/integration_final/src/reg_bank.sv:182$346'.
No latch inferred for signal `$paramod\reg_bank\GRID_SIZE=s32'00000000000000000000000000000011.$fordecl_block$7.$for_loop$8[0].$fordecl_block$9.$for_loop$10[1].$fordecl_block$15.$for_loop$16[3].$fordecl_block$19.r' from process `$paramod\reg_bank\GRID_SIZE=s32'00000000000000000000000000000011.$proc$/foss/designs/integration_final/src/reg_bank.sv:182$346'.
No latch inferred for signal `$paramod\reg_bank\GRID_SIZE=s32'00000000000000000000000000000011.$fordecl_block$7.$for_loop$8[0].$fordecl_block$9.$for_loop$10[2].$fordecl_block$11.m' from process `$paramod\reg_bank\GRID_SIZE=s32'00000000000000000000000000000011.$proc$/foss/designs/integration_final/src/reg_bank.sv:182$346'.
No latch inferred for signal `$paramod\reg_bank\GRID_SIZE=s32'00000000000000000000000000000011.$fordecl_block$7.$for_loop$8[0].$fordecl_block$9.$for_loop$10[2].$fordecl_block$13.m' from process `$paramod\reg_bank\GRID_SIZE=s32'00000000000000000000000000000011.$proc$/foss/designs/integration_final/src/reg_bank.sv:182$346'.
No latch inferred for signal `$paramod\reg_bank\GRID_SIZE=s32'00000000000000000000000000000011.$fordecl_block$7.$for_loop$8[0].$fordecl_block$9.$for_loop$10[2].$fordecl_block$15.m' from process `$paramod\reg_bank\GRID_SIZE=s32'00000000000000000000000000000011.$proc$/foss/designs/integration_final/src/reg_bank.sv:182$346'.
No latch inferred for signal `$paramod\reg_bank\GRID_SIZE=s32'00000000000000000000000000000011.$fordecl_block$7.$for_loop$8[0].$fordecl_block$9.$for_loop$10[2].$fordecl_block$15.$for_loop$16[0].$fordecl_block$17.c' from process `$paramod\reg_bank\GRID_SIZE=s32'00000000000000000000000000000011.$proc$/foss/designs/integration_final/src/reg_bank.sv:182$346'.
No latch inferred for signal `$paramod\reg_bank\GRID_SIZE=s32'00000000000000000000000000000011.$fordecl_block$7.$for_loop$8[0].$fordecl_block$9.$for_loop$10[2].$fordecl_block$15.$for_loop$16[0].$fordecl_block$19.r' from process `$paramod\reg_bank\GRID_SIZE=s32'00000000000000000000000000000011.$proc$/foss/designs/integration_final/src/reg_bank.sv:182$346'.
No latch inferred for signal `$paramod\reg_bank\GRID_SIZE=s32'00000000000000000000000000000011.$fordecl_block$7.$for_loop$8[0].$fordecl_block$9.$for_loop$10[2].$fordecl_block$15.$for_loop$16[1].$fordecl_block$17.c' from process `$paramod\reg_bank\GRID_SIZE=s32'00000000000000000000000000000011.$proc$/foss/designs/integration_final/src/reg_bank.sv:182$346'.
No latch inferred for signal `$paramod\reg_bank\GRID_SIZE=s32'00000000000000000000000000000011.$fordecl_block$7.$for_loop$8[0].$fordecl_block$9.$for_loop$10[2].$fordecl_block$15.$for_loop$16[1].$fordecl_block$19.r' from process `$paramod\reg_bank\GRID_SIZE=s32'00000000000000000000000000000011.$proc$/foss/designs/integration_final/src/reg_bank.sv:182$346'.
No latch inferred for signal `$paramod\reg_bank\GRID_SIZE=s32'00000000000000000000000000000011.$fordecl_block$7.$for_loop$8[0].$fordecl_block$9.$for_loop$10[2].$fordecl_block$15.$for_loop$16[2].$fordecl_block$17.c' from process `$paramod\reg_bank\GRID_SIZE=s32'00000000000000000000000000000011.$proc$/foss/designs/integration_final/src/reg_bank.sv:182$346'.
No latch inferred for signal `$paramod\reg_bank\GRID_SIZE=s32'00000000000000000000000000000011.$fordecl_block$7.$for_loop$8[0].$fordecl_block$9.$for_loop$10[2].$fordecl_block$15.$for_loop$16[2].$fordecl_block$19.r' from process `$paramod\reg_bank\GRID_SIZE=s32'00000000000000000000000000000011.$proc$/foss/designs/integration_final/src/reg_bank.sv:182$346'.
No latch inferred for signal `$paramod\reg_bank\GRID_SIZE=s32'00000000000000000000000000000011.$fordecl_block$7.$for_loop$8[0].$fordecl_block$9.$for_loop$10[2].$fordecl_block$15.$for_loop$16[3].$fordecl_block$17.c' from process `$paramod\reg_bank\GRID_SIZE=s32'00000000000000000000000000000011.$proc$/foss/designs/integration_final/src/reg_bank.sv:182$346'.
No latch inferred for signal `$paramod\reg_bank\GRID_SIZE=s32'00000000000000000000000000000011.$fordecl_block$7.$for_loop$8[0].$fordecl_block$9.$for_loop$10[2].$fordecl_block$15.$for_loop$16[3].$fordecl_block$19.r' from process `$paramod\reg_bank\GRID_SIZE=s32'00000000000000000000000000000011.$proc$/foss/designs/integration_final/src/reg_bank.sv:182$346'.
No latch inferred for signal `$paramod\reg_bank\GRID_SIZE=s32'00000000000000000000000000000011.$fordecl_block$7.$for_loop$8[1].$fordecl_block$9.j' from process `$paramod\reg_bank\GRID_SIZE=s32'00000000000000000000000000000011.$proc$/foss/designs/integration_final/src/reg_bank.sv:182$346'.
No latch inferred for signal `$paramod\reg_bank\GRID_SIZE=s32'00000000000000000000000000000011.$fordecl_block$7.$for_loop$8[1].$fordecl_block$9.$for_loop$10[0].$fordecl_block$11.m' from process `$paramod\reg_bank\GRID_SIZE=s32'00000000000000000000000000000011.$proc$/foss/designs/integration_final/src/reg_bank.sv:182$346'.
No latch inferred for signal `$paramod\reg_bank\GRID_SIZE=s32'00000000000000000000000000000011.$fordecl_block$7.$for_loop$8[1].$fordecl_block$9.$for_loop$10[0].$fordecl_block$13.m' from process `$paramod\reg_bank\GRID_SIZE=s32'00000000000000000000000000000011.$proc$/foss/designs/integration_final/src/reg_bank.sv:182$346'.
No latch inferred for signal `$paramod\reg_bank\GRID_SIZE=s32'00000000000000000000000000000011.$fordecl_block$7.$for_loop$8[1].$fordecl_block$9.$for_loop$10[0].$fordecl_block$15.m' from process `$paramod\reg_bank\GRID_SIZE=s32'00000000000000000000000000000011.$proc$/foss/designs/integration_final/src/reg_bank.sv:182$346'.
No latch inferred for signal `$paramod\reg_bank\GRID_SIZE=s32'00000000000000000000000000000011.$fordecl_block$7.$for_loop$8[1].$fordecl_block$9.$for_loop$10[0].$fordecl_block$15.$for_loop$16[0].$fordecl_block$17.c' from process `$paramod\reg_bank\GRID_SIZE=s32'00000000000000000000000000000011.$proc$/foss/designs/integration_final/src/reg_bank.sv:182$346'.
No latch inferred for signal `$paramod\reg_bank\GRID_SIZE=s32'00000000000000000000000000000011.$fordecl_block$7.$for_loop$8[1].$fordecl_block$9.$for_loop$10[0].$fordecl_block$15.$for_loop$16[0].$fordecl_block$19.r' from process `$paramod\reg_bank\GRID_SIZE=s32'00000000000000000000000000000011.$proc$/foss/designs/integration_final/src/reg_bank.sv:182$346'.
No latch inferred for signal `$paramod\reg_bank\GRID_SIZE=s32'00000000000000000000000000000011.$fordecl_block$7.$for_loop$8[1].$fordecl_block$9.$for_loop$10[0].$fordecl_block$15.$for_loop$16[1].$fordecl_block$17.c' from process `$paramod\reg_bank\GRID_SIZE=s32'00000000000000000000000000000011.$proc$/foss/designs/integration_final/src/reg_bank.sv:182$346'.
No latch inferred for signal `$paramod\reg_bank\GRID_SIZE=s32'00000000000000000000000000000011.$fordecl_block$7.$for_loop$8[1].$fordecl_block$9.$for_loop$10[0].$fordecl_block$15.$for_loop$16[1].$fordecl_block$19.r' from process `$paramod\reg_bank\GRID_SIZE=s32'00000000000000000000000000000011.$proc$/foss/designs/integration_final/src/reg_bank.sv:182$346'.
No latch inferred for signal `$paramod\reg_bank\GRID_SIZE=s32'00000000000000000000000000000011.$fordecl_block$7.$for_loop$8[1].$fordecl_block$9.$for_loop$10[0].$fordecl_block$15.$for_loop$16[2].$fordecl_block$17.c' from process `$paramod\reg_bank\GRID_SIZE=s32'00000000000000000000000000000011.$proc$/foss/designs/integration_final/src/reg_bank.sv:182$346'.
No latch inferred for signal `$paramod\reg_bank\GRID_SIZE=s32'00000000000000000000000000000011.$fordecl_block$7.$for_loop$8[1].$fordecl_block$9.$for_loop$10[0].$fordecl_block$15.$for_loop$16[2].$fordecl_block$19.r' from process `$paramod\reg_bank\GRID_SIZE=s32'00000000000000000000000000000011.$proc$/foss/designs/integration_final/src/reg_bank.sv:182$346'.
No latch inferred for signal `$paramod\reg_bank\GRID_SIZE=s32'00000000000000000000000000000011.$fordecl_block$7.$for_loop$8[1].$fordecl_block$9.$for_loop$10[0].$fordecl_block$15.$for_loop$16[3].$fordecl_block$17.c' from process `$paramod\reg_bank\GRID_SIZE=s32'00000000000000000000000000000011.$proc$/foss/designs/integration_final/src/reg_bank.sv:182$346'.
No latch inferred for signal `$paramod\reg_bank\GRID_SIZE=s32'00000000000000000000000000000011.$fordecl_block$7.$for_loop$8[1].$fordecl_block$9.$for_loop$10[0].$fordecl_block$15.$for_loop$16[3].$fordecl_block$19.r' from process `$paramod\reg_bank\GRID_SIZE=s32'00000000000000000000000000000011.$proc$/foss/designs/integration_final/src/reg_bank.sv:182$346'.
No latch inferred for signal `$paramod\reg_bank\GRID_SIZE=s32'00000000000000000000000000000011.$fordecl_block$7.$for_loop$8[1].$fordecl_block$9.$for_loop$10[1].$fordecl_block$11.m' from process `$paramod\reg_bank\GRID_SIZE=s32'00000000000000000000000000000011.$proc$/foss/designs/integration_final/src/reg_bank.sv:182$346'.
No latch inferred for signal `$paramod\reg_bank\GRID_SIZE=s32'00000000000000000000000000000011.$fordecl_block$7.$for_loop$8[1].$fordecl_block$9.$for_loop$10[1].$fordecl_block$13.m' from process `$paramod\reg_bank\GRID_SIZE=s32'00000000000000000000000000000011.$proc$/foss/designs/integration_final/src/reg_bank.sv:182$346'.
No latch inferred for signal `$paramod\reg_bank\GRID_SIZE=s32'00000000000000000000000000000011.$fordecl_block$7.$for_loop$8[1].$fordecl_block$9.$for_loop$10[1].$fordecl_block$15.m' from process `$paramod\reg_bank\GRID_SIZE=s32'00000000000000000000000000000011.$proc$/foss/designs/integration_final/src/reg_bank.sv:182$346'.
No latch inferred for signal `$paramod\reg_bank\GRID_SIZE=s32'00000000000000000000000000000011.$fordecl_block$7.$for_loop$8[1].$fordecl_block$9.$for_loop$10[1].$fordecl_block$15.$for_loop$16[0].$fordecl_block$17.c' from process `$paramod\reg_bank\GRID_SIZE=s32'00000000000000000000000000000011.$proc$/foss/designs/integration_final/src/reg_bank.sv:182$346'.
No latch inferred for signal `$paramod\reg_bank\GRID_SIZE=s32'00000000000000000000000000000011.$fordecl_block$7.$for_loop$8[1].$fordecl_block$9.$for_loop$10[1].$fordecl_block$15.$for_loop$16[0].$fordecl_block$19.r' from process `$paramod\reg_bank\GRID_SIZE=s32'00000000000000000000000000000011.$proc$/foss/designs/integration_final/src/reg_bank.sv:182$346'.
No latch inferred for signal `$paramod\reg_bank\GRID_SIZE=s32'00000000000000000000000000000011.$fordecl_block$7.$for_loop$8[1].$fordecl_block$9.$for_loop$10[1].$fordecl_block$15.$for_loop$16[1].$fordecl_block$17.c' from process `$paramod\reg_bank\GRID_SIZE=s32'00000000000000000000000000000011.$proc$/foss/designs/integration_final/src/reg_bank.sv:182$346'.
No latch inferred for signal `$paramod\reg_bank\GRID_SIZE=s32'00000000000000000000000000000011.$fordecl_block$7.$for_loop$8[1].$fordecl_block$9.$for_loop$10[1].$fordecl_block$15.$for_loop$16[1].$fordecl_block$19.r' from process `$paramod\reg_bank\GRID_SIZE=s32'00000000000000000000000000000011.$proc$/foss/designs/integration_final/src/reg_bank.sv:182$346'.
No latch inferred for signal `$paramod\reg_bank\GRID_SIZE=s32'00000000000000000000000000000011.$fordecl_block$7.$for_loop$8[1].$fordecl_block$9.$for_loop$10[1].$fordecl_block$15.$for_loop$16[2].$fordecl_block$17.c' from process `$paramod\reg_bank\GRID_SIZE=s32'00000000000000000000000000000011.$proc$/foss/designs/integration_final/src/reg_bank.sv:182$346'.
No latch inferred for signal `$paramod\reg_bank\GRID_SIZE=s32'00000000000000000000000000000011.$fordecl_block$7.$for_loop$8[1].$fordecl_block$9.$for_loop$10[1].$fordecl_block$15.$for_loop$16[2].$fordecl_block$19.r' from process `$paramod\reg_bank\GRID_SIZE=s32'00000000000000000000000000000011.$proc$/foss/designs/integration_final/src/reg_bank.sv:182$346'.
No latch inferred for signal `$paramod\reg_bank\GRID_SIZE=s32'00000000000000000000000000000011.$fordecl_block$7.$for_loop$8[1].$fordecl_block$9.$for_loop$10[1].$fordecl_block$15.$for_loop$16[3].$fordecl_block$17.c' from process `$paramod\reg_bank\GRID_SIZE=s32'00000000000000000000000000000011.$proc$/foss/designs/integration_final/src/reg_bank.sv:182$346'.
No latch inferred for signal `$paramod\reg_bank\GRID_SIZE=s32'00000000000000000000000000000011.$fordecl_block$7.$for_loop$8[1].$fordecl_block$9.$for_loop$10[1].$fordecl_block$15.$for_loop$16[3].$fordecl_block$19.r' from process `$paramod\reg_bank\GRID_SIZE=s32'00000000000000000000000000000011.$proc$/foss/designs/integration_final/src/reg_bank.sv:182$346'.
No latch inferred for signal `$paramod\reg_bank\GRID_SIZE=s32'00000000000000000000000000000011.$fordecl_block$7.$for_loop$8[1].$fordecl_block$9.$for_loop$10[2].$fordecl_block$11.m' from process `$paramod\reg_bank\GRID_SIZE=s32'00000000000000000000000000000011.$proc$/foss/designs/integration_final/src/reg_bank.sv:182$346'.
No latch inferred for signal `$paramod\reg_bank\GRID_SIZE=s32'00000000000000000000000000000011.$fordecl_block$7.$for_loop$8[1].$fordecl_block$9.$for_loop$10[2].$fordecl_block$13.m' from process `$paramod\reg_bank\GRID_SIZE=s32'00000000000000000000000000000011.$proc$/foss/designs/integration_final/src/reg_bank.sv:182$346'.
No latch inferred for signal `$paramod\reg_bank\GRID_SIZE=s32'00000000000000000000000000000011.$fordecl_block$7.$for_loop$8[1].$fordecl_block$9.$for_loop$10[2].$fordecl_block$15.m' from process `$paramod\reg_bank\GRID_SIZE=s32'00000000000000000000000000000011.$proc$/foss/designs/integration_final/src/reg_bank.sv:182$346'.
No latch inferred for signal `$paramod\reg_bank\GRID_SIZE=s32'00000000000000000000000000000011.$fordecl_block$7.$for_loop$8[1].$fordecl_block$9.$for_loop$10[2].$fordecl_block$15.$for_loop$16[0].$fordecl_block$17.c' from process `$paramod\reg_bank\GRID_SIZE=s32'00000000000000000000000000000011.$proc$/foss/designs/integration_final/src/reg_bank.sv:182$346'.
No latch inferred for signal `$paramod\reg_bank\GRID_SIZE=s32'00000000000000000000000000000011.$fordecl_block$7.$for_loop$8[1].$fordecl_block$9.$for_loop$10[2].$fordecl_block$15.$for_loop$16[0].$fordecl_block$19.r' from process `$paramod\reg_bank\GRID_SIZE=s32'00000000000000000000000000000011.$proc$/foss/designs/integration_final/src/reg_bank.sv:182$346'.
No latch inferred for signal `$paramod\reg_bank\GRID_SIZE=s32'00000000000000000000000000000011.$fordecl_block$7.$for_loop$8[1].$fordecl_block$9.$for_loop$10[2].$fordecl_block$15.$for_loop$16[1].$fordecl_block$17.c' from process `$paramod\reg_bank\GRID_SIZE=s32'00000000000000000000000000000011.$proc$/foss/designs/integration_final/src/reg_bank.sv:182$346'.
No latch inferred for signal `$paramod\reg_bank\GRID_SIZE=s32'00000000000000000000000000000011.$fordecl_block$7.$for_loop$8[1].$fordecl_block$9.$for_loop$10[2].$fordecl_block$15.$for_loop$16[1].$fordecl_block$19.r' from process `$paramod\reg_bank\GRID_SIZE=s32'00000000000000000000000000000011.$proc$/foss/designs/integration_final/src/reg_bank.sv:182$346'.
No latch inferred for signal `$paramod\reg_bank\GRID_SIZE=s32'00000000000000000000000000000011.$fordecl_block$7.$for_loop$8[1].$fordecl_block$9.$for_loop$10[2].$fordecl_block$15.$for_loop$16[2].$fordecl_block$17.c' from process `$paramod\reg_bank\GRID_SIZE=s32'00000000000000000000000000000011.$proc$/foss/designs/integration_final/src/reg_bank.sv:182$346'.
No latch inferred for signal `$paramod\reg_bank\GRID_SIZE=s32'00000000000000000000000000000011.$fordecl_block$7.$for_loop$8[1].$fordecl_block$9.$for_loop$10[2].$fordecl_block$15.$for_loop$16[2].$fordecl_block$19.r' from process `$paramod\reg_bank\GRID_SIZE=s32'00000000000000000000000000000011.$proc$/foss/designs/integration_final/src/reg_bank.sv:182$346'.
No latch inferred for signal `$paramod\reg_bank\GRID_SIZE=s32'00000000000000000000000000000011.$fordecl_block$7.$for_loop$8[1].$fordecl_block$9.$for_loop$10[2].$fordecl_block$15.$for_loop$16[3].$fordecl_block$17.c' from process `$paramod\reg_bank\GRID_SIZE=s32'00000000000000000000000000000011.$proc$/foss/designs/integration_final/src/reg_bank.sv:182$346'.
No latch inferred for signal `$paramod\reg_bank\GRID_SIZE=s32'00000000000000000000000000000011.$fordecl_block$7.$for_loop$8[1].$fordecl_block$9.$for_loop$10[2].$fordecl_block$15.$for_loop$16[3].$fordecl_block$19.r' from process `$paramod\reg_bank\GRID_SIZE=s32'00000000000000000000000000000011.$proc$/foss/designs/integration_final/src/reg_bank.sv:182$346'.
No latch inferred for signal `$paramod\reg_bank\GRID_SIZE=s32'00000000000000000000000000000011.$fordecl_block$7.$for_loop$8[2].$fordecl_block$9.j' from process `$paramod\reg_bank\GRID_SIZE=s32'00000000000000000000000000000011.$proc$/foss/designs/integration_final/src/reg_bank.sv:182$346'.
No latch inferred for signal `$paramod\reg_bank\GRID_SIZE=s32'00000000000000000000000000000011.$fordecl_block$7.$for_loop$8[2].$fordecl_block$9.$for_loop$10[0].$fordecl_block$11.m' from process `$paramod\reg_bank\GRID_SIZE=s32'00000000000000000000000000000011.$proc$/foss/designs/integration_final/src/reg_bank.sv:182$346'.
No latch inferred for signal `$paramod\reg_bank\GRID_SIZE=s32'00000000000000000000000000000011.$fordecl_block$7.$for_loop$8[2].$fordecl_block$9.$for_loop$10[0].$fordecl_block$13.m' from process `$paramod\reg_bank\GRID_SIZE=s32'00000000000000000000000000000011.$proc$/foss/designs/integration_final/src/reg_bank.sv:182$346'.
No latch inferred for signal `$paramod\reg_bank\GRID_SIZE=s32'00000000000000000000000000000011.$fordecl_block$7.$for_loop$8[2].$fordecl_block$9.$for_loop$10[0].$fordecl_block$15.m' from process `$paramod\reg_bank\GRID_SIZE=s32'00000000000000000000000000000011.$proc$/foss/designs/integration_final/src/reg_bank.sv:182$346'.
No latch inferred for signal `$paramod\reg_bank\GRID_SIZE=s32'00000000000000000000000000000011.$fordecl_block$7.$for_loop$8[2].$fordecl_block$9.$for_loop$10[0].$fordecl_block$15.$for_loop$16[0].$fordecl_block$17.c' from process `$paramod\reg_bank\GRID_SIZE=s32'00000000000000000000000000000011.$proc$/foss/designs/integration_final/src/reg_bank.sv:182$346'.
No latch inferred for signal `$paramod\reg_bank\GRID_SIZE=s32'00000000000000000000000000000011.$fordecl_block$7.$for_loop$8[2].$fordecl_block$9.$for_loop$10[0].$fordecl_block$15.$for_loop$16[0].$fordecl_block$19.r' from process `$paramod\reg_bank\GRID_SIZE=s32'00000000000000000000000000000011.$proc$/foss/designs/integration_final/src/reg_bank.sv:182$346'.
No latch inferred for signal `$paramod\reg_bank\GRID_SIZE=s32'00000000000000000000000000000011.$fordecl_block$7.$for_loop$8[2].$fordecl_block$9.$for_loop$10[0].$fordecl_block$15.$for_loop$16[1].$fordecl_block$17.c' from process `$paramod\reg_bank\GRID_SIZE=s32'00000000000000000000000000000011.$proc$/foss/designs/integration_final/src/reg_bank.sv:182$346'.
No latch inferred for signal `$paramod\reg_bank\GRID_SIZE=s32'00000000000000000000000000000011.$fordecl_block$7.$for_loop$8[2].$fordecl_block$9.$for_loop$10[0].$fordecl_block$15.$for_loop$16[1].$fordecl_block$19.r' from process `$paramod\reg_bank\GRID_SIZE=s32'00000000000000000000000000000011.$proc$/foss/designs/integration_final/src/reg_bank.sv:182$346'.
No latch inferred for signal `$paramod\reg_bank\GRID_SIZE=s32'00000000000000000000000000000011.$fordecl_block$7.$for_loop$8[2].$fordecl_block$9.$for_loop$10[0].$fordecl_block$15.$for_loop$16[2].$fordecl_block$17.c' from process `$paramod\reg_bank\GRID_SIZE=s32'00000000000000000000000000000011.$proc$/foss/designs/integration_final/src/reg_bank.sv:182$346'.
No latch inferred for signal `$paramod\reg_bank\GRID_SIZE=s32'00000000000000000000000000000011.$fordecl_block$7.$for_loop$8[2].$fordecl_block$9.$for_loop$10[0].$fordecl_block$15.$for_loop$16[2].$fordecl_block$19.r' from process `$paramod\reg_bank\GRID_SIZE=s32'00000000000000000000000000000011.$proc$/foss/designs/integration_final/src/reg_bank.sv:182$346'.
No latch inferred for signal `$paramod\reg_bank\GRID_SIZE=s32'00000000000000000000000000000011.$fordecl_block$7.$for_loop$8[2].$fordecl_block$9.$for_loop$10[0].$fordecl_block$15.$for_loop$16[3].$fordecl_block$17.c' from process `$paramod\reg_bank\GRID_SIZE=s32'00000000000000000000000000000011.$proc$/foss/designs/integration_final/src/reg_bank.sv:182$346'.
No latch inferred for signal `$paramod\reg_bank\GRID_SIZE=s32'00000000000000000000000000000011.$fordecl_block$7.$for_loop$8[2].$fordecl_block$9.$for_loop$10[0].$fordecl_block$15.$for_loop$16[3].$fordecl_block$19.r' from process `$paramod\reg_bank\GRID_SIZE=s32'00000000000000000000000000000011.$proc$/foss/designs/integration_final/src/reg_bank.sv:182$346'.
No latch inferred for signal `$paramod\reg_bank\GRID_SIZE=s32'00000000000000000000000000000011.$fordecl_block$7.$for_loop$8[2].$fordecl_block$9.$for_loop$10[1].$fordecl_block$11.m' from process `$paramod\reg_bank\GRID_SIZE=s32'00000000000000000000000000000011.$proc$/foss/designs/integration_final/src/reg_bank.sv:182$346'.
No latch inferred for signal `$paramod\reg_bank\GRID_SIZE=s32'00000000000000000000000000000011.$fordecl_block$7.$for_loop$8[2].$fordecl_block$9.$for_loop$10[1].$fordecl_block$13.m' from process `$paramod\reg_bank\GRID_SIZE=s32'00000000000000000000000000000011.$proc$/foss/designs/integration_final/src/reg_bank.sv:182$346'.
No latch inferred for signal `$paramod\reg_bank\GRID_SIZE=s32'00000000000000000000000000000011.$fordecl_block$7.$for_loop$8[2].$fordecl_block$9.$for_loop$10[1].$fordecl_block$15.m' from process `$paramod\reg_bank\GRID_SIZE=s32'00000000000000000000000000000011.$proc$/foss/designs/integration_final/src/reg_bank.sv:182$346'.
No latch inferred for signal `$paramod\reg_bank\GRID_SIZE=s32'00000000000000000000000000000011.$fordecl_block$7.$for_loop$8[2].$fordecl_block$9.$for_loop$10[1].$fordecl_block$15.$for_loop$16[0].$fordecl_block$17.c' from process `$paramod\reg_bank\GRID_SIZE=s32'00000000000000000000000000000011.$proc$/foss/designs/integration_final/src/reg_bank.sv:182$346'.
No latch inferred for signal `$paramod\reg_bank\GRID_SIZE=s32'00000000000000000000000000000011.$fordecl_block$7.$for_loop$8[2].$fordecl_block$9.$for_loop$10[1].$fordecl_block$15.$for_loop$16[0].$fordecl_block$19.r' from process `$paramod\reg_bank\GRID_SIZE=s32'00000000000000000000000000000011.$proc$/foss/designs/integration_final/src/reg_bank.sv:182$346'.
No latch inferred for signal `$paramod\reg_bank\GRID_SIZE=s32'00000000000000000000000000000011.$fordecl_block$7.$for_loop$8[2].$fordecl_block$9.$for_loop$10[1].$fordecl_block$15.$for_loop$16[1].$fordecl_block$17.c' from process `$paramod\reg_bank\GRID_SIZE=s32'00000000000000000000000000000011.$proc$/foss/designs/integration_final/src/reg_bank.sv:182$346'.
No latch inferred for signal `$paramod\reg_bank\GRID_SIZE=s32'00000000000000000000000000000011.$fordecl_block$7.$for_loop$8[2].$fordecl_block$9.$for_loop$10[1].$fordecl_block$15.$for_loop$16[1].$fordecl_block$19.r' from process `$paramod\reg_bank\GRID_SIZE=s32'00000000000000000000000000000011.$proc$/foss/designs/integration_final/src/reg_bank.sv:182$346'.
No latch inferred for signal `$paramod\reg_bank\GRID_SIZE=s32'00000000000000000000000000000011.$fordecl_block$7.$for_loop$8[2].$fordecl_block$9.$for_loop$10[1].$fordecl_block$15.$for_loop$16[2].$fordecl_block$17.c' from process `$paramod\reg_bank\GRID_SIZE=s32'00000000000000000000000000000011.$proc$/foss/designs/integration_final/src/reg_bank.sv:182$346'.
No latch inferred for signal `$paramod\reg_bank\GRID_SIZE=s32'00000000000000000000000000000011.$fordecl_block$7.$for_loop$8[2].$fordecl_block$9.$for_loop$10[1].$fordecl_block$15.$for_loop$16[2].$fordecl_block$19.r' from process `$paramod\reg_bank\GRID_SIZE=s32'00000000000000000000000000000011.$proc$/foss/designs/integration_final/src/reg_bank.sv:182$346'.
No latch inferred for signal `$paramod\reg_bank\GRID_SIZE=s32'00000000000000000000000000000011.$fordecl_block$7.$for_loop$8[2].$fordecl_block$9.$for_loop$10[1].$fordecl_block$15.$for_loop$16[3].$fordecl_block$17.c' from process `$paramod\reg_bank\GRID_SIZE=s32'00000000000000000000000000000011.$proc$/foss/designs/integration_final/src/reg_bank.sv:182$346'.
No latch inferred for signal `$paramod\reg_bank\GRID_SIZE=s32'00000000000000000000000000000011.$fordecl_block$7.$for_loop$8[2].$fordecl_block$9.$for_loop$10[1].$fordecl_block$15.$for_loop$16[3].$fordecl_block$19.r' from process `$paramod\reg_bank\GRID_SIZE=s32'00000000000000000000000000000011.$proc$/foss/designs/integration_final/src/reg_bank.sv:182$346'.
No latch inferred for signal `$paramod\reg_bank\GRID_SIZE=s32'00000000000000000000000000000011.$fordecl_block$7.$for_loop$8[2].$fordecl_block$9.$for_loop$10[2].$fordecl_block$11.m' from process `$paramod\reg_bank\GRID_SIZE=s32'00000000000000000000000000000011.$proc$/foss/designs/integration_final/src/reg_bank.sv:182$346'.
No latch inferred for signal `$paramod\reg_bank\GRID_SIZE=s32'00000000000000000000000000000011.$fordecl_block$7.$for_loop$8[2].$fordecl_block$9.$for_loop$10[2].$fordecl_block$13.m' from process `$paramod\reg_bank\GRID_SIZE=s32'00000000000000000000000000000011.$proc$/foss/designs/integration_final/src/reg_bank.sv:182$346'.
No latch inferred for signal `$paramod\reg_bank\GRID_SIZE=s32'00000000000000000000000000000011.$fordecl_block$7.$for_loop$8[2].$fordecl_block$9.$for_loop$10[2].$fordecl_block$15.m' from process `$paramod\reg_bank\GRID_SIZE=s32'00000000000000000000000000000011.$proc$/foss/designs/integration_final/src/reg_bank.sv:182$346'.
No latch inferred for signal `$paramod\reg_bank\GRID_SIZE=s32'00000000000000000000000000000011.$fordecl_block$7.$for_loop$8[2].$fordecl_block$9.$for_loop$10[2].$fordecl_block$15.$for_loop$16[0].$fordecl_block$17.c' from process `$paramod\reg_bank\GRID_SIZE=s32'00000000000000000000000000000011.$proc$/foss/designs/integration_final/src/reg_bank.sv:182$346'.
No latch inferred for signal `$paramod\reg_bank\GRID_SIZE=s32'00000000000000000000000000000011.$fordecl_block$7.$for_loop$8[2].$fordecl_block$9.$for_loop$10[2].$fordecl_block$15.$for_loop$16[0].$fordecl_block$19.r' from process `$paramod\reg_bank\GRID_SIZE=s32'00000000000000000000000000000011.$proc$/foss/designs/integration_final/src/reg_bank.sv:182$346'.
No latch inferred for signal `$paramod\reg_bank\GRID_SIZE=s32'00000000000000000000000000000011.$fordecl_block$7.$for_loop$8[2].$fordecl_block$9.$for_loop$10[2].$fordecl_block$15.$for_loop$16[1].$fordecl_block$17.c' from process `$paramod\reg_bank\GRID_SIZE=s32'00000000000000000000000000000011.$proc$/foss/designs/integration_final/src/reg_bank.sv:182$346'.
No latch inferred for signal `$paramod\reg_bank\GRID_SIZE=s32'00000000000000000000000000000011.$fordecl_block$7.$for_loop$8[2].$fordecl_block$9.$for_loop$10[2].$fordecl_block$15.$for_loop$16[1].$fordecl_block$19.r' from process `$paramod\reg_bank\GRID_SIZE=s32'00000000000000000000000000000011.$proc$/foss/designs/integration_final/src/reg_bank.sv:182$346'.
No latch inferred for signal `$paramod\reg_bank\GRID_SIZE=s32'00000000000000000000000000000011.$fordecl_block$7.$for_loop$8[2].$fordecl_block$9.$for_loop$10[2].$fordecl_block$15.$for_loop$16[2].$fordecl_block$17.c' from process `$paramod\reg_bank\GRID_SIZE=s32'00000000000000000000000000000011.$proc$/foss/designs/integration_final/src/reg_bank.sv:182$346'.
No latch inferred for signal `$paramod\reg_bank\GRID_SIZE=s32'00000000000000000000000000000011.$fordecl_block$7.$for_loop$8[2].$fordecl_block$9.$for_loop$10[2].$fordecl_block$15.$for_loop$16[2].$fordecl_block$19.r' from process `$paramod\reg_bank\GRID_SIZE=s32'00000000000000000000000000000011.$proc$/foss/designs/integration_final/src/reg_bank.sv:182$346'.
No latch inferred for signal `$paramod\reg_bank\GRID_SIZE=s32'00000000000000000000000000000011.$fordecl_block$7.$for_loop$8[2].$fordecl_block$9.$for_loop$10[2].$fordecl_block$15.$for_loop$16[3].$fordecl_block$17.c' from process `$paramod\reg_bank\GRID_SIZE=s32'00000000000000000000000000000011.$proc$/foss/designs/integration_final/src/reg_bank.sv:182$346'.
No latch inferred for signal `$paramod\reg_bank\GRID_SIZE=s32'00000000000000000000000000000011.$fordecl_block$7.$for_loop$8[2].$fordecl_block$9.$for_loop$10[2].$fordecl_block$15.$for_loop$16[3].$fordecl_block$19.r' from process `$paramod\reg_bank\GRID_SIZE=s32'00000000000000000000000000000011.$proc$/foss/designs/integration_final/src/reg_bank.sv:182$346'.
No latch inferred for signal `$paramod\reg_bank\GRID_SIZE=s32'00000000000000000000000000000011.\next_state' from process `$paramod\reg_bank\GRID_SIZE=s32'00000000000000000000000000000011.$proc$/foss/designs/integration_final/src/reg_bank.sv:156$339'.
No latch inferred for signal `\quantizer.\extended_scaled_data' from process `\quantizer.$proc$/foss/designs/integration_final/src/quantizer.sv:34$163'.
No latch inferred for signal `\uartTx.\txBusy' from process `\uartTx.$proc$/foss/designs/integration_final/src/uart_tx.v:84$153'.
No latch inferred for signal `\uartTx.\ce1' from process `\uartTx.$proc$/foss/designs/integration_final/src/uart_tx.v:84$153'.
No latch inferred for signal `$paramod\MAC_grid\GRID_SIZE=s32'00000000000000000000000000000011.\overflow_array[8]' from process `$paramod\MAC_grid\GRID_SIZE=s32'00000000000000000000000000000011.$proc$/foss/designs/integration_final/src/MAC_grid.sv:39$5389'.
No latch inferred for signal `$paramod\MAC_grid\GRID_SIZE=s32'00000000000000000000000000000011.\valid_out_array[8]' from process `$paramod\MAC_grid\GRID_SIZE=s32'00000000000000000000000000000011.$proc$/foss/designs/integration_final/src/MAC_grid.sv:38$5388'.
No latch inferred for signal `$paramod\MAC_grid\GRID_SIZE=s32'00000000000000000000000000000011.\result_array[8]' from process `$paramod\MAC_grid\GRID_SIZE=s32'00000000000000000000000000000011.$proc$/foss/designs/integration_final/src/MAC_grid.sv:37$5387'.
No latch inferred for signal `$paramod\MAC_grid\GRID_SIZE=s32'00000000000000000000000000000011.\valid_array[8]' from process `$paramod\MAC_grid\GRID_SIZE=s32'00000000000000000000000000000011.$proc$/foss/designs/integration_final/src/MAC_grid.sv:27$5386'.
No latch inferred for signal `$paramod\MAC_grid\GRID_SIZE=s32'00000000000000000000000000000011.\data_b_array[8]' from process `$paramod\MAC_grid\GRID_SIZE=s32'00000000000000000000000000000011.$proc$/foss/designs/integration_final/src/MAC_grid.sv:26$5385'.
No latch inferred for signal `$paramod\MAC_grid\GRID_SIZE=s32'00000000000000000000000000000011.\data_a_array[8]' from process `$paramod\MAC_grid\GRID_SIZE=s32'00000000000000000000000000000011.$proc$/foss/designs/integration_final/src/MAC_grid.sv:25$5384'.
No latch inferred for signal `$paramod\MAC_grid\GRID_SIZE=s32'00000000000000000000000000000011.\overflow_array[7]' from process `$paramod\MAC_grid\GRID_SIZE=s32'00000000000000000000000000000011.$proc$/foss/designs/integration_final/src/MAC_grid.sv:39$5383'.
No latch inferred for signal `$paramod\MAC_grid\GRID_SIZE=s32'00000000000000000000000000000011.\valid_out_array[7]' from process `$paramod\MAC_grid\GRID_SIZE=s32'00000000000000000000000000000011.$proc$/foss/designs/integration_final/src/MAC_grid.sv:38$5382'.
No latch inferred for signal `$paramod\MAC_grid\GRID_SIZE=s32'00000000000000000000000000000011.\result_array[7]' from process `$paramod\MAC_grid\GRID_SIZE=s32'00000000000000000000000000000011.$proc$/foss/designs/integration_final/src/MAC_grid.sv:37$5381'.
No latch inferred for signal `$paramod\MAC_grid\GRID_SIZE=s32'00000000000000000000000000000011.\valid_array[7]' from process `$paramod\MAC_grid\GRID_SIZE=s32'00000000000000000000000000000011.$proc$/foss/designs/integration_final/src/MAC_grid.sv:27$5380'.
No latch inferred for signal `$paramod\MAC_grid\GRID_SIZE=s32'00000000000000000000000000000011.\data_b_array[7]' from process `$paramod\MAC_grid\GRID_SIZE=s32'00000000000000000000000000000011.$proc$/foss/designs/integration_final/src/MAC_grid.sv:26$5379'.
No latch inferred for signal `$paramod\MAC_grid\GRID_SIZE=s32'00000000000000000000000000000011.\data_a_array[7]' from process `$paramod\MAC_grid\GRID_SIZE=s32'00000000000000000000000000000011.$proc$/foss/designs/integration_final/src/MAC_grid.sv:25$5378'.
No latch inferred for signal `$paramod\MAC_grid\GRID_SIZE=s32'00000000000000000000000000000011.\overflow_array[6]' from process `$paramod\MAC_grid\GRID_SIZE=s32'00000000000000000000000000000011.$proc$/foss/designs/integration_final/src/MAC_grid.sv:39$5377'.
No latch inferred for signal `$paramod\MAC_grid\GRID_SIZE=s32'00000000000000000000000000000011.\valid_out_array[6]' from process `$paramod\MAC_grid\GRID_SIZE=s32'00000000000000000000000000000011.$proc$/foss/designs/integration_final/src/MAC_grid.sv:38$5376'.
No latch inferred for signal `$paramod\MAC_grid\GRID_SIZE=s32'00000000000000000000000000000011.\result_array[6]' from process `$paramod\MAC_grid\GRID_SIZE=s32'00000000000000000000000000000011.$proc$/foss/designs/integration_final/src/MAC_grid.sv:37$5375'.
No latch inferred for signal `$paramod\MAC_grid\GRID_SIZE=s32'00000000000000000000000000000011.\valid_array[6]' from process `$paramod\MAC_grid\GRID_SIZE=s32'00000000000000000000000000000011.$proc$/foss/designs/integration_final/src/MAC_grid.sv:27$5374'.
No latch inferred for signal `$paramod\MAC_grid\GRID_SIZE=s32'00000000000000000000000000000011.\data_b_array[6]' from process `$paramod\MAC_grid\GRID_SIZE=s32'00000000000000000000000000000011.$proc$/foss/designs/integration_final/src/MAC_grid.sv:26$5373'.
No latch inferred for signal `$paramod\MAC_grid\GRID_SIZE=s32'00000000000000000000000000000011.\data_a_array[6]' from process `$paramod\MAC_grid\GRID_SIZE=s32'00000000000000000000000000000011.$proc$/foss/designs/integration_final/src/MAC_grid.sv:25$5372'.
No latch inferred for signal `$paramod\MAC_grid\GRID_SIZE=s32'00000000000000000000000000000011.\overflow_array[5]' from process `$paramod\MAC_grid\GRID_SIZE=s32'00000000000000000000000000000011.$proc$/foss/designs/integration_final/src/MAC_grid.sv:39$5371'.
No latch inferred for signal `$paramod\MAC_grid\GRID_SIZE=s32'00000000000000000000000000000011.\valid_out_array[5]' from process `$paramod\MAC_grid\GRID_SIZE=s32'00000000000000000000000000000011.$proc$/foss/designs/integration_final/src/MAC_grid.sv:38$5370'.
No latch inferred for signal `$paramod\MAC_grid\GRID_SIZE=s32'00000000000000000000000000000011.\result_array[5]' from process `$paramod\MAC_grid\GRID_SIZE=s32'00000000000000000000000000000011.$proc$/foss/designs/integration_final/src/MAC_grid.sv:37$5369'.
No latch inferred for signal `$paramod\MAC_grid\GRID_SIZE=s32'00000000000000000000000000000011.\valid_array[5]' from process `$paramod\MAC_grid\GRID_SIZE=s32'00000000000000000000000000000011.$proc$/foss/designs/integration_final/src/MAC_grid.sv:27$5368'.
No latch inferred for signal `$paramod\MAC_grid\GRID_SIZE=s32'00000000000000000000000000000011.\data_b_array[5]' from process `$paramod\MAC_grid\GRID_SIZE=s32'00000000000000000000000000000011.$proc$/foss/designs/integration_final/src/MAC_grid.sv:26$5367'.
No latch inferred for signal `$paramod\MAC_grid\GRID_SIZE=s32'00000000000000000000000000000011.\data_a_array[5]' from process `$paramod\MAC_grid\GRID_SIZE=s32'00000000000000000000000000000011.$proc$/foss/designs/integration_final/src/MAC_grid.sv:25$5366'.
No latch inferred for signal `$paramod\MAC_grid\GRID_SIZE=s32'00000000000000000000000000000011.\overflow_array[4]' from process `$paramod\MAC_grid\GRID_SIZE=s32'00000000000000000000000000000011.$proc$/foss/designs/integration_final/src/MAC_grid.sv:39$5365'.
No latch inferred for signal `$paramod\MAC_grid\GRID_SIZE=s32'00000000000000000000000000000011.\valid_out_array[4]' from process `$paramod\MAC_grid\GRID_SIZE=s32'00000000000000000000000000000011.$proc$/foss/designs/integration_final/src/MAC_grid.sv:38$5364'.
No latch inferred for signal `$paramod\MAC_grid\GRID_SIZE=s32'00000000000000000000000000000011.\result_array[4]' from process `$paramod\MAC_grid\GRID_SIZE=s32'00000000000000000000000000000011.$proc$/foss/designs/integration_final/src/MAC_grid.sv:37$5363'.
No latch inferred for signal `$paramod\MAC_grid\GRID_SIZE=s32'00000000000000000000000000000011.\valid_array[4]' from process `$paramod\MAC_grid\GRID_SIZE=s32'00000000000000000000000000000011.$proc$/foss/designs/integration_final/src/MAC_grid.sv:27$5362'.
No latch inferred for signal `$paramod\MAC_grid\GRID_SIZE=s32'00000000000000000000000000000011.\data_b_array[4]' from process `$paramod\MAC_grid\GRID_SIZE=s32'00000000000000000000000000000011.$proc$/foss/designs/integration_final/src/MAC_grid.sv:26$5361'.
No latch inferred for signal `$paramod\MAC_grid\GRID_SIZE=s32'00000000000000000000000000000011.\data_a_array[4]' from process `$paramod\MAC_grid\GRID_SIZE=s32'00000000000000000000000000000011.$proc$/foss/designs/integration_final/src/MAC_grid.sv:25$5360'.
No latch inferred for signal `$paramod\MAC_grid\GRID_SIZE=s32'00000000000000000000000000000011.\overflow_array[3]' from process `$paramod\MAC_grid\GRID_SIZE=s32'00000000000000000000000000000011.$proc$/foss/designs/integration_final/src/MAC_grid.sv:39$5359'.
No latch inferred for signal `$paramod\MAC_grid\GRID_SIZE=s32'00000000000000000000000000000011.\valid_out_array[3]' from process `$paramod\MAC_grid\GRID_SIZE=s32'00000000000000000000000000000011.$proc$/foss/designs/integration_final/src/MAC_grid.sv:38$5358'.
No latch inferred for signal `$paramod\MAC_grid\GRID_SIZE=s32'00000000000000000000000000000011.\result_array[3]' from process `$paramod\MAC_grid\GRID_SIZE=s32'00000000000000000000000000000011.$proc$/foss/designs/integration_final/src/MAC_grid.sv:37$5357'.
No latch inferred for signal `$paramod\MAC_grid\GRID_SIZE=s32'00000000000000000000000000000011.\valid_array[3]' from process `$paramod\MAC_grid\GRID_SIZE=s32'00000000000000000000000000000011.$proc$/foss/designs/integration_final/src/MAC_grid.sv:27$5356'.
No latch inferred for signal `$paramod\MAC_grid\GRID_SIZE=s32'00000000000000000000000000000011.\data_b_array[3]' from process `$paramod\MAC_grid\GRID_SIZE=s32'00000000000000000000000000000011.$proc$/foss/designs/integration_final/src/MAC_grid.sv:26$5355'.
No latch inferred for signal `$paramod\MAC_grid\GRID_SIZE=s32'00000000000000000000000000000011.\data_a_array[3]' from process `$paramod\MAC_grid\GRID_SIZE=s32'00000000000000000000000000000011.$proc$/foss/designs/integration_final/src/MAC_grid.sv:25$5354'.
No latch inferred for signal `$paramod\MAC_grid\GRID_SIZE=s32'00000000000000000000000000000011.\overflow_array[2]' from process `$paramod\MAC_grid\GRID_SIZE=s32'00000000000000000000000000000011.$proc$/foss/designs/integration_final/src/MAC_grid.sv:39$5353'.
No latch inferred for signal `$paramod\MAC_grid\GRID_SIZE=s32'00000000000000000000000000000011.\valid_out_array[2]' from process `$paramod\MAC_grid\GRID_SIZE=s32'00000000000000000000000000000011.$proc$/foss/designs/integration_final/src/MAC_grid.sv:38$5352'.
No latch inferred for signal `$paramod\MAC_grid\GRID_SIZE=s32'00000000000000000000000000000011.\result_array[2]' from process `$paramod\MAC_grid\GRID_SIZE=s32'00000000000000000000000000000011.$proc$/foss/designs/integration_final/src/MAC_grid.sv:37$5351'.
No latch inferred for signal `$paramod\MAC_grid\GRID_SIZE=s32'00000000000000000000000000000011.\valid_array[2]' from process `$paramod\MAC_grid\GRID_SIZE=s32'00000000000000000000000000000011.$proc$/foss/designs/integration_final/src/MAC_grid.sv:27$5350'.
No latch inferred for signal `$paramod\MAC_grid\GRID_SIZE=s32'00000000000000000000000000000011.\data_b_array[2]' from process `$paramod\MAC_grid\GRID_SIZE=s32'00000000000000000000000000000011.$proc$/foss/designs/integration_final/src/MAC_grid.sv:26$5349'.
No latch inferred for signal `$paramod\MAC_grid\GRID_SIZE=s32'00000000000000000000000000000011.\data_a_array[2]' from process `$paramod\MAC_grid\GRID_SIZE=s32'00000000000000000000000000000011.$proc$/foss/designs/integration_final/src/MAC_grid.sv:25$5348'.
No latch inferred for signal `$paramod\MAC_grid\GRID_SIZE=s32'00000000000000000000000000000011.\overflow_array[1]' from process `$paramod\MAC_grid\GRID_SIZE=s32'00000000000000000000000000000011.$proc$/foss/designs/integration_final/src/MAC_grid.sv:39$5347'.
No latch inferred for signal `$paramod\MAC_grid\GRID_SIZE=s32'00000000000000000000000000000011.\valid_out_array[1]' from process `$paramod\MAC_grid\GRID_SIZE=s32'00000000000000000000000000000011.$proc$/foss/designs/integration_final/src/MAC_grid.sv:38$5346'.
No latch inferred for signal `$paramod\MAC_grid\GRID_SIZE=s32'00000000000000000000000000000011.\result_array[1]' from process `$paramod\MAC_grid\GRID_SIZE=s32'00000000000000000000000000000011.$proc$/foss/designs/integration_final/src/MAC_grid.sv:37$5345'.
No latch inferred for signal `$paramod\MAC_grid\GRID_SIZE=s32'00000000000000000000000000000011.\valid_array[1]' from process `$paramod\MAC_grid\GRID_SIZE=s32'00000000000000000000000000000011.$proc$/foss/designs/integration_final/src/MAC_grid.sv:27$5344'.
No latch inferred for signal `$paramod\MAC_grid\GRID_SIZE=s32'00000000000000000000000000000011.\data_b_array[1]' from process `$paramod\MAC_grid\GRID_SIZE=s32'00000000000000000000000000000011.$proc$/foss/designs/integration_final/src/MAC_grid.sv:26$5343'.
No latch inferred for signal `$paramod\MAC_grid\GRID_SIZE=s32'00000000000000000000000000000011.\data_a_array[1]' from process `$paramod\MAC_grid\GRID_SIZE=s32'00000000000000000000000000000011.$proc$/foss/designs/integration_final/src/MAC_grid.sv:25$5342'.
No latch inferred for signal `$paramod\MAC_grid\GRID_SIZE=s32'00000000000000000000000000000011.\overflow_array[0]' from process `$paramod\MAC_grid\GRID_SIZE=s32'00000000000000000000000000000011.$proc$/foss/designs/integration_final/src/MAC_grid.sv:39$5341'.
No latch inferred for signal `$paramod\MAC_grid\GRID_SIZE=s32'00000000000000000000000000000011.\valid_out_array[0]' from process `$paramod\MAC_grid\GRID_SIZE=s32'00000000000000000000000000000011.$proc$/foss/designs/integration_final/src/MAC_grid.sv:38$5340'.
No latch inferred for signal `$paramod\MAC_grid\GRID_SIZE=s32'00000000000000000000000000000011.\result_array[0]' from process `$paramod\MAC_grid\GRID_SIZE=s32'00000000000000000000000000000011.$proc$/foss/designs/integration_final/src/MAC_grid.sv:37$5339'.
No latch inferred for signal `$paramod\MAC_grid\GRID_SIZE=s32'00000000000000000000000000000011.\valid_array[0]' from process `$paramod\MAC_grid\GRID_SIZE=s32'00000000000000000000000000000011.$proc$/foss/designs/integration_final/src/MAC_grid.sv:27$5338'.
No latch inferred for signal `$paramod\MAC_grid\GRID_SIZE=s32'00000000000000000000000000000011.\data_b_array[0]' from process `$paramod\MAC_grid\GRID_SIZE=s32'00000000000000000000000000000011.$proc$/foss/designs/integration_final/src/MAC_grid.sv:26$5337'.
No latch inferred for signal `$paramod\MAC_grid\GRID_SIZE=s32'00000000000000000000000000000011.\data_a_array[0]' from process `$paramod\MAC_grid\GRID_SIZE=s32'00000000000000000000000000000011.$proc$/foss/designs/integration_final/src/MAC_grid.sv:25$5336'.

16.9. Executing PROC_DFF pass (convert process syncs to FFs).
Creating register for signal `\A37_A.\dummy_reg' using process `\A37_A.$proc$/foss/designs/integration_final/src/A37_A.sv:83$105'.
  created $adff cell `$procdff$23942' with positive edge clock and positive level reset.
Creating register for signal `$paramod\command_parser\GRID_SIZE=s32'00000000000000000000000000000011.\o_uart_tx_data' using process `$paramod\command_parser\GRID_SIZE=s32'00000000000000000000000000000011.$proc$/foss/designs/integration_final/src/command_parser.sv:179$5267'.
  created $adff cell `$procdff$23947' with positive edge clock and positive level reset.
Creating register for signal `$paramod\command_parser\GRID_SIZE=s32'00000000000000000000000000000011.\o_uart_tx_new' using process `$paramod\command_parser\GRID_SIZE=s32'00000000000000000000000000000011.$proc$/foss/designs/integration_final/src/command_parser.sv:179$5267'.
  created $adff cell `$procdff$23952' with positive edge clock and positive level reset.
Creating register for signal `$paramod\command_parser\GRID_SIZE=s32'00000000000000000000000000000011.\data_read_buf' using process `$paramod\command_parser\GRID_SIZE=s32'00000000000000000000000000000011.$proc$/foss/designs/integration_final/src/command_parser.sv:179$5267'.
  created $adff cell `$procdff$23957' with positive edge clock and positive level reset.
Creating register for signal `$paramod\command_parser\GRID_SIZE=s32'00000000000000000000000000000011.\o_matrix_config' using process `$paramod\command_parser\GRID_SIZE=s32'00000000000000000000000000000011.$proc$/foss/designs/integration_final/src/command_parser.sv:108$5222'.
  created $adff cell `$procdff$23962' with positive edge clock and positive level reset.
Creating register for signal `$paramod\command_parser\GRID_SIZE=s32'00000000000000000000000000000011.\o_matrix_signed' using process `$paramod\command_parser\GRID_SIZE=s32'00000000000000000000000000000011.$proc$/foss/designs/integration_final/src/command_parser.sv:108$5222'.
  created $adff cell `$procdff$23967' with positive edge clock and positive level reset.
Creating register for signal `$paramod\command_parser\GRID_SIZE=s32'00000000000000000000000000000011.\o_data_load' using process `$paramod\command_parser\GRID_SIZE=s32'00000000000000000000000000000011.$proc$/foss/designs/integration_final/src/command_parser.sv:108$5222'.
  created $adff cell `$procdff$23972' with positive edge clock and positive level reset.
Creating register for signal `$paramod\command_parser\GRID_SIZE=s32'00000000000000000000000000000011.\o_data_read' using process `$paramod\command_parser\GRID_SIZE=s32'00000000000000000000000000000011.$proc$/foss/designs/integration_final/src/command_parser.sv:108$5222'.
  created $adff cell `$procdff$23977' with positive edge clock and positive level reset.
Creating register for signal `$paramod\command_parser\GRID_SIZE=s32'00000000000000000000000000000011.\o_shift_row' using process `$paramod\command_parser\GRID_SIZE=s32'00000000000000000000000000000011.$proc$/foss/designs/integration_final/src/command_parser.sv:108$5222'.
  created $adff cell `$procdff$23982' with positive edge clock and positive level reset.
Creating register for signal `$paramod\command_parser\GRID_SIZE=s32'00000000000000000000000000000011.\o_shift_col' using process `$paramod\command_parser\GRID_SIZE=s32'00000000000000000000000000000011.$proc$/foss/designs/integration_final/src/command_parser.sv:108$5222'.
  created $adff cell `$procdff$23987' with positive edge clock and positive level reset.
Creating register for signal `$paramod\command_parser\GRID_SIZE=s32'00000000000000000000000000000011.\o_arithmetic_op' using process `$paramod\command_parser\GRID_SIZE=s32'00000000000000000000000000000011.$proc$/foss/designs/integration_final/src/command_parser.sv:108$5222'.
  created $adff cell `$procdff$23992' with positive edge clock and positive level reset.
Creating register for signal `$paramod\command_parser\GRID_SIZE=s32'00000000000000000000000000000011.\o_arithmetic_op_type' using process `$paramod\command_parser\GRID_SIZE=s32'00000000000000000000000000000011.$proc$/foss/designs/integration_final/src/command_parser.sv:108$5222'.
  created $adff cell `$procdff$23997' with positive edge clock and positive level reset.
Creating register for signal `$paramod\command_parser\GRID_SIZE=s32'00000000000000000000000000000011.\o_quantization_op' using process `$paramod\command_parser\GRID_SIZE=s32'00000000000000000000000000000011.$proc$/foss/designs/integration_final/src/command_parser.sv:108$5222'.
  created $adff cell `$procdff$24002' with positive edge clock and positive level reset.
Creating register for signal `$paramod\command_parser\GRID_SIZE=s32'00000000000000000000000000000011.\o_relu_op' using process `$paramod\command_parser\GRID_SIZE=s32'00000000000000000000000000000011.$proc$/foss/designs/integration_final/src/command_parser.sv:108$5222'.
  created $adff cell `$procdff$24007' with positive edge clock and positive level reset.
Creating register for signal `$paramod\command_parser\GRID_SIZE=s32'00000000000000000000000000000011.\o_clamp_op' using process `$paramod\command_parser\GRID_SIZE=s32'00000000000000000000000000000011.$proc$/foss/designs/integration_final/src/command_parser.sv:108$5222'.
  created $adff cell `$procdff$24012' with positive edge clock and positive level reset.
Creating register for signal `$paramod\command_parser\GRID_SIZE=s32'00000000000000000000000000000011.\o_clamp_max' using process `$paramod\command_parser\GRID_SIZE=s32'00000000000000000000000000000011.$proc$/foss/designs/integration_final/src/command_parser.sv:108$5222'.
  created $adff cell `$procdff$24017' with positive edge clock and positive level reset.
Creating register for signal `$paramod\command_parser\GRID_SIZE=s32'00000000000000000000000000000011.\o_matrix_1' using process `$paramod\command_parser\GRID_SIZE=s32'00000000000000000000000000000011.$proc$/foss/designs/integration_final/src/command_parser.sv:108$5222'.
  created $adff cell `$procdff$24022' with positive edge clock and positive level reset.
Creating register for signal `$paramod\command_parser\GRID_SIZE=s32'00000000000000000000000000000011.\o_matrix_2' using process `$paramod\command_parser\GRID_SIZE=s32'00000000000000000000000000000011.$proc$/foss/designs/integration_final/src/command_parser.sv:108$5222'.
  created $adff cell `$procdff$24027' with positive edge clock and positive level reset.
Creating register for signal `$paramod\command_parser\GRID_SIZE=s32'00000000000000000000000000000011.\o_matrix_rows' using process `$paramod\command_parser\GRID_SIZE=s32'00000000000000000000000000000011.$proc$/foss/designs/integration_final/src/command_parser.sv:108$5222'.
  created $adff cell `$procdff$24032' with positive edge clock and positive level reset.
Creating register for signal `$paramod\command_parser\GRID_SIZE=s32'00000000000000000000000000000011.\o_matrix_cols' using process `$paramod\command_parser\GRID_SIZE=s32'00000000000000000000000000000011.$proc$/foss/designs/integration_final/src/command_parser.sv:108$5222'.
  created $adff cell `$procdff$24037' with positive edge clock and positive level reset.
Creating register for signal `$paramod\command_parser\GRID_SIZE=s32'00000000000000000000000000000011.\o_data' using process `$paramod\command_parser\GRID_SIZE=s32'00000000000000000000000000000011.$proc$/foss/designs/integration_final/src/command_parser.sv:108$5222'.
  created $adff cell `$procdff$24042' with positive edge clock and positive level reset.
Creating register for signal `$paramod\command_parser\GRID_SIZE=s32'00000000000000000000000000000011.\o_quantizer_scale' using process `$paramod\command_parser\GRID_SIZE=s32'00000000000000000000000000000011.$proc$/foss/designs/integration_final/src/command_parser.sv:108$5222'.
  created $adff cell `$procdff$24047' with positive edge clock and positive level reset.
Creating register for signal `$paramod\command_parser\GRID_SIZE=s32'00000000000000000000000000000011.\o_quantizer_zero_point' using process `$paramod\command_parser\GRID_SIZE=s32'00000000000000000000000000000011.$proc$/foss/designs/integration_final/src/command_parser.sv:108$5222'.
  created $adff cell `$procdff$24052' with positive edge clock and positive level reset.
Creating register for signal `$paramod\command_parser\GRID_SIZE=s32'00000000000000000000000000000011.\o_quantizer_target_dtype' using process `$paramod\command_parser\GRID_SIZE=s32'00000000000000000000000000000011.$proc$/foss/designs/integration_final/src/command_parser.sv:108$5222'.
  created $adff cell `$procdff$24057' with positive edge clock and positive level reset.
Creating register for signal `$paramod\command_parser\GRID_SIZE=s32'00000000000000000000000000000011.\byte_count' using process `$paramod\command_parser\GRID_SIZE=s32'00000000000000000000000000000011.$proc$/foss/designs/integration_final/src/command_parser.sv:85$5215'.
  created $adff cell `$procdff$24062' with positive edge clock and positive level reset.
Creating register for signal `$paramod\command_parser\GRID_SIZE=s32'00000000000000000000000000000011.\current_op' using process `$paramod\command_parser\GRID_SIZE=s32'00000000000000000000000000000011.$proc$/foss/designs/integration_final/src/command_parser.sv:85$5215'.
  created $adff cell `$procdff$24067' with positive edge clock and positive level reset.
Creating register for signal `$paramod\reg_bank\GRID_SIZE=s32'00000000000000000000000000000011.\o_data_rd' using process `$paramod\reg_bank\GRID_SIZE=s32'00000000000000000000000000000011.$proc$/foss/designs/integration_final/src/reg_bank.sv:384$4981'.
  created $adff cell `$procdff$24072' with positive edge clock and positive level reset.
Creating register for signal `$paramod\reg_bank\GRID_SIZE=s32'00000000000000000000000000000011.$fordecl_block$99.m' using process `$paramod\reg_bank\GRID_SIZE=s32'00000000000000000000000000000011.$proc$/foss/designs/integration_final/src/reg_bank.sv:384$4981'.
  created $dff cell `$procdff$24079' with positive edge clock.
Creating register for signal `$paramod\reg_bank\GRID_SIZE=s32'00000000000000000000000000000011.$fordecl_block$99.$for_loop$100[0].$fordecl_block$101.r' using process `$paramod\reg_bank\GRID_SIZE=s32'00000000000000000000000000000011.$proc$/foss/designs/integration_final/src/reg_bank.sv:384$4981'.
  created $dff cell `$procdff$24086' with positive edge clock.
Creating register for signal `$paramod\reg_bank\GRID_SIZE=s32'00000000000000000000000000000011.$fordecl_block$99.$for_loop$100[0].$fordecl_block$101.$for_loop$102[0].$fordecl_block$103.c' using process `$paramod\reg_bank\GRID_SIZE=s32'00000000000000000000000000000011.$proc$/foss/designs/integration_final/src/reg_bank.sv:384$4981'.
  created $dff cell `$procdff$24093' with positive edge clock.
Creating register for signal `$paramod\reg_bank\GRID_SIZE=s32'00000000000000000000000000000011.$fordecl_block$99.$for_loop$100[0].$fordecl_block$101.$for_loop$102[1].$fordecl_block$103.c' using process `$paramod\reg_bank\GRID_SIZE=s32'00000000000000000000000000000011.$proc$/foss/designs/integration_final/src/reg_bank.sv:384$4981'.
  created $dff cell `$procdff$24100' with positive edge clock.
Creating register for signal `$paramod\reg_bank\GRID_SIZE=s32'00000000000000000000000000000011.$fordecl_block$99.$for_loop$100[0].$fordecl_block$101.$for_loop$102[2].$fordecl_block$103.c' using process `$paramod\reg_bank\GRID_SIZE=s32'00000000000000000000000000000011.$proc$/foss/designs/integration_final/src/reg_bank.sv:384$4981'.
  created $dff cell `$procdff$24107' with positive edge clock.
Creating register for signal `$paramod\reg_bank\GRID_SIZE=s32'00000000000000000000000000000011.$fordecl_block$99.$for_loop$100[1].$fordecl_block$101.r' using process `$paramod\reg_bank\GRID_SIZE=s32'00000000000000000000000000000011.$proc$/foss/designs/integration_final/src/reg_bank.sv:384$4981'.
  created $dff cell `$procdff$24114' with positive edge clock.
Creating register for signal `$paramod\reg_bank\GRID_SIZE=s32'00000000000000000000000000000011.$fordecl_block$99.$for_loop$100[1].$fordecl_block$101.$for_loop$102[0].$fordecl_block$103.c' using process `$paramod\reg_bank\GRID_SIZE=s32'00000000000000000000000000000011.$proc$/foss/designs/integration_final/src/reg_bank.sv:384$4981'.
  created $dff cell `$procdff$24121' with positive edge clock.
Creating register for signal `$paramod\reg_bank\GRID_SIZE=s32'00000000000000000000000000000011.$fordecl_block$99.$for_loop$100[1].$fordecl_block$101.$for_loop$102[1].$fordecl_block$103.c' using process `$paramod\reg_bank\GRID_SIZE=s32'00000000000000000000000000000011.$proc$/foss/designs/integration_final/src/reg_bank.sv:384$4981'.
  created $dff cell `$procdff$24128' with positive edge clock.
Creating register for signal `$paramod\reg_bank\GRID_SIZE=s32'00000000000000000000000000000011.$fordecl_block$99.$for_loop$100[1].$fordecl_block$101.$for_loop$102[2].$fordecl_block$103.c' using process `$paramod\reg_bank\GRID_SIZE=s32'00000000000000000000000000000011.$proc$/foss/designs/integration_final/src/reg_bank.sv:384$4981'.
  created $dff cell `$procdff$24135' with positive edge clock.
Creating register for signal `$paramod\reg_bank\GRID_SIZE=s32'00000000000000000000000000000011.$fordecl_block$99.$for_loop$100[2].$fordecl_block$101.r' using process `$paramod\reg_bank\GRID_SIZE=s32'00000000000000000000000000000011.$proc$/foss/designs/integration_final/src/reg_bank.sv:384$4981'.
  created $dff cell `$procdff$24142' with positive edge clock.
Creating register for signal `$paramod\reg_bank\GRID_SIZE=s32'00000000000000000000000000000011.$fordecl_block$99.$for_loop$100[2].$fordecl_block$101.$for_loop$102[0].$fordecl_block$103.c' using process `$paramod\reg_bank\GRID_SIZE=s32'00000000000000000000000000000011.$proc$/foss/designs/integration_final/src/reg_bank.sv:384$4981'.
  created $dff cell `$procdff$24149' with positive edge clock.
Creating register for signal `$paramod\reg_bank\GRID_SIZE=s32'00000000000000000000000000000011.$fordecl_block$99.$for_loop$100[2].$fordecl_block$101.$for_loop$102[1].$fordecl_block$103.c' using process `$paramod\reg_bank\GRID_SIZE=s32'00000000000000000000000000000011.$proc$/foss/designs/integration_final/src/reg_bank.sv:384$4981'.
  created $dff cell `$procdff$24156' with positive edge clock.
Creating register for signal `$paramod\reg_bank\GRID_SIZE=s32'00000000000000000000000000000011.$fordecl_block$99.$for_loop$100[2].$fordecl_block$101.$for_loop$102[2].$fordecl_block$103.c' using process `$paramod\reg_bank\GRID_SIZE=s32'00000000000000000000000000000011.$proc$/foss/designs/integration_final/src/reg_bank.sv:384$4981'.
  created $dff cell `$procdff$24163' with positive edge clock.
Creating register for signal `$paramod\reg_bank\GRID_SIZE=s32'00000000000000000000000000000011.$fordecl_block$99.$for_loop$100[3].$fordecl_block$101.r' using process `$paramod\reg_bank\GRID_SIZE=s32'00000000000000000000000000000011.$proc$/foss/designs/integration_final/src/reg_bank.sv:384$4981'.
  created $dff cell `$procdff$24170' with positive edge clock.
Creating register for signal `$paramod\reg_bank\GRID_SIZE=s32'00000000000000000000000000000011.$fordecl_block$99.$for_loop$100[3].$fordecl_block$101.$for_loop$102[0].$fordecl_block$103.c' using process `$paramod\reg_bank\GRID_SIZE=s32'00000000000000000000000000000011.$proc$/foss/designs/integration_final/src/reg_bank.sv:384$4981'.
  created $dff cell `$procdff$24177' with positive edge clock.
Creating register for signal `$paramod\reg_bank\GRID_SIZE=s32'00000000000000000000000000000011.$fordecl_block$99.$for_loop$100[3].$fordecl_block$101.$for_loop$102[1].$fordecl_block$103.c' using process `$paramod\reg_bank\GRID_SIZE=s32'00000000000000000000000000000011.$proc$/foss/designs/integration_final/src/reg_bank.sv:384$4981'.
  created $dff cell `$procdff$24184' with positive edge clock.
Creating register for signal `$paramod\reg_bank\GRID_SIZE=s32'00000000000000000000000000000011.$fordecl_block$99.$for_loop$100[3].$fordecl_block$101.$for_loop$102[2].$fordecl_block$103.c' using process `$paramod\reg_bank\GRID_SIZE=s32'00000000000000000000000000000011.$proc$/foss/designs/integration_final/src/reg_bank.sv:384$4981'.
  created $dff cell `$procdff$24191' with positive edge clock.
Creating register for signal `$paramod\reg_bank\GRID_SIZE=s32'00000000000000000000000000000011.$fordecl_block$35.j' using process `$paramod\reg_bank\GRID_SIZE=s32'00000000000000000000000000000011.$proc$/foss/designs/integration_final/src/reg_bank.sv:269$2437'.
  created $adff cell `$procdff$24196' with positive edge clock and positive level reset.
Creating register for signal `$paramod\reg_bank\GRID_SIZE=s32'00000000000000000000000000000011.$fordecl_block$35.$for_loop$36[0].$fordecl_block$37.k' using process `$paramod\reg_bank\GRID_SIZE=s32'00000000000000000000000000000011.$proc$/foss/designs/integration_final/src/reg_bank.sv:269$2437'.
  created $adff cell `$procdff$24201' with positive edge clock and positive level reset.
Creating register for signal `$paramod\reg_bank\GRID_SIZE=s32'00000000000000000000000000000011.$fordecl_block$35.$for_loop$36[0].$fordecl_block$37.$for_loop$38[0].$fordecl_block$39.m' using process `$paramod\reg_bank\GRID_SIZE=s32'00000000000000000000000000000011.$proc$/foss/designs/integration_final/src/reg_bank.sv:269$2437'.
  created $adff cell `$procdff$24206' with positive edge clock and positive level reset.
Creating register for signal `$paramod\reg_bank\GRID_SIZE=s32'00000000000000000000000000000011.$fordecl_block$35.$for_loop$36[0].$fordecl_block$37.$for_loop$38[1].$fordecl_block$39.m' using process `$paramod\reg_bank\GRID_SIZE=s32'00000000000000000000000000000011.$proc$/foss/designs/integration_final/src/reg_bank.sv:269$2437'.
  created $adff cell `$procdff$24211' with positive edge clock and positive level reset.
Creating register for signal `$paramod\reg_bank\GRID_SIZE=s32'00000000000000000000000000000011.$fordecl_block$35.$for_loop$36[0].$fordecl_block$37.$for_loop$38[2].$fordecl_block$39.m' using process `$paramod\reg_bank\GRID_SIZE=s32'00000000000000000000000000000011.$proc$/foss/designs/integration_final/src/reg_bank.sv:269$2437'.
  created $adff cell `$procdff$24216' with positive edge clock and positive level reset.
Creating register for signal `$paramod\reg_bank\GRID_SIZE=s32'00000000000000000000000000000011.$fordecl_block$35.$for_loop$36[1].$fordecl_block$37.k' using process `$paramod\reg_bank\GRID_SIZE=s32'00000000000000000000000000000011.$proc$/foss/designs/integration_final/src/reg_bank.sv:269$2437'.
  created $adff cell `$procdff$24221' with positive edge clock and positive level reset.
Creating register for signal `$paramod\reg_bank\GRID_SIZE=s32'00000000000000000000000000000011.$fordecl_block$35.$for_loop$36[1].$fordecl_block$37.$for_loop$38[0].$fordecl_block$39.m' using process `$paramod\reg_bank\GRID_SIZE=s32'00000000000000000000000000000011.$proc$/foss/designs/integration_final/src/reg_bank.sv:269$2437'.
  created $adff cell `$procdff$24226' with positive edge clock and positive level reset.
Creating register for signal `$paramod\reg_bank\GRID_SIZE=s32'00000000000000000000000000000011.$fordecl_block$35.$for_loop$36[1].$fordecl_block$37.$for_loop$38[1].$fordecl_block$39.m' using process `$paramod\reg_bank\GRID_SIZE=s32'00000000000000000000000000000011.$proc$/foss/designs/integration_final/src/reg_bank.sv:269$2437'.
  created $adff cell `$procdff$24231' with positive edge clock and positive level reset.
Creating register for signal `$paramod\reg_bank\GRID_SIZE=s32'00000000000000000000000000000011.$fordecl_block$35.$for_loop$36[1].$fordecl_block$37.$for_loop$38[2].$fordecl_block$39.m' using process `$paramod\reg_bank\GRID_SIZE=s32'00000000000000000000000000000011.$proc$/foss/designs/integration_final/src/reg_bank.sv:269$2437'.
  created $adff cell `$procdff$24236' with positive edge clock and positive level reset.
Creating register for signal `$paramod\reg_bank\GRID_SIZE=s32'00000000000000000000000000000011.$fordecl_block$35.$for_loop$36[2].$fordecl_block$37.k' using process `$paramod\reg_bank\GRID_SIZE=s32'00000000000000000000000000000011.$proc$/foss/designs/integration_final/src/reg_bank.sv:269$2437'.
  created $adff cell `$procdff$24241' with positive edge clock and positive level reset.
Creating register for signal `$paramod\reg_bank\GRID_SIZE=s32'00000000000000000000000000000011.$fordecl_block$35.$for_loop$36[2].$fordecl_block$37.$for_loop$38[0].$fordecl_block$39.m' using process `$paramod\reg_bank\GRID_SIZE=s32'00000000000000000000000000000011.$proc$/foss/designs/integration_final/src/reg_bank.sv:269$2437'.
  created $adff cell `$procdff$24246' with positive edge clock and positive level reset.
Creating register for signal `$paramod\reg_bank\GRID_SIZE=s32'00000000000000000000000000000011.$fordecl_block$35.$for_loop$36[2].$fordecl_block$37.$for_loop$38[1].$fordecl_block$39.m' using process `$paramod\reg_bank\GRID_SIZE=s32'00000000000000000000000000000011.$proc$/foss/designs/integration_final/src/reg_bank.sv:269$2437'.
  created $adff cell `$procdff$24251' with positive edge clock and positive level reset.
Creating register for signal `$paramod\reg_bank\GRID_SIZE=s32'00000000000000000000000000000011.$fordecl_block$35.$for_loop$36[2].$fordecl_block$37.$for_loop$38[2].$fordecl_block$39.m' using process `$paramod\reg_bank\GRID_SIZE=s32'00000000000000000000000000000011.$proc$/foss/designs/integration_final/src/reg_bank.sv:269$2437'.
  created $adff cell `$procdff$24256' with positive edge clock and positive level reset.
Creating register for signal `$paramod\reg_bank\GRID_SIZE=s32'00000000000000000000000000000011.$fordecl_block$41.i' using process `$paramod\reg_bank\GRID_SIZE=s32'00000000000000000000000000000011.$proc$/foss/designs/integration_final/src/reg_bank.sv:269$2437'.
  created $dff cell `$procdff$24263' with positive edge clock.
Creating register for signal `$paramod\reg_bank\GRID_SIZE=s32'00000000000000000000000000000011.$fordecl_block$41.$for_loop$42[0].$fordecl_block$43.j' using process `$paramod\reg_bank\GRID_SIZE=s32'00000000000000000000000000000011.$proc$/foss/designs/integration_final/src/reg_bank.sv:269$2437'.
  created $dff cell `$procdff$24270' with positive edge clock.
Creating register for signal `$paramod\reg_bank\GRID_SIZE=s32'00000000000000000000000000000011.$fordecl_block$41.$for_loop$42[1].$fordecl_block$43.j' using process `$paramod\reg_bank\GRID_SIZE=s32'00000000000000000000000000000011.$proc$/foss/designs/integration_final/src/reg_bank.sv:269$2437'.
  created $dff cell `$procdff$24277' with positive edge clock.
Creating register for signal `$paramod\reg_bank\GRID_SIZE=s32'00000000000000000000000000000011.$fordecl_block$41.$for_loop$42[2].$fordecl_block$43.j' using process `$paramod\reg_bank\GRID_SIZE=s32'00000000000000000000000000000011.$proc$/foss/designs/integration_final/src/reg_bank.sv:269$2437'.
  created $dff cell `$procdff$24284' with positive edge clock.
Creating register for signal `$paramod\reg_bank\GRID_SIZE=s32'00000000000000000000000000000011.$fordecl_block$45.i' using process `$paramod\reg_bank\GRID_SIZE=s32'00000000000000000000000000000011.$proc$/foss/designs/integration_final/src/reg_bank.sv:269$2437'.
  created $dff cell `$procdff$24291' with positive edge clock.
Creating register for signal `$paramod\reg_bank\GRID_SIZE=s32'00000000000000000000000000000011.$fordecl_block$45.$for_loop$46[0].$fordecl_block$47.j' using process `$paramod\reg_bank\GRID_SIZE=s32'00000000000000000000000000000011.$proc$/foss/designs/integration_final/src/reg_bank.sv:269$2437'.
  created $dff cell `$procdff$24298' with positive edge clock.
Creating register for signal `$paramod\reg_bank\GRID_SIZE=s32'00000000000000000000000000000011.$fordecl_block$45.$for_loop$46[1].$fordecl_block$47.j' using process `$paramod\reg_bank\GRID_SIZE=s32'00000000000000000000000000000011.$proc$/foss/designs/integration_final/src/reg_bank.sv:269$2437'.
  created $dff cell `$procdff$24305' with positive edge clock.
Creating register for signal `$paramod\reg_bank\GRID_SIZE=s32'00000000000000000000000000000011.$fordecl_block$45.$for_loop$46[2].$fordecl_block$47.j' using process `$paramod\reg_bank\GRID_SIZE=s32'00000000000000000000000000000011.$proc$/foss/designs/integration_final/src/reg_bank.sv:269$2437'.
  created $dff cell `$procdff$24312' with positive edge clock.
Creating register for signal `$paramod\reg_bank\GRID_SIZE=s32'00000000000000000000000000000011.$fordecl_block$49.r' using process `$paramod\reg_bank\GRID_SIZE=s32'00000000000000000000000000000011.$proc$/foss/designs/integration_final/src/reg_bank.sv:269$2437'.
  created $dff cell `$procdff$24319' with positive edge clock.
Creating register for signal `$paramod\reg_bank\GRID_SIZE=s32'00000000000000000000000000000011.$fordecl_block$49.$for_loop$50[0].$fordecl_block$51.c' using process `$paramod\reg_bank\GRID_SIZE=s32'00000000000000000000000000000011.$proc$/foss/designs/integration_final/src/reg_bank.sv:269$2437'.
  created $dff cell `$procdff$24326' with positive edge clock.
Creating register for signal `$paramod\reg_bank\GRID_SIZE=s32'00000000000000000000000000000011.$fordecl_block$49.$for_loop$50[1].$fordecl_block$51.c' using process `$paramod\reg_bank\GRID_SIZE=s32'00000000000000000000000000000011.$proc$/foss/designs/integration_final/src/reg_bank.sv:269$2437'.
  created $dff cell `$procdff$24333' with positive edge clock.
Creating register for signal `$paramod\reg_bank\GRID_SIZE=s32'00000000000000000000000000000011.$fordecl_block$49.$for_loop$50[2].$fordecl_block$51.c' using process `$paramod\reg_bank\GRID_SIZE=s32'00000000000000000000000000000011.$proc$/foss/designs/integration_final/src/reg_bank.sv:269$2437'.
  created $dff cell `$procdff$24340' with positive edge clock.
Creating register for signal `$paramod\reg_bank\GRID_SIZE=s32'00000000000000000000000000000011.$fordecl_block$53.m' using process `$paramod\reg_bank\GRID_SIZE=s32'00000000000000000000000000000011.$proc$/foss/designs/integration_final/src/reg_bank.sv:269$2437'.
  created $dff cell `$procdff$24347' with positive edge clock.
Creating register for signal `$paramod\reg_bank\GRID_SIZE=s32'00000000000000000000000000000011.$fordecl_block$53.$for_loop$54[0].$fordecl_block$55.r' using process `$paramod\reg_bank\GRID_SIZE=s32'00000000000000000000000000000011.$proc$/foss/designs/integration_final/src/reg_bank.sv:269$2437'.
  created $dff cell `$procdff$24354' with positive edge clock.
Creating register for signal `$paramod\reg_bank\GRID_SIZE=s32'00000000000000000000000000000011.$fordecl_block$53.$for_loop$54[0].$fordecl_block$55.$for_loop$56[0].$fordecl_block$57.c' using process `$paramod\reg_bank\GRID_SIZE=s32'00000000000000000000000000000011.$proc$/foss/designs/integration_final/src/reg_bank.sv:269$2437'.
  created $dff cell `$procdff$24361' with positive edge clock.
Creating register for signal `$paramod\reg_bank\GRID_SIZE=s32'00000000000000000000000000000011.$fordecl_block$53.$for_loop$54[0].$fordecl_block$55.$for_loop$56[1].$fordecl_block$57.c' using process `$paramod\reg_bank\GRID_SIZE=s32'00000000000000000000000000000011.$proc$/foss/designs/integration_final/src/reg_bank.sv:269$2437'.
  created $dff cell `$procdff$24368' with positive edge clock.
Creating register for signal `$paramod\reg_bank\GRID_SIZE=s32'00000000000000000000000000000011.$fordecl_block$53.$for_loop$54[0].$fordecl_block$55.$for_loop$56[2].$fordecl_block$57.c' using process `$paramod\reg_bank\GRID_SIZE=s32'00000000000000000000000000000011.$proc$/foss/designs/integration_final/src/reg_bank.sv:269$2437'.
  created $dff cell `$procdff$24375' with positive edge clock.
Creating register for signal `$paramod\reg_bank\GRID_SIZE=s32'00000000000000000000000000000011.$fordecl_block$53.$for_loop$54[1].$fordecl_block$55.r' using process `$paramod\reg_bank\GRID_SIZE=s32'00000000000000000000000000000011.$proc$/foss/designs/integration_final/src/reg_bank.sv:269$2437'.
  created $dff cell `$procdff$24382' with positive edge clock.
Creating register for signal `$paramod\reg_bank\GRID_SIZE=s32'00000000000000000000000000000011.$fordecl_block$53.$for_loop$54[1].$fordecl_block$55.$for_loop$56[0].$fordecl_block$57.c' using process `$paramod\reg_bank\GRID_SIZE=s32'00000000000000000000000000000011.$proc$/foss/designs/integration_final/src/reg_bank.sv:269$2437'.
  created $dff cell `$procdff$24389' with positive edge clock.
Creating register for signal `$paramod\reg_bank\GRID_SIZE=s32'00000000000000000000000000000011.$fordecl_block$53.$for_loop$54[1].$fordecl_block$55.$for_loop$56[1].$fordecl_block$57.c' using process `$paramod\reg_bank\GRID_SIZE=s32'00000000000000000000000000000011.$proc$/foss/designs/integration_final/src/reg_bank.sv:269$2437'.
  created $dff cell `$procdff$24396' with positive edge clock.
Creating register for signal `$paramod\reg_bank\GRID_SIZE=s32'00000000000000000000000000000011.$fordecl_block$53.$for_loop$54[1].$fordecl_block$55.$for_loop$56[2].$fordecl_block$57.c' using process `$paramod\reg_bank\GRID_SIZE=s32'00000000000000000000000000000011.$proc$/foss/designs/integration_final/src/reg_bank.sv:269$2437'.
  created $dff cell `$procdff$24403' with positive edge clock.
Creating register for signal `$paramod\reg_bank\GRID_SIZE=s32'00000000000000000000000000000011.$fordecl_block$53.$for_loop$54[2].$fordecl_block$55.r' using process `$paramod\reg_bank\GRID_SIZE=s32'00000000000000000000000000000011.$proc$/foss/designs/integration_final/src/reg_bank.sv:269$2437'.
  created $dff cell `$procdff$24410' with positive edge clock.
Creating register for signal `$paramod\reg_bank\GRID_SIZE=s32'00000000000000000000000000000011.$fordecl_block$53.$for_loop$54[2].$fordecl_block$55.$for_loop$56[0].$fordecl_block$57.c' using process `$paramod\reg_bank\GRID_SIZE=s32'00000000000000000000000000000011.$proc$/foss/designs/integration_final/src/reg_bank.sv:269$2437'.
  created $dff cell `$procdff$24417' with positive edge clock.
Creating register for signal `$paramod\reg_bank\GRID_SIZE=s32'00000000000000000000000000000011.$fordecl_block$53.$for_loop$54[2].$fordecl_block$55.$for_loop$56[1].$fordecl_block$57.c' using process `$paramod\reg_bank\GRID_SIZE=s32'00000000000000000000000000000011.$proc$/foss/designs/integration_final/src/reg_bank.sv:269$2437'.
  created $dff cell `$procdff$24424' with positive edge clock.
Creating register for signal `$paramod\reg_bank\GRID_SIZE=s32'00000000000000000000000000000011.$fordecl_block$53.$for_loop$54[2].$fordecl_block$55.$for_loop$56[2].$fordecl_block$57.c' using process `$paramod\reg_bank\GRID_SIZE=s32'00000000000000000000000000000011.$proc$/foss/designs/integration_final/src/reg_bank.sv:269$2437'.
  created $dff cell `$procdff$24431' with positive edge clock.
Creating register for signal `$paramod\reg_bank\GRID_SIZE=s32'00000000000000000000000000000011.$fordecl_block$53.$for_loop$54[3].$fordecl_block$55.r' using process `$paramod\reg_bank\GRID_SIZE=s32'00000000000000000000000000000011.$proc$/foss/designs/integration_final/src/reg_bank.sv:269$2437'.
  created $dff cell `$procdff$24438' with positive edge clock.
Creating register for signal `$paramod\reg_bank\GRID_SIZE=s32'00000000000000000000000000000011.$fordecl_block$53.$for_loop$54[3].$fordecl_block$55.$for_loop$56[0].$fordecl_block$57.c' using process `$paramod\reg_bank\GRID_SIZE=s32'00000000000000000000000000000011.$proc$/foss/designs/integration_final/src/reg_bank.sv:269$2437'.
  created $dff cell `$procdff$24445' with positive edge clock.
Creating register for signal `$paramod\reg_bank\GRID_SIZE=s32'00000000000000000000000000000011.$fordecl_block$53.$for_loop$54[3].$fordecl_block$55.$for_loop$56[1].$fordecl_block$57.c' using process `$paramod\reg_bank\GRID_SIZE=s32'00000000000000000000000000000011.$proc$/foss/designs/integration_final/src/reg_bank.sv:269$2437'.
  created $dff cell `$procdff$24452' with positive edge clock.
Creating register for signal `$paramod\reg_bank\GRID_SIZE=s32'00000000000000000000000000000011.$fordecl_block$53.$for_loop$54[3].$fordecl_block$55.$for_loop$56[2].$fordecl_block$57.c' using process `$paramod\reg_bank\GRID_SIZE=s32'00000000000000000000000000000011.$proc$/foss/designs/integration_final/src/reg_bank.sv:269$2437'.
  created $dff cell `$procdff$24459' with positive edge clock.
Creating register for signal `$paramod\reg_bank\GRID_SIZE=s32'00000000000000000000000000000011.$fordecl_block$59.m' using process `$paramod\reg_bank\GRID_SIZE=s32'00000000000000000000000000000011.$proc$/foss/designs/integration_final/src/reg_bank.sv:269$2437'.
  created $dff cell `$procdff$24466' with positive edge clock.
Creating register for signal `$paramod\reg_bank\GRID_SIZE=s32'00000000000000000000000000000011.$fordecl_block$59.$for_loop$60[0].$fordecl_block$61.i' using process `$paramod\reg_bank\GRID_SIZE=s32'00000000000000000000000000000011.$proc$/foss/designs/integration_final/src/reg_bank.sv:269$2437'.
  created $dff cell `$procdff$24473' with positive edge clock.
Creating register for signal `$paramod\reg_bank\GRID_SIZE=s32'00000000000000000000000000000011.$fordecl_block$59.$for_loop$60[0].$fordecl_block$61.$for_loop$62[0].$fordecl_block$63.j' using process `$paramod\reg_bank\GRID_SIZE=s32'00000000000000000000000000000011.$proc$/foss/designs/integration_final/src/reg_bank.sv:269$2437'.
  created $dff cell `$procdff$24480' with positive edge clock.
Creating register for signal `$paramod\reg_bank\GRID_SIZE=s32'00000000000000000000000000000011.$fordecl_block$59.$for_loop$60[0].$fordecl_block$61.$for_loop$62[1].$fordecl_block$63.j' using process `$paramod\reg_bank\GRID_SIZE=s32'00000000000000000000000000000011.$proc$/foss/designs/integration_final/src/reg_bank.sv:269$2437'.
  created $dff cell `$procdff$24487' with positive edge clock.
Creating register for signal `$paramod\reg_bank\GRID_SIZE=s32'00000000000000000000000000000011.$fordecl_block$59.$for_loop$60[0].$fordecl_block$61.$for_loop$62[2].$fordecl_block$63.j' using process `$paramod\reg_bank\GRID_SIZE=s32'00000000000000000000000000000011.$proc$/foss/designs/integration_final/src/reg_bank.sv:269$2437'.
  created $dff cell `$procdff$24494' with positive edge clock.
Creating register for signal `$paramod\reg_bank\GRID_SIZE=s32'00000000000000000000000000000011.$fordecl_block$59.$for_loop$60[1].$fordecl_block$61.i' using process `$paramod\reg_bank\GRID_SIZE=s32'00000000000000000000000000000011.$proc$/foss/designs/integration_final/src/reg_bank.sv:269$2437'.
  created $dff cell `$procdff$24501' with positive edge clock.
Creating register for signal `$paramod\reg_bank\GRID_SIZE=s32'00000000000000000000000000000011.$fordecl_block$59.$for_loop$60[1].$fordecl_block$61.$for_loop$62[0].$fordecl_block$63.j' using process `$paramod\reg_bank\GRID_SIZE=s32'00000000000000000000000000000011.$proc$/foss/designs/integration_final/src/reg_bank.sv:269$2437'.
  created $dff cell `$procdff$24508' with positive edge clock.
Creating register for signal `$paramod\reg_bank\GRID_SIZE=s32'00000000000000000000000000000011.$fordecl_block$59.$for_loop$60[1].$fordecl_block$61.$for_loop$62[1].$fordecl_block$63.j' using process `$paramod\reg_bank\GRID_SIZE=s32'00000000000000000000000000000011.$proc$/foss/designs/integration_final/src/reg_bank.sv:269$2437'.
  created $dff cell `$procdff$24515' with positive edge clock.
Creating register for signal `$paramod\reg_bank\GRID_SIZE=s32'00000000000000000000000000000011.$fordecl_block$59.$for_loop$60[1].$fordecl_block$61.$for_loop$62[2].$fordecl_block$63.j' using process `$paramod\reg_bank\GRID_SIZE=s32'00000000000000000000000000000011.$proc$/foss/designs/integration_final/src/reg_bank.sv:269$2437'.
  created $dff cell `$procdff$24522' with positive edge clock.
Creating register for signal `$paramod\reg_bank\GRID_SIZE=s32'00000000000000000000000000000011.$fordecl_block$59.$for_loop$60[2].$fordecl_block$61.i' using process `$paramod\reg_bank\GRID_SIZE=s32'00000000000000000000000000000011.$proc$/foss/designs/integration_final/src/reg_bank.sv:269$2437'.
  created $dff cell `$procdff$24529' with positive edge clock.
Creating register for signal `$paramod\reg_bank\GRID_SIZE=s32'00000000000000000000000000000011.$fordecl_block$59.$for_loop$60[2].$fordecl_block$61.$for_loop$62[0].$fordecl_block$63.j' using process `$paramod\reg_bank\GRID_SIZE=s32'00000000000000000000000000000011.$proc$/foss/designs/integration_final/src/reg_bank.sv:269$2437'.
  created $dff cell `$procdff$24536' with positive edge clock.
Creating register for signal `$paramod\reg_bank\GRID_SIZE=s32'00000000000000000000000000000011.$fordecl_block$59.$for_loop$60[2].$fordecl_block$61.$for_loop$62[1].$fordecl_block$63.j' using process `$paramod\reg_bank\GRID_SIZE=s32'00000000000000000000000000000011.$proc$/foss/designs/integration_final/src/reg_bank.sv:269$2437'.
  created $dff cell `$procdff$24543' with positive edge clock.
Creating register for signal `$paramod\reg_bank\GRID_SIZE=s32'00000000000000000000000000000011.$fordecl_block$59.$for_loop$60[2].$fordecl_block$61.$for_loop$62[2].$fordecl_block$63.j' using process `$paramod\reg_bank\GRID_SIZE=s32'00000000000000000000000000000011.$proc$/foss/designs/integration_final/src/reg_bank.sv:269$2437'.
  created $dff cell `$procdff$24550' with positive edge clock.
Creating register for signal `$paramod\reg_bank\GRID_SIZE=s32'00000000000000000000000000000011.$fordecl_block$59.$for_loop$60[3].$fordecl_block$61.i' using process `$paramod\reg_bank\GRID_SIZE=s32'00000000000000000000000000000011.$proc$/foss/designs/integration_final/src/reg_bank.sv:269$2437'.
  created $dff cell `$procdff$24557' with positive edge clock.
Creating register for signal `$paramod\reg_bank\GRID_SIZE=s32'00000000000000000000000000000011.$fordecl_block$59.$for_loop$60[3].$fordecl_block$61.$for_loop$62[0].$fordecl_block$63.j' using process `$paramod\reg_bank\GRID_SIZE=s32'00000000000000000000000000000011.$proc$/foss/designs/integration_final/src/reg_bank.sv:269$2437'.
  created $dff cell `$procdff$24564' with positive edge clock.
Creating register for signal `$paramod\reg_bank\GRID_SIZE=s32'00000000000000000000000000000011.$fordecl_block$59.$for_loop$60[3].$fordecl_block$61.$for_loop$62[1].$fordecl_block$63.j' using process `$paramod\reg_bank\GRID_SIZE=s32'00000000000000000000000000000011.$proc$/foss/designs/integration_final/src/reg_bank.sv:269$2437'.
  created $dff cell `$procdff$24571' with positive edge clock.
Creating register for signal `$paramod\reg_bank\GRID_SIZE=s32'00000000000000000000000000000011.$fordecl_block$59.$for_loop$60[3].$fordecl_block$61.$for_loop$62[2].$fordecl_block$63.j' using process `$paramod\reg_bank\GRID_SIZE=s32'00000000000000000000000000000011.$proc$/foss/designs/integration_final/src/reg_bank.sv:269$2437'.
  created $dff cell `$procdff$24578' with positive edge clock.
Creating register for signal `$paramod\reg_bank\GRID_SIZE=s32'00000000000000000000000000000011.$fordecl_block$65.m' using process `$paramod\reg_bank\GRID_SIZE=s32'00000000000000000000000000000011.$proc$/foss/designs/integration_final/src/reg_bank.sv:269$2437'.
  created $dff cell `$procdff$24585' with positive edge clock.
Creating register for signal `$paramod\reg_bank\GRID_SIZE=s32'00000000000000000000000000000011.$fordecl_block$65.$for_loop$66[0].$fordecl_block$67.r' using process `$paramod\reg_bank\GRID_SIZE=s32'00000000000000000000000000000011.$proc$/foss/designs/integration_final/src/reg_bank.sv:269$2437'.
  created $dff cell `$procdff$24592' with positive edge clock.
Creating register for signal `$paramod\reg_bank\GRID_SIZE=s32'00000000000000000000000000000011.$fordecl_block$65.$for_loop$66[0].$fordecl_block$67.$for_loop$68[0].$fordecl_block$69.c' using process `$paramod\reg_bank\GRID_SIZE=s32'00000000000000000000000000000011.$proc$/foss/designs/integration_final/src/reg_bank.sv:269$2437'.
  created $dff cell `$procdff$24599' with positive edge clock.
Creating register for signal `$paramod\reg_bank\GRID_SIZE=s32'00000000000000000000000000000011.$fordecl_block$65.$for_loop$66[0].$fordecl_block$67.$for_loop$68[1].$fordecl_block$69.c' using process `$paramod\reg_bank\GRID_SIZE=s32'00000000000000000000000000000011.$proc$/foss/designs/integration_final/src/reg_bank.sv:269$2437'.
  created $dff cell `$procdff$24606' with positive edge clock.
Creating register for signal `$paramod\reg_bank\GRID_SIZE=s32'00000000000000000000000000000011.$fordecl_block$65.$for_loop$66[0].$fordecl_block$67.$for_loop$68[2].$fordecl_block$69.c' using process `$paramod\reg_bank\GRID_SIZE=s32'00000000000000000000000000000011.$proc$/foss/designs/integration_final/src/reg_bank.sv:269$2437'.
  created $dff cell `$procdff$24613' with positive edge clock.
Creating register for signal `$paramod\reg_bank\GRID_SIZE=s32'00000000000000000000000000000011.$fordecl_block$65.$for_loop$66[1].$fordecl_block$67.r' using process `$paramod\reg_bank\GRID_SIZE=s32'00000000000000000000000000000011.$proc$/foss/designs/integration_final/src/reg_bank.sv:269$2437'.
  created $dff cell `$procdff$24620' with positive edge clock.
Creating register for signal `$paramod\reg_bank\GRID_SIZE=s32'00000000000000000000000000000011.$fordecl_block$65.$for_loop$66[1].$fordecl_block$67.$for_loop$68[0].$fordecl_block$69.c' using process `$paramod\reg_bank\GRID_SIZE=s32'00000000000000000000000000000011.$proc$/foss/designs/integration_final/src/reg_bank.sv:269$2437'.
  created $dff cell `$procdff$24627' with positive edge clock.
Creating register for signal `$paramod\reg_bank\GRID_SIZE=s32'00000000000000000000000000000011.$fordecl_block$65.$for_loop$66[1].$fordecl_block$67.$for_loop$68[1].$fordecl_block$69.c' using process `$paramod\reg_bank\GRID_SIZE=s32'00000000000000000000000000000011.$proc$/foss/designs/integration_final/src/reg_bank.sv:269$2437'.
  created $dff cell `$procdff$24634' with positive edge clock.
Creating register for signal `$paramod\reg_bank\GRID_SIZE=s32'00000000000000000000000000000011.$fordecl_block$65.$for_loop$66[1].$fordecl_block$67.$for_loop$68[2].$fordecl_block$69.c' using process `$paramod\reg_bank\GRID_SIZE=s32'00000000000000000000000000000011.$proc$/foss/designs/integration_final/src/reg_bank.sv:269$2437'.
  created $dff cell `$procdff$24641' with positive edge clock.
Creating register for signal `$paramod\reg_bank\GRID_SIZE=s32'00000000000000000000000000000011.$fordecl_block$65.$for_loop$66[2].$fordecl_block$67.r' using process `$paramod\reg_bank\GRID_SIZE=s32'00000000000000000000000000000011.$proc$/foss/designs/integration_final/src/reg_bank.sv:269$2437'.
  created $dff cell `$procdff$24648' with positive edge clock.
Creating register for signal `$paramod\reg_bank\GRID_SIZE=s32'00000000000000000000000000000011.$fordecl_block$65.$for_loop$66[2].$fordecl_block$67.$for_loop$68[0].$fordecl_block$69.c' using process `$paramod\reg_bank\GRID_SIZE=s32'00000000000000000000000000000011.$proc$/foss/designs/integration_final/src/reg_bank.sv:269$2437'.
  created $dff cell `$procdff$24655' with positive edge clock.
Creating register for signal `$paramod\reg_bank\GRID_SIZE=s32'00000000000000000000000000000011.$fordecl_block$65.$for_loop$66[2].$fordecl_block$67.$for_loop$68[1].$fordecl_block$69.c' using process `$paramod\reg_bank\GRID_SIZE=s32'00000000000000000000000000000011.$proc$/foss/designs/integration_final/src/reg_bank.sv:269$2437'.
  created $dff cell `$procdff$24662' with positive edge clock.
Creating register for signal `$paramod\reg_bank\GRID_SIZE=s32'00000000000000000000000000000011.$fordecl_block$65.$for_loop$66[2].$fordecl_block$67.$for_loop$68[2].$fordecl_block$69.c' using process `$paramod\reg_bank\GRID_SIZE=s32'00000000000000000000000000000011.$proc$/foss/designs/integration_final/src/reg_bank.sv:269$2437'.
  created $dff cell `$procdff$24669' with positive edge clock.
Creating register for signal `$paramod\reg_bank\GRID_SIZE=s32'00000000000000000000000000000011.$fordecl_block$65.$for_loop$66[3].$fordecl_block$67.r' using process `$paramod\reg_bank\GRID_SIZE=s32'00000000000000000000000000000011.$proc$/foss/designs/integration_final/src/reg_bank.sv:269$2437'.
  created $dff cell `$procdff$24676' with positive edge clock.
Creating register for signal `$paramod\reg_bank\GRID_SIZE=s32'00000000000000000000000000000011.$fordecl_block$65.$for_loop$66[3].$fordecl_block$67.$for_loop$68[0].$fordecl_block$69.c' using process `$paramod\reg_bank\GRID_SIZE=s32'00000000000000000000000000000011.$proc$/foss/designs/integration_final/src/reg_bank.sv:269$2437'.
  created $dff cell `$procdff$24683' with positive edge clock.
Creating register for signal `$paramod\reg_bank\GRID_SIZE=s32'00000000000000000000000000000011.$fordecl_block$65.$for_loop$66[3].$fordecl_block$67.$for_loop$68[1].$fordecl_block$69.c' using process `$paramod\reg_bank\GRID_SIZE=s32'00000000000000000000000000000011.$proc$/foss/designs/integration_final/src/reg_bank.sv:269$2437'.
  created $dff cell `$procdff$24690' with positive edge clock.
Creating register for signal `$paramod\reg_bank\GRID_SIZE=s32'00000000000000000000000000000011.$fordecl_block$65.$for_loop$66[3].$fordecl_block$67.$for_loop$68[2].$fordecl_block$69.c' using process `$paramod\reg_bank\GRID_SIZE=s32'00000000000000000000000000000011.$proc$/foss/designs/integration_final/src/reg_bank.sv:269$2437'.
  created $dff cell `$procdff$24697' with positive edge clock.
Creating register for signal `$paramod\reg_bank\GRID_SIZE=s32'00000000000000000000000000000011.$fordecl_block$71.m' using process `$paramod\reg_bank\GRID_SIZE=s32'00000000000000000000000000000011.$proc$/foss/designs/integration_final/src/reg_bank.sv:269$2437'.
  created $dff cell `$procdff$24704' with positive edge clock.
Creating register for signal `$paramod\reg_bank\GRID_SIZE=s32'00000000000000000000000000000011.$fordecl_block$71.$for_loop$72[0].$fordecl_block$73.i' using process `$paramod\reg_bank\GRID_SIZE=s32'00000000000000000000000000000011.$proc$/foss/designs/integration_final/src/reg_bank.sv:269$2437'.
  created $dff cell `$procdff$24711' with positive edge clock.
Creating register for signal `$paramod\reg_bank\GRID_SIZE=s32'00000000000000000000000000000011.$fordecl_block$71.$for_loop$72[0].$fordecl_block$73.$for_loop$74[0].$fordecl_block$75.j' using process `$paramod\reg_bank\GRID_SIZE=s32'00000000000000000000000000000011.$proc$/foss/designs/integration_final/src/reg_bank.sv:269$2437'.
  created $dff cell `$procdff$24718' with positive edge clock.
Creating register for signal `$paramod\reg_bank\GRID_SIZE=s32'00000000000000000000000000000011.$fordecl_block$71.$for_loop$72[0].$fordecl_block$73.$for_loop$74[0].$fordecl_block$75.$for_loop$76[0].$fordecl_block$77.r' using process `$paramod\reg_bank\GRID_SIZE=s32'00000000000000000000000000000011.$proc$/foss/designs/integration_final/src/reg_bank.sv:269$2437'.
  created $dff cell `$procdff$24725' with positive edge clock.
Creating register for signal `$paramod\reg_bank\GRID_SIZE=s32'00000000000000000000000000000011.$fordecl_block$71.$for_loop$72[0].$fordecl_block$73.$for_loop$74[0].$fordecl_block$75.$for_loop$76[1].$fordecl_block$77.r' using process `$paramod\reg_bank\GRID_SIZE=s32'00000000000000000000000000000011.$proc$/foss/designs/integration_final/src/reg_bank.sv:269$2437'.
  created $dff cell `$procdff$24732' with positive edge clock.
Creating register for signal `$paramod\reg_bank\GRID_SIZE=s32'00000000000000000000000000000011.$fordecl_block$71.$for_loop$72[0].$fordecl_block$73.$for_loop$74[0].$fordecl_block$75.$for_loop$76[2].$fordecl_block$77.r' using process `$paramod\reg_bank\GRID_SIZE=s32'00000000000000000000000000000011.$proc$/foss/designs/integration_final/src/reg_bank.sv:269$2437'.
  created $dff cell `$procdff$24739' with positive edge clock.
Creating register for signal `$paramod\reg_bank\GRID_SIZE=s32'00000000000000000000000000000011.$fordecl_block$71.$for_loop$72[0].$fordecl_block$73.$for_loop$74[1].$fordecl_block$75.j' using process `$paramod\reg_bank\GRID_SIZE=s32'00000000000000000000000000000011.$proc$/foss/designs/integration_final/src/reg_bank.sv:269$2437'.
  created $dff cell `$procdff$24746' with positive edge clock.
Creating register for signal `$paramod\reg_bank\GRID_SIZE=s32'00000000000000000000000000000011.$fordecl_block$71.$for_loop$72[0].$fordecl_block$73.$for_loop$74[1].$fordecl_block$75.$for_loop$76[0].$fordecl_block$77.r' using process `$paramod\reg_bank\GRID_SIZE=s32'00000000000000000000000000000011.$proc$/foss/designs/integration_final/src/reg_bank.sv:269$2437'.
  created $dff cell `$procdff$24753' with positive edge clock.
Creating register for signal `$paramod\reg_bank\GRID_SIZE=s32'00000000000000000000000000000011.$fordecl_block$71.$for_loop$72[0].$fordecl_block$73.$for_loop$74[1].$fordecl_block$75.$for_loop$76[1].$fordecl_block$77.r' using process `$paramod\reg_bank\GRID_SIZE=s32'00000000000000000000000000000011.$proc$/foss/designs/integration_final/src/reg_bank.sv:269$2437'.
  created $dff cell `$procdff$24760' with positive edge clock.
Creating register for signal `$paramod\reg_bank\GRID_SIZE=s32'00000000000000000000000000000011.$fordecl_block$71.$for_loop$72[0].$fordecl_block$73.$for_loop$74[1].$fordecl_block$75.$for_loop$76[2].$fordecl_block$77.r' using process `$paramod\reg_bank\GRID_SIZE=s32'00000000000000000000000000000011.$proc$/foss/designs/integration_final/src/reg_bank.sv:269$2437'.
  created $dff cell `$procdff$24767' with positive edge clock.
Creating register for signal `$paramod\reg_bank\GRID_SIZE=s32'00000000000000000000000000000011.$fordecl_block$71.$for_loop$72[0].$fordecl_block$73.$for_loop$74[2].$fordecl_block$75.j' using process `$paramod\reg_bank\GRID_SIZE=s32'00000000000000000000000000000011.$proc$/foss/designs/integration_final/src/reg_bank.sv:269$2437'.
  created $dff cell `$procdff$24774' with positive edge clock.
Creating register for signal `$paramod\reg_bank\GRID_SIZE=s32'00000000000000000000000000000011.$fordecl_block$71.$for_loop$72[0].$fordecl_block$73.$for_loop$74[2].$fordecl_block$75.$for_loop$76[0].$fordecl_block$77.r' using process `$paramod\reg_bank\GRID_SIZE=s32'00000000000000000000000000000011.$proc$/foss/designs/integration_final/src/reg_bank.sv:269$2437'.
  created $dff cell `$procdff$24781' with positive edge clock.
Creating register for signal `$paramod\reg_bank\GRID_SIZE=s32'00000000000000000000000000000011.$fordecl_block$71.$for_loop$72[0].$fordecl_block$73.$for_loop$74[2].$fordecl_block$75.$for_loop$76[1].$fordecl_block$77.r' using process `$paramod\reg_bank\GRID_SIZE=s32'00000000000000000000000000000011.$proc$/foss/designs/integration_final/src/reg_bank.sv:269$2437'.
  created $dff cell `$procdff$24788' with positive edge clock.
Creating register for signal `$paramod\reg_bank\GRID_SIZE=s32'00000000000000000000000000000011.$fordecl_block$71.$for_loop$72[0].$fordecl_block$73.$for_loop$74[2].$fordecl_block$75.$for_loop$76[2].$fordecl_block$77.r' using process `$paramod\reg_bank\GRID_SIZE=s32'00000000000000000000000000000011.$proc$/foss/designs/integration_final/src/reg_bank.sv:269$2437'.
  created $dff cell `$procdff$24795' with positive edge clock.
Creating register for signal `$paramod\reg_bank\GRID_SIZE=s32'00000000000000000000000000000011.$fordecl_block$71.$for_loop$72[1].$fordecl_block$73.i' using process `$paramod\reg_bank\GRID_SIZE=s32'00000000000000000000000000000011.$proc$/foss/designs/integration_final/src/reg_bank.sv:269$2437'.
  created $dff cell `$procdff$24802' with positive edge clock.
Creating register for signal `$paramod\reg_bank\GRID_SIZE=s32'00000000000000000000000000000011.$fordecl_block$71.$for_loop$72[1].$fordecl_block$73.$for_loop$74[0].$fordecl_block$75.j' using process `$paramod\reg_bank\GRID_SIZE=s32'00000000000000000000000000000011.$proc$/foss/designs/integration_final/src/reg_bank.sv:269$2437'.
  created $dff cell `$procdff$24809' with positive edge clock.
Creating register for signal `$paramod\reg_bank\GRID_SIZE=s32'00000000000000000000000000000011.$fordecl_block$71.$for_loop$72[1].$fordecl_block$73.$for_loop$74[0].$fordecl_block$75.$for_loop$76[0].$fordecl_block$77.r' using process `$paramod\reg_bank\GRID_SIZE=s32'00000000000000000000000000000011.$proc$/foss/designs/integration_final/src/reg_bank.sv:269$2437'.
  created $dff cell `$procdff$24816' with positive edge clock.
Creating register for signal `$paramod\reg_bank\GRID_SIZE=s32'00000000000000000000000000000011.$fordecl_block$71.$for_loop$72[1].$fordecl_block$73.$for_loop$74[0].$fordecl_block$75.$for_loop$76[1].$fordecl_block$77.r' using process `$paramod\reg_bank\GRID_SIZE=s32'00000000000000000000000000000011.$proc$/foss/designs/integration_final/src/reg_bank.sv:269$2437'.
  created $dff cell `$procdff$24823' with positive edge clock.
Creating register for signal `$paramod\reg_bank\GRID_SIZE=s32'00000000000000000000000000000011.$fordecl_block$71.$for_loop$72[1].$fordecl_block$73.$for_loop$74[0].$fordecl_block$75.$for_loop$76[2].$fordecl_block$77.r' using process `$paramod\reg_bank\GRID_SIZE=s32'00000000000000000000000000000011.$proc$/foss/designs/integration_final/src/reg_bank.sv:269$2437'.
  created $dff cell `$procdff$24830' with positive edge clock.
Creating register for signal `$paramod\reg_bank\GRID_SIZE=s32'00000000000000000000000000000011.$fordecl_block$71.$for_loop$72[1].$fordecl_block$73.$for_loop$74[1].$fordecl_block$75.j' using process `$paramod\reg_bank\GRID_SIZE=s32'00000000000000000000000000000011.$proc$/foss/designs/integration_final/src/reg_bank.sv:269$2437'.
  created $dff cell `$procdff$24837' with positive edge clock.
Creating register for signal `$paramod\reg_bank\GRID_SIZE=s32'00000000000000000000000000000011.$fordecl_block$71.$for_loop$72[1].$fordecl_block$73.$for_loop$74[1].$fordecl_block$75.$for_loop$76[0].$fordecl_block$77.r' using process `$paramod\reg_bank\GRID_SIZE=s32'00000000000000000000000000000011.$proc$/foss/designs/integration_final/src/reg_bank.sv:269$2437'.
  created $dff cell `$procdff$24844' with positive edge clock.
Creating register for signal `$paramod\reg_bank\GRID_SIZE=s32'00000000000000000000000000000011.$fordecl_block$71.$for_loop$72[1].$fordecl_block$73.$for_loop$74[1].$fordecl_block$75.$for_loop$76[1].$fordecl_block$77.r' using process `$paramod\reg_bank\GRID_SIZE=s32'00000000000000000000000000000011.$proc$/foss/designs/integration_final/src/reg_bank.sv:269$2437'.
  created $dff cell `$procdff$24851' with positive edge clock.
Creating register for signal `$paramod\reg_bank\GRID_SIZE=s32'00000000000000000000000000000011.$fordecl_block$71.$for_loop$72[1].$fordecl_block$73.$for_loop$74[1].$fordecl_block$75.$for_loop$76[2].$fordecl_block$77.r' using process `$paramod\reg_bank\GRID_SIZE=s32'00000000000000000000000000000011.$proc$/foss/designs/integration_final/src/reg_bank.sv:269$2437'.
  created $dff cell `$procdff$24858' with positive edge clock.
Creating register for signal `$paramod\reg_bank\GRID_SIZE=s32'00000000000000000000000000000011.$fordecl_block$71.$for_loop$72[1].$fordecl_block$73.$for_loop$74[2].$fordecl_block$75.j' using process `$paramod\reg_bank\GRID_SIZE=s32'00000000000000000000000000000011.$proc$/foss/designs/integration_final/src/reg_bank.sv:269$2437'.
  created $dff cell `$procdff$24865' with positive edge clock.
Creating register for signal `$paramod\reg_bank\GRID_SIZE=s32'00000000000000000000000000000011.$fordecl_block$71.$for_loop$72[1].$fordecl_block$73.$for_loop$74[2].$fordecl_block$75.$for_loop$76[0].$fordecl_block$77.r' using process `$paramod\reg_bank\GRID_SIZE=s32'00000000000000000000000000000011.$proc$/foss/designs/integration_final/src/reg_bank.sv:269$2437'.
  created $dff cell `$procdff$24872' with positive edge clock.
Creating register for signal `$paramod\reg_bank\GRID_SIZE=s32'00000000000000000000000000000011.$fordecl_block$71.$for_loop$72[1].$fordecl_block$73.$for_loop$74[2].$fordecl_block$75.$for_loop$76[1].$fordecl_block$77.r' using process `$paramod\reg_bank\GRID_SIZE=s32'00000000000000000000000000000011.$proc$/foss/designs/integration_final/src/reg_bank.sv:269$2437'.
  created $dff cell `$procdff$24879' with positive edge clock.
Creating register for signal `$paramod\reg_bank\GRID_SIZE=s32'00000000000000000000000000000011.$fordecl_block$71.$for_loop$72[1].$fordecl_block$73.$for_loop$74[2].$fordecl_block$75.$for_loop$76[2].$fordecl_block$77.r' using process `$paramod\reg_bank\GRID_SIZE=s32'00000000000000000000000000000011.$proc$/foss/designs/integration_final/src/reg_bank.sv:269$2437'.
  created $dff cell `$procdff$24886' with positive edge clock.
Creating register for signal `$paramod\reg_bank\GRID_SIZE=s32'00000000000000000000000000000011.$fordecl_block$71.$for_loop$72[2].$fordecl_block$73.i' using process `$paramod\reg_bank\GRID_SIZE=s32'00000000000000000000000000000011.$proc$/foss/designs/integration_final/src/reg_bank.sv:269$2437'.
  created $dff cell `$procdff$24893' with positive edge clock.
Creating register for signal `$paramod\reg_bank\GRID_SIZE=s32'00000000000000000000000000000011.$fordecl_block$71.$for_loop$72[2].$fordecl_block$73.$for_loop$74[0].$fordecl_block$75.j' using process `$paramod\reg_bank\GRID_SIZE=s32'00000000000000000000000000000011.$proc$/foss/designs/integration_final/src/reg_bank.sv:269$2437'.
  created $dff cell `$procdff$24900' with positive edge clock.
Creating register for signal `$paramod\reg_bank\GRID_SIZE=s32'00000000000000000000000000000011.$fordecl_block$71.$for_loop$72[2].$fordecl_block$73.$for_loop$74[0].$fordecl_block$75.$for_loop$76[0].$fordecl_block$77.r' using process `$paramod\reg_bank\GRID_SIZE=s32'00000000000000000000000000000011.$proc$/foss/designs/integration_final/src/reg_bank.sv:269$2437'.
  created $dff cell `$procdff$24907' with positive edge clock.
Creating register for signal `$paramod\reg_bank\GRID_SIZE=s32'00000000000000000000000000000011.$fordecl_block$71.$for_loop$72[2].$fordecl_block$73.$for_loop$74[0].$fordecl_block$75.$for_loop$76[1].$fordecl_block$77.r' using process `$paramod\reg_bank\GRID_SIZE=s32'00000000000000000000000000000011.$proc$/foss/designs/integration_final/src/reg_bank.sv:269$2437'.
  created $dff cell `$procdff$24914' with positive edge clock.
Creating register for signal `$paramod\reg_bank\GRID_SIZE=s32'00000000000000000000000000000011.$fordecl_block$71.$for_loop$72[2].$fordecl_block$73.$for_loop$74[0].$fordecl_block$75.$for_loop$76[2].$fordecl_block$77.r' using process `$paramod\reg_bank\GRID_SIZE=s32'00000000000000000000000000000011.$proc$/foss/designs/integration_final/src/reg_bank.sv:269$2437'.
  created $dff cell `$procdff$24921' with positive edge clock.
Creating register for signal `$paramod\reg_bank\GRID_SIZE=s32'00000000000000000000000000000011.$fordecl_block$71.$for_loop$72[2].$fordecl_block$73.$for_loop$74[1].$fordecl_block$75.j' using process `$paramod\reg_bank\GRID_SIZE=s32'00000000000000000000000000000011.$proc$/foss/designs/integration_final/src/reg_bank.sv:269$2437'.
  created $dff cell `$procdff$24928' with positive edge clock.
Creating register for signal `$paramod\reg_bank\GRID_SIZE=s32'00000000000000000000000000000011.$fordecl_block$71.$for_loop$72[2].$fordecl_block$73.$for_loop$74[1].$fordecl_block$75.$for_loop$76[0].$fordecl_block$77.r' using process `$paramod\reg_bank\GRID_SIZE=s32'00000000000000000000000000000011.$proc$/foss/designs/integration_final/src/reg_bank.sv:269$2437'.
  created $dff cell `$procdff$24935' with positive edge clock.
Creating register for signal `$paramod\reg_bank\GRID_SIZE=s32'00000000000000000000000000000011.$fordecl_block$71.$for_loop$72[2].$fordecl_block$73.$for_loop$74[1].$fordecl_block$75.$for_loop$76[1].$fordecl_block$77.r' using process `$paramod\reg_bank\GRID_SIZE=s32'00000000000000000000000000000011.$proc$/foss/designs/integration_final/src/reg_bank.sv:269$2437'.
  created $dff cell `$procdff$24942' with positive edge clock.
Creating register for signal `$paramod\reg_bank\GRID_SIZE=s32'00000000000000000000000000000011.$fordecl_block$71.$for_loop$72[2].$fordecl_block$73.$for_loop$74[1].$fordecl_block$75.$for_loop$76[2].$fordecl_block$77.r' using process `$paramod\reg_bank\GRID_SIZE=s32'00000000000000000000000000000011.$proc$/foss/designs/integration_final/src/reg_bank.sv:269$2437'.
  created $dff cell `$procdff$24949' with positive edge clock.
Creating register for signal `$paramod\reg_bank\GRID_SIZE=s32'00000000000000000000000000000011.$fordecl_block$71.$for_loop$72[2].$fordecl_block$73.$for_loop$74[2].$fordecl_block$75.j' using process `$paramod\reg_bank\GRID_SIZE=s32'00000000000000000000000000000011.$proc$/foss/designs/integration_final/src/reg_bank.sv:269$2437'.
  created $dff cell `$procdff$24956' with positive edge clock.
Creating register for signal `$paramod\reg_bank\GRID_SIZE=s32'00000000000000000000000000000011.$fordecl_block$71.$for_loop$72[2].$fordecl_block$73.$for_loop$74[2].$fordecl_block$75.$for_loop$76[0].$fordecl_block$77.r' using process `$paramod\reg_bank\GRID_SIZE=s32'00000000000000000000000000000011.$proc$/foss/designs/integration_final/src/reg_bank.sv:269$2437'.
  created $dff cell `$procdff$24963' with positive edge clock.
Creating register for signal `$paramod\reg_bank\GRID_SIZE=s32'00000000000000000000000000000011.$fordecl_block$71.$for_loop$72[2].$fordecl_block$73.$for_loop$74[2].$fordecl_block$75.$for_loop$76[1].$fordecl_block$77.r' using process `$paramod\reg_bank\GRID_SIZE=s32'00000000000000000000000000000011.$proc$/foss/designs/integration_final/src/reg_bank.sv:269$2437'.
  created $dff cell `$procdff$24970' with positive edge clock.
Creating register for signal `$paramod\reg_bank\GRID_SIZE=s32'00000000000000000000000000000011.$fordecl_block$71.$for_loop$72[2].$fordecl_block$73.$for_loop$74[2].$fordecl_block$75.$for_loop$76[2].$fordecl_block$77.r' using process `$paramod\reg_bank\GRID_SIZE=s32'00000000000000000000000000000011.$proc$/foss/designs/integration_final/src/reg_bank.sv:269$2437'.
  created $dff cell `$procdff$24977' with positive edge clock.
Creating register for signal `$paramod\reg_bank\GRID_SIZE=s32'00000000000000000000000000000011.$fordecl_block$71.$for_loop$72[3].$fordecl_block$73.i' using process `$paramod\reg_bank\GRID_SIZE=s32'00000000000000000000000000000011.$proc$/foss/designs/integration_final/src/reg_bank.sv:269$2437'.
  created $dff cell `$procdff$24984' with positive edge clock.
Creating register for signal `$paramod\reg_bank\GRID_SIZE=s32'00000000000000000000000000000011.$fordecl_block$71.$for_loop$72[3].$fordecl_block$73.$for_loop$74[0].$fordecl_block$75.j' using process `$paramod\reg_bank\GRID_SIZE=s32'00000000000000000000000000000011.$proc$/foss/designs/integration_final/src/reg_bank.sv:269$2437'.
  created $dff cell `$procdff$24991' with positive edge clock.
Creating register for signal `$paramod\reg_bank\GRID_SIZE=s32'00000000000000000000000000000011.$fordecl_block$71.$for_loop$72[3].$fordecl_block$73.$for_loop$74[0].$fordecl_block$75.$for_loop$76[0].$fordecl_block$77.r' using process `$paramod\reg_bank\GRID_SIZE=s32'00000000000000000000000000000011.$proc$/foss/designs/integration_final/src/reg_bank.sv:269$2437'.
  created $dff cell `$procdff$24998' with positive edge clock.
Creating register for signal `$paramod\reg_bank\GRID_SIZE=s32'00000000000000000000000000000011.$fordecl_block$71.$for_loop$72[3].$fordecl_block$73.$for_loop$74[0].$fordecl_block$75.$for_loop$76[1].$fordecl_block$77.r' using process `$paramod\reg_bank\GRID_SIZE=s32'00000000000000000000000000000011.$proc$/foss/designs/integration_final/src/reg_bank.sv:269$2437'.
  created $dff cell `$procdff$25005' with positive edge clock.
Creating register for signal `$paramod\reg_bank\GRID_SIZE=s32'00000000000000000000000000000011.$fordecl_block$71.$for_loop$72[3].$fordecl_block$73.$for_loop$74[0].$fordecl_block$75.$for_loop$76[2].$fordecl_block$77.r' using process `$paramod\reg_bank\GRID_SIZE=s32'00000000000000000000000000000011.$proc$/foss/designs/integration_final/src/reg_bank.sv:269$2437'.
  created $dff cell `$procdff$25012' with positive edge clock.
Creating register for signal `$paramod\reg_bank\GRID_SIZE=s32'00000000000000000000000000000011.$fordecl_block$71.$for_loop$72[3].$fordecl_block$73.$for_loop$74[1].$fordecl_block$75.j' using process `$paramod\reg_bank\GRID_SIZE=s32'00000000000000000000000000000011.$proc$/foss/designs/integration_final/src/reg_bank.sv:269$2437'.
  created $dff cell `$procdff$25019' with positive edge clock.
Creating register for signal `$paramod\reg_bank\GRID_SIZE=s32'00000000000000000000000000000011.$fordecl_block$71.$for_loop$72[3].$fordecl_block$73.$for_loop$74[1].$fordecl_block$75.$for_loop$76[0].$fordecl_block$77.r' using process `$paramod\reg_bank\GRID_SIZE=s32'00000000000000000000000000000011.$proc$/foss/designs/integration_final/src/reg_bank.sv:269$2437'.
  created $dff cell `$procdff$25026' with positive edge clock.
Creating register for signal `$paramod\reg_bank\GRID_SIZE=s32'00000000000000000000000000000011.$fordecl_block$71.$for_loop$72[3].$fordecl_block$73.$for_loop$74[1].$fordecl_block$75.$for_loop$76[1].$fordecl_block$77.r' using process `$paramod\reg_bank\GRID_SIZE=s32'00000000000000000000000000000011.$proc$/foss/designs/integration_final/src/reg_bank.sv:269$2437'.
  created $dff cell `$procdff$25033' with positive edge clock.
Creating register for signal `$paramod\reg_bank\GRID_SIZE=s32'00000000000000000000000000000011.$fordecl_block$71.$for_loop$72[3].$fordecl_block$73.$for_loop$74[1].$fordecl_block$75.$for_loop$76[2].$fordecl_block$77.r' using process `$paramod\reg_bank\GRID_SIZE=s32'00000000000000000000000000000011.$proc$/foss/designs/integration_final/src/reg_bank.sv:269$2437'.
  created $dff cell `$procdff$25040' with positive edge clock.
Creating register for signal `$paramod\reg_bank\GRID_SIZE=s32'00000000000000000000000000000011.$fordecl_block$71.$for_loop$72[3].$fordecl_block$73.$for_loop$74[2].$fordecl_block$75.j' using process `$paramod\reg_bank\GRID_SIZE=s32'00000000000000000000000000000011.$proc$/foss/designs/integration_final/src/reg_bank.sv:269$2437'.
  created $dff cell `$procdff$25047' with positive edge clock.
Creating register for signal `$paramod\reg_bank\GRID_SIZE=s32'00000000000000000000000000000011.$fordecl_block$71.$for_loop$72[3].$fordecl_block$73.$for_loop$74[2].$fordecl_block$75.$for_loop$76[0].$fordecl_block$77.r' using process `$paramod\reg_bank\GRID_SIZE=s32'00000000000000000000000000000011.$proc$/foss/designs/integration_final/src/reg_bank.sv:269$2437'.
  created $dff cell `$procdff$25054' with positive edge clock.
Creating register for signal `$paramod\reg_bank\GRID_SIZE=s32'00000000000000000000000000000011.$fordecl_block$71.$for_loop$72[3].$fordecl_block$73.$for_loop$74[2].$fordecl_block$75.$for_loop$76[1].$fordecl_block$77.r' using process `$paramod\reg_bank\GRID_SIZE=s32'00000000000000000000000000000011.$proc$/foss/designs/integration_final/src/reg_bank.sv:269$2437'.
  created $dff cell `$procdff$25061' with positive edge clock.
Creating register for signal `$paramod\reg_bank\GRID_SIZE=s32'00000000000000000000000000000011.$fordecl_block$71.$for_loop$72[3].$fordecl_block$73.$for_loop$74[2].$fordecl_block$75.$for_loop$76[2].$fordecl_block$77.r' using process `$paramod\reg_bank\GRID_SIZE=s32'00000000000000000000000000000011.$proc$/foss/designs/integration_final/src/reg_bank.sv:269$2437'.
  created $dff cell `$procdff$25068' with positive edge clock.
Creating register for signal `$paramod\reg_bank\GRID_SIZE=s32'00000000000000000000000000000011.$fordecl_block$79.m' using process `$paramod\reg_bank\GRID_SIZE=s32'00000000000000000000000000000011.$proc$/foss/designs/integration_final/src/reg_bank.sv:269$2437'.
  created $dff cell `$procdff$25075' with positive edge clock.
Creating register for signal `$paramod\reg_bank\GRID_SIZE=s32'00000000000000000000000000000011.$fordecl_block$79.$for_loop$80[0].$fordecl_block$81.i' using process `$paramod\reg_bank\GRID_SIZE=s32'00000000000000000000000000000011.$proc$/foss/designs/integration_final/src/reg_bank.sv:269$2437'.
  created $dff cell `$procdff$25082' with positive edge clock.
Creating register for signal `$paramod\reg_bank\GRID_SIZE=s32'00000000000000000000000000000011.$fordecl_block$79.$for_loop$80[0].$fordecl_block$81.$for_loop$82[0].$fordecl_block$83.j' using process `$paramod\reg_bank\GRID_SIZE=s32'00000000000000000000000000000011.$proc$/foss/designs/integration_final/src/reg_bank.sv:269$2437'.
  created $dff cell `$procdff$25089' with positive edge clock.
Creating register for signal `$paramod\reg_bank\GRID_SIZE=s32'00000000000000000000000000000011.$fordecl_block$79.$for_loop$80[0].$fordecl_block$81.$for_loop$82[0].$fordecl_block$83.$for_loop$84[0].$fordecl_block$85.c' using process `$paramod\reg_bank\GRID_SIZE=s32'00000000000000000000000000000011.$proc$/foss/designs/integration_final/src/reg_bank.sv:269$2437'.
  created $dff cell `$procdff$25096' with positive edge clock.
Creating register for signal `$paramod\reg_bank\GRID_SIZE=s32'00000000000000000000000000000011.$fordecl_block$79.$for_loop$80[0].$fordecl_block$81.$for_loop$82[0].$fordecl_block$83.$for_loop$84[1].$fordecl_block$85.c' using process `$paramod\reg_bank\GRID_SIZE=s32'00000000000000000000000000000011.$proc$/foss/designs/integration_final/src/reg_bank.sv:269$2437'.
  created $dff cell `$procdff$25103' with positive edge clock.
Creating register for signal `$paramod\reg_bank\GRID_SIZE=s32'00000000000000000000000000000011.$fordecl_block$79.$for_loop$80[0].$fordecl_block$81.$for_loop$82[0].$fordecl_block$83.$for_loop$84[2].$fordecl_block$85.c' using process `$paramod\reg_bank\GRID_SIZE=s32'00000000000000000000000000000011.$proc$/foss/designs/integration_final/src/reg_bank.sv:269$2437'.
  created $dff cell `$procdff$25110' with positive edge clock.
Creating register for signal `$paramod\reg_bank\GRID_SIZE=s32'00000000000000000000000000000011.$fordecl_block$79.$for_loop$80[0].$fordecl_block$81.$for_loop$82[1].$fordecl_block$83.j' using process `$paramod\reg_bank\GRID_SIZE=s32'00000000000000000000000000000011.$proc$/foss/designs/integration_final/src/reg_bank.sv:269$2437'.
  created $dff cell `$procdff$25117' with positive edge clock.
Creating register for signal `$paramod\reg_bank\GRID_SIZE=s32'00000000000000000000000000000011.$fordecl_block$79.$for_loop$80[0].$fordecl_block$81.$for_loop$82[1].$fordecl_block$83.$for_loop$84[0].$fordecl_block$85.c' using process `$paramod\reg_bank\GRID_SIZE=s32'00000000000000000000000000000011.$proc$/foss/designs/integration_final/src/reg_bank.sv:269$2437'.
  created $dff cell `$procdff$25124' with positive edge clock.
Creating register for signal `$paramod\reg_bank\GRID_SIZE=s32'00000000000000000000000000000011.$fordecl_block$79.$for_loop$80[0].$fordecl_block$81.$for_loop$82[1].$fordecl_block$83.$for_loop$84[1].$fordecl_block$85.c' using process `$paramod\reg_bank\GRID_SIZE=s32'00000000000000000000000000000011.$proc$/foss/designs/integration_final/src/reg_bank.sv:269$2437'.
  created $dff cell `$procdff$25131' with positive edge clock.
Creating register for signal `$paramod\reg_bank\GRID_SIZE=s32'00000000000000000000000000000011.$fordecl_block$79.$for_loop$80[0].$fordecl_block$81.$for_loop$82[1].$fordecl_block$83.$for_loop$84[2].$fordecl_block$85.c' using process `$paramod\reg_bank\GRID_SIZE=s32'00000000000000000000000000000011.$proc$/foss/designs/integration_final/src/reg_bank.sv:269$2437'.
  created $dff cell `$procdff$25138' with positive edge clock.
Creating register for signal `$paramod\reg_bank\GRID_SIZE=s32'00000000000000000000000000000011.$fordecl_block$79.$for_loop$80[0].$fordecl_block$81.$for_loop$82[2].$fordecl_block$83.j' using process `$paramod\reg_bank\GRID_SIZE=s32'00000000000000000000000000000011.$proc$/foss/designs/integration_final/src/reg_bank.sv:269$2437'.
  created $dff cell `$procdff$25145' with positive edge clock.
Creating register for signal `$paramod\reg_bank\GRID_SIZE=s32'00000000000000000000000000000011.$fordecl_block$79.$for_loop$80[0].$fordecl_block$81.$for_loop$82[2].$fordecl_block$83.$for_loop$84[0].$fordecl_block$85.c' using process `$paramod\reg_bank\GRID_SIZE=s32'00000000000000000000000000000011.$proc$/foss/designs/integration_final/src/reg_bank.sv:269$2437'.
  created $dff cell `$procdff$25152' with positive edge clock.
Creating register for signal `$paramod\reg_bank\GRID_SIZE=s32'00000000000000000000000000000011.$fordecl_block$79.$for_loop$80[0].$fordecl_block$81.$for_loop$82[2].$fordecl_block$83.$for_loop$84[1].$fordecl_block$85.c' using process `$paramod\reg_bank\GRID_SIZE=s32'00000000000000000000000000000011.$proc$/foss/designs/integration_final/src/reg_bank.sv:269$2437'.
  created $dff cell `$procdff$25159' with positive edge clock.
Creating register for signal `$paramod\reg_bank\GRID_SIZE=s32'00000000000000000000000000000011.$fordecl_block$79.$for_loop$80[0].$fordecl_block$81.$for_loop$82[2].$fordecl_block$83.$for_loop$84[2].$fordecl_block$85.c' using process `$paramod\reg_bank\GRID_SIZE=s32'00000000000000000000000000000011.$proc$/foss/designs/integration_final/src/reg_bank.sv:269$2437'.
  created $dff cell `$procdff$25166' with positive edge clock.
Creating register for signal `$paramod\reg_bank\GRID_SIZE=s32'00000000000000000000000000000011.$fordecl_block$79.$for_loop$80[1].$fordecl_block$81.i' using process `$paramod\reg_bank\GRID_SIZE=s32'00000000000000000000000000000011.$proc$/foss/designs/integration_final/src/reg_bank.sv:269$2437'.
  created $dff cell `$procdff$25173' with positive edge clock.
Creating register for signal `$paramod\reg_bank\GRID_SIZE=s32'00000000000000000000000000000011.$fordecl_block$79.$for_loop$80[1].$fordecl_block$81.$for_loop$82[0].$fordecl_block$83.j' using process `$paramod\reg_bank\GRID_SIZE=s32'00000000000000000000000000000011.$proc$/foss/designs/integration_final/src/reg_bank.sv:269$2437'.
  created $dff cell `$procdff$25180' with positive edge clock.
Creating register for signal `$paramod\reg_bank\GRID_SIZE=s32'00000000000000000000000000000011.$fordecl_block$79.$for_loop$80[1].$fordecl_block$81.$for_loop$82[0].$fordecl_block$83.$for_loop$84[0].$fordecl_block$85.c' using process `$paramod\reg_bank\GRID_SIZE=s32'00000000000000000000000000000011.$proc$/foss/designs/integration_final/src/reg_bank.sv:269$2437'.
  created $dff cell `$procdff$25187' with positive edge clock.
Creating register for signal `$paramod\reg_bank\GRID_SIZE=s32'00000000000000000000000000000011.$fordecl_block$79.$for_loop$80[1].$fordecl_block$81.$for_loop$82[0].$fordecl_block$83.$for_loop$84[1].$fordecl_block$85.c' using process `$paramod\reg_bank\GRID_SIZE=s32'00000000000000000000000000000011.$proc$/foss/designs/integration_final/src/reg_bank.sv:269$2437'.
  created $dff cell `$procdff$25194' with positive edge clock.
Creating register for signal `$paramod\reg_bank\GRID_SIZE=s32'00000000000000000000000000000011.$fordecl_block$79.$for_loop$80[1].$fordecl_block$81.$for_loop$82[0].$fordecl_block$83.$for_loop$84[2].$fordecl_block$85.c' using process `$paramod\reg_bank\GRID_SIZE=s32'00000000000000000000000000000011.$proc$/foss/designs/integration_final/src/reg_bank.sv:269$2437'.
  created $dff cell `$procdff$25201' with positive edge clock.
Creating register for signal `$paramod\reg_bank\GRID_SIZE=s32'00000000000000000000000000000011.$fordecl_block$79.$for_loop$80[1].$fordecl_block$81.$for_loop$82[1].$fordecl_block$83.j' using process `$paramod\reg_bank\GRID_SIZE=s32'00000000000000000000000000000011.$proc$/foss/designs/integration_final/src/reg_bank.sv:269$2437'.
  created $dff cell `$procdff$25208' with positive edge clock.
Creating register for signal `$paramod\reg_bank\GRID_SIZE=s32'00000000000000000000000000000011.$fordecl_block$79.$for_loop$80[1].$fordecl_block$81.$for_loop$82[1].$fordecl_block$83.$for_loop$84[0].$fordecl_block$85.c' using process `$paramod\reg_bank\GRID_SIZE=s32'00000000000000000000000000000011.$proc$/foss/designs/integration_final/src/reg_bank.sv:269$2437'.
  created $dff cell `$procdff$25215' with positive edge clock.
Creating register for signal `$paramod\reg_bank\GRID_SIZE=s32'00000000000000000000000000000011.$fordecl_block$79.$for_loop$80[1].$fordecl_block$81.$for_loop$82[1].$fordecl_block$83.$for_loop$84[1].$fordecl_block$85.c' using process `$paramod\reg_bank\GRID_SIZE=s32'00000000000000000000000000000011.$proc$/foss/designs/integration_final/src/reg_bank.sv:269$2437'.
  created $dff cell `$procdff$25222' with positive edge clock.
Creating register for signal `$paramod\reg_bank\GRID_SIZE=s32'00000000000000000000000000000011.$fordecl_block$79.$for_loop$80[1].$fordecl_block$81.$for_loop$82[1].$fordecl_block$83.$for_loop$84[2].$fordecl_block$85.c' using process `$paramod\reg_bank\GRID_SIZE=s32'00000000000000000000000000000011.$proc$/foss/designs/integration_final/src/reg_bank.sv:269$2437'.
  created $dff cell `$procdff$25229' with positive edge clock.
Creating register for signal `$paramod\reg_bank\GRID_SIZE=s32'00000000000000000000000000000011.$fordecl_block$79.$for_loop$80[1].$fordecl_block$81.$for_loop$82[2].$fordecl_block$83.j' using process `$paramod\reg_bank\GRID_SIZE=s32'00000000000000000000000000000011.$proc$/foss/designs/integration_final/src/reg_bank.sv:269$2437'.
  created $dff cell `$procdff$25236' with positive edge clock.
Creating register for signal `$paramod\reg_bank\GRID_SIZE=s32'00000000000000000000000000000011.$fordecl_block$79.$for_loop$80[1].$fordecl_block$81.$for_loop$82[2].$fordecl_block$83.$for_loop$84[0].$fordecl_block$85.c' using process `$paramod\reg_bank\GRID_SIZE=s32'00000000000000000000000000000011.$proc$/foss/designs/integration_final/src/reg_bank.sv:269$2437'.
  created $dff cell `$procdff$25243' with positive edge clock.
Creating register for signal `$paramod\reg_bank\GRID_SIZE=s32'00000000000000000000000000000011.$fordecl_block$79.$for_loop$80[1].$fordecl_block$81.$for_loop$82[2].$fordecl_block$83.$for_loop$84[1].$fordecl_block$85.c' using process `$paramod\reg_bank\GRID_SIZE=s32'00000000000000000000000000000011.$proc$/foss/designs/integration_final/src/reg_bank.sv:269$2437'.
  created $dff cell `$procdff$25250' with positive edge clock.
Creating register for signal `$paramod\reg_bank\GRID_SIZE=s32'00000000000000000000000000000011.$fordecl_block$79.$for_loop$80[1].$fordecl_block$81.$for_loop$82[2].$fordecl_block$83.$for_loop$84[2].$fordecl_block$85.c' using process `$paramod\reg_bank\GRID_SIZE=s32'00000000000000000000000000000011.$proc$/foss/designs/integration_final/src/reg_bank.sv:269$2437'.
  created $dff cell `$procdff$25257' with positive edge clock.
Creating register for signal `$paramod\reg_bank\GRID_SIZE=s32'00000000000000000000000000000011.$fordecl_block$79.$for_loop$80[2].$fordecl_block$81.i' using process `$paramod\reg_bank\GRID_SIZE=s32'00000000000000000000000000000011.$proc$/foss/designs/integration_final/src/reg_bank.sv:269$2437'.
  created $dff cell `$procdff$25264' with positive edge clock.
Creating register for signal `$paramod\reg_bank\GRID_SIZE=s32'00000000000000000000000000000011.$fordecl_block$79.$for_loop$80[2].$fordecl_block$81.$for_loop$82[0].$fordecl_block$83.j' using process `$paramod\reg_bank\GRID_SIZE=s32'00000000000000000000000000000011.$proc$/foss/designs/integration_final/src/reg_bank.sv:269$2437'.
  created $dff cell `$procdff$25271' with positive edge clock.
Creating register for signal `$paramod\reg_bank\GRID_SIZE=s32'00000000000000000000000000000011.$fordecl_block$79.$for_loop$80[2].$fordecl_block$81.$for_loop$82[0].$fordecl_block$83.$for_loop$84[0].$fordecl_block$85.c' using process `$paramod\reg_bank\GRID_SIZE=s32'00000000000000000000000000000011.$proc$/foss/designs/integration_final/src/reg_bank.sv:269$2437'.
  created $dff cell `$procdff$25278' with positive edge clock.
Creating register for signal `$paramod\reg_bank\GRID_SIZE=s32'00000000000000000000000000000011.$fordecl_block$79.$for_loop$80[2].$fordecl_block$81.$for_loop$82[0].$fordecl_block$83.$for_loop$84[1].$fordecl_block$85.c' using process `$paramod\reg_bank\GRID_SIZE=s32'00000000000000000000000000000011.$proc$/foss/designs/integration_final/src/reg_bank.sv:269$2437'.
  created $dff cell `$procdff$25285' with positive edge clock.
Creating register for signal `$paramod\reg_bank\GRID_SIZE=s32'00000000000000000000000000000011.$fordecl_block$79.$for_loop$80[2].$fordecl_block$81.$for_loop$82[0].$fordecl_block$83.$for_loop$84[2].$fordecl_block$85.c' using process `$paramod\reg_bank\GRID_SIZE=s32'00000000000000000000000000000011.$proc$/foss/designs/integration_final/src/reg_bank.sv:269$2437'.
  created $dff cell `$procdff$25292' with positive edge clock.
Creating register for signal `$paramod\reg_bank\GRID_SIZE=s32'00000000000000000000000000000011.$fordecl_block$79.$for_loop$80[2].$fordecl_block$81.$for_loop$82[1].$fordecl_block$83.j' using process `$paramod\reg_bank\GRID_SIZE=s32'00000000000000000000000000000011.$proc$/foss/designs/integration_final/src/reg_bank.sv:269$2437'.
  created $dff cell `$procdff$25299' with positive edge clock.
Creating register for signal `$paramod\reg_bank\GRID_SIZE=s32'00000000000000000000000000000011.$fordecl_block$79.$for_loop$80[2].$fordecl_block$81.$for_loop$82[1].$fordecl_block$83.$for_loop$84[0].$fordecl_block$85.c' using process `$paramod\reg_bank\GRID_SIZE=s32'00000000000000000000000000000011.$proc$/foss/designs/integration_final/src/reg_bank.sv:269$2437'.
  created $dff cell `$procdff$25306' with positive edge clock.
Creating register for signal `$paramod\reg_bank\GRID_SIZE=s32'00000000000000000000000000000011.$fordecl_block$79.$for_loop$80[2].$fordecl_block$81.$for_loop$82[1].$fordecl_block$83.$for_loop$84[1].$fordecl_block$85.c' using process `$paramod\reg_bank\GRID_SIZE=s32'00000000000000000000000000000011.$proc$/foss/designs/integration_final/src/reg_bank.sv:269$2437'.
  created $dff cell `$procdff$25313' with positive edge clock.
Creating register for signal `$paramod\reg_bank\GRID_SIZE=s32'00000000000000000000000000000011.$fordecl_block$79.$for_loop$80[2].$fordecl_block$81.$for_loop$82[1].$fordecl_block$83.$for_loop$84[2].$fordecl_block$85.c' using process `$paramod\reg_bank\GRID_SIZE=s32'00000000000000000000000000000011.$proc$/foss/designs/integration_final/src/reg_bank.sv:269$2437'.
  created $dff cell `$procdff$25320' with positive edge clock.
Creating register for signal `$paramod\reg_bank\GRID_SIZE=s32'00000000000000000000000000000011.$fordecl_block$79.$for_loop$80[2].$fordecl_block$81.$for_loop$82[2].$fordecl_block$83.j' using process `$paramod\reg_bank\GRID_SIZE=s32'00000000000000000000000000000011.$proc$/foss/designs/integration_final/src/reg_bank.sv:269$2437'.
  created $dff cell `$procdff$25327' with positive edge clock.
Creating register for signal `$paramod\reg_bank\GRID_SIZE=s32'00000000000000000000000000000011.$fordecl_block$79.$for_loop$80[2].$fordecl_block$81.$for_loop$82[2].$fordecl_block$83.$for_loop$84[0].$fordecl_block$85.c' using process `$paramod\reg_bank\GRID_SIZE=s32'00000000000000000000000000000011.$proc$/foss/designs/integration_final/src/reg_bank.sv:269$2437'.
  created $dff cell `$procdff$25334' with positive edge clock.
Creating register for signal `$paramod\reg_bank\GRID_SIZE=s32'00000000000000000000000000000011.$fordecl_block$79.$for_loop$80[2].$fordecl_block$81.$for_loop$82[2].$fordecl_block$83.$for_loop$84[1].$fordecl_block$85.c' using process `$paramod\reg_bank\GRID_SIZE=s32'00000000000000000000000000000011.$proc$/foss/designs/integration_final/src/reg_bank.sv:269$2437'.
  created $dff cell `$procdff$25341' with positive edge clock.
Creating register for signal `$paramod\reg_bank\GRID_SIZE=s32'00000000000000000000000000000011.$fordecl_block$79.$for_loop$80[2].$fordecl_block$81.$for_loop$82[2].$fordecl_block$83.$for_loop$84[2].$fordecl_block$85.c' using process `$paramod\reg_bank\GRID_SIZE=s32'00000000000000000000000000000011.$proc$/foss/designs/integration_final/src/reg_bank.sv:269$2437'.
  created $dff cell `$procdff$25348' with positive edge clock.
Creating register for signal `$paramod\reg_bank\GRID_SIZE=s32'00000000000000000000000000000011.$fordecl_block$79.$for_loop$80[3].$fordecl_block$81.i' using process `$paramod\reg_bank\GRID_SIZE=s32'00000000000000000000000000000011.$proc$/foss/designs/integration_final/src/reg_bank.sv:269$2437'.
  created $dff cell `$procdff$25355' with positive edge clock.
Creating register for signal `$paramod\reg_bank\GRID_SIZE=s32'00000000000000000000000000000011.$fordecl_block$79.$for_loop$80[3].$fordecl_block$81.$for_loop$82[0].$fordecl_block$83.j' using process `$paramod\reg_bank\GRID_SIZE=s32'00000000000000000000000000000011.$proc$/foss/designs/integration_final/src/reg_bank.sv:269$2437'.
  created $dff cell `$procdff$25362' with positive edge clock.
Creating register for signal `$paramod\reg_bank\GRID_SIZE=s32'00000000000000000000000000000011.$fordecl_block$79.$for_loop$80[3].$fordecl_block$81.$for_loop$82[0].$fordecl_block$83.$for_loop$84[0].$fordecl_block$85.c' using process `$paramod\reg_bank\GRID_SIZE=s32'00000000000000000000000000000011.$proc$/foss/designs/integration_final/src/reg_bank.sv:269$2437'.
  created $dff cell `$procdff$25369' with positive edge clock.
Creating register for signal `$paramod\reg_bank\GRID_SIZE=s32'00000000000000000000000000000011.$fordecl_block$79.$for_loop$80[3].$fordecl_block$81.$for_loop$82[0].$fordecl_block$83.$for_loop$84[1].$fordecl_block$85.c' using process `$paramod\reg_bank\GRID_SIZE=s32'00000000000000000000000000000011.$proc$/foss/designs/integration_final/src/reg_bank.sv:269$2437'.
  created $dff cell `$procdff$25376' with positive edge clock.
Creating register for signal `$paramod\reg_bank\GRID_SIZE=s32'00000000000000000000000000000011.$fordecl_block$79.$for_loop$80[3].$fordecl_block$81.$for_loop$82[0].$fordecl_block$83.$for_loop$84[2].$fordecl_block$85.c' using process `$paramod\reg_bank\GRID_SIZE=s32'00000000000000000000000000000011.$proc$/foss/designs/integration_final/src/reg_bank.sv:269$2437'.
  created $dff cell `$procdff$25383' with positive edge clock.
Creating register for signal `$paramod\reg_bank\GRID_SIZE=s32'00000000000000000000000000000011.$fordecl_block$79.$for_loop$80[3].$fordecl_block$81.$for_loop$82[1].$fordecl_block$83.j' using process `$paramod\reg_bank\GRID_SIZE=s32'00000000000000000000000000000011.$proc$/foss/designs/integration_final/src/reg_bank.sv:269$2437'.
  created $dff cell `$procdff$25390' with positive edge clock.
Creating register for signal `$paramod\reg_bank\GRID_SIZE=s32'00000000000000000000000000000011.$fordecl_block$79.$for_loop$80[3].$fordecl_block$81.$for_loop$82[1].$fordecl_block$83.$for_loop$84[0].$fordecl_block$85.c' using process `$paramod\reg_bank\GRID_SIZE=s32'00000000000000000000000000000011.$proc$/foss/designs/integration_final/src/reg_bank.sv:269$2437'.
  created $dff cell `$procdff$25397' with positive edge clock.
Creating register for signal `$paramod\reg_bank\GRID_SIZE=s32'00000000000000000000000000000011.$fordecl_block$79.$for_loop$80[3].$fordecl_block$81.$for_loop$82[1].$fordecl_block$83.$for_loop$84[1].$fordecl_block$85.c' using process `$paramod\reg_bank\GRID_SIZE=s32'00000000000000000000000000000011.$proc$/foss/designs/integration_final/src/reg_bank.sv:269$2437'.
  created $dff cell `$procdff$25404' with positive edge clock.
Creating register for signal `$paramod\reg_bank\GRID_SIZE=s32'00000000000000000000000000000011.$fordecl_block$79.$for_loop$80[3].$fordecl_block$81.$for_loop$82[1].$fordecl_block$83.$for_loop$84[2].$fordecl_block$85.c' using process `$paramod\reg_bank\GRID_SIZE=s32'00000000000000000000000000000011.$proc$/foss/designs/integration_final/src/reg_bank.sv:269$2437'.
  created $dff cell `$procdff$25411' with positive edge clock.
Creating register for signal `$paramod\reg_bank\GRID_SIZE=s32'00000000000000000000000000000011.$fordecl_block$79.$for_loop$80[3].$fordecl_block$81.$for_loop$82[2].$fordecl_block$83.j' using process `$paramod\reg_bank\GRID_SIZE=s32'00000000000000000000000000000011.$proc$/foss/designs/integration_final/src/reg_bank.sv:269$2437'.
  created $dff cell `$procdff$25418' with positive edge clock.
Creating register for signal `$paramod\reg_bank\GRID_SIZE=s32'00000000000000000000000000000011.$fordecl_block$79.$for_loop$80[3].$fordecl_block$81.$for_loop$82[2].$fordecl_block$83.$for_loop$84[0].$fordecl_block$85.c' using process `$paramod\reg_bank\GRID_SIZE=s32'00000000000000000000000000000011.$proc$/foss/designs/integration_final/src/reg_bank.sv:269$2437'.
  created $dff cell `$procdff$25425' with positive edge clock.
Creating register for signal `$paramod\reg_bank\GRID_SIZE=s32'00000000000000000000000000000011.$fordecl_block$79.$for_loop$80[3].$fordecl_block$81.$for_loop$82[2].$fordecl_block$83.$for_loop$84[1].$fordecl_block$85.c' using process `$paramod\reg_bank\GRID_SIZE=s32'00000000000000000000000000000011.$proc$/foss/designs/integration_final/src/reg_bank.sv:269$2437'.
  created $dff cell `$procdff$25432' with positive edge clock.
Creating register for signal `$paramod\reg_bank\GRID_SIZE=s32'00000000000000000000000000000011.$fordecl_block$79.$for_loop$80[3].$fordecl_block$81.$for_loop$82[2].$fordecl_block$83.$for_loop$84[2].$fordecl_block$85.c' using process `$paramod\reg_bank\GRID_SIZE=s32'00000000000000000000000000000011.$proc$/foss/designs/integration_final/src/reg_bank.sv:269$2437'.
  created $dff cell `$procdff$25439' with positive edge clock.
Creating register for signal `$paramod\reg_bank\GRID_SIZE=s32'00000000000000000000000000000011.$fordecl_block$87.m' using process `$paramod\reg_bank\GRID_SIZE=s32'00000000000000000000000000000011.$proc$/foss/designs/integration_final/src/reg_bank.sv:269$2437'.
  created $dff cell `$procdff$25446' with positive edge clock.
Creating register for signal `$paramod\reg_bank\GRID_SIZE=s32'00000000000000000000000000000011.$fordecl_block$87.$for_loop$88[0].$fordecl_block$89.i' using process `$paramod\reg_bank\GRID_SIZE=s32'00000000000000000000000000000011.$proc$/foss/designs/integration_final/src/reg_bank.sv:269$2437'.
  created $dff cell `$procdff$25453' with positive edge clock.
Creating register for signal `$paramod\reg_bank\GRID_SIZE=s32'00000000000000000000000000000011.$fordecl_block$87.$for_loop$88[0].$fordecl_block$89.$for_loop$90[0].$fordecl_block$91.j' using process `$paramod\reg_bank\GRID_SIZE=s32'00000000000000000000000000000011.$proc$/foss/designs/integration_final/src/reg_bank.sv:269$2437'.
  created $dff cell `$procdff$25460' with positive edge clock.
Creating register for signal `$paramod\reg_bank\GRID_SIZE=s32'00000000000000000000000000000011.$fordecl_block$87.$for_loop$88[0].$fordecl_block$89.$for_loop$90[1].$fordecl_block$91.j' using process `$paramod\reg_bank\GRID_SIZE=s32'00000000000000000000000000000011.$proc$/foss/designs/integration_final/src/reg_bank.sv:269$2437'.
  created $dff cell `$procdff$25467' with positive edge clock.
Creating register for signal `$paramod\reg_bank\GRID_SIZE=s32'00000000000000000000000000000011.$fordecl_block$87.$for_loop$88[0].$fordecl_block$89.$for_loop$90[2].$fordecl_block$91.j' using process `$paramod\reg_bank\GRID_SIZE=s32'00000000000000000000000000000011.$proc$/foss/designs/integration_final/src/reg_bank.sv:269$2437'.
  created $dff cell `$procdff$25474' with positive edge clock.
Creating register for signal `$paramod\reg_bank\GRID_SIZE=s32'00000000000000000000000000000011.$fordecl_block$87.$for_loop$88[1].$fordecl_block$89.i' using process `$paramod\reg_bank\GRID_SIZE=s32'00000000000000000000000000000011.$proc$/foss/designs/integration_final/src/reg_bank.sv:269$2437'.
  created $dff cell `$procdff$25481' with positive edge clock.
Creating register for signal `$paramod\reg_bank\GRID_SIZE=s32'00000000000000000000000000000011.$fordecl_block$87.$for_loop$88[1].$fordecl_block$89.$for_loop$90[0].$fordecl_block$91.j' using process `$paramod\reg_bank\GRID_SIZE=s32'00000000000000000000000000000011.$proc$/foss/designs/integration_final/src/reg_bank.sv:269$2437'.
  created $dff cell `$procdff$25488' with positive edge clock.
Creating register for signal `$paramod\reg_bank\GRID_SIZE=s32'00000000000000000000000000000011.$fordecl_block$87.$for_loop$88[1].$fordecl_block$89.$for_loop$90[1].$fordecl_block$91.j' using process `$paramod\reg_bank\GRID_SIZE=s32'00000000000000000000000000000011.$proc$/foss/designs/integration_final/src/reg_bank.sv:269$2437'.
  created $dff cell `$procdff$25495' with positive edge clock.
Creating register for signal `$paramod\reg_bank\GRID_SIZE=s32'00000000000000000000000000000011.$fordecl_block$87.$for_loop$88[1].$fordecl_block$89.$for_loop$90[2].$fordecl_block$91.j' using process `$paramod\reg_bank\GRID_SIZE=s32'00000000000000000000000000000011.$proc$/foss/designs/integration_final/src/reg_bank.sv:269$2437'.
  created $dff cell `$procdff$25502' with positive edge clock.
Creating register for signal `$paramod\reg_bank\GRID_SIZE=s32'00000000000000000000000000000011.$fordecl_block$87.$for_loop$88[2].$fordecl_block$89.i' using process `$paramod\reg_bank\GRID_SIZE=s32'00000000000000000000000000000011.$proc$/foss/designs/integration_final/src/reg_bank.sv:269$2437'.
  created $dff cell `$procdff$25509' with positive edge clock.
Creating register for signal `$paramod\reg_bank\GRID_SIZE=s32'00000000000000000000000000000011.$fordecl_block$87.$for_loop$88[2].$fordecl_block$89.$for_loop$90[0].$fordecl_block$91.j' using process `$paramod\reg_bank\GRID_SIZE=s32'00000000000000000000000000000011.$proc$/foss/designs/integration_final/src/reg_bank.sv:269$2437'.
  created $dff cell `$procdff$25516' with positive edge clock.
Creating register for signal `$paramod\reg_bank\GRID_SIZE=s32'00000000000000000000000000000011.$fordecl_block$87.$for_loop$88[2].$fordecl_block$89.$for_loop$90[1].$fordecl_block$91.j' using process `$paramod\reg_bank\GRID_SIZE=s32'00000000000000000000000000000011.$proc$/foss/designs/integration_final/src/reg_bank.sv:269$2437'.
  created $dff cell `$procdff$25523' with positive edge clock.
Creating register for signal `$paramod\reg_bank\GRID_SIZE=s32'00000000000000000000000000000011.$fordecl_block$87.$for_loop$88[2].$fordecl_block$89.$for_loop$90[2].$fordecl_block$91.j' using process `$paramod\reg_bank\GRID_SIZE=s32'00000000000000000000000000000011.$proc$/foss/designs/integration_final/src/reg_bank.sv:269$2437'.
  created $dff cell `$procdff$25530' with positive edge clock.
Creating register for signal `$paramod\reg_bank\GRID_SIZE=s32'00000000000000000000000000000011.$fordecl_block$87.$for_loop$88[3].$fordecl_block$89.i' using process `$paramod\reg_bank\GRID_SIZE=s32'00000000000000000000000000000011.$proc$/foss/designs/integration_final/src/reg_bank.sv:269$2437'.
  created $dff cell `$procdff$25537' with positive edge clock.
Creating register for signal `$paramod\reg_bank\GRID_SIZE=s32'00000000000000000000000000000011.$fordecl_block$87.$for_loop$88[3].$fordecl_block$89.$for_loop$90[0].$fordecl_block$91.j' using process `$paramod\reg_bank\GRID_SIZE=s32'00000000000000000000000000000011.$proc$/foss/designs/integration_final/src/reg_bank.sv:269$2437'.
  created $dff cell `$procdff$25544' with positive edge clock.
Creating register for signal `$paramod\reg_bank\GRID_SIZE=s32'00000000000000000000000000000011.$fordecl_block$87.$for_loop$88[3].$fordecl_block$89.$for_loop$90[1].$fordecl_block$91.j' using process `$paramod\reg_bank\GRID_SIZE=s32'00000000000000000000000000000011.$proc$/foss/designs/integration_final/src/reg_bank.sv:269$2437'.
  created $dff cell `$procdff$25551' with positive edge clock.
Creating register for signal `$paramod\reg_bank\GRID_SIZE=s32'00000000000000000000000000000011.$fordecl_block$87.$for_loop$88[3].$fordecl_block$89.$for_loop$90[2].$fordecl_block$91.j' using process `$paramod\reg_bank\GRID_SIZE=s32'00000000000000000000000000000011.$proc$/foss/designs/integration_final/src/reg_bank.sv:269$2437'.
  created $dff cell `$procdff$25558' with positive edge clock.
Creating register for signal `$paramod\reg_bank\GRID_SIZE=s32'00000000000000000000000000000011.$fordecl_block$93.m' using process `$paramod\reg_bank\GRID_SIZE=s32'00000000000000000000000000000011.$proc$/foss/designs/integration_final/src/reg_bank.sv:269$2437'.
  created $dff cell `$procdff$25565' with positive edge clock.
Creating register for signal `$paramod\reg_bank\GRID_SIZE=s32'00000000000000000000000000000011.$fordecl_block$93.$for_loop$94[0].$fordecl_block$95.i' using process `$paramod\reg_bank\GRID_SIZE=s32'00000000000000000000000000000011.$proc$/foss/designs/integration_final/src/reg_bank.sv:269$2437'.
  created $dff cell `$procdff$25572' with positive edge clock.
Creating register for signal `$paramod\reg_bank\GRID_SIZE=s32'00000000000000000000000000000011.$fordecl_block$93.$for_loop$94[0].$fordecl_block$95.$for_loop$96[0].$fordecl_block$97.j' using process `$paramod\reg_bank\GRID_SIZE=s32'00000000000000000000000000000011.$proc$/foss/designs/integration_final/src/reg_bank.sv:269$2437'.
  created $dff cell `$procdff$25579' with positive edge clock.
Creating register for signal `$paramod\reg_bank\GRID_SIZE=s32'00000000000000000000000000000011.$fordecl_block$93.$for_loop$94[0].$fordecl_block$95.$for_loop$96[1].$fordecl_block$97.j' using process `$paramod\reg_bank\GRID_SIZE=s32'00000000000000000000000000000011.$proc$/foss/designs/integration_final/src/reg_bank.sv:269$2437'.
  created $dff cell `$procdff$25586' with positive edge clock.
Creating register for signal `$paramod\reg_bank\GRID_SIZE=s32'00000000000000000000000000000011.$fordecl_block$93.$for_loop$94[0].$fordecl_block$95.$for_loop$96[2].$fordecl_block$97.j' using process `$paramod\reg_bank\GRID_SIZE=s32'00000000000000000000000000000011.$proc$/foss/designs/integration_final/src/reg_bank.sv:269$2437'.
  created $dff cell `$procdff$25593' with positive edge clock.
Creating register for signal `$paramod\reg_bank\GRID_SIZE=s32'00000000000000000000000000000011.$fordecl_block$93.$for_loop$94[1].$fordecl_block$95.i' using process `$paramod\reg_bank\GRID_SIZE=s32'00000000000000000000000000000011.$proc$/foss/designs/integration_final/src/reg_bank.sv:269$2437'.
  created $dff cell `$procdff$25600' with positive edge clock.
Creating register for signal `$paramod\reg_bank\GRID_SIZE=s32'00000000000000000000000000000011.$fordecl_block$93.$for_loop$94[1].$fordecl_block$95.$for_loop$96[0].$fordecl_block$97.j' using process `$paramod\reg_bank\GRID_SIZE=s32'00000000000000000000000000000011.$proc$/foss/designs/integration_final/src/reg_bank.sv:269$2437'.
  created $dff cell `$procdff$25607' with positive edge clock.
Creating register for signal `$paramod\reg_bank\GRID_SIZE=s32'00000000000000000000000000000011.$fordecl_block$93.$for_loop$94[1].$fordecl_block$95.$for_loop$96[1].$fordecl_block$97.j' using process `$paramod\reg_bank\GRID_SIZE=s32'00000000000000000000000000000011.$proc$/foss/designs/integration_final/src/reg_bank.sv:269$2437'.
  created $dff cell `$procdff$25614' with positive edge clock.
Creating register for signal `$paramod\reg_bank\GRID_SIZE=s32'00000000000000000000000000000011.$fordecl_block$93.$for_loop$94[1].$fordecl_block$95.$for_loop$96[2].$fordecl_block$97.j' using process `$paramod\reg_bank\GRID_SIZE=s32'00000000000000000000000000000011.$proc$/foss/designs/integration_final/src/reg_bank.sv:269$2437'.
  created $dff cell `$procdff$25621' with positive edge clock.
Creating register for signal `$paramod\reg_bank\GRID_SIZE=s32'00000000000000000000000000000011.$fordecl_block$93.$for_loop$94[2].$fordecl_block$95.i' using process `$paramod\reg_bank\GRID_SIZE=s32'00000000000000000000000000000011.$proc$/foss/designs/integration_final/src/reg_bank.sv:269$2437'.
  created $dff cell `$procdff$25628' with positive edge clock.
Creating register for signal `$paramod\reg_bank\GRID_SIZE=s32'00000000000000000000000000000011.$fordecl_block$93.$for_loop$94[2].$fordecl_block$95.$for_loop$96[0].$fordecl_block$97.j' using process `$paramod\reg_bank\GRID_SIZE=s32'00000000000000000000000000000011.$proc$/foss/designs/integration_final/src/reg_bank.sv:269$2437'.
  created $dff cell `$procdff$25635' with positive edge clock.
Creating register for signal `$paramod\reg_bank\GRID_SIZE=s32'00000000000000000000000000000011.$fordecl_block$93.$for_loop$94[2].$fordecl_block$95.$for_loop$96[1].$fordecl_block$97.j' using process `$paramod\reg_bank\GRID_SIZE=s32'00000000000000000000000000000011.$proc$/foss/designs/integration_final/src/reg_bank.sv:269$2437'.
  created $dff cell `$procdff$25642' with positive edge clock.
Creating register for signal `$paramod\reg_bank\GRID_SIZE=s32'00000000000000000000000000000011.$fordecl_block$93.$for_loop$94[2].$fordecl_block$95.$for_loop$96[2].$fordecl_block$97.j' using process `$paramod\reg_bank\GRID_SIZE=s32'00000000000000000000000000000011.$proc$/foss/designs/integration_final/src/reg_bank.sv:269$2437'.
  created $dff cell `$procdff$25649' with positive edge clock.
Creating register for signal `$paramod\reg_bank\GRID_SIZE=s32'00000000000000000000000000000011.$fordecl_block$93.$for_loop$94[3].$fordecl_block$95.i' using process `$paramod\reg_bank\GRID_SIZE=s32'00000000000000000000000000000011.$proc$/foss/designs/integration_final/src/reg_bank.sv:269$2437'.
  created $dff cell `$procdff$25656' with positive edge clock.
Creating register for signal `$paramod\reg_bank\GRID_SIZE=s32'00000000000000000000000000000011.$fordecl_block$93.$for_loop$94[3].$fordecl_block$95.$for_loop$96[0].$fordecl_block$97.j' using process `$paramod\reg_bank\GRID_SIZE=s32'00000000000000000000000000000011.$proc$/foss/designs/integration_final/src/reg_bank.sv:269$2437'.
  created $dff cell `$procdff$25663' with positive edge clock.
Creating register for signal `$paramod\reg_bank\GRID_SIZE=s32'00000000000000000000000000000011.$fordecl_block$93.$for_loop$94[3].$fordecl_block$95.$for_loop$96[1].$fordecl_block$97.j' using process `$paramod\reg_bank\GRID_SIZE=s32'00000000000000000000000000000011.$proc$/foss/designs/integration_final/src/reg_bank.sv:269$2437'.
  created $dff cell `$procdff$25670' with positive edge clock.
Creating register for signal `$paramod\reg_bank\GRID_SIZE=s32'00000000000000000000000000000011.$fordecl_block$93.$for_loop$94[3].$fordecl_block$95.$for_loop$96[2].$fordecl_block$97.j' using process `$paramod\reg_bank\GRID_SIZE=s32'00000000000000000000000000000011.$proc$/foss/designs/integration_final/src/reg_bank.sv:269$2437'.
  created $dff cell `$procdff$25677' with positive edge clock.
Creating register for signal `$paramod\reg_bank\GRID_SIZE=s32'00000000000000000000000000000011.\accum[0]' using process `$paramod\reg_bank\GRID_SIZE=s32'00000000000000000000000000000011.$proc$/foss/designs/integration_final/src/reg_bank.sv:269$2437'.
  created $adff cell `$procdff$25682' with positive edge clock and positive level reset.
Creating register for signal `$paramod\reg_bank\GRID_SIZE=s32'00000000000000000000000000000011.\accum[1]' using process `$paramod\reg_bank\GRID_SIZE=s32'00000000000000000000000000000011.$proc$/foss/designs/integration_final/src/reg_bank.sv:269$2437'.
  created $adff cell `$procdff$25687' with positive edge clock and positive level reset.
Creating register for signal `$paramod\reg_bank\GRID_SIZE=s32'00000000000000000000000000000011.\accum[2]' using process `$paramod\reg_bank\GRID_SIZE=s32'00000000000000000000000000000011.$proc$/foss/designs/integration_final/src/reg_bank.sv:269$2437'.
  created $adff cell `$procdff$25692' with positive edge clock and positive level reset.
Creating register for signal `$paramod\reg_bank\GRID_SIZE=s32'00000000000000000000000000000011.\accum[3]' using process `$paramod\reg_bank\GRID_SIZE=s32'00000000000000000000000000000011.$proc$/foss/designs/integration_final/src/reg_bank.sv:269$2437'.
  created $adff cell `$procdff$25697' with positive edge clock and positive level reset.
Creating register for signal `$paramod\reg_bank\GRID_SIZE=s32'00000000000000000000000000000011.\accum[4]' using process `$paramod\reg_bank\GRID_SIZE=s32'00000000000000000000000000000011.$proc$/foss/designs/integration_final/src/reg_bank.sv:269$2437'.
  created $adff cell `$procdff$25702' with positive edge clock and positive level reset.
Creating register for signal `$paramod\reg_bank\GRID_SIZE=s32'00000000000000000000000000000011.\accum[5]' using process `$paramod\reg_bank\GRID_SIZE=s32'00000000000000000000000000000011.$proc$/foss/designs/integration_final/src/reg_bank.sv:269$2437'.
  created $adff cell `$procdff$25707' with positive edge clock and positive level reset.
Creating register for signal `$paramod\reg_bank\GRID_SIZE=s32'00000000000000000000000000000011.\accum[6]' using process `$paramod\reg_bank\GRID_SIZE=s32'00000000000000000000000000000011.$proc$/foss/designs/integration_final/src/reg_bank.sv:269$2437'.
  created $adff cell `$procdff$25712' with positive edge clock and positive level reset.
Creating register for signal `$paramod\reg_bank\GRID_SIZE=s32'00000000000000000000000000000011.\accum[7]' using process `$paramod\reg_bank\GRID_SIZE=s32'00000000000000000000000000000011.$proc$/foss/designs/integration_final/src/reg_bank.sv:269$2437'.
  created $adff cell `$procdff$25717' with positive edge clock and positive level reset.
Creating register for signal `$paramod\reg_bank\GRID_SIZE=s32'00000000000000000000000000000011.\accum[8]' using process `$paramod\reg_bank\GRID_SIZE=s32'00000000000000000000000000000011.$proc$/foss/designs/integration_final/src/reg_bank.sv:269$2437'.
  created $adff cell `$procdff$25722' with positive edge clock and positive level reset.
Creating register for signal `$paramod\reg_bank\GRID_SIZE=s32'00000000000000000000000000000011.\mat_arr[0]' using process `$paramod\reg_bank\GRID_SIZE=s32'00000000000000000000000000000011.$proc$/foss/designs/integration_final/src/reg_bank.sv:269$2437'.
  created $adff cell `$procdff$25727' with positive edge clock and positive level reset.
Creating register for signal `$paramod\reg_bank\GRID_SIZE=s32'00000000000000000000000000000011.\mat_arr[1]' using process `$paramod\reg_bank\GRID_SIZE=s32'00000000000000000000000000000011.$proc$/foss/designs/integration_final/src/reg_bank.sv:269$2437'.
  created $adff cell `$procdff$25732' with positive edge clock and positive level reset.
Creating register for signal `$paramod\reg_bank\GRID_SIZE=s32'00000000000000000000000000000011.\mat_arr[2]' using process `$paramod\reg_bank\GRID_SIZE=s32'00000000000000000000000000000011.$proc$/foss/designs/integration_final/src/reg_bank.sv:269$2437'.
  created $adff cell `$procdff$25737' with positive edge clock and positive level reset.
Creating register for signal `$paramod\reg_bank\GRID_SIZE=s32'00000000000000000000000000000011.\mat_arr[3]' using process `$paramod\reg_bank\GRID_SIZE=s32'00000000000000000000000000000011.$proc$/foss/designs/integration_final/src/reg_bank.sv:269$2437'.
  created $adff cell `$procdff$25742' with positive edge clock and positive level reset.
Creating register for signal `$paramod\reg_bank\GRID_SIZE=s32'00000000000000000000000000000011.\mat_arr[4]' using process `$paramod\reg_bank\GRID_SIZE=s32'00000000000000000000000000000011.$proc$/foss/designs/integration_final/src/reg_bank.sv:269$2437'.
  created $adff cell `$procdff$25747' with positive edge clock and positive level reset.
Creating register for signal `$paramod\reg_bank\GRID_SIZE=s32'00000000000000000000000000000011.\mat_arr[5]' using process `$paramod\reg_bank\GRID_SIZE=s32'00000000000000000000000000000011.$proc$/foss/designs/integration_final/src/reg_bank.sv:269$2437'.
  created $adff cell `$procdff$25752' with positive edge clock and positive level reset.
Creating register for signal `$paramod\reg_bank\GRID_SIZE=s32'00000000000000000000000000000011.\mat_arr[6]' using process `$paramod\reg_bank\GRID_SIZE=s32'00000000000000000000000000000011.$proc$/foss/designs/integration_final/src/reg_bank.sv:269$2437'.
  created $adff cell `$procdff$25757' with positive edge clock and positive level reset.
Creating register for signal `$paramod\reg_bank\GRID_SIZE=s32'00000000000000000000000000000011.\mat_arr[7]' using process `$paramod\reg_bank\GRID_SIZE=s32'00000000000000000000000000000011.$proc$/foss/designs/integration_final/src/reg_bank.sv:269$2437'.
  created $adff cell `$procdff$25762' with positive edge clock and positive level reset.
Creating register for signal `$paramod\reg_bank\GRID_SIZE=s32'00000000000000000000000000000011.\mat_arr[8]' using process `$paramod\reg_bank\GRID_SIZE=s32'00000000000000000000000000000011.$proc$/foss/designs/integration_final/src/reg_bank.sv:269$2437'.
  created $adff cell `$procdff$25767' with positive edge clock and positive level reset.
Creating register for signal `$paramod\reg_bank\GRID_SIZE=s32'00000000000000000000000000000011.\mat_arr[9]' using process `$paramod\reg_bank\GRID_SIZE=s32'00000000000000000000000000000011.$proc$/foss/designs/integration_final/src/reg_bank.sv:269$2437'.
  created $adff cell `$procdff$25772' with positive edge clock and positive level reset.
Creating register for signal `$paramod\reg_bank\GRID_SIZE=s32'00000000000000000000000000000011.\mat_arr[10]' using process `$paramod\reg_bank\GRID_SIZE=s32'00000000000000000000000000000011.$proc$/foss/designs/integration_final/src/reg_bank.sv:269$2437'.
  created $adff cell `$procdff$25777' with positive edge clock and positive level reset.
Creating register for signal `$paramod\reg_bank\GRID_SIZE=s32'00000000000000000000000000000011.\mat_arr[11]' using process `$paramod\reg_bank\GRID_SIZE=s32'00000000000000000000000000000011.$proc$/foss/designs/integration_final/src/reg_bank.sv:269$2437'.
  created $adff cell `$procdff$25782' with positive edge clock and positive level reset.
Creating register for signal `$paramod\reg_bank\GRID_SIZE=s32'00000000000000000000000000000011.\mat_arr[12]' using process `$paramod\reg_bank\GRID_SIZE=s32'00000000000000000000000000000011.$proc$/foss/designs/integration_final/src/reg_bank.sv:269$2437'.
  created $adff cell `$procdff$25787' with positive edge clock and positive level reset.
Creating register for signal `$paramod\reg_bank\GRID_SIZE=s32'00000000000000000000000000000011.\mat_arr[13]' using process `$paramod\reg_bank\GRID_SIZE=s32'00000000000000000000000000000011.$proc$/foss/designs/integration_final/src/reg_bank.sv:269$2437'.
  created $adff cell `$procdff$25792' with positive edge clock and positive level reset.
Creating register for signal `$paramod\reg_bank\GRID_SIZE=s32'00000000000000000000000000000011.\mat_arr[14]' using process `$paramod\reg_bank\GRID_SIZE=s32'00000000000000000000000000000011.$proc$/foss/designs/integration_final/src/reg_bank.sv:269$2437'.
  created $adff cell `$procdff$25797' with positive edge clock and positive level reset.
Creating register for signal `$paramod\reg_bank\GRID_SIZE=s32'00000000000000000000000000000011.\mat_arr[15]' using process `$paramod\reg_bank\GRID_SIZE=s32'00000000000000000000000000000011.$proc$/foss/designs/integration_final/src/reg_bank.sv:269$2437'.
  created $adff cell `$procdff$25802' with positive edge clock and positive level reset.
Creating register for signal `$paramod\reg_bank\GRID_SIZE=s32'00000000000000000000000000000011.\mat_arr[16]' using process `$paramod\reg_bank\GRID_SIZE=s32'00000000000000000000000000000011.$proc$/foss/designs/integration_final/src/reg_bank.sv:269$2437'.
  created $adff cell `$procdff$25807' with positive edge clock and positive level reset.
Creating register for signal `$paramod\reg_bank\GRID_SIZE=s32'00000000000000000000000000000011.\mat_arr[17]' using process `$paramod\reg_bank\GRID_SIZE=s32'00000000000000000000000000000011.$proc$/foss/designs/integration_final/src/reg_bank.sv:269$2437'.
  created $adff cell `$procdff$25812' with positive edge clock and positive level reset.
Creating register for signal `$paramod\reg_bank\GRID_SIZE=s32'00000000000000000000000000000011.\mat_arr[18]' using process `$paramod\reg_bank\GRID_SIZE=s32'00000000000000000000000000000011.$proc$/foss/designs/integration_final/src/reg_bank.sv:269$2437'.
  created $adff cell `$procdff$25817' with positive edge clock and positive level reset.
Creating register for signal `$paramod\reg_bank\GRID_SIZE=s32'00000000000000000000000000000011.\mat_arr[19]' using process `$paramod\reg_bank\GRID_SIZE=s32'00000000000000000000000000000011.$proc$/foss/designs/integration_final/src/reg_bank.sv:269$2437'.
  created $adff cell `$procdff$25822' with positive edge clock and positive level reset.
Creating register for signal `$paramod\reg_bank\GRID_SIZE=s32'00000000000000000000000000000011.\mat_arr[20]' using process `$paramod\reg_bank\GRID_SIZE=s32'00000000000000000000000000000011.$proc$/foss/designs/integration_final/src/reg_bank.sv:269$2437'.
  created $adff cell `$procdff$25827' with positive edge clock and positive level reset.
Creating register for signal `$paramod\reg_bank\GRID_SIZE=s32'00000000000000000000000000000011.\mat_arr[21]' using process `$paramod\reg_bank\GRID_SIZE=s32'00000000000000000000000000000011.$proc$/foss/designs/integration_final/src/reg_bank.sv:269$2437'.
  created $adff cell `$procdff$25832' with positive edge clock and positive level reset.
Creating register for signal `$paramod\reg_bank\GRID_SIZE=s32'00000000000000000000000000000011.\mat_arr[22]' using process `$paramod\reg_bank\GRID_SIZE=s32'00000000000000000000000000000011.$proc$/foss/designs/integration_final/src/reg_bank.sv:269$2437'.
  created $adff cell `$procdff$25837' with positive edge clock and positive level reset.
Creating register for signal `$paramod\reg_bank\GRID_SIZE=s32'00000000000000000000000000000011.\mat_arr[23]' using process `$paramod\reg_bank\GRID_SIZE=s32'00000000000000000000000000000011.$proc$/foss/designs/integration_final/src/reg_bank.sv:269$2437'.
  created $adff cell `$procdff$25842' with positive edge clock and positive level reset.
Creating register for signal `$paramod\reg_bank\GRID_SIZE=s32'00000000000000000000000000000011.\mat_arr[24]' using process `$paramod\reg_bank\GRID_SIZE=s32'00000000000000000000000000000011.$proc$/foss/designs/integration_final/src/reg_bank.sv:269$2437'.
  created $adff cell `$procdff$25847' with positive edge clock and positive level reset.
Creating register for signal `$paramod\reg_bank\GRID_SIZE=s32'00000000000000000000000000000011.\mat_arr[25]' using process `$paramod\reg_bank\GRID_SIZE=s32'00000000000000000000000000000011.$proc$/foss/designs/integration_final/src/reg_bank.sv:269$2437'.
  created $adff cell `$procdff$25852' with positive edge clock and positive level reset.
Creating register for signal `$paramod\reg_bank\GRID_SIZE=s32'00000000000000000000000000000011.\mat_arr[26]' using process `$paramod\reg_bank\GRID_SIZE=s32'00000000000000000000000000000011.$proc$/foss/designs/integration_final/src/reg_bank.sv:269$2437'.
  created $adff cell `$procdff$25857' with positive edge clock and positive level reset.
Creating register for signal `$paramod\reg_bank\GRID_SIZE=s32'00000000000000000000000000000011.\mat_arr[27]' using process `$paramod\reg_bank\GRID_SIZE=s32'00000000000000000000000000000011.$proc$/foss/designs/integration_final/src/reg_bank.sv:269$2437'.
  created $adff cell `$procdff$25862' with positive edge clock and positive level reset.
Creating register for signal `$paramod\reg_bank\GRID_SIZE=s32'00000000000000000000000000000011.\mat_arr[28]' using process `$paramod\reg_bank\GRID_SIZE=s32'00000000000000000000000000000011.$proc$/foss/designs/integration_final/src/reg_bank.sv:269$2437'.
  created $adff cell `$procdff$25867' with positive edge clock and positive level reset.
Creating register for signal `$paramod\reg_bank\GRID_SIZE=s32'00000000000000000000000000000011.\mat_arr[29]' using process `$paramod\reg_bank\GRID_SIZE=s32'00000000000000000000000000000011.$proc$/foss/designs/integration_final/src/reg_bank.sv:269$2437'.
  created $adff cell `$procdff$25872' with positive edge clock and positive level reset.
Creating register for signal `$paramod\reg_bank\GRID_SIZE=s32'00000000000000000000000000000011.\mat_arr[30]' using process `$paramod\reg_bank\GRID_SIZE=s32'00000000000000000000000000000011.$proc$/foss/designs/integration_final/src/reg_bank.sv:269$2437'.
  created $adff cell `$procdff$25877' with positive edge clock and positive level reset.
Creating register for signal `$paramod\reg_bank\GRID_SIZE=s32'00000000000000000000000000000011.\mat_arr[31]' using process `$paramod\reg_bank\GRID_SIZE=s32'00000000000000000000000000000011.$proc$/foss/designs/integration_final/src/reg_bank.sv:269$2437'.
  created $adff cell `$procdff$25882' with positive edge clock and positive level reset.
Creating register for signal `$paramod\reg_bank\GRID_SIZE=s32'00000000000000000000000000000011.\mat_arr[32]' using process `$paramod\reg_bank\GRID_SIZE=s32'00000000000000000000000000000011.$proc$/foss/designs/integration_final/src/reg_bank.sv:269$2437'.
  created $adff cell `$procdff$25887' with positive edge clock and positive level reset.
Creating register for signal `$paramod\reg_bank\GRID_SIZE=s32'00000000000000000000000000000011.\mat_arr[33]' using process `$paramod\reg_bank\GRID_SIZE=s32'00000000000000000000000000000011.$proc$/foss/designs/integration_final/src/reg_bank.sv:269$2437'.
  created $adff cell `$procdff$25892' with positive edge clock and positive level reset.
Creating register for signal `$paramod\reg_bank\GRID_SIZE=s32'00000000000000000000000000000011.\mat_arr[34]' using process `$paramod\reg_bank\GRID_SIZE=s32'00000000000000000000000000000011.$proc$/foss/designs/integration_final/src/reg_bank.sv:269$2437'.
  created $adff cell `$procdff$25897' with positive edge clock and positive level reset.
Creating register for signal `$paramod\reg_bank\GRID_SIZE=s32'00000000000000000000000000000011.\mat_arr[35]' using process `$paramod\reg_bank\GRID_SIZE=s32'00000000000000000000000000000011.$proc$/foss/designs/integration_final/src/reg_bank.sv:269$2437'.
  created $adff cell `$procdff$25902' with positive edge clock and positive level reset.
Creating register for signal `$paramod\reg_bank\GRID_SIZE=s32'00000000000000000000000000000011.$fordecl_block$27.i' using process `$paramod\reg_bank\GRID_SIZE=s32'00000000000000000000000000000011.$proc$/foss/designs/integration_final/src/reg_bank.sv:239$2392'.
  created $adff cell `$procdff$25907' with positive edge clock and positive level reset.
Creating register for signal `$paramod\reg_bank\GRID_SIZE=s32'00000000000000000000000000000011.$fordecl_block$29.i' using process `$paramod\reg_bank\GRID_SIZE=s32'00000000000000000000000000000011.$proc$/foss/designs/integration_final/src/reg_bank.sv:239$2392'.
  created $dff cell `$procdff$25914' with positive edge clock.
Creating register for signal `$paramod\reg_bank\GRID_SIZE=s32'00000000000000000000000000000011.\rows_a_d[0]' using process `$paramod\reg_bank\GRID_SIZE=s32'00000000000000000000000000000011.$proc$/foss/designs/integration_final/src/reg_bank.sv:239$2392'.
  created $adff cell `$procdff$25919' with positive edge clock and positive level reset.
Creating register for signal `$paramod\reg_bank\GRID_SIZE=s32'00000000000000000000000000000011.\rows_a_d[1]' using process `$paramod\reg_bank\GRID_SIZE=s32'00000000000000000000000000000011.$proc$/foss/designs/integration_final/src/reg_bank.sv:239$2392'.
  created $adff cell `$procdff$25924' with positive edge clock and positive level reset.
Creating register for signal `$paramod\reg_bank\GRID_SIZE=s32'00000000000000000000000000000011.\rows_a_d[2]' using process `$paramod\reg_bank\GRID_SIZE=s32'00000000000000000000000000000011.$proc$/foss/designs/integration_final/src/reg_bank.sv:239$2392'.
  created $adff cell `$procdff$25929' with positive edge clock and positive level reset.
Creating register for signal `$paramod\reg_bank\GRID_SIZE=s32'00000000000000000000000000000011.\rows_a_d[3]' using process `$paramod\reg_bank\GRID_SIZE=s32'00000000000000000000000000000011.$proc$/foss/designs/integration_final/src/reg_bank.sv:239$2392'.
  created $adff cell `$procdff$25934' with positive edge clock and positive level reset.
Creating register for signal `$paramod\reg_bank\GRID_SIZE=s32'00000000000000000000000000000011.\cols_a_d[0]' using process `$paramod\reg_bank\GRID_SIZE=s32'00000000000000000000000000000011.$proc$/foss/designs/integration_final/src/reg_bank.sv:239$2392'.
  created $adff cell `$procdff$25939' with positive edge clock and positive level reset.
Creating register for signal `$paramod\reg_bank\GRID_SIZE=s32'00000000000000000000000000000011.\cols_a_d[1]' using process `$paramod\reg_bank\GRID_SIZE=s32'00000000000000000000000000000011.$proc$/foss/designs/integration_final/src/reg_bank.sv:239$2392'.
  created $adff cell `$procdff$25944' with positive edge clock and positive level reset.
Creating register for signal `$paramod\reg_bank\GRID_SIZE=s32'00000000000000000000000000000011.\cols_a_d[2]' using process `$paramod\reg_bank\GRID_SIZE=s32'00000000000000000000000000000011.$proc$/foss/designs/integration_final/src/reg_bank.sv:239$2392'.
  created $adff cell `$procdff$25949' with positive edge clock and positive level reset.
Creating register for signal `$paramod\reg_bank\GRID_SIZE=s32'00000000000000000000000000000011.\cols_a_d[3]' using process `$paramod\reg_bank\GRID_SIZE=s32'00000000000000000000000000000011.$proc$/foss/designs/integration_final/src/reg_bank.sv:239$2392'.
  created $adff cell `$procdff$25954' with positive edge clock and positive level reset.
Creating register for signal `$paramod\reg_bank\GRID_SIZE=s32'00000000000000000000000000000011.\oper_ctr' using process `$paramod\reg_bank\GRID_SIZE=s32'00000000000000000000000000000011.$proc$/foss/designs/integration_final/src/reg_bank.sv:138$330'.
  created $adff cell `$procdff$25959' with positive edge clock and positive level reset.
Creating register for signal `$paramod\reg_bank\GRID_SIZE=s32'00000000000000000000000000000011.\rows_a' using process `$paramod\reg_bank\GRID_SIZE=s32'00000000000000000000000000000011.$proc$/foss/designs/integration_final/src/reg_bank.sv:83$315'.
  created $adff cell `$procdff$25964' with positive edge clock and positive level reset.
Creating register for signal `$paramod\reg_bank\GRID_SIZE=s32'00000000000000000000000000000011.\cols_a' using process `$paramod\reg_bank\GRID_SIZE=s32'00000000000000000000000000000011.$proc$/foss/designs/integration_final/src/reg_bank.sv:83$315'.
  created $adff cell `$procdff$25969' with positive edge clock and positive level reset.
Creating register for signal `$paramod\reg_bank\GRID_SIZE=s32'00000000000000000000000000000011.\rows_b' using process `$paramod\reg_bank\GRID_SIZE=s32'00000000000000000000000000000011.$proc$/foss/designs/integration_final/src/reg_bank.sv:83$315'.
  created $adff cell `$procdff$25974' with positive edge clock and positive level reset.
Creating register for signal `$paramod\reg_bank\GRID_SIZE=s32'00000000000000000000000000000011.\cols_b' using process `$paramod\reg_bank\GRID_SIZE=s32'00000000000000000000000000000011.$proc$/foss/designs/integration_final/src/reg_bank.sv:83$315'.
  created $adff cell `$procdff$25979' with positive edge clock and positive level reset.
Creating register for signal `$paramod\reg_bank\GRID_SIZE=s32'00000000000000000000000000000011.\matrix_sel_a' using process `$paramod\reg_bank\GRID_SIZE=s32'00000000000000000000000000000011.$proc$/foss/designs/integration_final/src/reg_bank.sv:69$312'.
  created $adff cell `$procdff$25984' with positive edge clock and positive level reset.
Creating register for signal `$paramod\reg_bank\GRID_SIZE=s32'00000000000000000000000000000011.\matrix_sel_b' using process `$paramod\reg_bank\GRID_SIZE=s32'00000000000000000000000000000011.$proc$/foss/designs/integration_final/src/reg_bank.sv:69$312'.
  created $adff cell `$procdff$25989' with positive edge clock and positive level reset.
Creating register for signal `$paramod\reg_bank\GRID_SIZE=s32'00000000000000000000000000000011.\matrix_rows_st' using process `$paramod\reg_bank\GRID_SIZE=s32'00000000000000000000000000000011.$proc$/foss/designs/integration_final/src/reg_bank.sv:69$312'.
  created $adff cell `$procdff$25994' with positive edge clock and positive level reset.
Creating register for signal `$paramod\reg_bank\GRID_SIZE=s32'00000000000000000000000000000011.\matrix_cols_st' using process `$paramod\reg_bank\GRID_SIZE=s32'00000000000000000000000000000011.$proc$/foss/designs/integration_final/src/reg_bank.sv:69$312'.
  created $adff cell `$procdff$25999' with positive edge clock and positive level reset.
Creating register for signal `$paramod\reg_bank\GRID_SIZE=s32'00000000000000000000000000000011.$fordecl_block$3.i' using process `$paramod\reg_bank\GRID_SIZE=s32'00000000000000000000000000000011.$proc$/foss/designs/integration_final/src/reg_bank.sv:55$301'.
  created $adff cell `$procdff$26004' with positive edge clock and positive level reset.
Creating register for signal `$paramod\reg_bank\GRID_SIZE=s32'00000000000000000000000000000011.$fordecl_block$5.i' using process `$paramod\reg_bank\GRID_SIZE=s32'00000000000000000000000000000011.$proc$/foss/designs/integration_final/src/reg_bank.sv:55$301'.
  created $dff cell `$procdff$26011' with positive edge clock.
Creating register for signal `$paramod\reg_bank\GRID_SIZE=s32'00000000000000000000000000000011.\matrix_signed[0]' using process `$paramod\reg_bank\GRID_SIZE=s32'00000000000000000000000000000011.$proc$/foss/designs/integration_final/src/reg_bank.sv:55$301'.
  created $adff cell `$procdff$26016' with positive edge clock and positive level reset.
Creating register for signal `$paramod\reg_bank\GRID_SIZE=s32'00000000000000000000000000000011.\matrix_signed[1]' using process `$paramod\reg_bank\GRID_SIZE=s32'00000000000000000000000000000011.$proc$/foss/designs/integration_final/src/reg_bank.sv:55$301'.
  created $adff cell `$procdff$26021' with positive edge clock and positive level reset.
Creating register for signal `$paramod\reg_bank\GRID_SIZE=s32'00000000000000000000000000000011.\matrix_signed[2]' using process `$paramod\reg_bank\GRID_SIZE=s32'00000000000000000000000000000011.$proc$/foss/designs/integration_final/src/reg_bank.sv:55$301'.
  created $adff cell `$procdff$26026' with positive edge clock and positive level reset.
Creating register for signal `$paramod\reg_bank\GRID_SIZE=s32'00000000000000000000000000000011.\matrix_signed[3]' using process `$paramod\reg_bank\GRID_SIZE=s32'00000000000000000000000000000011.$proc$/foss/designs/integration_final/src/reg_bank.sv:55$301'.
  created $adff cell `$procdff$26031' with positive edge clock and positive level reset.
Creating register for signal `$paramod\reg_bank\GRID_SIZE=s32'00000000000000000000000000000011.\current_state' using process `$paramod\reg_bank\GRID_SIZE=s32'00000000000000000000000000000011.$proc$/foss/designs/integration_final/src/reg_bank.sv:50$299'.
  created $adff cell `$procdff$26036' with positive edge clock and positive level reset.
Creating register for signal `\int_MAC.\o_overflow' using process `\int_MAC.$proc$/foss/designs/integration_final/src/int_MAC.sv:32$5272'.
  created $adff cell `$procdff$26041' with positive edge clock and positive level reset.
Creating register for signal `\int_MAC.\o_valid' using process `\int_MAC.$proc$/foss/designs/integration_final/src/int_MAC.sv:32$5272'.
  created $adff cell `$procdff$26046' with positive edge clock and positive level reset.
Creating register for signal `\int_MAC.\result_reg' using process `\int_MAC.$proc$/foss/designs/integration_final/src/int_MAC.sv:32$5272'.
  created $adff cell `$procdff$26051' with positive edge clock and positive level reset.
Creating register for signal `\int_MAC.\product' using process `\int_MAC.$proc$/foss/designs/integration_final/src/int_MAC.sv:18$5269'.
  created $adff cell `$procdff$26056' with positive edge clock and positive level reset.
Creating register for signal `\int_MAC.\valid_0' using process `\int_MAC.$proc$/foss/designs/integration_final/src/int_MAC.sv:18$5269'.
  created $adff cell `$procdff$26061' with positive edge clock and positive level reset.
Creating register for signal `\quantizer.\o_quantized_data' using process `\quantizer.$proc$/foss/designs/integration_final/src/quantizer.sv:87$186'.
  created $adff cell `$procdff$26066' with positive edge clock and positive level reset.
Creating register for signal `\quantizer.\o_overflow' using process `\quantizer.$proc$/foss/designs/integration_final/src/quantizer.sv:87$186'.
  created $adff cell `$procdff$26071' with positive edge clock and positive level reset.
Creating register for signal `\quantizer.\added_data' using process `\quantizer.$proc$/foss/designs/integration_final/src/quantizer.sv:71$182'.
  created $adff cell `$procdff$26076' with positive edge clock and positive level reset.
Creating register for signal `\quantizer.\target_dtype_2' using process `\quantizer.$proc$/foss/designs/integration_final/src/quantizer.sv:71$182'.
  created $adff cell `$procdff$26081' with positive edge clock and positive level reset.
Creating register for signal `\quantizer.\overflow_2' using process `\quantizer.$proc$/foss/designs/integration_final/src/quantizer.sv:71$182'.
  created $adff cell `$procdff$26086' with positive edge clock and positive level reset.
Creating register for signal `\quantizer.\shifted_data' using process `\quantizer.$proc$/foss/designs/integration_final/src/quantizer.sv:47$171'.
  created $adff cell `$procdff$26091' with positive edge clock and positive level reset.
Creating register for signal `\quantizer.\target_dtype_1' using process `\quantizer.$proc$/foss/designs/integration_final/src/quantizer.sv:47$171'.
  created $adff cell `$procdff$26096' with positive edge clock and positive level reset.
Creating register for signal `\quantizer.\zp_1' using process `\quantizer.$proc$/foss/designs/integration_final/src/quantizer.sv:47$171'.
  created $adff cell `$procdff$26101' with positive edge clock and positive level reset.
Creating register for signal `\quantizer.\overflow_1' using process `\quantizer.$proc$/foss/designs/integration_final/src/quantizer.sv:47$171'.
  created $adff cell `$procdff$26106' with positive edge clock and positive level reset.
Creating register for signal `\quantizer.\scaled_data' using process `\quantizer.$proc$/foss/designs/integration_final/src/quantizer.sv:18$160'.
  created $adff cell `$procdff$26111' with positive edge clock and positive level reset.
Creating register for signal `\quantizer.\shifts' using process `\quantizer.$proc$/foss/designs/integration_final/src/quantizer.sv:18$160'.
  created $adff cell `$procdff$26116' with positive edge clock and positive level reset.
Creating register for signal `\quantizer.\zp_0' using process `\quantizer.$proc$/foss/designs/integration_final/src/quantizer.sv:18$160'.
  created $adff cell `$procdff$26121' with positive edge clock and positive level reset.
Creating register for signal `\quantizer.\target_dtype_0' using process `\quantizer.$proc$/foss/designs/integration_final/src/quantizer.sv:18$160'.
  created $adff cell `$procdff$26126' with positive edge clock and positive level reset.
Creating register for signal `\baudGenExt.\ce16' using process `\baudGenExt.$proc$/foss/designs/integration_final/src/uart_baud_gen.v:13$156'.
  created $dff cell `$procdff$26127' with positive edge clock.
Creating register for signal `\baudGenExt.\counter' using process `\baudGenExt.$proc$/foss/designs/integration_final/src/uart_baud_gen.v:13$156'.
  created $dff cell `$procdff$26128' with positive edge clock.
Creating register for signal `\uartTx.\serOut' using process `\uartTx.$proc$/foss/designs/integration_final/src/uart_tx.v:72$152'.
  created $adff cell `$procdff$26131' with positive edge clock and positive level reset.
Creating register for signal `\uartTx.\dataBuf' using process `\uartTx.$proc$/foss/designs/integration_final/src/uart_tx.v:60$149'.
  created $adff cell `$procdff$26134' with positive edge clock and positive level reset.
Creating register for signal `\uartTx.\bitCount' using process `\uartTx.$proc$/foss/designs/integration_final/src/uart_tx.v:48$145'.
  created $dff cell `$procdff$26135' with positive edge clock.
Creating register for signal `\uartTx.\iTxBusy' using process `\uartTx.$proc$/foss/designs/integration_final/src/uart_tx.v:36$139'.
  created $dff cell `$procdff$26136' with positive edge clock.
Creating register for signal `\uartTx.\count16' using process `\uartTx.$proc$/foss/designs/integration_final/src/uart_tx.v:19$135'.
  created $adff cell `$procdff$26139' with positive edge clock and positive level reset.
Creating register for signal `\uartRx.\rxData' using process `\uartRx.$proc$/foss/designs/integration_final/src/uart_rx.v:76$127'.
  created $adff cell `$procdff$26142' with positive edge clock and positive level reset.
Creating register for signal `\uartRx.\newRxData' using process `\uartRx.$proc$/foss/designs/integration_final/src/uart_rx.v:76$127'.
  created $adff cell `$procdff$26145' with positive edge clock and positive level reset.
Creating register for signal `\uartRx.\dataBuf' using process `\uartRx.$proc$/foss/designs/integration_final/src/uart_rx.v:66$125'.
  created $adff cell `$procdff$26148' with positive edge clock and positive level reset.
Creating register for signal `\uartRx.\bitCount' using process `\uartRx.$proc$/foss/designs/integration_final/src/uart_rx.v:54$121'.
  created $adff cell `$procdff$26151' with positive edge clock and positive level reset.
Creating register for signal `\uartRx.\rxBusy' using process `\uartRx.$proc$/foss/designs/integration_final/src/uart_rx.v:42$115'.
  created $adff cell `$procdff$26154' with positive edge clock and positive level reset.
Creating register for signal `\uartRx.\count16' using process `\uartRx.$proc$/foss/designs/integration_final/src/uart_rx.v:28$111'.
  created $adff cell `$procdff$26157' with positive edge clock and positive level reset.
Creating register for signal `\uartRx.\inSync' using process `\uartRx.$proc$/foss/designs/integration_final/src/uart_rx.v:20$110'.
  created $adff cell `$procdff$26160' with positive edge clock and positive level reset.

16.10. Executing PROC_MEMWR pass (convert process memory writes to cells).

16.11. Executing PROC_CLEAN pass (remove empty switches from decision trees).
Removing empty process `A37_A.$proc$/foss/designs/integration_final/src/A37_A.sv:83$105'.
Removing empty process `$paramod\command_parser\GRID_SIZE=s32'00000000000000000000000000000011.$proc$/foss/designs/integration_final/src/command_parser.sv:179$5267'.
Found and cleaned up 13 empty switches in `$paramod\command_parser\GRID_SIZE=s32'00000000000000000000000000000011.$proc$/foss/designs/integration_final/src/command_parser.sv:108$5222'.
Removing empty process `$paramod\command_parser\GRID_SIZE=s32'00000000000000000000000000000011.$proc$/foss/designs/integration_final/src/command_parser.sv:108$5222'.
Found and cleaned up 4 empty switches in `$paramod\command_parser\GRID_SIZE=s32'00000000000000000000000000000011.$proc$/foss/designs/integration_final/src/command_parser.sv:85$5215'.
Removing empty process `$paramod\command_parser\GRID_SIZE=s32'00000000000000000000000000000011.$proc$/foss/designs/integration_final/src/command_parser.sv:85$5215'.
Found and cleaned up 2 empty switches in `$paramod\command_parser\GRID_SIZE=s32'00000000000000000000000000000011.$proc$/foss/designs/integration_final/src/command_parser.sv:62$5214'.
Removing empty process `$paramod\command_parser\GRID_SIZE=s32'00000000000000000000000000000011.$proc$/foss/designs/integration_final/src/command_parser.sv:62$5214'.
Found and cleaned up 37 empty switches in `$paramod\reg_bank\GRID_SIZE=s32'00000000000000000000000000000011.$proc$/foss/designs/integration_final/src/reg_bank.sv:384$4981'.
Removing empty process `$paramod\reg_bank\GRID_SIZE=s32'00000000000000000000000000000011.$proc$/foss/designs/integration_final/src/reg_bank.sv:384$4981'.
Found and cleaned up 543 empty switches in `$paramod\reg_bank\GRID_SIZE=s32'00000000000000000000000000000011.$proc$/foss/designs/integration_final/src/reg_bank.sv:269$2437'.
Removing empty process `$paramod\reg_bank\GRID_SIZE=s32'00000000000000000000000000000011.$proc$/foss/designs/integration_final/src/reg_bank.sv:269$2437'.
Found and cleaned up 10 empty switches in `$paramod\reg_bank\GRID_SIZE=s32'00000000000000000000000000000011.$proc$/foss/designs/integration_final/src/reg_bank.sv:256$2399'.
Removing empty process `$paramod\reg_bank\GRID_SIZE=s32'00000000000000000000000000000011.$proc$/foss/designs/integration_final/src/reg_bank.sv:256$2399'.
Removing empty process `$paramod\reg_bank\GRID_SIZE=s32'00000000000000000000000000000011.$proc$/foss/designs/integration_final/src/reg_bank.sv:239$2392'.
Found and cleaned up 468 empty switches in `$paramod\reg_bank\GRID_SIZE=s32'00000000000000000000000000000011.$proc$/foss/designs/integration_final/src/reg_bank.sv:182$346'.
Removing empty process `$paramod\reg_bank\GRID_SIZE=s32'00000000000000000000000000000011.$proc$/foss/designs/integration_final/src/reg_bank.sv:182$346'.
Found and cleaned up 6 empty switches in `$paramod\reg_bank\GRID_SIZE=s32'00000000000000000000000000000011.$proc$/foss/designs/integration_final/src/reg_bank.sv:156$339'.
Removing empty process `$paramod\reg_bank\GRID_SIZE=s32'00000000000000000000000000000011.$proc$/foss/designs/integration_final/src/reg_bank.sv:156$339'.
Found and cleaned up 3 empty switches in `$paramod\reg_bank\GRID_SIZE=s32'00000000000000000000000000000011.$proc$/foss/designs/integration_final/src/reg_bank.sv:138$330'.
Removing empty process `$paramod\reg_bank\GRID_SIZE=s32'00000000000000000000000000000011.$proc$/foss/designs/integration_final/src/reg_bank.sv:138$330'.
Found and cleaned up 6 empty switches in `$paramod\reg_bank\GRID_SIZE=s32'00000000000000000000000000000011.$proc$/foss/designs/integration_final/src/reg_bank.sv:83$315'.
Removing empty process `$paramod\reg_bank\GRID_SIZE=s32'00000000000000000000000000000011.$proc$/foss/designs/integration_final/src/reg_bank.sv:83$315'.
Found and cleaned up 1 empty switch in `$paramod\reg_bank\GRID_SIZE=s32'00000000000000000000000000000011.$proc$/foss/designs/integration_final/src/reg_bank.sv:69$312'.
Removing empty process `$paramod\reg_bank\GRID_SIZE=s32'00000000000000000000000000000011.$proc$/foss/designs/integration_final/src/reg_bank.sv:69$312'.
Found and cleaned up 5 empty switches in `$paramod\reg_bank\GRID_SIZE=s32'00000000000000000000000000000011.$proc$/foss/designs/integration_final/src/reg_bank.sv:55$301'.
Removing empty process `$paramod\reg_bank\GRID_SIZE=s32'00000000000000000000000000000011.$proc$/foss/designs/integration_final/src/reg_bank.sv:55$301'.
Removing empty process `$paramod\reg_bank\GRID_SIZE=s32'00000000000000000000000000000011.$proc$/foss/designs/integration_final/src/reg_bank.sv:50$299'.
Found and cleaned up 2 empty switches in `\int_MAC.$proc$/foss/designs/integration_final/src/int_MAC.sv:32$5272'.
Removing empty process `int_MAC.$proc$/foss/designs/integration_final/src/int_MAC.sv:32$5272'.
Found and cleaned up 1 empty switch in `\int_MAC.$proc$/foss/designs/integration_final/src/int_MAC.sv:18$5269'.
Removing empty process `int_MAC.$proc$/foss/designs/integration_final/src/int_MAC.sv:18$5269'.
Found and cleaned up 19 empty switches in `\quantizer.$proc$/foss/designs/integration_final/src/quantizer.sv:87$186'.
Removing empty process `quantizer.$proc$/foss/designs/integration_final/src/quantizer.sv:87$186'.
Found and cleaned up 2 empty switches in `\quantizer.$proc$/foss/designs/integration_final/src/quantizer.sv:71$182'.
Removing empty process `quantizer.$proc$/foss/designs/integration_final/src/quantizer.sv:71$182'.
Found and cleaned up 3 empty switches in `\quantizer.$proc$/foss/designs/integration_final/src/quantizer.sv:47$171'.
Removing empty process `quantizer.$proc$/foss/designs/integration_final/src/quantizer.sv:47$171'.
Found and cleaned up 1 empty switch in `\quantizer.$proc$/foss/designs/integration_final/src/quantizer.sv:34$163'.
Removing empty process `quantizer.$proc$/foss/designs/integration_final/src/quantizer.sv:34$163'.
Removing empty process `quantizer.$proc$/foss/designs/integration_final/src/quantizer.sv:18$160'.
Found and cleaned up 2 empty switches in `\baudGenExt.$proc$/foss/designs/integration_final/src/uart_baud_gen.v:13$156'.
Removing empty process `baudGenExt.$proc$/foss/designs/integration_final/src/uart_baud_gen.v:13$156'.
Found and cleaned up 1 empty switch in `\uartTx.$proc$/foss/designs/integration_final/src/uart_tx.v:84$153'.
Removing empty process `uartTx.$proc$/foss/designs/integration_final/src/uart_tx.v:84$153'.
Found and cleaned up 1 empty switch in `\uartTx.$proc$/foss/designs/integration_final/src/uart_tx.v:72$152'.
Removing empty process `uartTx.$proc$/foss/designs/integration_final/src/uart_tx.v:72$152'.
Found and cleaned up 2 empty switches in `\uartTx.$proc$/foss/designs/integration_final/src/uart_tx.v:60$149'.
Removing empty process `uartTx.$proc$/foss/designs/integration_final/src/uart_tx.v:60$149'.
Found and cleaned up 3 empty switches in `\uartTx.$proc$/foss/designs/integration_final/src/uart_tx.v:48$145'.
Removing empty process `uartTx.$proc$/foss/designs/integration_final/src/uart_tx.v:48$145'.
Found and cleaned up 3 empty switches in `\uartTx.$proc$/foss/designs/integration_final/src/uart_tx.v:36$139'.
Removing empty process `uartTx.$proc$/foss/designs/integration_final/src/uart_tx.v:36$139'.
Found and cleaned up 2 empty switches in `\uartTx.$proc$/foss/designs/integration_final/src/uart_tx.v:19$135'.
Removing empty process `uartTx.$proc$/foss/designs/integration_final/src/uart_tx.v:19$135'.
Found and cleaned up 1 empty switch in `\uartRx.$proc$/foss/designs/integration_final/src/uart_rx.v:76$127'.
Removing empty process `uartRx.$proc$/foss/designs/integration_final/src/uart_rx.v:76$127'.
Found and cleaned up 1 empty switch in `\uartRx.$proc$/foss/designs/integration_final/src/uart_rx.v:66$125'.
Removing empty process `uartRx.$proc$/foss/designs/integration_final/src/uart_rx.v:66$125'.
Found and cleaned up 2 empty switches in `\uartRx.$proc$/foss/designs/integration_final/src/uart_rx.v:54$121'.
Removing empty process `uartRx.$proc$/foss/designs/integration_final/src/uart_rx.v:54$121'.
Found and cleaned up 2 empty switches in `\uartRx.$proc$/foss/designs/integration_final/src/uart_rx.v:42$115'.
Removing empty process `uartRx.$proc$/foss/designs/integration_final/src/uart_rx.v:42$115'.
Found and cleaned up 2 empty switches in `\uartRx.$proc$/foss/designs/integration_final/src/uart_rx.v:28$111'.
Removing empty process `uartRx.$proc$/foss/designs/integration_final/src/uart_rx.v:28$111'.
Removing empty process `uartRx.$proc$/foss/designs/integration_final/src/uart_rx.v:20$110'.
Removing empty process `$paramod\MAC_grid\GRID_SIZE=s32'00000000000000000000000000000011.$proc$/foss/designs/integration_final/src/MAC_grid.sv:39$5389'.
Removing empty process `$paramod\MAC_grid\GRID_SIZE=s32'00000000000000000000000000000011.$proc$/foss/designs/integration_final/src/MAC_grid.sv:38$5388'.
Removing empty process `$paramod\MAC_grid\GRID_SIZE=s32'00000000000000000000000000000011.$proc$/foss/designs/integration_final/src/MAC_grid.sv:37$5387'.
Removing empty process `$paramod\MAC_grid\GRID_SIZE=s32'00000000000000000000000000000011.$proc$/foss/designs/integration_final/src/MAC_grid.sv:27$5386'.
Removing empty process `$paramod\MAC_grid\GRID_SIZE=s32'00000000000000000000000000000011.$proc$/foss/designs/integration_final/src/MAC_grid.sv:26$5385'.
Removing empty process `$paramod\MAC_grid\GRID_SIZE=s32'00000000000000000000000000000011.$proc$/foss/designs/integration_final/src/MAC_grid.sv:25$5384'.
Removing empty process `$paramod\MAC_grid\GRID_SIZE=s32'00000000000000000000000000000011.$proc$/foss/designs/integration_final/src/MAC_grid.sv:39$5383'.
Removing empty process `$paramod\MAC_grid\GRID_SIZE=s32'00000000000000000000000000000011.$proc$/foss/designs/integration_final/src/MAC_grid.sv:38$5382'.
Removing empty process `$paramod\MAC_grid\GRID_SIZE=s32'00000000000000000000000000000011.$proc$/foss/designs/integration_final/src/MAC_grid.sv:37$5381'.
Removing empty process `$paramod\MAC_grid\GRID_SIZE=s32'00000000000000000000000000000011.$proc$/foss/designs/integration_final/src/MAC_grid.sv:27$5380'.
Removing empty process `$paramod\MAC_grid\GRID_SIZE=s32'00000000000000000000000000000011.$proc$/foss/designs/integration_final/src/MAC_grid.sv:26$5379'.
Removing empty process `$paramod\MAC_grid\GRID_SIZE=s32'00000000000000000000000000000011.$proc$/foss/designs/integration_final/src/MAC_grid.sv:25$5378'.
Removing empty process `$paramod\MAC_grid\GRID_SIZE=s32'00000000000000000000000000000011.$proc$/foss/designs/integration_final/src/MAC_grid.sv:39$5377'.
Removing empty process `$paramod\MAC_grid\GRID_SIZE=s32'00000000000000000000000000000011.$proc$/foss/designs/integration_final/src/MAC_grid.sv:38$5376'.
Removing empty process `$paramod\MAC_grid\GRID_SIZE=s32'00000000000000000000000000000011.$proc$/foss/designs/integration_final/src/MAC_grid.sv:37$5375'.
Removing empty process `$paramod\MAC_grid\GRID_SIZE=s32'00000000000000000000000000000011.$proc$/foss/designs/integration_final/src/MAC_grid.sv:27$5374'.
Removing empty process `$paramod\MAC_grid\GRID_SIZE=s32'00000000000000000000000000000011.$proc$/foss/designs/integration_final/src/MAC_grid.sv:26$5373'.
Removing empty process `$paramod\MAC_grid\GRID_SIZE=s32'00000000000000000000000000000011.$proc$/foss/designs/integration_final/src/MAC_grid.sv:25$5372'.
Removing empty process `$paramod\MAC_grid\GRID_SIZE=s32'00000000000000000000000000000011.$proc$/foss/designs/integration_final/src/MAC_grid.sv:39$5371'.
Removing empty process `$paramod\MAC_grid\GRID_SIZE=s32'00000000000000000000000000000011.$proc$/foss/designs/integration_final/src/MAC_grid.sv:38$5370'.
Removing empty process `$paramod\MAC_grid\GRID_SIZE=s32'00000000000000000000000000000011.$proc$/foss/designs/integration_final/src/MAC_grid.sv:37$5369'.
Removing empty process `$paramod\MAC_grid\GRID_SIZE=s32'00000000000000000000000000000011.$proc$/foss/designs/integration_final/src/MAC_grid.sv:27$5368'.
Removing empty process `$paramod\MAC_grid\GRID_SIZE=s32'00000000000000000000000000000011.$proc$/foss/designs/integration_final/src/MAC_grid.sv:26$5367'.
Removing empty process `$paramod\MAC_grid\GRID_SIZE=s32'00000000000000000000000000000011.$proc$/foss/designs/integration_final/src/MAC_grid.sv:25$5366'.
Removing empty process `$paramod\MAC_grid\GRID_SIZE=s32'00000000000000000000000000000011.$proc$/foss/designs/integration_final/src/MAC_grid.sv:39$5365'.
Removing empty process `$paramod\MAC_grid\GRID_SIZE=s32'00000000000000000000000000000011.$proc$/foss/designs/integration_final/src/MAC_grid.sv:38$5364'.
Removing empty process `$paramod\MAC_grid\GRID_SIZE=s32'00000000000000000000000000000011.$proc$/foss/designs/integration_final/src/MAC_grid.sv:37$5363'.
Removing empty process `$paramod\MAC_grid\GRID_SIZE=s32'00000000000000000000000000000011.$proc$/foss/designs/integration_final/src/MAC_grid.sv:27$5362'.
Removing empty process `$paramod\MAC_grid\GRID_SIZE=s32'00000000000000000000000000000011.$proc$/foss/designs/integration_final/src/MAC_grid.sv:26$5361'.
Removing empty process `$paramod\MAC_grid\GRID_SIZE=s32'00000000000000000000000000000011.$proc$/foss/designs/integration_final/src/MAC_grid.sv:25$5360'.
Removing empty process `$paramod\MAC_grid\GRID_SIZE=s32'00000000000000000000000000000011.$proc$/foss/designs/integration_final/src/MAC_grid.sv:39$5359'.
Removing empty process `$paramod\MAC_grid\GRID_SIZE=s32'00000000000000000000000000000011.$proc$/foss/designs/integration_final/src/MAC_grid.sv:38$5358'.
Removing empty process `$paramod\MAC_grid\GRID_SIZE=s32'00000000000000000000000000000011.$proc$/foss/designs/integration_final/src/MAC_grid.sv:37$5357'.
Removing empty process `$paramod\MAC_grid\GRID_SIZE=s32'00000000000000000000000000000011.$proc$/foss/designs/integration_final/src/MAC_grid.sv:27$5356'.
Removing empty process `$paramod\MAC_grid\GRID_SIZE=s32'00000000000000000000000000000011.$proc$/foss/designs/integration_final/src/MAC_grid.sv:26$5355'.
Removing empty process `$paramod\MAC_grid\GRID_SIZE=s32'00000000000000000000000000000011.$proc$/foss/designs/integration_final/src/MAC_grid.sv:25$5354'.
Removing empty process `$paramod\MAC_grid\GRID_SIZE=s32'00000000000000000000000000000011.$proc$/foss/designs/integration_final/src/MAC_grid.sv:39$5353'.
Removing empty process `$paramod\MAC_grid\GRID_SIZE=s32'00000000000000000000000000000011.$proc$/foss/designs/integration_final/src/MAC_grid.sv:38$5352'.
Removing empty process `$paramod\MAC_grid\GRID_SIZE=s32'00000000000000000000000000000011.$proc$/foss/designs/integration_final/src/MAC_grid.sv:37$5351'.
Removing empty process `$paramod\MAC_grid\GRID_SIZE=s32'00000000000000000000000000000011.$proc$/foss/designs/integration_final/src/MAC_grid.sv:27$5350'.
Removing empty process `$paramod\MAC_grid\GRID_SIZE=s32'00000000000000000000000000000011.$proc$/foss/designs/integration_final/src/MAC_grid.sv:26$5349'.
Removing empty process `$paramod\MAC_grid\GRID_SIZE=s32'00000000000000000000000000000011.$proc$/foss/designs/integration_final/src/MAC_grid.sv:25$5348'.
Removing empty process `$paramod\MAC_grid\GRID_SIZE=s32'00000000000000000000000000000011.$proc$/foss/designs/integration_final/src/MAC_grid.sv:39$5347'.
Removing empty process `$paramod\MAC_grid\GRID_SIZE=s32'00000000000000000000000000000011.$proc$/foss/designs/integration_final/src/MAC_grid.sv:38$5346'.
Removing empty process `$paramod\MAC_grid\GRID_SIZE=s32'00000000000000000000000000000011.$proc$/foss/designs/integration_final/src/MAC_grid.sv:37$5345'.
Removing empty process `$paramod\MAC_grid\GRID_SIZE=s32'00000000000000000000000000000011.$proc$/foss/designs/integration_final/src/MAC_grid.sv:27$5344'.
Removing empty process `$paramod\MAC_grid\GRID_SIZE=s32'00000000000000000000000000000011.$proc$/foss/designs/integration_final/src/MAC_grid.sv:26$5343'.
Removing empty process `$paramod\MAC_grid\GRID_SIZE=s32'00000000000000000000000000000011.$proc$/foss/designs/integration_final/src/MAC_grid.sv:25$5342'.
Removing empty process `$paramod\MAC_grid\GRID_SIZE=s32'00000000000000000000000000000011.$proc$/foss/designs/integration_final/src/MAC_grid.sv:39$5341'.
Removing empty process `$paramod\MAC_grid\GRID_SIZE=s32'00000000000000000000000000000011.$proc$/foss/designs/integration_final/src/MAC_grid.sv:38$5340'.
Removing empty process `$paramod\MAC_grid\GRID_SIZE=s32'00000000000000000000000000000011.$proc$/foss/designs/integration_final/src/MAC_grid.sv:37$5339'.
Removing empty process `$paramod\MAC_grid\GRID_SIZE=s32'00000000000000000000000000000011.$proc$/foss/designs/integration_final/src/MAC_grid.sv:27$5338'.
Removing empty process `$paramod\MAC_grid\GRID_SIZE=s32'00000000000000000000000000000011.$proc$/foss/designs/integration_final/src/MAC_grid.sv:26$5337'.
Removing empty process `$paramod\MAC_grid\GRID_SIZE=s32'00000000000000000000000000000011.$proc$/foss/designs/integration_final/src/MAC_grid.sv:25$5336'.
Cleaned up 1148 empty switches.

16.12. Executing OPT_EXPR pass (perform const folding).
Optimizing module A37_A.
<suppressed ~2 debug messages>
Optimizing module $paramod\command_parser\GRID_SIZE=s32'00000000000000000000000000000011.
<suppressed ~52 debug messages>
Optimizing module $paramod\reg_bank\GRID_SIZE=s32'00000000000000000000000000000011.
<suppressed ~2123 debug messages>
Optimizing module int_MAC.
<suppressed ~10 debug messages>
Optimizing module quantizer.
<suppressed ~28 debug messages>
Optimizing module baudGenExt.
Optimizing module uartTx.
<suppressed ~6 debug messages>
Optimizing module uartRx.
<suppressed ~8 debug messages>
Optimizing module $paramod\integration_minus_UART\GRID_SIZE=s32'00000000000000000000000000000011.
Optimizing module uartTopBaseExt.
Optimizing module $paramod$9bc8d9a740f65b044c5fa080486418b950a37172\integration_final.
Optimizing module $paramod\MAC_grid\GRID_SIZE=s32'00000000000000000000000000000011.

17. Executing FLATTEN pass (flatten design).
Deleting now unused module $paramod\command_parser\GRID_SIZE=s32'00000000000000000000000000000011.
Deleting now unused module $paramod\reg_bank\GRID_SIZE=s32'00000000000000000000000000000011.
Deleting now unused module int_MAC.
Deleting now unused module quantizer.
Deleting now unused module baudGenExt.
Deleting now unused module uartTx.
Deleting now unused module uartRx.
Deleting now unused module $paramod\integration_minus_UART\GRID_SIZE=s32'00000000000000000000000000000011.
Deleting now unused module uartTopBaseExt.
Deleting now unused module $paramod$9bc8d9a740f65b044c5fa080486418b950a37172\integration_final.
Deleting now unused module $paramod\MAC_grid\GRID_SIZE=s32'00000000000000000000000000000011.
<suppressed ~19 debug messages>

18. Executing OPT_CLEAN pass (remove unused cells and wires).
Finding unused cells or wires in module \A37_A..
Removed 6062 unused cells and 13736 unused wires.
<suppressed ~6271 debug messages>
